{
    "JPEG Compression": {
        "min": 0,
        "25%": 0.0,
        "median": 0.0,
        "75%": 2.0,
        "max": 6,
        "mean": 0.541,
        "std": 0.9619350289910438
    },
    "Resizing": {
        "min": 0,
        "25%": 0.0,
        "median": 0.0,
        "75%": 0.0,
        "max": 4,
        "mean": 0.448,
        "std": 0.8598232376482972
    },
    "Gaussian Noise": {
        "min": 0,
        "25%": 0.0,
        "median": 0.0,
        "75%": 2.0,
        "max": 6,
        "mean": 0.747,
        "std": 1.0751702190816113
    },
    "Gaussian Blur": {
        "min": 0,
        "25%": 0.0,
        "median": 0.0,
        "75%": 0.0,
        "max": 4,
        "mean": 0.223,
        "std": 0.6326697400698092
    }
}