{
    "Cropping": {
        "min": 76,
        "25%": 120.0,
        "median": 126.0,
        "75%": 132.0,
        "max": 158,
        "mean": 125.836,
        "std": 9.412390982104387
    },
    "Copy-Move": {
        "min": 0,
        "25%": 32.0,
        "median": 42.0,
        "75%": 52.0,
        "max": 106,
        "mean": 41.43,
        "std": 14.673891780982984
    },
    "Splicing": {
        "min": 2,
        "25%": 30.0,
        "median": 40.0,
        "75%": 52.0,
        "max": 110,
        "mean": 41.462,
        "std": 16.877516286468218
    },
    "Inpainting": {
        "min": 30,
        "25%": 66.0,
        "median": 76.0,
        "75%": 88.0,
        "max": 136,
        "mean": 77.075,
        "std": 15.93795391510466
    }
}