Threshold,Accuracy
0,0.55295
1,0.5794
2,0.67615
3,0.73445
4,0.80225
5,0.84695
6,0.88255
7,0.9057
8,0.9244
9,0.93815
10,0.9484
