Threshold,Accuracy
0,0.55205
1,0.5833
2,0.6848000000000001
3,0.7425
4,0.80855
5,0.8504
6,0.8811
7,0.9068
8,0.92495
9,0.93805
10,0.9501
