{
    "Cropping": {
        "min": 68,
        "25%": 104.0,
        "median": 110.0,
        "75%": 116.0,
        "max": 146,
        "mean": 110.105,
        "std": 8.679111417651002
    },
    "Copy-Move": {
        "min": 0,
        "25%": 26.0,
        "median": 36.0,
        "75%": 46.0,
        "max": 92,
        "mean": 36.286,
        "std": 13.753625122126895
    },
    "Splicing": {
        "min": 0,
        "25%": 26.0,
        "median": 34.0,
        "75%": 44.0,
        "max": 102,
        "mean": 35.94,
        "std": 15.002546450519658
    },
    "Inpainting": {
        "min": 24,
        "25%": 58.0,
        "median": 68.0,
        "75%": 78.0,
        "max": 118,
        "mean": 67.901,
        "std": 14.38305249243011
    }
}