{
    "Cropping": {
        "min": 136,
        "25%": 172.0,
        "median": 178.0,
        "75%": 186.0,
        "max": 224,
        "mean": 178.364,
        "std": 10.870303767604657
    },
    "Copy-Move": {
        "min": 0,
        "25%": 44.0,
        "median": 58.0,
        "75%": 72.0,
        "max": 152,
        "mean": 58.541,
        "std": 20.459650998978454
    },
    "Splicing": {
        "min": 4,
        "25%": 42.0,
        "median": 56.0,
        "75%": 70.0,
        "max": 160,
        "mean": 57.675,
        "std": 22.971904035146935
    },
    "Inpainting": {
        "min": 42,
        "25%": 94.0,
        "median": 108.0,
        "75%": 122.0,
        "max": 196,
        "mean": 108.833,
        "std": 21.549109285536606
    }
}