Threshold,Accuracy
0,0.9019
1,0.90125
2,0.93685
3,0.9359500000000001
4,0.895
5,0.89255
6,0.85165
7,0.84855
8,0.80915
9,0.8036
10,0.7686999999999999
