{
    "JPEG Compression": {
        "min": 0,
        "25%": 0.0,
        "median": 0.0,
        "75%": 2.0,
        "max": 6,
        "mean": 0.687,
        "std": 1.0478697438136098
    },
    "Resizing": {
        "min": 0,
        "25%": 0.0,
        "median": 0.0,
        "75%": 2.0,
        "max": 4,
        "mean": 0.594,
        "std": 0.9711663091355672
    },
    "Gaussian Noise": {
        "min": 0,
        "25%": 0.0,
        "median": 0.0,
        "75%": 2.0,
        "max": 10,
        "mean": 0.997,
        "std": 1.253790652381808
    },
    "Gaussian Blur": {
        "min": 0,
        "25%": 0.0,
        "median": 0.0,
        "75%": 0.0,
        "max": 6,
        "mean": 0.296,
        "std": 0.726900268262435
    }
}