{
    "Cropping": {
        "min": 100,
        "25%": 154.0,
        "median": 160.0,
        "75%": 166.0,
        "max": 206,
        "mean": 159.775,
        "std": 10.407082924623978
    },
    "Copy-Move": {
        "min": 4,
        "25%": 40.0,
        "median": 52.0,
        "75%": 64.5,
        "max": 122,
        "mean": 52.946,
        "std": 18.470654671667706
    },
    "Splicing": {
        "min": 2,
        "25%": 38.0,
        "median": 50.0,
        "75%": 66.0,
        "max": 142,
        "mean": 52.667,
        "std": 20.559890831422234
    },
    "Inpainting": {
        "min": 16,
        "25%": 84.0,
        "median": 96.0,
        "75%": 110.0,
        "max": 174,
        "mean": 97.491,
        "std": 19.583536937948672
    }
}