{
    "Cropping": {
        "min": 28,
        "25%": 54.0,
        "median": 58.0,
        "75%": 62.0,
        "max": 76,
        "mean": 58.103,
        "std": 6.478533090136995
    },
    "Copy-Move": {
        "min": 0,
        "25%": 14.0,
        "median": 18.0,
        "75%": 24.0,
        "max": 56,
        "mean": 18.967,
        "std": 8.036349357761893
    },
    "Splicing": {
        "min": 0,
        "25%": 14.0,
        "median": 18.0,
        "75%": 26.0,
        "max": 52,
        "mean": 19.658,
        "std": 9.18972447900371
    },
    "Inpainting": {
        "min": 8,
        "25%": 30.0,
        "median": 36.0,
        "75%": 42.0,
        "max": 70,
        "mean": 36.184,
        "std": 8.655295719962432
    }
}