{
    "JPEG Compression": {
        "min": 0,
        "25%": 0.0,
        "median": 0.0,
        "75%": 2.0,
        "max": 8,
        "mean": 0.856,
        "std": 1.1416058864599463
    },
    "Resizing": {
        "min": 0,
        "25%": 0.0,
        "median": 0.0,
        "75%": 2.0,
        "max": 6,
        "mean": 0.727,
        "std": 1.0514138100671877
    },
    "Gaussian Noise": {
        "min": 0,
        "25%": 0.0,
        "median": 2.0,
        "75%": 2.0,
        "max": 14,
        "mean": 1.208,
        "std": 1.3902287581545707
    },
    "Gaussian Blur": {
        "min": 0,
        "25%": 0.0,
        "median": 0.0,
        "75%": 0.0,
        "max": 6,
        "mean": 0.403,
        "std": 0.8669434814334784
    }
}