{
    "Cropping": {
        "min": 142,
        "25%": 190.0,
        "median": 198.0,
        "75%": 206.0,
        "max": 250,
        "mean": 197.157,
        "std": 11.763985336611057
    },
    "Copy-Move": {
        "min": 2,
        "25%": 50.0,
        "median": 64.0,
        "75%": 78.0,
        "max": 146,
        "mean": 65.151,
        "std": 21.77395689809273
    },
    "Splicing": {
        "min": 4,
        "25%": 46.0,
        "median": 62.0,
        "75%": 78.0,
        "max": 168,
        "mean": 63.71,
        "std": 24.778698513037362
    },
    "Inpainting": {
        "min": 38,
        "25%": 104.0,
        "median": 120.0,
        "75%": 136.0,
        "max": 200,
        "mean": 121.022,
        "std": 23.521469256830027
    }
}