Threshold,Accuracy
0,0.91475
1,0.9153
2,0.93435
3,0.93425
4,0.8965000000000001
5,0.89495
6,0.85615
7,0.851
8,0.8101
9,0.8023
10,0.7661500000000001
