{
    "Gaussian Noise": {
        "0.2": {
            "min": 0,
            "max": 9,
            "avg": 0.9777777777777777
        },
        "0.4": {
            "min": 0,
            "max": 10,
            "avg": 1.0455555555555556
        }
    }
}