{
    "Gaussian Noise": {
        "0.2": {
            "min": 0,
            "max": 39,
            "avg": 3.3844444444444446
        },
        "0.4": {
            "min": 0,
            "max": 36,
            "avg": 3.247777777777778
        }
    }
}