{
    "JPEG Compression": {
        "50": {
            "min": 0,
            "max": 3,
            "avg": 0.19555555555555557
        },
        "90": {
            "min": 0,
            "max": 2,
            "avg": 0.06555555555555556
        }
    },
    "Resizing": {
        "0.25": {
            "min": 0,
            "max": 4,
            "avg": 0.1988888888888889
        },
        "0.75": {
            "min": 0,
            "max": 2,
            "avg": 0.03
        }
    },
    "Gaussian Noise": {
        "0.2": {
            "min": 0,
            "max": 7,
            "avg": 0.34444444444444444
        },
        "0.4": {
            "min": 0,
            "max": 7,
            "avg": 0.5344444444444445
        }
    }
}