{
    "JPEG Compression": {
        "70": {
            "min": 0,
            "max": 4,
            "avg": 0.17222222222222222
        }
    },
    "Resizing": {
        "0.5": {
            "min": 0,
            "max": 2,
            "avg": 0.043333333333333335
        }
    }
}
