{
    "Gaussian Noise": {
        "0.2": {
            "min": 0,
            "max": 6,
            "avg": 0.7977777777777778
        },
        "0.4": {
            "min": 0,
            "max": 6,
            "avg": 1.0755555555555556
        }
    }
}