{
    "Cropping": {
        "min": 48,
        "25%": 90.0,
        "median": 96.0,
        "75%": 100.0,
        "max": 118,
        "mean": 95.45,
        "std": 7.9403715278316795
    },
    "Copy-Move": {
        "min": 2,
        "25%": 22.0,
        "median": 30.0,
        "75%": 40.0,
        "max": 76,
        "mean": 31.52,
        "std": 11.71108876236535
    },
    "Splicing": {
        "min": 0,
        "25%": 22.0,
        "median": 32.0,
        "75%": 40.0,
        "max": 82,
        "mean": 31.889,
        "std": 13.489317217709724
    },
    "Inpainting": {
        "min": 10,
        "25%": 50.0,
        "median": 58.0,
        "75%": 68.0,
        "max": 100,
        "mean": 58.697,
        "std": 12.687796932485954
    }
}