{
    "JPEG Compression": {
        "min": 0,
        "25%": 0.0,
        "median": 0.0,
        "75%": 0.0,
        "max": 4,
        "mean": 0.256,
        "std": 0.6859037833399083
    },
    "Resizing": {
        "min": 0,
        "25%": 0.0,
        "median": 0.0,
        "75%": 0.0,
        "max": 6,
        "mean": 0.202,
        "std": 0.6190282707599064
    },
    "Gaussian Noise": {
        "min": 0,
        "25%": 0.0,
        "median": 0.0,
        "75%": 0.0,
        "max": 4,
        "mean": 0.433,
        "std": 0.8570361719320836
    },
    "Gaussian Blur": {
        "min": 0,
        "25%": 0.0,
        "median": 0.0,
        "75%": 0.0,
        "max": 4,
        "mean": 0.101,
        "std": 0.44249180783377223
    }
}