{
    "Cropping": {
        "min": 34,
        "25%": 66.0,
        "median": 70.0,
        "75%": 74.0,
        "max": 92,
        "mean": 69.5,
        "std": 7.19902771212891
    },
    "Copy-Move": {
        "min": 0,
        "25%": 16.0,
        "median": 22.0,
        "75%": 28.0,
        "max": 56,
        "mean": 23.114,
        "std": 8.947793247499632
    },
    "Splicing": {
        "min": 2,
        "25%": 16.0,
        "median": 22.0,
        "75%": 30.0,
        "max": 64,
        "mean": 23.468,
        "std": 10.702755533039143
    },
    "Inpainting": {
        "min": 16,
        "25%": 36.0,
        "median": 44.0,
        "75%": 50.0,
        "max": 82,
        "mean": 43.261,
        "std": 9.778541762451086
    }
}