{
    "Cropout": {
        "0.2": {
            "min": 0,
            "max": 61,
            "avg": 15.46
        },
        "0.3": {
            "min": 0,
            "max": 134,
            "avg": 31.124444444444446
        }
    },
    "Copy-Move": {
        "0.1": {
            "min": 0,
            "max": 18,
            "avg": 3.3944444444444444
        },
        "0.2": {
            "min": 0,
            "max": 36,
            "avg": 8.034444444444444
        }
    }
}