{
    "Cropout": {
        "0.2": {
            "min": 0,
            "max": 22,
            "avg": 10.142222222222221
        },
        "0.3": {
            "min": 2,
            "max": 39,
            "avg": 18.47222222222222
        }
    },
    "Copy-Move": {
        "0.1": {
            "min": 0,
            "max": 15,
            "avg": 4.458888888888889
        },
        "0.2": {
            "min": 0,
            "max": 28,
            "avg": 8.948888888888888
        }
    }
}