{
    "Cropout": {
        "0.2": {
            "min": 0,
            "max": 90,
            "avg": 36.98888888888889
        },
        "0.3": {
            "min": 8,
            "max": 94,
            "avg": 43.626666666666665
        }
    },
    "Cropping": {
        "0.9": {
            "min": 66,
            "max": 170,
            "avg": 124.38444444444444
        },
        "0.7": {
            "min": 100,
            "max": 162,
            "avg": 128.11777777777777
        }
    },
    "Copy-Move": {
        "0.1": {
            "min": 0,
            "max": 78,
            "avg": 19.033333333333335
        },
        "0.2": {
            "min": 0,
            "max": 94,
            "avg": 29.344444444444445
        }
    },
    "Inpainting": {
        "0.1": {
            "min": 72,
            "max": 144,
            "avg": 107.1511111111111
        },
        "0.2": {
            "min": 54,
            "max": 130,
            "avg": 92.22
        }
    }
}