{
    "Cropout": {
        "0.2": {
            "min": 4,
            "max": 88,
            "avg": 37.58
        },
        "0.3": {
            "min": 4,
            "max": 108,
            "avg": 46.21111111111111
        }
    },
    "Copy-Move": {
        "0.1": {
            "min": 0,
            "max": 64,
            "avg": 18.624444444444446
        },
        "0.2": {
            "min": 0,
            "max": 78,
            "avg": 29.031111111111112
        }
    }
}