{
    "Cropout": {
        "0.2": {
            "min": 0,
            "max": 32,
            "avg": 13.333333333333334
        },
        "0.3": {
            "min": 0,
            "max": 62,
            "avg": 27.215555555555557
        }
    },
    "Copy-Move": {
        "0.1": {
            "min": 0,
            "max": 20,
            "avg": 3.703333333333333
        },
        "0.2": {
            "min": 0,
            "max": 36,
            "avg": 8.703333333333333
        }
    }
}