{
    "Cropping": {
        "min": 18,
        "25%": 34.0,
        "median": 38.0,
        "75%": 42.0,
        "max": 56,
        "mean": 37.796,
        "std": 5.629776549739785
    },
    "Copy-Move": {
        "min": 0,
        "25%": 8.0,
        "median": 12.0,
        "75%": 16.0,
        "max": 36,
        "mean": 12.293,
        "std": 5.8849087503545885
    },
    "Splicing": {
        "min": 0,
        "25%": 8.0,
        "median": 12.0,
        "75%": 18.0,
        "max": 38,
        "mean": 12.901,
        "std": 6.655689220509023
    },
    "Inpainting": {
        "min": 4,
        "25%": 20.0,
        "median": 24.0,
        "75%": 28.0,
        "max": 48,
        "mean": 24.026,
        "std": 6.254864027299075
    }
}