Image Name,Computed Full Hash,Extracted Full Hash,WM Present (Top Left),WM Present (Top Right),WM Present (Bottom Left),WM Present (Bottom Right),Total Hamming Distance,E2E_time,Fingerprinting_time,wm_time,ECC_time
502280214_122267672840201038_2746707502506112115_n.jpg,1101000011000111111100011001100000001100001011100111110001100010011101000010111001110110010000111110000110000000010011111100101111001101100010010110010110000000101101100100001101111100001011101101110001100011001011000111111011110001100110110110100011100111,1101000011000111111100011001100000001100001011100111110001100010011101000010111001110110010000111110000110000000010011111100101111001101100010010110010110000000101101100101001101111100001011101100110001100011001011000111111011110001100110110110100011100111,True,True,True,True,2,0.03610348701477051,0.018370866775512695,0.01736736297607422,0.0003485679626464844
501539246_122267677172201038_219720904107437748_n.jpg,1100001011000110011011101110001000111101111110000101000111010100001111000000001111010100000111110000101110111100110000011110010011010011011011001000010110001111111100110110011000100010011111101111010100000100000011101101110011101100010100110100100010011001,1100001011000110011011101110001000111101111110000101000111010100001111000000001111010100000111110000101110111100110000011110010011010011011011001000010110001111111100110110011000100010011111101111010100000100000011101101110011101100010100110100100010011001,True,True,True,True,0,0.03872203826904297,0.019138097763061523,0.019211292266845703,0.00035691261291503906
502458414_122267680940201038_763289357786995457_n.jpg,1001100110010010001001100110100101110010011001101110010011000110000110011001100111011001100110010110011001100100011001100110011001100110011001101001100110011001100110011001100111100100111001000011001001100110011101000101101111011001110110011001100110011101,1001100110010010001001100110100101110010011001101110010011000110000110011001100111011001100110010110011001100100011001100110011001100110011001101001100110011001100110011001100111100100111001000011001001100110011101000101101111011001110110011001100110011101,True,True,True,True,0,0.03525996208190918,0.0172121524810791,0.017685651779174805,0.0003452301025390625
502550499_122267678558201038_8499661758870355355_n.jpg,1100010101001100100011010100011001101100010001111100111001011011111011101101010011001110110101101100110100111011110101010011000011110101001110001010010110001000110000001000101001001010101011100101001010001110100110100000111110001011001010111000111100101001,1100010101001100100011010100011001101100010001111100110001011011111011101101010011001110110101101100110100111011110101010011000011110101001110001010010110001000110000001000101001001010101011100101001010001110100110100000111110001011001010111001111100101001,True,True,True,True,2,0.04095911979675293,0.02282404899597168,0.017697811126708984,0.00042057037353515625
502833410_122267694860201038_6963944200127041270_n.jpg,1001110100101010100000001010010111100110010010001110010100101011011110011011011000011101100010011000011001101011110001100111011001011001101010011011000110001001111001000110011110111100011100100101101110011001111000111000100110000111110001100001100011100110,1001110100101010100000001010010111100110010010001110010100101011011110011011011000011101100010011000011001101011110001100111011001011001101010011011000110001001111001000110011110111100011100100101101110011001111000111000100110000111110001100001100011100110,True,True,True,True,0,0.03501391410827637,0.016966819763183594,0.0176846981048584,0.0003464221954345703
501283749_122267684960201038_3126573201111707796_n.jpg,1000010010011111010100100100100100011001110011100110100101001101010110110010100111011010101100010101101000110101011011010010010010101101001100001011001110011001111111010010100101100010011011010110101100100100111001000010011101110110100101101001101111100000,1000010010011111010100100100101100011001110011100110100101001101010110010010100111011010101100010101101000110101011011010010010010101101001100001011001110011001111111010010100101100010011011010110101100100100111001000010011101110110100101101001101111100000,True,True,True,True,2,0.03635883331298828,0.017801523208618164,0.01817941665649414,0.0003612041473388672
501448827_122267682794201038_4096498442564888011_n.jpg,1101110110001000100011011000100100001100100010000110110111101011111011011000100110100101010110110010010111001011011000010101101110001011010110111001110001011010100100010101001001010111010101100111101101010110101000000100010000001110101001100110111110111100,1101110110011000100011011000100100001100100010000110110110101011111011011000100110100101010110110010010111001011011000010101101110001011010110111001110001011010100100010101001001010111010101100111101101010110101000000100010000001110101001100110111110111100,True,True,True,True,2,0.03772258758544922,0.01953721046447754,0.017739295959472656,0.0004303455352783203
502459645_122267673062201038_5337881279957454147_n.jpg,1000110111111111100100011111111010100010011100001010011101101111011001110011100100011011000011110000100100001101000110001100000100010000100100000111000001100110110111001011000110110101101001001100010100110001110001110000111010001111011011110000101111011011,1000110111111111100100011111111010100010011100001010011101101111011001110011100100011011000011110000100100001101000110001100000100010000100100000111000001100110110111001011000110110101101001001100010100110001110001110000111010001111011011110000101111011011,True,True,True,True,0,0.030426502227783203,0.014328241348266602,0.015749692916870117,0.0003333091735839844
502115773_122267688968201038_1306738249431046322_n.jpg,1100001001100000011001110010011101110011100000010101100110011100000111101100110101110000001101000010110110000111101110001100101011001111000011110111000111110000011110100010110111011100111000011100010001110110001111011100011100110010010110000110100100110011,1100001001100000011001110010011101110011100000010101100110011100000111101100110101110000001101000010110110000111101110001100101011001111000011110111000011110000011110100010110111011100111000011100010001110110011111011100011100110010010110000110100100110011,True,True,True,True,2,0.03441429138183594,0.01646876335144043,0.01758575439453125,0.0003437995910644531
501469203_122267691398201038_9011305283947948859_n.jpg,1010111010110101110010111001110110010010010011100110010011111011010110001110010000010011101001010100110110011001110111110101111000110100001010000110000100101110000100100101011100000100110001000011101101100111110000110001100011111101111100001000110000101011,1010111010110101110010111001110110010010010011100110010011111011010110001110010000010011101001010100110110011001110111110101111000110100001010000110000100101110000100100101011100000100110001000011101101100111110000110001100011111101111100001000110000101011,True,True,True,True,0,0.04068255424499512,0.02149677276611328,0.01874828338623047,0.0004220008850097656
502753453_122267682878201038_5750675276225710190_n.jpg,1001010100001101100001100011110100111101101001010011100111000101000011001110110001001100110001110110110011001011010011011011110001100101000111101100010110001100101101000100001110010111011010110001001111100111100100111010001011000011001100100001001111110010,1001010100001101100001100011110100111101101001010011100111000101001011001110110001001100110001110110110001001011010011011011110001100101000111101100010110001100101101000100001110010111011010110001001111100111100100111010001011000011001100100001001111110010,True,True,True,True,2,0.042404890060424805,0.02399754524230957,0.017666101455688477,0.00072479248046875
502635906_122267675018201038_5311814877470493146_n.jpg,1000010000010101101101010000000101010101011110000001010101011000111111111000101011001100011101010001101100001101010100000000010001100111111100010101110111111010100100010001110011101010110000110000110111111110100011101111010111010001110101010111001101110000,1000010000010101101101010000000101010101011110000001010101011010111111111000101011001100011101010001101100001101010100000000010001100111111100110001110111111010100100010001110011101010110000110000110111111110100011101111010111010001100101010111001101110000,True,True,True,True,4,0.03753018379211426,0.019399166107177734,0.01776432991027832,0.00034999847412109375
501464982_122267696888201038_3335539435100883022_n.jpg,1011101000011010100101010111011101001011101000000110110001010111001101001011101010110010110101010110011100001100001010100010101101110110011101001001000010000010011001111111011111001001000010000011110011011101100111001011000000100111001111101100100111001001,1011101000011010100101010111011101001011101000000110110001010111001101001011101010110010110101010110011100001100001010100010101101110110011101001001000010000010011001111111011111001001000010000011110011011101100111001011000000100111001111101100100111001001,True,True,True,True,0,0.03691816329956055,0.01893901824951172,0.01761770248413086,0.0003457069396972656
501266522_122267675732201038_6477534602980356473_n.jpg,1011000101110010110011001110000000011111111100110101111111110010011001101111011111011011001100111001010001010010100110100011001111000000001100111100000101100100011000001001000111110011011000001111111011000000000110101111001000010100111110101000100010111000,1011000101110010110011001110000000011111111100110101111111110010011001101111011111011011001100111001010001010010100110100011001111000000001100111100000101100110011000001001000011110011011000001111111011000000000110101111001000010100111110101000100010111000,True,True,True,True,2,0.03638577461242676,0.018375158309936523,0.017647504806518555,0.0003478527069091797
501450441_122267686916201038_7852406518127725457_n.jpg,1100000111001110111000011101100000000000101111001100011110001111011111111011000011111010011100001111000000000111111110001111000001011100011100100000111001111000000111000111100011110101000000110011111011101100000101001111000000100011110111110001110101100000,1100000111001110111000011101100000000000101111001100011110001111011111111011000011111010011100001111000000000111111110001111000001011100011100100000111001111000000111000111100011110101000000100011111011101100000101001111000001100011110111110001110101100000,True,True,True,True,2,0.03287553787231445,0.016697406768798828,0.0157473087310791,0.0004143714904785156
502712532_122267693450201038_2199516740222834330_n.jpg,1111000100001110100000000000011100001111111100010111101110010001100010000110010001101101110111101110010010100111111100111010010011000000110011100110011001011011000111100100110000001001001011010001110110110000000111111101011011011011010011001011011001101001,1111000100001110100001000000011100001111111100010111101110010001100010000110010001101101110110101110010010100111111100111010010011000000110011100110011001011011000111100100110000001001001011010001110110110000000111111101011011011011010011001011011001101001,True,True,True,True,2,0.03825259208679199,0.02031540870666504,0.017572402954101562,0.0003485679626464844
501649242_122267695076201038_5167205408059990169_n.jpg,1100000001010001111111111111010110100100000100111010000000111101101000000101100100000011111110100000011111100000000010110010001000100110100101110110110110010010011001100001111001100101100111110010011001111111001000000111101000100111111111100011101101111100,1100000001010001111111111111010110100100000100111010000000111101101000000101100100000011111110100000011111100000000010110010001000100110100101110110110110010010011001100001111001100101100111110010011001111111001000000111101000100111111111100010101111111100,True,True,True,True,2,0.02129507064819336,0.007652759552001953,0.013318061828613281,0.00030922889709472656
502590016_122267688740201038_7414620911660971458_n.jpg,1101000011000111111100011001100000001100001011100111110001100010011101000010111001110110000000111110100110000000010011111100101111001101100010010110110110000000101101100101001101111100001011101101010001100010001011000111111011110001100110110110100011100111,1101000011000111111100011001100000001100001011100111110001100010011101000010111001110110000000111110100110000000010011111000101111001101100010010110110110000000101111100001001101111100001011101101110001100010001011000111111011110001100110110110100011100111,True,True,True,True,4,0.03577995300292969,0.018229961395263672,0.01718878746032715,0.00034618377685546875
502750839_122267683154201038_5692131410058984104_n.jpg,1101101101011010110100100101011010000000001101100010101100010110110100001101100111100000011011000110011110110110110001110001001001110110010010001011100011001001011000111001111100010111011111101100110110010101100011000011010110001100011001001110011111000001,1101101111011010110100100101011010000000001101100010101100010110110100001001100111100000011011000110011110110110110001110001001001110110010010001011100011001001011000111001111100010111011111101100110110010101100011000011010110001100011001001110011111000001,True,True,True,True,2,0.039592742919921875,0.021446704864501953,0.017707347869873047,0.00042247772216796875
501348785_122267672546201038_8569578134366367162_n.jpg,1011010010100111100000001111100010010011011110000011110111111101010111111111110000100010110110101101110100000000110011000010010100110110000100001010001101011110000100010011111101000101101111111000011010010110001111100101100001100101101000000011001100001111,1011010010100111100000001111100010010011011110000011110111111101010111111111110000100010110110101101110100000000110011000010010100110110000100001010001101011110000100010011111101000101101111111000011010010110001111100101100001100101101000000011001100001111,True,True,True,True,0,0.03584432601928711,0.016532182693481445,0.018950462341308594,0.0003459453582763672
502487123_122267672150201038_796734682429080594_n.jpg,1010011001000110101100100110111010011111011001110001111101111101010100010011001011101000001101101011011100010001110100001101101101001000100000010010110100100000001000110010101110100111000101110101000001100110111110111100111111001100110111011111000010000000,1010111001001110001100100110111010111111011001110001111101111101010100010011001011101000001101101011011100010001110100001101101101001000100000010010110100100000001000110010101110100111000101110101000001100110111110111100111111001100110111011111000010000000,False,True,True,True,4,0.04102444648742676,0.021776914596557617,0.018671274185180664,0.0005605220794677734
502578593_122267693744201038_2299665298703464472_n.jpg,1101000111000100110011010000000110100100111100010010101101011110011010001011010101111111110011111101010000111100100111111101001110101101001011010000000011110000011010100000111101001000101101010101010011010010100000110000110110010101001101000111111010100011,1101000111000100110011010000000110100100111100010010101101011110011010001011010101111111110011111101010000111100100111111101001110101101001011010000000011110000011010100000111101001000101101010101010011010010100000110000110110010101001101000111111010100011,True,True,True,True,0,0.03904223442077637,0.020990610122680664,0.017687559127807617,0.0003483295440673828
502538921_122267674838201038_4184344485669415545_n.jpg,1000110011101100110111100111000111011010001100011010011001001001011110110101011000111001110011001001001100111001001110110011011000001100110011011100100110011001101101110000010001011001001000000110001111000100100110010110011101011100110000010110001111110011,1000110011101100110111100111000111011010001100011010011001001001011110110101011000111001110011001001001100111001001110110011011000001100110011011100100110011001101101111000010001011001001000000110001111000100100110010110001101011100110000010110001111110011,True,True,True,True,2,0.03693723678588867,0.01898479461669922,0.01758885383605957,0.0003476142883300781
502462804_122267681426201038_8043558566728376320_n.jpg,1000101100011101101010010010110001010101101101000101010000000010101100110100110011001011110110010011011001011111110001101100001011111000101010100110010101011111100010011011100100111100101001101000110101010101000100001010011010101111111001001101000011011001,1000101100011101101010010010110001010101101101000101010000000010101100110100110011001011110110010011011001011111110001101100001011111000101010100110010101011111100010011011100100111100101001101000110101010101000100001010011010101111111001001101000011011001,True,True,True,True,0,0.03564190864562988,0.01635456085205078,0.018923044204711914,0.0003485679626464844
501565335_122267692760201038_5298024522036509855_n.jpg,1000011110011001010001110111110100111011011001100001100110010001011001001110001001100111011001110111011011000000101001000001100111110010001011010110011001100100101010111000111000111001100011010011001110110010110001111110100110111000100110010100010010100110,1000011110011001010001110111110100111011011001100001100110010001011001001110001101100111011001110111011011000000101001000001100111010010001011010110011001100100101010111000111000111001100011010011001110110010110001111110100110111000100110010100010010100110,True,True,True,True,2,0.033802032470703125,0.01698589324951172,0.016396284103393555,0.00040411949157714844
501458594_122267692586201038_2142520789891701561_n.jpg,1100101001100011011100011111110001000101001110001101101101001101011110000010111000111100101101001111011000010010000000111000101101101101100001101000001011001111000110110110000110010100110000000110101111110001111110000101011010000100111100010011101111110001,1100101001100011011100011111110001000101001110001101101101001101011110000010111000111100101101001111011000010010000000111000101101101101100001101000001011001111000110110110000110010100110000000110101111110001111110000101011010000100111100010011101111110001,True,True,True,True,0,0.03862333297729492,0.020395278930664062,0.017723560333251953,0.0004889965057373047
501651063_122267676014201038_1272526136824024492_n.jpg,1110011010010111000100110110010010001000111010011010010110110010011001100101101101011010010111010001100101100100011001011010001011110011101110111110100110011011101010100101110100100100001100100101000110100010010101111100010000101111011111001000100000011011,1110011010010111000100110110010010001000111010011010010110110010011001100101101101011010010111010001100101100100011001011010001011110011101110111110100110011011101010100101110100100100001100100101000110100010010101111100010000101111011111001000100000011011,True,True,True,True,0,0.03465771675109863,0.017287254333496094,0.017008304595947266,0.0003459453582763672
501590476_122267673068201038_3922012066546201159_n.jpg,1100010010001110111010101110000010111101111111101001011110010101110100000100111110110101110000011100000010011101100101000110001110010010011111110001011011110101000001001111111101101011100010001111010010100100011001101000000001000110000010010100010010101111,1100010010001110011010101110000010111101111111111001011110010101110100000100111110110101110000011100000010011101100101000110001110010010011111110001011011110101000001001111111101101011100010001111010010100100011001101000000001000110000010010100010010101111,False,True,True,True,2,0.03814697265625,0.02045583724975586,0.01712512969970703,0.0005497932434082031
501536963_122267697920201038_7981449611807014383_n.jpg,1110111111010001001100010110011000000000001011101111111010011001011100011110000110000001010100110011111000011110101011010010000101111110111010001011111111111000010000001110111100010100001010011010100001010101010100110000111010101111110101010111000011000000,1110111111010001001100010110011000000000001011101111111010011001011100011110000110000001010100110011111000011110101010010010000101111110111010001011111111111000010000001110111100010100001010011010100001010101010100110000111010101111110101010111000111000000,True,True,True,True,2,0.04497885704040527,0.024906158447265625,0.019634485244750977,0.00042176246643066406
502336569_122267687192201038_1138679471388393821_n.jpg,1101000000101111111110101101000001101111110101001100010100111101001111000010101001101010110100100111001011010101100101001110010011000111101011110010110010000111000111110001000001100010011100110011001011001101100001111010110011100100101001100011010000011000,1101000000101111111110101101000001101111110101001100010100111101001111000010101001101010110100100111001011010101100101001110010011000111101011110010110010000111000111110001000001100010011100110011001011001101100001111010110011100100101001100011010000011000,True,True,True,True,0,0.0370485782623291,0.019354581832885742,0.017326831817626953,0.00035071372985839844
502466237_122267692484201038_8666667003700541905_n.jpg,1110101000011111100001011110000001111000000101111011001011011010100110110100100110111000011101100111001010010111100011110110110110011000111000010101001010010110101011010011100011001010110100110001011010000111111010000011010000010011111000010110001000011101,1110101000011111100001011110000001111000000101111011001011011010100110110100100110111000011101100111001010010111100011110110110110011000111000010101001010010110101011010011100011001010110100110001011010000111111010000011010000010011111000010110001000011101,True,True,True,True,0,0.03626108169555664,0.01701664924621582,0.018877029418945312,0.0003521442413330078
502714288_122267697452201038_1794135225115388627_n.jpg,1100000111001110111000011101100000000000101111001100011110001111011111111011000011111010011100001111000000000111111110001111000001011100011100100000111001111000000111000111100011110101000000110011111011101100000101001111000000100011110111110001110101100000,1100000111001110111000011101100000000000101111001100011110001111011111111011000011111010011100001111000000000111111110001111000001011100011100100000111001111000000111000111100011110101000000100011111011101100000101001111000001100011110111110001110101100000,True,True,True,True,2,0.03254389762878418,0.01657700538635254,0.015542984008789062,0.00040841102600097656
502483694_122267696612201038_8386365731203557188_n.jpg,1101001011000101100110001111000000011011010011110001101001001011100111100101000101000010000111000110110100111100111000110110111100111001001010111101001111000001110010001101000100000011011100010101001101101001001111001111101011100101101100101001110100100101,1101001011000101100110001111000000011011010011110001101001001011100111100101000101000010000111000110110100111100111000110110111100111001001010111101001111000001110010001101000100000011011100010101001101101001001111001111101011100101101100101001110100100101,True,True,True,True,0,0.03770613670349121,0.019582271575927734,0.017713069915771484,0.0003936290740966797
502445438_122267695736201038_9011219752362477983_n.jpg,1100010110001011110000111000111001010010101101010011110001110100001111000111100100001100111011001010001110100011111000111010101111010011100011111101010101010110110101000101010110100011100111000010101001101010001100101010101000011000010110000011010001110101,1100010110001011110000111000111001010010101101010011110001110100001111000111100100001100111011001010001110100011111000111010101111010011100011111101010101010110110111000101010110100011100111000010101001101010001100101010101000011000010110000011010001110001,True,True,True,True,2,0.03426241874694824,0.016187191009521484,0.017706632614135742,0.0003528594970703125
502462421_122267684624201038_9211477877439122455_n.jpg,1001101100110011001110011100110001100110011100011110001100011001001100111100011000011100111110000100110001100100110000110100011110010011100110110011110000110001011100011011100111000011100011111001100111001100110011000111011011001100011100011100001100000011,1001101100110011001110011100110001100110011100011110001100011001001100111100011000011100111110000110110001100100110000110100011110010011100110110011110000110001011100011011100111000011100011111001100111001100110011000110011011001100011100011100001100000011,True,True,True,True,2,0.035135746002197266,0.017078638076782227,0.01769709587097168,0.0003445148468017578
502126274_122267694038201038_5495401621873269451_n.jpg,1001101100111001001011001001011001100100110101001001101101001101100110010001001110011011011010010110010011010110100110010111010110100100110111101001100100010001011101010110110001010001001101100111010101001110011001001001111010011011000010010110010011001110,1001101100111001001011001001011001100100110101001001101101001101100110010001001110011011011010010110010011010110100110010111000110100100110111101001100100010001111101010110110001010001001101100111010101001110011001001001111010011011000010010110010011001110,True,True,True,True,2,0.041806697845458984,0.022681236267089844,0.018761396408081055,0.0003485679626464844
501841464_122267698778201038_6620623281302395782_n.jpg,1001101101111001011011001001011001110100110001100010001001011011001001111000110100111001111011011001111000010110100110010010010101101100001101000011100011010010011001101101101011000011000011011101100100100011001001101101001101100110110011011001001100011001,1001101101111001011011001001011001110100110001100010001001011011001001111000110100111001111011011001111000010110100110010010010101101100001101000011100011010010011001101101101011000011000011011101100100100011001001101101001101100110110011011001001100011001,True,True,True,True,0,0.02155447006225586,0.007907867431640625,0.013320684432983398,0.0003113746643066406
502115763_122267694380201038_9198893541137216480_n.jpg,1100011001101100011100011110011001101101000110011001000111000111101100011011010001001110010011000001001101100010111001000011110100110011100110010100011110010010100110001100111010100011001101100111110011100100110100111101000001100011011000111101110011001001,1100011001101100011100011110011001101101000110011001000111000111101100011011010001001110010011000001001101100010111001000011110100110011100110010100011110010010100110001100111010100011001101100111110011100100110100111101000001100011011000111101110011001001,True,True,True,True,0,0.0391688346862793,0.020447969436645508,0.01835155487060547,0.00035309791564941406
501500167_122267672780201038_6788718196185669617_n.jpg,1001010101010001100011010011101110000101011110111111111111000000001011000111000100110010001111111111101110011000100000011000111000100000101011111101111111001010110000010011100000000100011101111101110110000100001000110001000110000000011111111101110111000100,1001010101010001100011000011101110000101011110111111111111000000001011000111000100110010001111111111101110011000100000011010111000100000101011111101111111001010110000010011100000000100011101111101110110000100001000110001000110000000011111111101110111000100,True,True,True,True,2,0.036533355712890625,0.018385887145996094,0.017715930938720703,0.0004153251647949219
502466237_122267671094201038_2441122755976932291_n.jpg,1001001011010001001101001110010101001101001010011101001100011010001100101001011011100110010101000001101100001001000110001001110111101110110101101100111101001010100101000110111000110110101001100110010010111111011010111100100010100011010110111010001001011001,1001001011010001001101001110010101001101001010011101001100011010001100101001011011100110010101000001101100001001000110001001110111101110110101101100111101001010100101000110111000110110101001100110010010111111011010111100100010100011010110111010001001011001,True,True,True,True,0,0.03190779685974121,0.014849424362182617,0.01662755012512207,0.000415802001953125
502522959_122267696816201038_9203263401118735667_n.jpg,1100010010011101100110110010010100010110101010111010011001011100010001110110111001011111010101010000100100000010110101111100011001010010110000111110001010110001101010011011000111001001011011010101001111001101011001001100110010010101010100101001010111101010,1100010010011101100110110010010100010110101010111010011001011100010001110110111001011111010101010000100100000010110101111100011001010010110000111110001010110001101010011011000111001001011011010101001111001101011001001100110010010101010100101001010111101010,True,True,True,True,0,0.03421139717102051,0.017553329467773438,0.016294479370117188,0.00034809112548828125
501649246_122267677460201038_5305461225906197363_n.jpg,1001110011001000010010011101100101011110110100011101100101001010001001111010101001110010010110010100100110100101100111111001001001111000001001010110001110110011110011010000101100111000101101000110001111010011100111010010110110001000111101010101000111000011,1001110011001000010010011101100101011110110100011101100101001010001001111010101001110010010110010100100110100101100111111001001001111000001011010110001110110011110011010000101100111000101101000110001111010011100111010010110110001000101101010101000111000011,True,True,True,True,2,0.028176307678222656,0.013402938842773438,0.01443171501159668,0.0003256797790527344
501644901_122267686148201038_5282026931997770232_n.jpg,1011101111111011110001000001010010001110001011011001001111110101011111011100001001110100000001011010001110010010110110100100100001011001111101111001010110010010101101100000010100101000011110100110101001010000111101011010010001101101110100111100101000001010,1011101111111011110001000001010010001110001011011001001111110101011111011100001001110100000001011010001110010010110110100100100001011001111101111001010110010010101101100000010100101000011110100110101001010000111101011010010001101101110100111100101000001010,True,True,True,True,0,0.038422346115112305,0.019031524658203125,0.019023895263671875,0.0003502368927001953
501488601_122267677322201038_6342870490004241095_n.jpg,1101011000101000110100101000011011010100101101011101011001011101110001011010010010010101101000011000100011101001001011011010111000001001101000111011110001001011101101010000101101110110100100111111111001001010101010010110110010110111101101000100001001011000,1101011000101000110100101000011011010100101101011101011001011101110001011010010010010101101000011000100011101001001011011010111000001001101000111011110001001011101101010100101101110110100100111011111001001010101010010110110010110111101101000100001001011000,True,True,True,True,2,0.03849315643310547,0.020494461059570312,0.01762986183166504,0.00035190582275390625
502516997_122267680352201038_2336904695901042738_n.jpg,1001010101000001100101010100100010000100010100111110110111010110001010101111010111001010101101001011010010111001110010101010111010100100010110111001101100101010011100001101100011000111010100100111001010101100110110011001001001000101011011101001101010111100,1001010101000001100101010100100010000100010100111110110111010110001010101111010111001010101101001011010010111001110010101010111010100100010110111001101100101010011100001101100011000111010100100111001010101100110110011001001001000101011011101001101010111100,True,True,True,True,0,0.03499579429626465,0.018465757369995117,0.016170024871826172,0.0003447532653808594
502157794_122267681690201038_5091403512445935491_n.jpg,1001011010001111111000001111110111011110101011011001001101001000010101101101110111001100011110001110000110000011000000100011101100111110101001111111100110100001111101100001110010000010010100100001101110110000011011011000111011101000100001111000010100001000,1001011010001111111000001111110111011110101011011001001101001000010101101101110111001100011110001110000110000011000000100011101100111110101001111111100110100001111101100001110010000010010100100001101110110000011011011000111011101000100001111000010100001000,True,True,True,True,0,0.03660011291503906,0.018474817276000977,0.017705917358398438,0.00040268898010253906
501331363_122267686700201038_1043764191992035690_n.jpg,1111010100000100101101010101011111000011110000010110001100101111110100110110010010010010111100101001101001011010011110100110100100011100111001010011110000000111011011000110100100111100100110011100010111110100110100001100101011000010110110011001011110000001,1111010100000100101101010101011111000011110000010110001100101111110100110110010010010010111100101001101001011010011110100100100100011100111001010011110000000111011011000110100100111100100110011100010111110100110100011100101011000010110110011001011110000001,True,True,True,True,2,0.03728365898132324,0.017987489700317383,0.018809080123901367,0.00047135353088378906
501256146_122267694176201038_5538015906767529786_n.jpg,1001000010001010100110000000101110110000011000111110101101010011010010101111000011001011110011001100111111010110111010010011011111001001001011110000001010010110001001110011001100000110000111100101010010111100111001001111000111100000111010011110001110111001,1001000010001010100110000000101110110000011001111110101101010011010010101111000011001011110011001100111101010110111010010011011111001001001011110000001010010110001001110011001100000110000111100101010010111100111001001111000111100000111010011110001110111001,True,True,True,True,2,0.03838682174682617,0.02039313316345215,0.017625808715820312,0.0003514289855957031
501237788_122267688752201038_8573551328262220113_n.jpg,1110111000101101000000010000110111000000000111010110111000010101000000010000110101111111000011110011111110101001000111111000000011010001001010101011000011011111101001100101001000110001001000000001101110101010001111111011111100011110110111010001011111010111,1110111000101101000000010000110111000000000111010110111000000101000000010000110101111111100011110011111110101001000111111000000011010001001010101011000011011111101001100101001000110001001000000001101110101010001111111011111100011110110111010001011111010111,True,True,True,True,2,0.039957284927368164,0.02131199836730957,0.01818537712097168,0.0004436969757080078
502395298_122267697110201038_3209398580944296772_n.jpg,1001110000100111111110000000011110010011111110110011011011001000001100001100011111000111000011000011110010011100001100111101000010011000001101101100110100110111100110001110101010000111100111100111100111100000011010110011100000100101110011010011001011010001,1001110000100111111110000000011110010011111110110011011011001000001100001100011111000111000011000011110010011100001100111101000010011000001101101100110100110111100110001110101010000111100111100111100111100000011010110011100000100101110011010011001011010001,True,True,True,True,0,0.046003103256225586,0.027928590774536133,0.017634868621826172,0.000423431396484375
502613579_122267674586201038_2625632961695688703_n.jpg,1100110001110011110100011000010001001100111100110011010101100111001110001000110110100010111001110110010110011101011000001100011011100101100101011011110001001111001110010100010000011111000100100011111111100111000011010001110000001110010010110101000101101010,1100110001110011110100011000010001001100111100110011010101100111001110001000110110100010111001110110010110011101011000001100011011100101100101011011110001001111001110010100010000011111000100100011111111100111000011010001110000001110010010010101000101101110,True,True,True,True,2,0.036875009536743164,0.018620014190673828,0.017789125442504883,0.0004494190216064453
501447044_122267686652201038_2453922210819288729_n.jpg,1001001110010101110001010010001001100100011000010110100110011101011100110010001010111010011101001001100010011010011001110001110110101110110011000101101001000010101101010010010111110011110110000101100011001011101101011111000110010110101011000110100101011010,1001001110010101110001010010001001100100011000010110100110011101011100110010001010111010011101001001100010011010011001110001110110101110110011000101101001000010101101010010010111110011110110000101100011001011101101011111000110010110101011000110100101011010,True,True,True,True,0,0.03810453414916992,0.020068645477294922,0.017665386199951172,0.0003542900085449219
502456860_122267682860201038_5961739133773340738_n.jpg,1101010100001101000101110011001001100100010000100001100011001101010110110011011010010100011000100011100011001101001010110001011100011011010111001110011001111011010011110010111110110001010011000001111010111010111100000011100101001111001011100111000011100110,1101010100001101000101110011001001100100010000100001100011001101010110110011011010010100011000100011100011001101001010110001011100011011010111001110011001111011010011110010111110110010010011000001111010111010111100000011100101001111001011100111000011100110,True,True,True,True,2,0.04286837577819824,0.024132490158081055,0.017874956130981445,0.0008442401885986328
502627190_122267680646201038_2574579544993725214_n.jpg,1100000100110010010010100010001001001100100000000110110000001100011101110000101001110100100111001001010011011101100001101101100100100011110100111110001100110011111110000011100011001001101111001001101110101110000110111110111010001111111011001000111111101100,1100000100110110010010100010001001001100100000000110110000001100011101110000101001110100100111001001010011011101100001101101100100100011110100011110001100110011111110000011100011001001101111001001101110101110000110111110111010001111111011001000111111101100,True,True,True,True,2,0.03449726104736328,0.016544342041015625,0.017574787139892578,0.0003616809844970703
502587722_122267693408201038_4683409966624997603_n.jpg,1110101110110110111010110010110010010100010000010001010011011001011110111011111011101011001011101000010001000101100101000100000100111101100110111110110010011010010000000111010000010011011001010011011111001001111011000001101111001000001101100101001111100100,1110101110110110111010110010110010010100010000010001010011011001011110111011111011101011001011101000010001000101100101000100000100111111100110111110110010011010010000000111010000010011011001000011011111001001111011000001101111001000001101100101001111100100,True,True,True,True,2,0.039076805114746094,0.019992589950561523,0.018646240234375,0.0004220008850097656
501637420_122267695520201038_1840233328177679224_n.jpg,1101110000110001101100011100001011101011011101100110011000011001110110011100110100010011101111001001100100000010001011001110011000111111111111110110011001111000000000000100000011100000000111001101001100011111000100001000001100000111111011100110111110101111,11011100001100011011000111000010111010110111011001100110000110010000010110110011100110100010011101111001001100100000010001011001110011000111111111111110110011001111000000000000100000011100000000111001101001100011111000100001000001100000111111011100110111110101111,False,True,True,True,90,0.03835892677307129,0.018889427185058594,0.01893925666809082,0.0005130767822265625
501401111_122267671226201038_2240274769498049536_n.jpg,1000110101011001101000101011010001011011000011100111110011010111001101110011101010101100110101011000100110011010110100100110011101100101110100001011100100110011100111101100111000010101001100000110001001000110011000111010101110010100100111000001110100100110,1000110101011001101000101011010001011011000011100111110011010111001101110011101010101100110101011000100110011010110100100110011101100101110110001011100100110011100111101100110000010101001100000110001001000110011000111010101110010100100111000001110100100110,True,True,True,True,2,0.04204916954040527,0.022942781448364258,0.01866769790649414,0.0004229545593261719
501450405_122267685188201038_3826037396902877610_n.jpg,1011011011011011111101100110001111001100100100100100011000011110100011110001111010001101100011001101000011011001011110001101100100011101101110011001001100000110000100110011011011001111001001001100001000010111001110010110110000011010001101001100101101100110,1011011011011011111101100110001111001100100100100100011010011110100011110001111010001101100011001101000011011001011110001101100100011101101110011001001100000110000100110011011011001111001001001100001000010111001110010110100000011010001101001100101101100110,True,True,True,True,2,0.03798365592956543,0.018644332885742188,0.01897597312927246,0.00034737586975097656
501391245_122267691920201038_4874116025663020115_n.jpg,1100110100100101101101100100111101100101100010101101001000001101100001111000111100100000101111111101111010001101100000110010011110000110100101011001100001100101011111100101011101000000111000011111001010001101001101001110001100100111110010011000100001011011,1100110100100101101101100100111101100101100010101101001000001101100001111000111100100000101111111101111010001101100000110010011110000110100101011001100001100101011111101101010101000000111000011111001010001101001101001110001100100111110010011000100001011011,True,True,True,True,2,0.037876129150390625,0.01970958709716797,0.017751216888427734,0.00039958953857421875
501645404_122267687084201038_4744467523939574179_n.jpg,1000000001001100110011000011001001011001100110110110011001101100100110011011001101011001110011011010011000110100100010001110001100001100110011000110001100011001111011100110011011111001100011000101001100110001010001000110011111111011000011001111110111011011,1000000000001100110011000011001001011001100110110110011001101100100111011011001101011001110011011010011000110000100010001110011100001100110011000110001100011001111001100110011011111001100011000101001100110001010001000110011111111011000011001111110111111011,True,True,True,True,6,0.03601717948913574,0.017911911010742188,0.017698049545288086,0.00039076805114746094
501270841_122267694314201038_7893310760384501552_n.jpg,1011001010100001101111101000001011011101000011110100000101000010010000100110101110111000100111001101110100110010010010010111011001101000101001101011110010001101110111011011001101001001001100100100100000111110001101101001010011011101011111111100100100110010,1011001010100001101111101000001011011101000011110100000101000010010000100110101110111000100111001101110100110010010010010111011001101000101001101011110010001101110111011011001101001001001100100100100000111110001101101001010011011101011111111100100100110010,True,True,True,True,0,0.032845258712768555,0.016247987747192383,0.016236066818237305,0.00034546852111816406
501237789_122267694596201038_2025531240579605629_n.jpg,1000100111011010101101111011010010111100000001101011011000000000011100001001101100110000010110010111001000001110110100100110010001000000010110110001000101100101111000100111111110010101001111001010101101110101110101111011101010101001011111011101111010010000,1000100111011010101101111011010010111100000001101011011000000000011100001001101100110000010110010111001000001110110100100110010001000000010110110001000101100101111000100111111110010101001111001010101101110101110101111011101010101001011111011101111010010000,True,True,True,True,0,0.02128887176513672,0.0076825618743896484,0.013274908065795898,0.0003161430358886719
502713129_122267697926201038_219388255395935266_n.jpg,1111100011010010111001011011110010100101000101111000011000000011100001100011110010011000001110001001111011110001110110010110001111001000110000100011010111001010011100110101111111010001010010000011001100101100001100011101110111110010011111000011011100100001,1111100011010010111001011010110010100101000101111000011000000011100001100011110010011000001110001001111011110001110110010110001111001000110000100011010111001110011100110101111111010001010010000011001100101100001100011101110111110010011111000011011100100001,True,True,True,True,2,0.021153926849365234,0.007643222808837891,0.013181924819946289,0.0003135204315185547
501799731_122267680634201038_5755689139008358585_n.jpg,1000000000010011110000011110011001110100000101010011101111010101110111011011001000100110111111010110000001110111011100000000101001011110100001000110111101110000110100111011101010000000110111110001110100100110101101111000001111010001010001001111110001101100,1000000000010011110000011110011001110100000101010011101111010101110111011011001000100110111111010110000001110111111100000000101001011110100001000110111101110000110100111011101010000000110111110001110100000110101101111000001111010001010001001111110001101100,True,True,True,True,2,0.03446197509765625,0.017633676528930664,0.016452312469482422,0.0003597736358642578
502517420_122267672612201038_1963045260089262834_n.jpg,1111111010110110001110110110101100001110111101100100010111111101110000001011101100110100001011100000110100000011111010100100000000010011011010001001011011101100010101010011101100001001000111101110001111010100000001101000010100111100101111100101010001101001,1111111010110110001110110110101100001110111101100100010111111101110000001011101100110100001011100000110100000011111010100100000000010011011010001001011011101100010101010011101100001001000111101110001111010100000001101000010100111100101111100101010001101001,True,True,True,True,0,0.04297757148742676,0.022933244705200195,0.019671916961669922,0.0003561973571777344
502597980_122267691548201038_2129594697430512670_n.jpg,1111000100111111111001101100000000001100101101010110100100101101000101000110000001110001100111001011010101000000001000101001110100101110011001100111101000100011110011011100001011010101110101010110110111001100001111100011111101100011011001101101010000110011,1111000100111111111001101100000000001100101101010110101100101101000101000110000001110001100111001011010101000000001000101001110100101110011001100111101000100011110011010100001011010101110101010110110111001100001111100011111101100011011001101101010000110011,True,True,True,True,2,0.037184715270996094,0.019147157669067383,0.01760697364807129,0.0004138946533203125
502457943_122267675534201038_2967637888464383106_n.jpg,1111001101110011000110011001100000100110110011001110011001100011010110011001100110110011001100110001100110011000111001100110011000100110001110001101100111000111101110110011100101010011011001101010011001100011010011001000110010011001110110010000101100111000,1111001101110011000110011001100000100110110011001110011001100011010110011001100110110011001100110001100110011000111001100110011000100110001110001101100111000111101110110011100101010011011001101010011001100011010011001000110010011001110110010000101100111000,True,True,True,True,0,0.040015459060668945,0.020002365112304688,0.01963210105895996,0.0003647804260253906
502527031_122267674166201038_6025408734008986050_n.jpg,1001110001100101101110000110000100110110101000101001001111100011001011000110100011010111101010100110101111011101100101110011001010000010110110000110110110001001100101100100000101101001111110011001011000110010011010110101100111010001001000111010111001010011,1001110001100101101110000110000100110110101000101001001111100011001011000110100011010111101010100110101111011101100101110011001010000010110110000110110110000001100101100101000101101001111110011001011000110010011010110101100111010001001000111010111001010011,True,True,True,True,2,0.036644935607910156,0.01854991912841797,0.017729520797729492,0.0003485679626464844
502657706_122267681414201038_8698003363975947047_n.jpg,1101011101100110100111011001100100100110011001100101001100110010110011001100100100110010001101100111110110011000110100000110011100101111001100110101000010011000101000110110001101111100100111110100001011011000101011110010011001010000110100111000111001101100,1101011101100110100111011001100100100110011001100101001100110010110011001100100100110010001101100011110110011000110100100110011100101111001100110101000010011000101000110110001101111100100111110100001011011000101011110010011001010000110100111000111001101100,True,True,True,True,2,0.037694454193115234,0.01814436912536621,0.01911640167236328,0.00041747093200683594
502500117_122267679254201038_8575152376722774632_n.jpg,1000010000010101001001000010110001010000001111111001100101101010000111111010101111010000110101100010001000011110000111011000011111011001011110010011010100111101101011111111010110011001011110100011110001110101111011110100010010000000100010000011000011011111,1000010000010001001001000010110001010000001111111001101101101010000111111010101111010000110101100010001000011110000111011000011111011001011110010011010100111101101011111111010110011001011110100011110001110101111011110100010010000000100010000011000011011111,True,True,True,True,2,0.035364627838134766,0.018604278564453125,0.016030073165893555,0.0007135868072509766
502739617_122267677550201038_2128222163095704568_n.jpg,1100100110000110110010011011011000010010001110110110110011011001001101111101110011001101001001100010001001001101110010000001111111111100100000110111001100001100100011011110000101111111110000100001011101101100100010001111001100100010001001101001110000101111,1100100110000110110010011011011000010010001110110110110011011001001101111101110011001101001001100010001001001101110010000001111111111100100000110111001100001100100011011110000101111111110000100001011101101100100010001111001100100010001001101001110000101111,True,True,True,True,0,0.0322260856628418,0.016101360321044922,0.015726566314697266,0.0003826618194580078
501483978_122267685590201038_2857441692418217851_n.jpg,1010100110011110100010110011000000001110001100010001111000011010110110100000101001101111011110100000010011111110101000011001111010100111000010000001001101101101011110100110110001100100000011001000100110001110001010011101111111110100111100111101111011100010,1010100110011110100010110011000000001110001100010001111000011010110110100000101001101111011110100000010011111110101000011001111010100111000010000001001101101101011110100110110001100100000011001000100110001110001010011101111111110100111100111101111011100010,True,True,True,True,0,0.03731179237365723,0.02059459686279297,0.01635456085205078,0.0003459453582763672
502466041_122267697506201038_653918483302148633_n.jpg,1110101010110111111000101000110010000111010100011110010111000011001111000010101011100100001110111000011010100011110001101010100000011100001111000001011000011100110111101110001110001000111101001111001011010101100110100101011100111000110100110011110001000010,1110101010110111111000101000110010000111010100011110010111000011001111000010101011100100001110111000011010100011110001101010100000011100001111000001011000011100110111101110001110001000111101001111001011010101100110100101011100111000110100110011110001000010,True,True,True,True,0,0.021371841430664062,0.007799625396728516,0.013244152069091797,0.00031280517578125
502468215_122267690660201038_6985032636464528669_n.jpg,1001100010010011111111001001001110000101100000100100010110010011101001011011011011011010001101110100111110100111011001010010010001100111101100010010101111111111110010001110101100110000110011101001110000000101111000011000001101001110001000010110011011000110,1001100010010011111111001001001110000101100000100100010110010011101001001011011011011010001101110100111110100111011001010010010001100111101100010010101111111111110010001110101100110000110011101001110000000101111000011000001101001110001100010110011011000110,True,True,True,True,2,0.03686046600341797,0.018874168395996094,0.01762247085571289,0.0003478527069091797
501388113_122267677610201038_6365279942402683291_n.jpg,1011010110100101111001010001011110001110000100101111011001001100010011000000000111100110101100111001001001011001100001001110110000011101100111111101010111011101000110111100011001101000110001010011110001011100101000010101101111110111000010101000010001010110,1011010110100101111001010001011110001110000100101111011001001100010011000000000111100110101100111001001001011001100001001110110000011101100111111101010111011101000110111100011001101000110001010011110001011100101000010101101111110111000010101000010001010110,True,True,True,True,0,0.03999757766723633,0.0221102237701416,0.017526626586914062,0.00034499168395996094
501384890_122267690276201038_4254888540854020631_n.jpg,1010101110011100000011000110001110010100001110000110011001111011100010101001010101101011010110110100010110001110011111010110100111010101011101000011011110110000100110100010000111100010100011010111010011011010100110010111001001100111000011010000110011010110,1010101110011100000011000110001110010100001110000110011001111011100010101001010101101011010110110100010110001110011111010110100111010101011101000011011110110000100110100010000111100010100011010111010011011010100110010111001001100111000011010000110011010110,True,True,True,True,0,0.03884482383728027,0.020771503448486328,0.01769542694091797,0.0003619194030761719
501448189_122267686430201038_6339191944264394533_n.jpg,1111110000010111011011110000100101111111000010010011110000010111101110100000011011011000101011010000010001111001111001011000101011100101111000001010001111110101101000110001011000001010011110000001101010101101110011000100011011101101000100111011010110100010,1111110000010111011011110000100101111111000010010011110000010111101110100000011011011000101011010000010001111001111001011000101011100101111000001010001111110101101000110001011000001010011110000001101010101101110011000100011011101101000100111011010110100010,True,True,True,True,0,0.03697824478149414,0.01878643035888672,0.017829418182373047,0.00034618377685546875
502643078_122267679878201038_8810135408121687350_n.jpg,1001011111100000101000101101000101100000110110111001111000001110011100111111000010011100110111111100111000001000111100010101011001000011100010011000000111000111011111000110000000110011001111111100110010010111001101100100100100100001101111001100110100011110,1001011111100000101000101101000101100000110110111001111000001110011100111111000010011100110111111100111000001000111100010101011001000011100010011000000111000111011111000110000000110011001111111100110010010111001101100100100100100001101111001100110100011110,True,True,True,True,0,0.03747749328613281,0.019186019897460938,0.01787257194519043,0.00040268898010253906
501469209_122267696564201038_7262915713028955966_n.jpg,1100100001011001100010100101011010010110110001100110010110101001001111010010010101011110001011011000011011010001111100011011011000101100000011100100101101011011110110101111101010100100100101001110001100001011000101110010000101101100101011011110100100110101,1100100001011001100010100101011010010110110001100110010110101001001111010010010101011110001011011000001011010001111100011011011000101100000011100100101101011011110110101111101010100100100101011110001100001011000101110010000101101100101011011110100100110101,True,True,True,True,2,0.038550615310668945,0.020450115203857422,0.01765751838684082,0.0004267692565917969
501461883_122267677316201038_4055786228484583039_n.jpg,1111100101100011100010011100001011010110111110000011011000111101000101100000100001001000000110111000000100110110011111111110000010011110011111010110000010011001100111001001111101110010011000011000011111000110011111001011100010001111000010110110100101011010,1111100101100011100010011100001011010110111110000011011000111101000101100000100001001000000110111000000100110110011111111110000010011110011111010110000010011001100111001001111101110010011000011000011111000110011111001011100010001111000010110110100101011010,True,True,True,True,0,0.04028820991516113,0.020560741424560547,0.01935887336730957,0.00035262107849121094
502736974_122267696570201038_1969811479387632820_n.jpg,1001000111001110100100110001100011100110001100111110110011000111111010011000110010111110000110001011010001101011101111011011001101100011011001001100101001001100010010001011100001001001101000111100010101101110101101010001100011101010010100011001101001100110,1001000111001110100100110001100011100110001100111110110011000111111010011000110010111110000110001011010001101011101111011011001101100011011001001100101001001100010010001011100001001001101000111100010101101110101101010001100011101010010100011001101001100110,True,True,True,True,0,0.04248785972595215,0.023488283157348633,0.01849532127380371,0.00048804283142089844
502451887_122267683724201038_2949177858948214866_n.jpg,1100011001101100011100011110011001101101000110011001000111000111101100011011010001001110010011000001001101100010111001000011110100110011100110010100011110010010100110001100111010100011001101100111110011100100110100111101000001100011011000111101110011001001,1100011001101100011100011110011001101101000110011001000111000111101100011011010001001110010011000001001101100010111001000011110100110011100110010100011110010010100110001100111010100011001101100111110011100100110100111101000001100011011000111101110011001001,True,True,True,True,0,0.039315223693847656,0.020516395568847656,0.018425703048706055,0.00035691261291503906
502585831_122267698340201038_6857981025245718950_n.jpg,1110011110001111100001100111010000011000011110110101100111000111000001010001010010111110100110000110000110100111000001100110011110010010011001100000001110110100010111011001001010110001100011000010111110011100010101100111101110000100111110110011110101001101,1110011110001111100001100111010000011000011110110101100111000111000001010001010010111110100110000110000110100111000001100110011110010010011001100000001110110100010111011001001010110001100011000010111110011100010101100111100110000100111110110011110101001111,True,True,True,True,2,0.038474321365356445,0.019133329391479492,0.01898050308227539,0.0003437995910644531
501669128_122267681348201038_2715583269883253639_n.jpg,1000000001111111111111010101111110111101100000000001011111100000011000101111010101000001000111111011110100001010101100100110100111000110111001000001010010011110011010011101001100001111010000001001000100101111001100101110000101001110010111011100100111010010,1000000001111111111111010101111110111101100000000001011111100000011000101111010101000001000111111011110100001010101100100110100111000110111001000001010010011110011010011101001100001111010000001001000100101111001100101110000001101110010111011100100111010010,True,True,True,True,2,0.03604245185852051,0.01787281036376953,0.01779651641845703,0.00035691261291503906
501661614_122267689874201038_7655881974812273653_n.jpg,1101000000011010010011001111111101001010100001000000110100000010001001001000000001110110101011111101001010010001111000111011001111111111001111111111111110101011100011111010110000001110110001000100000011011111110011001001111011000110100110000000001101100100,1101000000011010010011001111111101001010100001000000110100000010001001001000000001110110101011111101001010010001111000111011001111111111001111111111111110101011100011111010110000001110110001000100000011011111110011001001111011000110100110000000001101100100,True,True,True,True,0,0.03849601745605469,0.020266056060791016,0.017789840698242188,0.0004239082336425781
501464979_122267682806201038_1543356108234151008_n.jpg,1011000000111111000100110011101011100111011000100110110000010011110001100001100101110111110110001100100110001101100001100011101100000001100001111100111001100100101100101011100011100110000101110111110011010001111101000011101000011110011111110010000110000100,1011000000111111000100110011101011100111011000100110110000010011110001100001100101110111110110001100100110001101100001100011101100000001100001111100111001100100101100101011100011100110000101110111110011010001111101000011101000011110011111110010000110000100,True,True,True,True,0,0.03926587104797363,0.021185874938964844,0.01763629913330078,0.00042724609375
501608675_122267679782201038_3330088524387011863_n.jpg,1101111100011011000111101000010111000001101011101110000010001100010000000111000000111101000110111110111100000100001101110111111000101010110010011110010111100101110010010111110000000011111100111010010101010001010110111011101100011110100001010101000010100100,1101111100011011000111101010010111000001101011001110000010001100010000000111000000111101000110111110111100000100001101110111111000101010110010011110010111100101110010010111110000000011111100111010010101010001010110111011101100011110100001010101000010100100,True,True,True,True,2,0.04037117958068848,0.022131681442260742,0.01774454116821289,0.00047898292541503906
502627216_122267673986201038_8183879747811129818_n.jpg,1010110010010010000100110010011001011000110010000000101110111011000001111000111101111001001011111101001011110000111111011110010000111010001000011111000110011100100010010100100100111110000100101110000111011101100011100100010000101110001101101110000111101111,1010110010010010000100110010011001011000110010000000101110111011000001111000111101111001001011111101001011110000111111011110010000111010001000011111000110011100100010010100100100111110000100101110000111011101100011100100010000101110001101101110000111101111,True,True,True,True,0,0.036063432693481445,0.018632888793945312,0.01691293716430664,0.0005021095275878906
501500179_122267676098201038_5995963851061056079_n.jpg,1001111011110111111000000001110011100011100010001100001111110001100110111100011100011100110001111011100011110000010001100011100010011110000000110100001000001110011000011110111110010011110001110100011111110001101111001111000001000000000111001011111000000111,1001111011110111111000000001110111100011100010001100001111110001100110111100011100011100110001111011100011110000010001100011100010011110000000110100001000001110011000011110111110010011110001110100011111110001101111001111000001000000000011001011111000000111,True,True,True,True,2,0.03747439384460449,0.018994808197021484,0.018120527267456055,0.00034356117248535156
501647462_122267688746201038_3659528988914943103_n.jpg,1011101110000111101110000011010111000001110110011100100011011101011100101011000101000110111000100110000100110100011110111010001111101011101100010111100101000001110110010010100111000010101001010100101011010110101111010011010110110000111010010001100000100010,1011101110000111101110000011010111000001110110011100100011011101011100101011000101000110111000100110000100110100011110111010001111101011101100010111100001000001110110010010100111000010101001010100101011010110101111010011010110110000111010010001100100100010,True,True,True,True,2,0.03767871856689453,0.019539594650268555,0.017630577087402344,0.000492095947265625
502759121_122267697296201038_5271763448651850869_n.jpg,1000010001000101111001010101001011100010001010011001000010000101111100100100101001111000101010010011111000100010001111110100011001111111110000011000111011110000000010111011110100111011110010110110000111110110001000101111111000110100111011110000011000100111,1000010001000101111001010101001011100010001010011001000010000101111100100100101001111000101010010011111000100010001111110100011001111111110000011000111011110000000010111011110100111011110010110110000111110110001000101111111000110100111011110000011000100111,True,True,True,True,0,0.03726029396057129,0.019242048263549805,0.01765298843383789,0.00034928321838378906
501990923_122267679278201038_7239275914538041288_n.jpg,1000011011111111001110111000100100000110111010100101001100010010011110101001111010000111011110100101000001110010000101011110111100010101111000110111101110100110010110111000011000000001011000100001101001000101110101111111000101011110001000000011101010100101,1000011011111111001110111000100100000110111010100101001100010010011110101001111010000111011110100101000001110010000101011110111100010101111000110111101110100110010110111000011000000001011000100001101001000101110101111111000101011110001000000011101010100101,True,True,True,True,0,0.04232001304626465,0.023397207260131836,0.01855182647705078,0.0003552436828613281
501567097_122267684810201038_5316338169602079170_n.jpg,1110011001101100101000010110001100011000100111000100001011010011111001110001000000100100111011101111011110100100110110101001101010110010010110010110011101001010001011011110111101010010101011101101100100010000001111010101101001100010011000111001001010101101,1110011001101100101000010110001100011000100111000100001011010011111001110001000000100100111011101111011110100100110110101001101010110010010110010110011101001010001011011110111101010010101011101101100100010000001111010101101001100010011000111001001010101101,True,True,True,True,0,0.03128457069396973,0.015130758285522461,0.01580643653869629,0.0003311634063720703
501214424_122267690354201038_1108915827966028362_n.jpg,1001000111100001101000111011010001001001010101001001000101001101001011010000110110101010001001000000110101010100110101100111011010010101010001101001000111011011110101001111101101001110101111001111000011101111101011011100100111010111001000010110011101000100,1001000111100001101000111011010001001001010101001001000101001101001011010000110110101010001001000000110101010100110101100111011010010101010001101001000111011011110101001111101101001110101111001111000011101111101011011100100111010111001000010110011101000100,True,True,True,True,0,0.037648916244506836,0.019356489181518555,0.01792287826538086,0.0003533363342285156
502756389_122267672006201038_4196236789128402575_n.jpg,1101010100010001100111100101111001100100111001001101001100010011011010010110100110010110110001000111000110110011000111100101110111010100111000000001101100011111011100011010100110000110110001000011100000001110111001011011010110010110010100110110100101111100,1101010100010001100111100101111001100100111001001101001100010011011010010110100110010110110001000111000100110011000111100101110111010100111000000001101100011111011100011010100110000110110011000011100000001110111001011011010110010110010100110110100101111100,True,True,True,True,2,0.0349123477935791,0.01814126968383789,0.016417264938354492,0.00033783912658691406
501606397_122267685332201038_1161178669745869614_n.jpg,1000010011100100111010001101000010010100110010111111100010000101001011010101111011010010010111010101101110110111110000100010011101010111001111100000000011111010101001100100001110110001111011001101100000001100010111101101101001101010000110110110001100100110,1000010010100100111010001101000010010100110010111111100010000101001011010101111011010010010111010101101110110111110000100010011101110110001111100000000011111010101001100100001110110001111011001101100000001101010111101101101001101010000110110110001100100110,True,True,True,True,4,0.056615352630615234,0.03317904472351074,0.022263765335083008,0.000499725341796875
502582887_122267696918201038_720532044424987010_n.jpg,1000011011111111001110111000100100000110111010100101001100010010011110101001111010000111011110100101000001110010000101011110111100010101111000110111101110100110010110111000011000000001011000100001101001000101110101111111000101011110001000000011101010100101,1000011011111111001110111000100100000110111010100101001100010010011110101001111010000111011110100101000001110010000101011110111100010101111000110111101110100110010110111000011000000001011000100001101001000101110101111111000101011110001000000011101010100101,True,True,True,True,0,0.047049522399902344,0.027920007705688477,0.018769025802612305,0.0003437995910644531
502627188_122267677886201038_8436529242009940977_n.jpg,1001011010001011111010011111101110011100010101000100011110001000101110000110111011010000101101110010011110010111000111000100000011011010100010101110000101110111110001010011010000011110110001110011001001101001110001100010110010100001100101110010110011010101,1001011010001011111010011111101110011100010101000100011110001000101110000110111011010000101101110010011110010111000111000100000011011010100010101110000101110011110001010011010000011110110001110011001001101001110101100010110010100001100101110010110011010101,True,True,True,True,2,0.03983354568481445,0.021925687789916992,0.01754474639892578,0.0003478527069091797
501206683_122267674100201038_7239423587116348390_n.jpg,1100011100010001001110000110111010111000011011100100011110010001100110000110000001101010010000011011110010001110010000111010010110011010110011110011010011100010110110110000111001000111110110011010011110110100101110000101111001101011101011011011000101000110,1100011100010001001110000110111010111000011011100100011110010001100110000110000001101010010000011011110010001110010000111010010110011010110011110011010011100010110110110000111001000111110110011010011110110100101110001101110001101011101011011011000101000110,True,True,True,True,2,0.05541849136352539,0.03169894218444824,0.02250194549560547,0.0005552768707275391
502534407_122267676716201038_7323120041956733764_n.jpg,1011100110101011101110011010111010011000100101001001011010110100110101001011010011001110001010101110011000001010011000100100000100101111011100010010011100111001000101110011100010010001100111101101000010101010110110101101011011111010010101001111100100001100,1011100110101011101110011010111010011000100101001001011010110100110101001011010011001110000010101110011000001010011000100100000100101111011100010010011100111001000101110011110010010001100111101101000010101010110110101101011011111010010101001111100100001100,True,True,True,True,2,0.04439973831176758,0.026182174682617188,0.017788171768188477,0.00041365623474121094
502737467_122267674568201038_2388872908382027076_n.jpg,1011011000100101101101100111001011011010111000000100110101100101111001001001101001100010110110101001100111001101100110000011011000111000001100001100110110010011011110001100111010000101100011100101001110011100101010011110110110011110001001100111101000011000,1011011000100101101101100111001011011010111000000100110101100001111001001001101001110010110110101001100111001101100110000011011000111000001100001100110110010011011110001100111010000101100011100101001110011100101010011110100110011110001001110111101000011000,True,True,True,True,4,0.03607177734375,0.01802825927734375,0.01767873764038086,0.00034809112548828125
501271304_122267694704201038_7672546509329394852_n.jpg,1011111101011101100111110111110111101010001100000010101110001000111001111100100011010100000000010111111110010111001110010000010010000011111100101100011011111110011100001100000010001101011100000000000000100000101011111101011011010000001010110110101111001101,1011111101011101100111110111110111101010001100000010101110001000111001111100100011010100000000010111111110010111001110010000010010000011111100101100011011111110011100001100000010001101011100000000000000100000101011111101011011010000001010110110101111001101,True,True,True,True,0,0.04215502738952637,0.023270130157470703,0.018436908721923828,0.0004324913024902344
501577133_122267675330201038_6117361478214330477_n.jpg,1111111011001101110100001000000110110001001100111010011100110110100011011100001000101001010110100001101000011010110100100110101111010101101000100101110111101001000101101000011011011110110010011110011100111101110010000011011001000011000000000011110111110001,1111111011001101110100001000000110110001001100111010011100110110100011011100001000101001010110100001101000011010110100100110101111010101101000100101110111101001000101101000011011011110110010011110011100111101110010000011011001000011000000000011110111110001,True,True,True,True,0,0.046437740325927734,0.025966167449951172,0.02010035514831543,0.000354766845703125
501642549_122267698478201038_3524305411931781155_n.jpg,1111111111111111101011000001000110100100010101111001000110101110111001001011101001010111101111001001001011100100000001111011010011110011110001000100111011010010110011001001001001000110010110011100011001001010000010110100111010011000010010010100110011000010,1111111111111111101011000001000110100100010101111001000110101110111001001011101001010111101111001001001011100100000001111011010011110011110001000100111011010010110011001001001001000110010110011100011001001010000010110100111010011000010010010100110011000010,True,True,True,True,0,0.03230428695678711,0.014858245849609375,0.0170896053314209,0.00034046173095703125
501599007_122267672426201038_522799523123655695_n.jpg,1011000010011001110011110110011010001100011110000110000111001000000110110011011111001100111110010000011111001110010100100011000100001100110101001100101111011100000001000010001111011011011000000110010010011011100001110011011001011100111011001110111110001111,1011000010011001110011110110011010001100011110000110000111001000000110110011011111001100111110010000011111001110010100100011000100001100110101001100101111011100000001000010001111011011011000000110010010011011100001110011011001011100111011001110111110001111,True,True,True,True,0,0.037256479263305664,0.019307613372802734,0.01757979393005371,0.0003521442413330078
501666812_122267688428201038_8317573627344950526_n.jpg,1111001111011110101100111100110001001010000000000111010011100011011101110111001100100110001110110011010010111011000011010000100110001011011001001010101101101100101001110100111101100110010000110100111001010001011001001001101101100100101000101011011001100010,1111001111011110101100111100110001001010000000000111010011100011011101110111001100100110001110110011010010111011000011010000100110001011011001001010101101101100101001110100111100100110010000110100111001010001011001001011101101100100101000101011011001100010,True,True,True,True,2,0.04073691368103027,0.02272486686706543,0.017647266387939453,0.00034880638122558594
502535400_122267671556201038_7457155512320894762_n.jpg,1001010100101101110010011100110010010001001100111010100100110100011011011000001001001011110010010100110001001101010001010110111001110010100110011001000010010111100100111101001010111111101000011001100110110110110011011100110001001100100110110101110011100101,1001010100101101110010011100110010010001001100111010100100110100011011011000001001001011110010010100110001001101010001010110111001110010100110011001000010010111100100111101001010111111101000011001100110110110110011011100110001001100100110110101110011100101,True,True,True,True,0,0.03622889518737793,0.01896810531616211,0.01690196990966797,0.00034308433532714844
500876328_122267691578201038_3201804464437576564_n.jpg,1100110010011001010111100011101001110000001101001111110010001001010110000101111011110111001001100011110000111100111010110001011001110011001010011111110110111001111010100000000111000001111110000001111100000110101010000001100011100111111101000111001000000000,1100110010011001010111100011101001110000001101001111110010001001010110000101111011110111001001100011110000111100111010110001011001110011001010011111110110111001111010100000000111000001111110000001111100000110101010000001100011100111111101000111001000000000,True,True,True,True,0,0.04044771194458008,0.021247148513793945,0.018761157989501953,0.0004239082336425781
502674429_122267675804201038_8620120948594561972_n.jpg,1100001010010010101001010110110110000000111100101101100001000011001011010110110110010011100101101101101001101101011111100001001000001011000111011100001011101011011011100001010100100111001010011100001011011110111001010110101100110111000101011001011010010010,1100001010010010101001010110110110000000111100101101100001000011001011010110110110010011100101101101101001101101011111100001001000001011000111111100001011101011011011100001010100100111001010011100000011011110111001010110101100110111000101011001011010010010,True,True,True,True,2,0.03839468955993652,0.020273447036743164,0.017763137817382812,0.00034165382385253906
501259619_122267687006201038_474074549877465071_n.jpg,1100011100111110101110001110011001001110110001001100101101000110001101110000000000011101110000000011101000100010100111101001001100111001110111000011000001000110011100001111001101100110101110000011101001001110101110100111001101110100110111011101000110111010,1100011100111110101110001110011001001110110001001100101101000110001101110000000000011101110000000011101000100010100111101001001100111001110111000011000001000110011100001111001101100110101110000011101001001110101110100111001101110100110111011101000110111010,True,True,True,True,0,0.037409067153930664,0.01944732666015625,0.017599821090698242,0.0003459453582763672
502629219_122267691584201038_6674190548354273387_n.jpg,1110011011001000100110000011010010111111111110111011100010000000010011110000111101100110111110100011100011100101001100110100001010001101101111001000000000011000110001100100111101111011101101110110100001011000011100111010011100011100011000001101001000011110,1110011011001000100110000011010010111111111110111011100010000000010011110000111101100110111110100011100011100101001100110100001010001101101111001000000000011000110001100100011101111011101101110110110001011000011100111010011100011100011000001101001000011110,True,True,True,True,2,0.03693580627441406,0.019163131713867188,0.017403602600097656,0.0003523826599121094
502459173_122267678750201038_528506600568267246_n.jpg,1001101100110001100110111001100100101111010101011000011000111110001111110101101011000111001011010011101000001011111010001100001110010101101001000010000110111100001011001010010001111110010000101010001000111011011110101101100001011101000101000101010100101101,1001101100110001100110111001100100101111010101011000111000111110001111110101101011000111001011010011101000001011011010001100001110010101101001000010000110111100001011001010010001111110010000101010001000111011011110101101100001011101000101000101010100101101,True,True,True,True,2,0.03854799270629883,0.02055811882019043,0.017621517181396484,0.0003523826599121094
502661994_122267679296201038_8224861564891107647_n.jpg,1001010000000000100010111110111100001110101010110011110010110101011010000101010111110000010101111010000111010101010001111100101100011111100010101011110000100100111100000010110101100001101001010011001011011111111101101001101011011010000110000100101110110000,1001010000000000100010111110111100001110101010110011110010110101011110000101010111110000010101111010000111010101010001111100101100011111100000101011110000100100111100000010110101100001101001010011001011011111111101101001101011011010000110000100101110110000,True,True,True,True,2,0.03917717933654785,0.02107095718383789,0.01773858070373535,0.00035071372985839844
502469814_122267684012201038_4139020447438223657_n.jpg,1011000110010011101100011001000111111000111000111111100110001011011111111001110000011111000111101001111111011100100001111010011000000111111011000110000011100110110000001001100000011000000110001101100000001100101111110000010011110110000001100110111111000000,1011000110010011101100011001000111111000111000111111100110001011011111111001110000011111000111101001111111011100100001111010011000000111111011000110000011100110110000001001100000011000000110001101100000001100101111110000010011110110000001100110111111000000,True,True,True,True,0,0.03494906425476074,0.016918659210205078,0.01766824722290039,0.00034618377685546875
502595606_122267689322201038_9009478108084247119_n.jpg,1100110010100100011100000000101100111111110000011101001100100001001000110110011010001111001000100010110111001000100010001101110001010101101111101011100011110100000100011011111000011001110110101101011000010101011010111110101111110110001101011110000010100101,1100110010100100011100000000101100111111110000011101001100100001001000110110011010001111001000100010110111001000100010001101110001010101101111101011100011110100000100011011111000011001110110101101011000010101011010111110101111110110001101011110000010100101,True,True,True,True,0,0.03677177429199219,0.018838167190551758,0.01756572723388672,0.0003521442413330078
502472436_122267679260201038_3275474039199267778_n.jpg,1100011100110001111101000000101101001000001011011000001111110000011100111111000000001111111100000011110000000011000110000111011101111000011011100000101111100110111110000100000001001000111001101110111101000110100101001010111111101011011111001101011010000101,1100011100110001111101000000101101001000001011011000001111110000011100111111000000001111111100000011110000000011000110000111011101111000011011100000101111100110111110000100000001001000111001101110111101000110100101001010111111101011011111001101011010000101,True,True,True,True,0,0.04018712043762207,0.022070646286010742,0.017590999603271484,0.0005097389221191406
501351966_122267690756201038_267182484484107036_n.jpg,1011011101100101001001111001101100001000100001101111011001011101010010011010000101110010000010101100010101101101000101111011001111111100111001000000010010011110110110100011001010100011011110100011110001001011000000011110010001001010100110011111101101001101,1011011101100101001001111001101100001000100001101111011001011101010010011011000101110010000010101100010101101101000101111011001111111100111001000000010010010110110110100011001010100011011110100011110001001011000000011110010001001010100110011111101101001101,True,True,True,True,2,0.041429758071899414,0.022368907928466797,0.018690824508666992,0.000354766845703125
501629478_122267675966201038_1688021515813128413_n.jpg,1101000110000011001101010110101100011110101111010010010100101011000101101011100101001011010100100010010110101010000100101101010000101001010010101110110010110101011110100101101010111011001011010111111010010010111001100100101010100011001011011000100110010110,1101000110000011001101010110101100011110101111010010010100101011000101101011100101001011010100100010010110101010000100101101010000101001010010101110110010110101011110100101101010111011001011010111111010010010111001100100101010100011001011011000100110010110,True,True,True,True,0,0.03844642639160156,0.020485401153564453,0.017596721649169922,0.0003483295440673828
502731170_122267689838201038_8920760290205911157_n.jpg,1000001001101101010000011110011011111100010100111010011100010101101101110010011111011101101100000001001000000101001010111110100101100101110110100100100101011001010000111011011010011101100100110100000111110100101010111110000100011100011011001111100000011010,1000001001101101010000011110011011111100010100111010011100010101101101110010011111011101101100000001001000000101001010111110100101100101110110100100100101011001010000111011011010011101100100110100000111110100101010111110000100011100011011001111100000011010,True,True,True,True,0,0.039281368255615234,0.02004218101501465,0.018861055374145508,0.00036215782165527344
502593769_122267696828201038_3911699221038494402_n.jpg,1000100110010011111100001101010010111101000011101000101111001011011100101101010100001101101001011100001101101001110110000111000010010011001001010000001011101001110010100111110011010011000011011001110011110000101101110001111000001000111111110110011100010010,1000100110010011111100001101010010111101000011101000101111001011011100101101010100001101101001011100001101101001110110000111000010010011001001010000001011101001110010100111110011010011000011011001110011110000101101110001111000001000111111110110011100010010,True,True,True,True,0,0.030137062072753906,0.01641535758972168,0.013386726379394531,0.00032019615173339844
502476429_122267691404201038_5520664817100020775_n.jpg,1000011111101100100000010111111001110000111110110111111111000011100111111001111010011000000010111110000001000011110010000011111010011001101110001111000010100001000011110001111001110000000000011110010011100001001111111011110101110011110100000000110011000000,1000011111101100100000010111111001110000111110110111111111000011100111111001111010011000000010111110000001000011110010000011111010011001101110001111000010100001000011110001111001110000000000011110010011100001001111111011110101110011110100000000110011000000,True,True,True,True,0,0.03807187080383301,0.020060062408447266,0.01760554313659668,0.0003902912139892578
502528864_122267679950201038_1047821064025934577_n.jpg,1111101001111110110001101010111110100100100000011011000101000010100001011100111110001111011111001110100110110110001001001101100110110110011010110110100100110000010110111110000010011011001011001010011010010001100001101001000101000110000100101101011000101011,1111101001111110110001101010111110100100100000011011000101000010100001011100111110001111011111001110100110110110001001001101100110110110011010110110100100110000010110111110000010011011001011001010011010010001100001101001000101000110000100101101011000101011,True,True,True,True,0,0.03996467590332031,0.021845340728759766,0.017748117446899414,0.0003490447998046875
502712542_122267673944201038_7406584331373952647_n.jpg,1100001100001111111110001111000000110000100011000100111111001101011100100011001011000010110000111111100110001100010011001001100001100001111100111111011001100001100010011000011100001100101110001101000111000111101100110010010010101110101111100101110010111001,1100001100001111111110001111000000110000100011000100111111001101011100100011001011000010110000111111100110001100010011001001100001100001111100111111011001100001100010011000011100001100101110001101000111000111101100110010010010101110101111100101110010111001,True,True,True,True,0,0.04809308052062988,0.02182173728942871,0.025751113891601562,0.0005021095275878906
502456865_122267691038201038_1626047169587800345_n.jpg,1110110010100110011011101010010111010011100100111011100100010010101010100101010001010110111011110001010101101011100101010101010111101010010110000110101010011000101100100000110010100000110010110110101001000110010110101001011011010100101010010101110101101001,1110110010100110011011101010010111010011100100111011100100010010101010100101010001010110111011110001010101101011100101010101010111101010010110000110101010011000101100100000110010100000110010110110101001000110010110101001011011010100101010010101110101101001,True,True,True,True,0,0.044348955154418945,0.023839950561523438,0.0200650691986084,0.00042629241943359375
502451692_122267676182201038_7653748141496491143_n.jpg,1101100101011010100100000101111100100110101001011000011110000100110111010101101011001100011100011001000111001011110100001110101001100110101001010010001110000101010101110111101001100110011100110010011101011001011100101100111001111010001011000010110100001100,1101100101011010100100000101111100100110101001011000011110000100110111010101101011001100011100011001000111001011110100001110101001100110101001010010001110000101010101110111101001100110011100110010011101011001011100101100111001111010001011000010110100001100,True,True,True,True,0,0.044249773025512695,0.02337336540222168,0.02037334442138672,0.0004820823669433594
501645899_122267684120201038_7563684026398315262_n.jpg,1110010010100010110001101011011001100101010100101011011100111001001100110010010010111001001000110011011000000000001111001000101000011110110101010100101110110101000111011010110101011101011110101110011101011010101110100001000101100000111100101100000111101101,1110010010100010110001101011011001100101010100101011011100111001001100110010010010111001001000110011011000000000001111001000101000011110110101010100101110110101000111011010110101011101011110101110011101011010101110100001000101100000111100101100000111101101,True,True,True,True,0,0.04476642608642578,0.024914979934692383,0.019291400909423828,0.0005421638488769531
501043586_122267680358201038_8912209096285459508_n.jpg,1010111011101010100100000010101010110111010101010011100011010100100101110100010010111101111111011100000100100101100101000101101111001010110010001001010101111011010000100010100100000100001010110101001110101011001010100001110111010011100110110100101101101101,1010111011101010100100000010101010110111010101010011100011010100100101110100010010111101111111011100000100100101100101000101101111001010110010001001010101111011010000100010100100000100001010110101001110101011001010100001110111010011100110110100101101101101,True,True,True,True,0,0.04697465896606445,0.024179458618164062,0.022385597229003906,0.00039196014404296875
501486290_122267671508201038_4002831509897289595_n.jpg,1110101101011010111000101010011111010000101000011001110101011100100010010111110110111011100000001011000001010101100000100011010111110111101010111001010101111010000101100101010011101000000001001111000111101011000001111100100011001010100010101011110100101010,1110101101011010111000101010011111010000101000011001110101011100100010010111110010111011100000001011000001010101100000100011010111110111101010111001010101111010000101100101010011101000000001001111000111101011000001111100100011001010100010101011110110101010,True,True,True,True,2,0.047595977783203125,0.022511005401611328,0.024594783782958984,0.0004715919494628906
501270839_122267676380201038_4081475873777007053_n.jpg,1011001010100001101111101000001011011101000011110100000101000010010000100110101110111000100111001101110100110010010010010111011001101000101001101011110010001101110111011011001101001001001100100100100000111110001101101001010011011101011111111100100100110010,1011001010100001101111101000001011011101000011110100000101000010010000100110101110111000100111001101110100110010010010010111011001101000101001101011110010001101110111011011001101001001001100100100100000111110001101101001010011011101011111111100100100110010,True,True,True,True,0,0.03405642509460449,0.016950607299804688,0.016709566116333008,0.0003790855407714844
501488601_122267676608201038_9140088438558278988_n.jpg,1010011001100110101001110011001001011001110010110100110011011100000110111001110110000111010011011111001001100001111100110011011100001100100011000000011001110011000100110111001011001100110011001110001100010011010100110001111100011100111000010010011100110011,1010011001100110101001110011001001011001110010110100110011011000000110111001111110000111010011011111001001100001111100110011011100001100100011000000011001110011000100110111001011001100110011001110001100010011010100110001111100011100111000010010011100110011,True,True,True,True,2,0.03799700736999512,0.018891334533691406,0.018641233444213867,0.00044798851013183594
501526145_122267684888201038_4408755488413845486_n.jpg,1100010110001011110000111000111001010010101101010011110001110100001111000111100100001100111011001010001110100011111000111010101111010011100011111101010101010110110101000101010110100011100111000010101001101010001100101010101000011000010110000011010001110101,1100010110001011110000111000111001010010101101010011110001110100001111000111100100001100111011001010001110100011111000111010101111010011100011111101010101010110110111000101010110100011100111000010101001101010001100101010101000011000010110000011010001110001,True,True,True,True,2,0.035492658615112305,0.017032861709594727,0.01807403564453125,0.0003674030303955078
501645912_122267679284201038_6871762052237648277_n.jpg,1100000001111110010000001100011110010111100000111000000011101100110101011000011001110101110011100011100010111111100011001000101100110111000010010110001100100001101001111010001100001101001110010000110111100101001111011010001110011011001110011011011101111000,1100000001111110010000001100011110010111100000111000000011101100110101011000011001110101110011100011100010111111100011001000101100110111000010010110001100100001101001111010001100001101001110010000110111100101001111011010001110011011001110011011011101111000,True,True,True,True,0,0.04141521453857422,0.022615432739257812,0.018213748931884766,0.0005586147308349609
501447030_122267687378201038_5451411766763306779_n.jpg,1100001010101000110000010000011001111100110110010110100010000101000001110111011100010000010110101100001110000101110101000110100001110100110010100010011101110101111010011110010101010011111111010001011001011001111010001101111011111111100000000011001111101100,1100001010101000110000010000011001111100110110010110100010000101000001110111011100010000010110101100001110000101110101000110100001110100110010100010011101110101111010011110010101010011111111010001011001011001111010001101111011111111100000000011001111101100,True,True,True,True,0,0.03960847854614258,0.020933866500854492,0.018270492553710938,0.00038743019104003906
502635906_122267678168201038_8781444878007537596_n.jpg,1100001110010001000111001011110000100001010011111110011010110011001001111111100001101000010011001000110011110010111001001110111100000011000111001100110010001100001111011010011001010010011010010100100110110110101000111100110111111101001100101100001011100100,1100001110010001000111001011110000100001010011111110011010110011001001111111100001101000010011001000110011110010111001001110111100000011000111001100110010001100001111011110011001010010011010010100100110110010101000111100110111111101001100101100001011100100,True,True,True,True,2,0.04776334762573242,0.029154300689697266,0.018144607543945312,0.00044608116149902344
502474514_122267694086201038_7837245716466981383_n.jpg,1111010110100110100011100100011110110000001001100110000010011101100011011001110000011111000010000010000111011111011110000001100011001111100100010010001101101111110101001110000100011100001100001000011100100111111110100110001101101000011111101011111110100100,1111010110100110100011100100011110110000001001100110000010011101100011011001110000011111000010000010000111011111011110000001100011001111100100010010001101101111110101001110000100011100001100001000011100100111111110100110001101101000011111101011111110100100,True,True,True,True,0,0.04706168174743652,0.022477149963378906,0.02404308319091797,0.0005233287811279297
501357330_122267683148201038_1454983573263766051_n.jpg,1001110001110010100011000111010001100001101011010101100111100011001001010100111001111001100011100101101010111001100110011001100000110110110001110011001100110001110000110011100011001011100110000110001100110101011001100111001011001101001100100111011001101001,1001110001110010100011000111010001100001101011010101100111100011001001010100111001111001100011100101101010111001100110011001100000110110110001110011001100110001110000110011100011001011100110000110001100110101011001100111001011001101001100100111011001101001,True,True,True,True,0,0.051242828369140625,0.02721118927001953,0.02293562889099121,0.00038743019104003906
501608672_122267671370201038_6681292223106884782_n.jpg,1000000100110110100100000010111101001110101111110000000111110101101110011010100111011110000110101101110000011100100000111101010100000010001011010111101100111000110110011000101111001011100100010011000011000101001011010001101111001110001001100100100111111110,1000000100110110100100000010111101001110101111110000000111110101101110011010100111011110000110101101110000011100100000111101010100000010001011010111101100111000110110011000101111001011100100010011000011000101001011010001101111001110001001100100100111111110,True,True,True,True,0,0.044709205627441406,0.02580881118774414,0.018515348434448242,0.00036716461181640625
502268955_122267689334201038_5029045233885421117_n.jpg,1110011001100110110011001100110010010011001110001001001100110001110000110100110111000001100010110011100111011011001111001111001010001100011101001001111000110000100101110010111111000111010011111100100111000111011010001100011001110001101100000011001100110000,1110011001100110110011001100110010010011001110001001001100110001110000110100110111000001100010110011100110011011001111001111001010001100011101001001111000110000100101110010111111000111010011111100100111000111011010001100011001110001101100000011101100110000,True,True,True,True,2,0.047666311264038086,0.02917194366455078,0.018097877502441406,0.0003790855407714844
502526850_122267690726201038_6797644825546839192_n.jpg,1000011101011110000010110001111000011110010011001101010011111000110010000110111000011011110111001110100000111101100111100110000010001001100000011001110000000111001000011011111111110110001110111011010110000000100001100011001111111100100000100000011110111111,1000011101011110000010110001111000011110010011001101010011111000110010000110111000011011110111001110100000111101100111100110000010001001100000011001110000000111001000011011111111110110001110111011010110000000100001100011001111111100100000100000011110111111,True,True,True,True,0,0.04834461212158203,0.024667024612426758,0.0230712890625,0.00058746337890625
502476899_122267694050201038_2762415826814986206_n.jpg,1001011010001011111010011111101110011100010101000100011110001000101110000110111011010000101101110010011110010111000111000100000011011010100010101110000101110111110001010011010000011110110001110011001001101001110001100010110010100001100101110010110011010101,1001011010001011111010011111101110011100010101000100011110001000101110000110111011010000101101110010011110010111000111000100000011011010100010101110000101110011110001010011010000011110110001110011001001101001110101100010110010100001100101110010110011010101,True,True,True,True,2,0.04158139228820801,0.0228726863861084,0.018309831619262695,0.0003809928894042969
501266522_122267681084201038_3855370559703187415_n.jpg,1111111110101011010100111000000010000100010110001110110000101101110000101000110010000111111110111100010101000100000101000101111011000110011110011011001011100000100011101110100000000100111000101110001111000011011100111110011011000101111001101111000111001010,1111111110101011010100111000000010000100010110001110110000101101110000101000110010000111111110111100010101000100000101000101111011000110011110011011001011100000100011101110100000000100111000101110001111000011011100111110011011000101111001101111000111001010,True,True,True,True,0,0.040766239166259766,0.02136516571044922,0.018909454345703125,0.0004730224609375
502620205_122267694926201038_4540563247806240209_n.jpg,1000110001110000100000010111000011000011000110001111000111100010101110001100011110110100000000010111011000111101110011100010010100110010110001110111001011110111110010100111000111100001110111101110000111011000110011010011101101110000111000100011011010100011,1000110001110000100000010111000011000011000110001111000111100010101110001100011110110100000000010111011000111101110011100010010100110010110001110111001011110111110010100111000111100001110111101110000111011000110011010011101101110000111000100011011010100011,True,True,True,True,0,0.03991103172302246,0.021181821823120117,0.018361806869506836,0.0003502368927001953
502750843_122267683334201038_7288355741451845569_n.jpg,1001101001010100100110100001000001110100100110111000110111101100110101010110110001101111110010001001111100000110000011001101100010011111001000110001110010000011100010100010110111100111001001111010111100011000001011110100010110011101101010111011011010000101,1001101001010100100110100001000001110100100110111000110111101100110101010110110001101111110010001001111100000110000011001101100010011111001000110001110010000011100010100010110111100111001001111010111100011000001011110100010110011101101010111011011010000101,True,True,True,True,0,0.036802053451538086,0.018804550170898438,0.017632722854614258,0.0003483295440673828
501341789_122267689058201038_4760363907610348727_n.jpg,1100010010001111100011010111011100101111110110001011000100001000001110000010010101100000110011010111000100110011011001110001001001010111110110110111011100000111110001100100100010011001011110010000110100110100111110001101110010011011000011111000111111000001,1100010010001111100011010111011100101111110110001011000100001000001110000010010101100000110011010111000100110011011001110001001001010110110110110111011100000111110001100100100010011001011110010000110100110100111110001101110010011011001011111000111111000001,True,True,True,True,2,0.04083395004272461,0.021641969680786133,0.018828153610229492,0.00034737586975097656
501993867_122267681228201038_6445984367669186850_n.jpg,1101011101111111110011011011001110001000000101010111000100101111100000001011011100110011011000001001011110110110110000000001110101011101111010000011000001110100011110010010111110000100000101100111000101100010001111101101000101101101101110010001101010000101,1101011101111111110011011011001110001000000101010111000100101111100000001011011100110011011000001001011110110110110000000001110101011101111010000011000001110100011110010010111110000100000101100111000101100010001111101101000101101101101110010001101010000101,True,True,True,True,0,0.037421226501464844,0.01908564567565918,0.01796865463256836,0.00035071372985839844
501270841_122267696558201038_7734552850754958237_n.jpg,1101111100011011000111101000010111000001101011101110000010001100010000000111000000111101000110111110111100000100001101110111111000101010110010011110010111100101110010010111110000000011111100111010010101010001010110111011101100011110100001010101000010100100,1101111100011011000111101010010111000001101011001110000010001100010000000111000000111101000110111110111100000100001101110111111000101010110010011110010111100101110010010111110000000011111100111010010101010001010110111011101100011110100001010101000010100100,True,True,True,True,2,0.040366172790527344,0.02217841148376465,0.017693042755126953,0.0004787445068359375
501599591_122267679590201038_723166348977877705_n.jpg,1000001100110011100110011011011001101000000110000111000001000111001110110000010010001111110000110100011111101000011100111011100000111000110000111000110011111100000011110011111011101101100011111111000111110001110111100111110000001100000011000111011001100000,1000001100110011100110011011011001101000000110000111000001000111001110110000010010001111110000110100011111101000011100111011100000111000110000111000110011111100000011110011111011101101100011111111000111110001110111100111110000001100000011000111011001100000,True,True,True,True,0,0.03796696662902832,0.01980137825012207,0.017805099487304688,0.00034427642822265625
501464976_122267690690201038_540329672284940828_n.jpg,1101011111101100111100101010110111000000100010100000110000010011010001111011001111011001010111000011010111100001011001100000100110111011010000101011010011011000000010111000011111101001001101001000111110001101111100101110001011011000100100110110110011100100,1101011111101100111100101010110111000000100010100000110000010011010001111011001111011001010111000011010111100001011001100000100110111011010000101011010011011000000010111000011111101001001101001000111110001101111100101110001011011000100100110110110011100100,True,True,True,True,0,0.0396885871887207,0.02097010612487793,0.018351316452026367,0.0003495216369628906
502522741_122267674208201038_5550636231658951860_n.jpg,1000100001110111100101111001100011100000011001111010001111000111000111000011100000101011011110000011010110000111110100100010111111101001111110001010010000100011000100111111011000011010000110101110000110001111111101001110001110100110011010010101000110010100,1000100001110111100101111001100011100000011001111010001111000111000111000011100000101010011110000011010110000111110100100010111111101001111110001010010000100011000100111111011000011110000110101110000110001111111101001110001110100110011010010101000110010100,True,True,True,True,2,0.030628681182861328,0.014622211456298828,0.015662431716918945,0.00032806396484375
502651136_122267683766201038_803629986442007164_n.jpg,1001010101010101111000001010101101101010111111110111111111100001001010100000110010000001111100111100011111011101001101000011111101101010000001111111110010111000000010011100000000110110001011111100000000000001110111011101000000000001000000001011011101111111,1001010101010101111000001010101101101010111111110111111111100001001010100000110010000001111100111100011111010101001101000011111101101010000001111111110010111000000010111100000000110110001011111100000000000001110111011101000000000001000000001011011101111111,True,True,True,True,2,0.03882575035095215,0.02079176902770996,0.017656564712524414,0.0003609657287597656
502500121_122267680784201038_3187270102166480661_n.jpg,1110010011010110100110010010001110011011001101011010011001001101010001101100100100101001100100110001001100110100111001100110110010111001110010111100111010011001000110010110011000011110000000110110000100111100101110101001110101000101110011111110100100110010,1110010011010110100110010010001110011011001101011010011001001101010001101100100100101001100100110001001100110100111001100110110010111001110010111100111010011001000110010110011000011110000000110110000100111100101110101001110101000101110011111110100100110010,True,True,True,True,0,0.03878164291381836,0.020733356475830078,0.017688989639282227,0.00034356117248535156
502705082_122267680532201038_4592050836430636540_n.jpg,1110011011101100010001000010100010011001010100110011100111010110110110000011000010010001101010111100011111011010000110100001010011010010111001110100100101101000011010100101001000100111100101110110110001111100010011011100100010110011100010111011111000111011,1110011011101100010001000010100010011001010100110011100111010110110110000011000010010001101010111100011111011010000110100001010011010010111001110100100101101000011010100101001000100111100101110110110001111100010011011100100010110011100010111011111000111011,True,True,True,True,0,0.03802084922790527,0.01987600326538086,0.017637014389038086,0.0004916191101074219
501441248_122267674952201038_9061410570743595269_n.jpg,1100110011100011011001100110001000110011000110011001100110011100011001100110001111001100011100111000110011001110011001100110100101110011001001101001100110011110111001001001100111000110011000101000110011001001001001100100111101010011001100101001110110110011,1100110011100011011001100100001000110011000110011001100110011100011001100110001111001100011100111000110011001110011001100110100101110011001001101001100110011110111001001001100111000110011000101000110011001001001001100100111111010011001100101001110110110011,True,True,True,True,2,0.037277936935424805,0.019179105758666992,0.017691850662231445,0.0003905296325683594
501520046_122267696306201038_8004852377380924651_n.jpg,1000000111001001011100111101101111111110101000101000110000100010100010010111000000010101110111001111001101011100101110010110110010010010101001100010010010000011011011001101101111001100110111100001010011011000110111010011100101101110001010011110001010000011,1000000111001001011100111101101111111110101000101000110000100011100010010111000000010101110111001111001101011100101110010110110010010010101001100010010010000011011011001101101111001100110111100001010011011000110111010011100101101110000010011110001010000011,True,True,True,True,2,0.03787684440612793,0.019944190979003906,0.017574310302734375,0.0003414154052734375
502595606_122267675888201038_6090310694901650036_n.jpg,1010001001011001101101100100110011010000101101001000011100000111111000110001001101011101001101101001000011000010000000110111101111111101001001010001000110110010001010110000111111011001011100100111010000001111100010111111000001101100000011111001111111110011,1010001001011001101101100100110011110000101101001000011100000111111000110001001101011101001101101001000011000010000000110111100111111101001001010001000110110010001010110000111111011001011100100111010000001111100010111111000001101100000011111001111111110011,True,True,True,True,2,0.03791666030883789,0.018548011779785156,0.01901078224182129,0.00034117698669433594
502466777_122267683472201038_9042993186276873109_n.jpg,1110110101100111110010000011001010010011100110010000011110001100011010000100011011111110110110101100010101101101000101000110001110001111100100110011000111110101011010000000111011100111111100001001110000101100100111001100100101111000011110000110001100010110,1110110101100111110010000011001010010011100110010000011110001100011010000100011011111110110110101100010101101101000101000110001110001111100100110011000111110101011010000000111011100111111100001001110000101100100111001100100101111000011110000110001100010110,True,True,True,True,0,0.040606021881103516,0.021469593048095703,0.018769025802612305,0.0003509521484375
501908290_122267685260201038_262538886989702539_n.jpg,1001110101001101001011001101100001010010110001001010010101101110011000101010101010101111101001010110010110110001110100110000001100101011110110010111001010100110101101010101011101000111000110001010100011101010011110110001000101010100011011100111101101010000,1001110101001101001011001101100001010010110001001010010101101110011000101010101010101111101001010110010110110001110100110000001100101011110110010111001010100110101101010101011101000111000110001010100011101010011110110001000101010100011011100111101101010000,True,True,True,True,0,0.03896284103393555,0.020975351333618164,0.017624378204345703,0.0003464221954345703
502723088_122267695850201038_73697603236856296_n.jpg,1100011000111001111100011100111001111001111001110011110001100001101100011100101011000110001110110101101100000100001110001000010000010100101100101110010011110011101001010100111100001111001101100101101110110000111100101100100110100100001001110110100100100110,1100011000111001111100011100111001111001111001110011110001100001101100011100101111000110001110110101101100000100001110001000010000010100101100101110010011110011101001010100111100001111001101100101101110110000111100101000100110100100001001110110100100100110,True,True,True,True,2,0.03577423095703125,0.017707109451293945,0.017662763595581055,0.0003821849822998047
501625710_122267689316201038_1620545499207068967_n.jpg,1000110001001000110100010011101010010010011110111001111110000100001111011000001101110100110010101000111001111011010010110100100111000011011100111001111100100100010000101001111011110000110101111010110000010111110000100111100000010000101010111110011101001011,1000110001001000110100010011101010010010011110111001101110000100001111011000001101110100110010101000111001111011010010110100100111000011011100111001111100100100010000101001111011110000110101111010110000010111110000100111100000011000101010111110011101001011,True,True,True,True,2,0.03777813911437988,0.019677400588989258,0.01773214340209961,0.0003521442413330078
502090223_122267679452201038_8366152566079256745_n.jpg,1010001010001111011010001001011100111000001001100100100001101110110000000111100100100111010110011100011100001011100111010011111001101001011101001100101111100000100101101000100110111110100111110010001011011100101101100101000001011101000000100110100101111111,1010001010001111011010001001011100111000001001100100100001101110110000000111100100100111010110011100011100001011100111010011111001101001011101001100101111100000100101101000100110111110100111110010001011011100101101100101000001011101000000100110100101111111,True,True,True,True,0,0.041487693786621094,0.02237391471862793,0.018702030181884766,0.00039649009704589844
501245095_122267689400201038_276649637611245702_n.jpg,1111110101010000001011111111000010010100111010110011101000010110110000001111111111000010101011100010101010101011100101011000000101001101011101111100000011110111001010110110000100001100101000100010101010101010010011010111010000110111110111010011101100000000,1111110101010000001011111111000010010100111010110011101000010110110000001111111111000010101011100010101010101011100101011000000101001101011101111100000011110111001010110110000100001100101000100010101010101010010011010111010000110111110111010011101100000000,True,True,True,True,0,0.04456925392150879,0.02385258674621582,0.020352602005004883,0.00034689903259277344
502595429_122267674382201038_8088725229692925674_n.jpg,1101000010001100011111010100100000110000011111011111100111111011000110100011000101111011101111001000101010110010111010101010111000011011100010001100011001000111001000010001101111000110011001111110011001101111010001000100100011001110101000011011000100011010,1101000010001100011111010100100000110000011111011111100101111011000110100011000101111011101111001000101010110010111010101010111000011011100010001100011001000111001000010001101111000110011001111110011001101111010001010100100011001110101000011011000100011010,True,True,True,True,2,0.03787946701049805,0.019881010055541992,0.017599105834960938,0.00038361549377441406
502487123_122267690132201038_6109262031798607907_n.jpg,1000110101010110101000010101001010110011010101101100110101000100000010011000100101001100100011010100011010100001011100101110010111100001100011101110000100111111110100011011011111010010111000101000101001100111100111001110100000110100111010010111111010111001,1000110101010110101000010101001010110011010101101100110101000100000010011000100101001100101001010100011010100001011100101110010111100001100011101110000100111111110100011011011111010010111000101000101001100111100111001110100000110100111010010111111010111001,True,True,True,True,2,0.046750545501708984,0.028727054595947266,0.017658472061157227,0.00034880638122558594
501604106_122267685458201038_23810827331798287_n.jpg,1100100010011010111011010010010110010101011101100001001010101110010101101010010111000010110100101011000101111110010110010111111000001111011001000100011010001011101100000101111000111001011001001000111011110011000011101001000111110011001010011001000011011100,1100100010011010111011010010010110010101011101100001001010101110010101101010010111000010110100101011000101111110010110010111111000001111011001000100011010001011101100000101111000111001011001001000111011110011000011101001000111110011001010011001000011011100,True,True,True,True,0,0.03553605079650879,0.018379688262939453,0.016797780990600586,0.0003428459167480469
502560152_122267680676201038_5322759310165854081_n.jpg,1101010011100110010010011100011110110111001110000110101100011000001101100110111010100100001101001101100100011001100011001110011110011010101100111001100111001100001100011000110010010011100110011000101100110011101101100110011011101001100010000010011100111100,1101010011100110010010011100011110110111001110000110101100011000001101100110111010100100001101001101100100011001100011001110011110011010101100111001100111001100001100011000010010010011110110011000101100110011101101100110011011101001100010000010011100111100,True,True,True,True,2,0.03690958023071289,0.017620563507080078,0.01892399787902832,0.0003483295440673828
502467944_122267675258201038_3149834341626951691_n.jpg,1101001100010000111001010110111011001110110001010001000101110011001010111000110010000101010000111101010010000101111010110001111000110101010110101001000011100100100011110010101100110011110111000100110100100111011110100101000110110001011110001010111110010110,1101001100010000111001010110111011001110110001010001000101110011001011111000110010000101010000111101010010000101111010110001111000110101010110101001000011100100100011110010101100110011110111000100110100100111011110100101000110110001011110001010011110010110,True,True,True,True,2,0.03993082046508789,0.021938323974609375,0.01763010025024414,0.0003452301025390625
502528864_122267697248201038_2665799344767142332_n.jpg,1001110001110001011001100011100101110101110001100111011000110001001000101000111001101010110000110101010100101000100010110101010111010110101010110111100111011100100010101110010111010001000110101101110010000111001001010101010111001010111001010110001001011010,1001110001110001011001100011100101110101110001100111011000110001001000101000111001101010110000110101010100101000100010110101010111010110101010110111100111011100100010101110010111010001000110101101110010000111001001010101010111001010111001010110001001011010,True,True,True,True,0,0.02167797088623047,0.007542610168457031,0.013774871826171875,0.0003437995910644531
502706938_122267689610201038_178117472511792170_n.jpg,1101000011111111110011111110001001101111000000000011110000001101101100000111110110010001111101100100001111100010010011101000000010000110000111011001101100011011010110100010111001101100001011001010010011111100101100011111001001011011111000100110010010000101,1101000011111111110011111110001001101111000000000011110000001101101100000111110110010001111101100100001111100010010011101000000010000110000111011001101100011011010110100010111001101100001011001010010011111100101100011111001001011011111000100110010010000011,True,True,True,True,2,0.039072275161743164,0.020294189453125,0.018375873565673828,0.0003859996795654297
502638650_122267691338201038_931000923145874233_n.jpg,1010110101011000100110011000100110000011100101010101001001010110010110100110001101000110010100100001011011010010011110001011100111100001100110011111011010110000010110101110000010000011011001010000000111101011000000011110111110101001101101111111110111110011,1010110101011000100110011000100110000011100101010101001001010110010110100110001101000110010100100001011011010110011110001011100111100001100110011111011010110000010110101110000010000011011001010000000111101011000000011110111110101001101101111111110110110011,True,True,True,True,2,0.0398099422454834,0.021196603775024414,0.018088102340698242,0.0005080699920654297
502761229_122267673176201038_5876412205394762281_n.jpg,1100110001110111010000111000101101110100110011001001001100110001001011110001001101011000011001101111001100101110001011100101110001010000011100101110000111100010101001111000111111001000001111000001001011110001100111110000111101101010001011100001111010010100,1100110001110111010000111000101101110100110011001001001100110001001011110001001101011000011001101111001100101110001011100101110001010000011100101110000111100010101001111000111111001000001111000001001011110001100111110000111101101010001011100001111010010100,True,True,True,True,0,0.04372286796569824,0.022691011428833008,0.02064824104309082,0.00036597251892089844
502907547_122267676860201038_6737505757887684305_n.jpg,1101001111000101111100110100010001110111101100110010110000111010010011001110000011001100110011100010110100110011001011110011001110000011101100110111010011101111010011000101001110000011001110100101101101111011001100001010000110001100001111001101000101000000,1101001111000101111100110100010001110111101100110010110000111010010011001110000011001100110011100010110100110010001011110011001110000011101100110111010011101111010011000101101110000011001110100101101101111011001100001010000110001100001111001101000101000000,True,True,True,True,2,0.037769317626953125,0.018855810165405273,0.018379688262939453,0.0005152225494384766
501376891_122267693984201038_8718779186263743745_n.jpg,1011111100001011001011010000101101110000101001000011011010111101101101011001011101110100110000001100101001011010100101100101011111010100101010110110101101101001110110011001101100100010111010101000000101001001000100101010001101100001110010010001011100101111,1011111100001011001011010000101101110000101001000011011010111101101101011001011101110100110000001100101001011010100100100101011111010100101010110110101101101001110110011001101100100010111010101100000101001001000100101010001101100001110010010001011100101111,True,True,True,True,2,0.022116661071777344,0.008013725280761719,0.013741254806518555,0.00034546852111816406
501587718_122267680874201038_6694290102688792361_n.jpg,1101010101011110100100000101000100101010101111010110101010101010010111001110101100010101010110001010011101110101011011101100010001011001101110101111001100100010000001000100111010111001100111011100001100110111000110100110110010110000100010101000110100110011,1101010101011110100100000101000100101010101111010110101010101010010111001110101100010101000110001010011101110101011011101100010001011001101110111111001100100010000001000100111010111001100111011100001100110111000110100110110010110000100010101000110100110011,True,True,True,True,2,0.029567718505859375,0.01277017593383789,0.016396522521972656,0.0003819465637207031
502841130_122267683454201038_2001592072226422043_n.jpg,1111000100001110100000000000011100001111111100010111101110010001100010000110010001101101110111101110010010100111111100111010010011000000110011100110011001011011000111100100110000001001001011010001110110110000000111111101011011011011010011001011011001101001,1111000100001110100001000000011100001111111100010111101110010001100010000110010001101101110110101110010010100111111100111010010011000000110011100110011001011011000111100100110000001001001011010001110110110000000111111101011011011011010011001011011001101001,True,True,True,True,2,0.040061235427856445,0.02145671844482422,0.01819920539855957,0.00038743019104003906
501225168_122267684336201038_2265786423298950453_n.jpg,1001000010001010100110000000101110110000011000111110101101010011010010101111000011001011110011001100111111010110111010010011011111001001001011110000001010010110001001110011001100000110000111100101010010111100111001001111000111100000111010011110001110111001,1001000010001010100110000000101110110000011001111110101101010011010010101111000011001011110011001100111101010110111010010011011111001001001011110000001010010110001001110011001100000110000111100101010010111100111001001111000111100000111010011110001110111001,True,True,True,True,2,0.045907020568847656,0.021093130111694336,0.024305343627929688,0.0004901885986328125
501909660_122267674700201038_1353137981647565413_n.jpg,1000010100101010101001001100010111100011001100100001110110000110101111111100111011101110111101011100001100111011000100011001100100001100011110010011101001100110110100000110000110000110101110100001100110001100111011100100001011110100100001001110001111110011,1000010100101010101001001100010111100011001100100001110110000110101111111100111011101110111101011100001100111011000100011001100100001100011110010011101001100110110100000110000110000110101110100001100110001100111011100100001011110100100001001110001111110011,True,True,True,True,0,0.04643845558166504,0.02240777015686035,0.023590564727783203,0.0004143714904785156
501772984_122267678570201038_1577493392254987112_n.jpg,1111111110111001101001100110010000011001100111111110011010000000100111111110010101011001100110011110001000100000000011011101100101110001011111001110001000111010000011011100000111110010100110101100001100100000001111011100011111110000000110010000111100100110,1111111110111001101001100110010000011001100111111110011010000000100111111110010101011001100110011110001000100000000011011101100101110001011111001110001000111010000011011100000111110010100110101100001100100000001111011100011111110000000110010000111100100110,True,True,True,True,0,0.03491926193237305,0.018068552017211914,0.016477108001708984,0.00035572052001953125
502467103_122267692052201038_5990169981062527587_n.jpg,1000000101110010110111110000100001100000110101010001111110110110100001100110001100100001011110010110110110011100000110011110011110000110001010010110011110011011011010011011110000011010011001111011011110001000100011110110001101100110011110010010010010011100,1000000101110010110111110000100001100100010101010001111110110110100001100110001100100001011110010110110110011100000110011110011110000110001010010110011110011011011010011011110000011010011001111011011110001000100011110110001101100110011110010010010010011100,True,True,True,True,2,0.041918039321899414,0.023732423782348633,0.017815113067626953,0.00035381317138671875
501492897_122267680820201038_8472390494674478716_n.jpg,1011111111110100101000000000010101111000010110000100111011110110011000110000000100111000010001101011100100100000100001011111111101000011001110110101110110101110011101001010101010111011101011001010000101100010100101011010100110011010001011011010011011101010,1011111111110100101000000000010101111000010110000100111011110110011000110000000100111000010001101011100100100000100001011111111101000011001110110101110110101110011101001010100010111011101011001010000101100010100101011010100110011010001011011011011011101010,True,True,True,True,2,0.03853726387023926,0.02044081687927246,0.01772451400756836,0.00035572052001953125
502469811_122267685536201038_8855900198325648648_n.jpg,1101000110111001001000011110000011011111100000110011000100111001000011111001001001100000101110010111110000100100101010000101110110111000010110101101001110000100000001101011011111001110110010010101010010101110011111101110111101110011011001000010101101001001,1101000110111001001000011110000011011111100000110011000100111001000011111001001001100000101110010111110000100100101010000101110110111000010110101101001110000100000001101011011111001110110010010101010010101110011111101110111101110011011001000010101101001001,True,True,True,True,0,0.038166046142578125,0.020163536071777344,0.017637014389038086,0.0003490447998046875
501633487_122267687330201038_1938846288069676905_n.jpg,1110111111010001001100010110011000000000001011101111111010011001011100011110000110000001010100110011111000011110101011010010000101111110111010001011111111111000010000001110111100010100001010011010100001010101010100110000111010101111110101010111000011000000,1110111111010001001100010110011000000000001011101111111010011001011100011110000110000001010100110011111000011110101010010010000101111110111010001011111111111000010000001110111100010100001010011010100001010101010100110000111010101111110101010111000111000000,True,True,True,True,2,0.03170418739318848,0.014660120010375977,0.016693115234375,0.0003352165222167969
501546637_122267681240201038_4465962759419621692_n.jpg,1100100001001011000110000101111010010010100101101110101001001001001101001000110011101011001101101001111100100011000101101010010100001110010000111000010110001001110011101000110110101101000111100100001010111111011000011011111100110001111100111000101111101001,1100100001001011000110000101111010010010100101101110101001001001001101001000110011101011001101101001111100100011000101101010010100001110010000111000010110001001110011101000110110101101000111100100001010111111011000011011111100110001111100111000101111101001,True,True,True,True,0,0.03637290000915527,0.018225431442260742,0.01778554916381836,0.00034546852111816406
502469538_122267696312201038_759395977098318323_n.jpg,1010001010001111011010001001011100111000001001100100100001101110110000000111100100100111010110011100011100001011100111010011111001101001011101001100101111100000100101101000100110111110100111110010001011011100101101100101000001011101000000100110100101111111,1010001010001111011010001001011100111000001001100100100001101110110000000111100100100111010110011100011100001011100111010011111001101001011101001100101111100000100101101000100110111110100111110010001011011100101101100101000001011101000000100110100101111111,True,True,True,True,0,0.04177451133728027,0.022550344467163086,0.018804550170898438,0.00040340423583984375
501596973_122267694446201038_7228324555573590940_n.jpg,1110101010011100101101010100101010001101010111000011100011110011100001001100011000100101010110100001011110001001011000100101010111010010000001101011110110000000111101101111000011101011111110010101110011001001011010110000010011110001110001100010101001111110,1110101010011100101101010100101010001101010111000011100011110011100001001100011000100101010110100001011110001001011000100101010111010010000001101011110110000000111101101111000011101011111110010101110011001001011010110000010011110001110001100010101001111110,True,True,True,True,0,0.03784441947937012,0.019762277603149414,0.017673254013061523,0.000392913818359375
502458408_122267674076201038_5167246491963947400_n.jpg,1100011101001100110110011010111110100110011010001101001001011111110011011100011011110110100100001001010010011001110000111100110100011000011000101000110011101000000100001011110011111010001000111010010110001001011100100010101100110101111101001001000001101111,1100011101001100110110011010111110100110011010101101001001011111110011011100011011110110100100001001010010011001110000111100110100011000011000101000110011101000000100001011110011111010001000111010010110001001010100100010101100110101111101001001000001101111,True,True,True,True,2,0.042568206787109375,0.024375200271606445,0.01783132553100586,0.0003447532653808594
501575230_122267692184201038_5976474266150595913_n.jpg,1001101100101100100110110011110001100100110100110110010011000011101100110110010011000110011100101100110110110001100110011000110000110100110011100010011001110011001100110110010001100100110100111100110011011011001100111000110000110011001001111100100100111100,1001101100101100100110110011110001100100110100110110010011000011101100110110010011000110011100101100110110110001100110011000110000110100110011100010011000110011001100110110010001100100110100111100110011011011001100111000110000110011001001111100100110111100,True,True,True,True,2,0.03320884704589844,0.0151519775390625,0.01769566535949707,0.0003445148468017578
502695441_122267697788201038_363468120473560157_n.jpg,1101000000101111111110101101000001101111110101001100010100111101001111000010101001101010110100100111001011010101100101001110010011000111101011110010110010000111000111110001000001100010011100110011001011001101100001111010110011100100101001100011010000011000,1101000000101111111110101101000001101111110101001100010100111101001111000010101001101010110100100111001011010101100101001110010011000111101011110010110010000111000111110001000001100010011100110011001011001101100001111010110011100100101001100011010000011000,True,True,True,True,0,0.03658461570739746,0.018944263458251953,0.017281055450439453,0.0003428459167480469
502459512_122267683196201038_6055362404029130013_n.jpg,1010001010110101011101001000101101010101010010100111010010110101111101010010000001001001010111011010000100001001000010100101011110101100100000001101001000100000011111110100000111010111111110001110111101110110100110111101011010100010011111111100100001101010,1010001010110101011101001000101101010101010010100111010010110101111101010010000001001001010111011010000100001001000010100101011110101100100000001101001000100000011111110100000111010111111110001110111101110110100010111101011010100011011111111100100001101010,True,True,True,True,2,0.04359698295593262,0.024448871612548828,0.01876997947692871,0.0003616809844970703
501206683_122267678180201038_8773218790437352017_n.jpg,1100001111000011111001001001101010011000011110000110010001110011000001111100001110011010001110000110110000110010100000111100111011011111100111100110011011001111100110111000001111111011110000000011111010010011110110010010011100100100001100110001110000100100,1000001111000011111000001001101010001000111110000110010001110011000001111100001110011010001110000110110000110010100000111100111011011111100111100110011011001111100110111000001111111011110000000011111010010011110110010010011100100100001100110001110000100100,False,True,True,True,4,0.03851056098937988,0.019241809844970703,0.01862621307373047,0.0006251335144042969
501528557_122267676878201038_272811704137938251_n.jpg,1001110101101010111011001000110001001010100101011100001101110111111001110110011010000010011011011100000010101111000101110101001010000011001100100101011111011011110000100000100000101101101110011000001001100110001011000011110010010011010111010001110111100111,1001110101101010111011001000110001001010100101011100001101110111111001110110011010000010011011011100000010101111000101110101001010000011001100100101011111011011110000100000100000101101101110011000001001100110001011000011110010010011010111010001110111100111,True,True,True,True,0,0.03770732879638672,0.019526958465576172,0.017808914184570312,0.0003552436828613281
501830365_122267678438201038_7230967318134301543_n.jpg,1001011100011000011011000110001101101000011000010001000110001110100100111000000100110010100101110101101011000110101000011110110001101111010100011100011010111101101001011101111010011010011100111101011000101011001001010110110101001010010110011110010110011001,1001011100011000011011000110001101101000011000010001000110001110100100111000000100110010100101110101101011000110101000011110110001101111010100011100011010111101101001011101111010011010011100111101011000101011001001010110110101001010010110011110010110011001,True,True,True,True,0,0.037042856216430664,0.018756628036499023,0.017705202102661133,0.0005650520324707031
502458414_122267679326201038_5327283331563839526_n.jpg,1000001110101100101000111111000001000011011000001101100011100111001011000001111101011001011110111110000100010100001000111110111010010110111010000011010001111011011010010001101110001111100101101011001001110100010001001110010101001101111100010011101000101010,1000001110101100101000111111000001000011011000001101100011100111001011000001111101011001011110111110000100010100001000111110111010010110111010000011010001111011011010010001101110001111100101101011001001110100010001001110010101001101111100010011101000101010,True,True,True,True,0,0.056823015213012695,0.03287625312805176,0.022749900817871094,0.0003666877746582031
502452226_122267672306201038_3342030045453071524_n.jpg,1010010001100001000011010001000000110100011100010111000110010110110000110110110100010101001100100100111001100000111100011001101011101001110111100011110001101010100001011000101011111111101010001101000111001010001000111011111001011111000010111010111011110110,1010010001100001000011010001000000110100011100010111000110010110110000110110110100010101001100100100111001100000111100011001101011101001110111100011110001101010100001011000101011111111101010001101000111001010001000111011111001011111000010111010111011110110,True,True,True,True,0,0.0428006649017334,0.024167776107788086,0.01826333999633789,0.0003535747528076172
501328061_122267680172201038_1295882965296461389_n.jpg,1000000100110001110011001101100100101001001001100111001011011011010011110010011010010000110101111101001100110001011111101110011101110011000110001100010001100011001110001000110111010001001101011100111101001011001101101010110001000010011100111000110011010011,1000000100110001110011001101100100101001001001110111001011011011010011110010011010010000110101111101001100110001011111101110011110110001000110001100010001100011001110001000110111010001001101011100111101001011001101101010110001000010011100111000110011010011,True,True,True,True,4,0.038665771484375,0.020409584045410156,0.017890453338623047,0.00034928321838378906
502712039_122267671826201038_4909719585747389953_n.jpg,1101100010000110100001011011111000001001000110001101111000110110111100100101110011100011011000011011101100110111100110100011110000111110010011101100100110001000111100000000110101100110110000100000111100111001000011100010110110000101110011001111100111001110,1101100110000110110001011011101000001001000110001101011000110110111100100101110011100011011000011011101100110111100110100011110000111110010011101100100110001000111100000000110101100110110000100000111100111001000011100010110110000101110011001111100111001110,False,True,True,True,4,0.040262699127197266,0.021945476531982422,0.017669677734375,0.0006318092346191406
502728790_122267693390201038_2285711453138936521_n.jpg,1000000110011001101111000100110100111110011001100100001110111011110000011001100100101100111001000110111001100110110100110001101110110101110001000110110011100000110110110001101110010011101111000110010011100100011010111000101110011101000110010010010001100100,1000000110011001101111000100110100111110011001100100001110111010110000011001100100101100111001000110111001100110110100110001101110110101110001000110110011100000110110110001101110010011101111000110010011100100011010111000101110011101000110010010110001100100,True,True,True,True,2,0.03746294975280762,0.019518136978149414,0.017575502395629883,0.0003533363342285156
502616510_122267695574201038_911221173051240548_n.jpg,1000110001001101110100110001000001101100101110110110010001001100001001100011001100100101110011011001011100110011000101001100110101010011001011101011011010111110010100101111100111011010111001111011101101011100000010110111000110110011011000010001100100100000,1000110001001101110000110001000001101100101110110110010001001100001001100011011100100101110011011001011100110011000101001100110101010011001001101011011010111110010100101111100111011010111001111011101101011100000010110111000110110011011000010001100100100100,True,True,True,True,4,0.03623032569885254,0.017681360244750977,0.018173933029174805,0.00035834312438964844
502466043_122267672048201038_3513876807827928687_n.jpg,1101100011011110110001111001100100111101011110001110100001001110101001111110010110110101001001010100111000101011000110111101100000110011010101000001100010100010110100001011001101100111100000010100011001011110010011100101101101100110111101001000100100001100,1101100011011110110001111001100100111101011110001110100001000110101001111110010110110101001001010100111000101011000110111101100000110011010101000001100010100010110101001011001101100111100000010100011001011110010011100101101101100110111101001000100100001100,True,True,True,True,2,0.03882455825805664,0.019262075424194336,0.019150257110595703,0.000396728515625
502725283_122267679170201038_1459580150129255113_n.jpg,1000001100110011100110010011011001101000000110000111000001000111001110110000010010001111110000110100011111101000011100111011100000111000110000111000110011111100000011110011111011101101100011111111000111110001111111100111110000001100000011000111011001100000,1000001100110011100110010011011001101000000110000111000001000111001110110000010010001111110000110100011111101000011100111011100000111000110000111000110011111100000011110011111011101101100011111111000111110001111111100111110000001100000011000111011001100000,True,True,True,True,0,0.03810858726501465,0.01995706558227539,0.017780542373657227,0.00035452842712402344
501608674_122267688296201038_4528922603112256654_n.jpg,1000101100110010000011101000110010111101011000100010001100110011001101100100110001110101011001100111001011001000001111001100011101101100101011011000101101110010001111001001101100001101011101110100100010110001010111001101101101001000101001110110010011111001,1000101100110010000011101000110010111101011000100010001100110011001101100100110001110101011001100111001011001000001111001100011101101100101011011000101101110010001111001001101100001101011101110100100010110001010111001101101101001000101001110110010011111001,True,True,True,True,0,0.04110980033874512,0.021154403686523438,0.019536972045898438,0.0004019737243652344
502848816_122267698250201038_7719587564385744465_n.jpg,1011001110010001110100110010011010001100110110110111111001100100100000010001111001011100011000010011110011100100001100110110111011110011001110000001110111001001111000101001110000001001000100111001100111110011111001100110011100100000011001100111101110000011,1011001110010001110100110010011010001100110110110111111001100100100000010001111001011100011000010011110011100100001100110110111011110011001110000001110111001001111000101001110000001001000100111001100111110011111001100110011100100000011001100111101110000011,True,True,True,True,0,0.030095577239990234,0.014025688171386719,0.01570916175842285,0.00034427642822265625
502618831_122267675174201038_1646532543429627680_n.jpg,1110101010101111111100100010101010001001010100011001101001100101001100001000100110110101110100010110001010000001011100001000001011111111000101111100111100100110010110011000100010001011010011001100001101111101001110100111011000111010010111100010101111111000,1110101010101111111100100010101010001001010100011001101001100101001100001000100110110101110100010110000010000001011100001000001011111111000101111100111100100110110110011000100010001011010011001100001101111101001110100111011000111010010111100010101111111000,True,True,True,True,2,0.04110860824584961,0.02301645278930664,0.017722368240356445,0.00035309791564941406
502503687_122267693732201038_6633686770523300550_n.jpg,1111100101011111100001101100110110110010111000000011111010100101111010001010000111011000110010001000011100000111100000110011011100000100011111100111110011000100010111111001100001011111100110011101011011100000100101001110001010100000011011001011000100011101,1111100101011111100001101100110110110010111000000011111010100101111010001010000111011000110010001000011100000111100000110011011100000101011111100111110011000100010111111001100001011111100110011101011011100000100101001110001010100000011011001011000100011100,True,True,True,True,2,0.037525177001953125,0.019528865814208984,0.017630338668823242,0.0003495216369628906
502522981_122267680952201038_7033701801328975920_n.jpg,1111000101101010111001101110101111001111101101001000100101110000101101101101101010010001101011011110001101000111011011001101100010011010001101001110000111000011011001101100011110011000001101000110100101001001110000101000110111000001101101101110000011000000,1111000101101010111001101110101111001111101101001000100101110000101101101101101010010001101011011110001101000111011011001101100010011010001101001110000111000011011001101100011110011000001101000110101101001001100000101000110111000001101101101110000011000000,True,True,True,True,2,0.035309791564941406,0.01767754554748535,0.017202138900756836,0.0004138946533203125
502521060_122267681576201038_7370133818188888668_n.jpg,1110100101111010100110111000000110010110100001010110010000111110011010010111101010011111111000011100011110000101011110000001111000111000011110001100011110100001110000110001001010011110011100100010010010100101011010010000110110011010011010101110011111100001,1110100101111010100110111000000110010110100001010110010000111110011010010111101010010111111000011100011110000101011110000001111000111000011110001100011110100001110000110001011010011110011100100010010010100101011010010000110111011010011010101110011111000001,True,True,True,True,4,0.035459280014038086,0.017475128173828125,0.017620563507080078,0.0003476142883300781
501490077_122267686112201038_905126069679784131_n.jpg,1000101110000011100011110001011100110001101000110111000101101001111101110000011111010110000011101100101100011010101011100111010010110100110000011100110010100010010000011000011101001000110001111110100101001110101111001000100001110001101011010101010110111101,1000101110000011100011110001011100110001101000110111000101101001111101110000011111010110000011101100101100011010101011100111010010110100110000011100110010100010010000011000011101001000110001111110100101001110101111001000100001110001101011010101010110111101,True,True,True,True,0,0.04945874214172363,0.03151440620422363,0.017583370208740234,0.00034499168395996094
501146950_122267671760201038_7081108990761297132_n.jpg,1000010111110001101101110101110000011010111011100111000111100010001010100001110101000111100100010110110100101110100010100000101000110010111000011000110100101011001100111110001111111101111000011001101100001010001110001001010000111100001111011011001000011011,1000010111110001101101110101110000011010111011100111000111100010001010100001110101000111100100010110110100101110100010100000101000110010111000011000110100101011001100111110001111111101111000011001101100001010001110001001010000111100001111011011001000011011,True,True,True,True,0,0.038454294204711914,0.019110441207885742,0.018977880477905273,0.0003502368927001953
501361175_122267688458201038_3037263666173941570_n.jpg,1100101111000101101000000011100110001011000000100010001010111110110110000011011101100000101111111101101000010011011000011101010011000110001101110101000010001110110000101010001111101001100011011011011000000100111100011110011110110111100011011111010011000011,11000011110001011010101000111001100010010010001010100011001110100000101110110000011011101100000101111111101101000010011011000011101010011000110001101110101000010001110110000101010001111101001100011011011011000000100111100011110011110110111100011011111010011000011,False,True,True,True,118,0.04143881797790527,0.02309870719909668,0.017717838287353516,0.0006058216094970703
501436916_122267678174201038_3778312863212666945_n.jpg,1110101010011100101101010100101010001101010111000011100011110011100001001100011000100101010110100001011110001001011000100101010111010010000001101011110110000000111101101111000011101011111110010101110011001001011010110000010011110001110001100010101001111110,1110101010011100101101010100101010001101010111000011100011110011100001001100011000100101010110100001011110001001011000100101010111010010000001101011110110000000111101101111000011101011111110010101110011001001011010110000010011110001110001100010101001111110,True,True,True,True,0,0.03777813911437988,0.019779682159423828,0.017589807510375977,0.0003921985626220703
501448821_122267685620201038_1770844460563071047_n.jpg,1111001110010010101100010010110100001100011011110111101010010010101100111011000010011100011011010110101001010011111100111110000000110101101010011110100001011101010010001110001000110111101000001011000001011100010001110100011100111110001000001110000111111010,1111001110010010101100010010110100001100011011110111101010010010101100111011000010011100011011010110101001010011111100111110000000110101101010011110100001011101010010001110001000110111101000001011000001011100010001110100011100111110001000001110000111111010,True,True,True,True,0,0.03852581977844238,0.019989728927612305,0.01805591583251953,0.0004639625549316406
502256301_122267694284201038_18803387510210046_n.jpg,1111001100001011011100110101101110000010111101010100011110110100100001110011100010001110000110010100111000110011100011000110010101011100011001010110100011110111101001001110001111010000111000111000101011000110010110100100011000101101000011101010110010011110,1111001100001011011100110101101110000010111101010100011110110100100001110011100010001110000110010100111000110011100011000110010101011100011001010110100011110111101001001110001111010000111000111000101011000110010110100100011000101101000011101010110010011110,True,True,True,True,0,0.03748130798339844,0.019298076629638672,0.017737865447998047,0.00042939186096191406
502470263_122267692040201038_4764659918556788246_n.jpg,1011001100110110101100110111001010100110110010000011011000101110101100010011110001010111110110000001011000001101100001100110110001100100111010011110111000010001010010110111001111001011010110110100101001000010011100110011011000101001100111100101110110001010,1011001100110110101100110111001010100110110010000011011000101110101100010011110001010111110110000001011000001101100001100110110001100100111010011110111000010001010010110111001111001011010110110100101001000010011100110011011000101001100111100101110110001010,True,True,True,True,0,0.03751182556152344,0.01949620246887207,0.017657041549682617,0.0003428459167480469
502462806_122267691014201038_5608482907521179119_n.jpg,1101110000110011110011011000101001110010011101000011100111001011100001001111000101110010000111010001110110000011100001001111100010110000110001000101100110010001000110011001100100000010011111101100111100011110110110101011001101101011001100101010110011101110,1101110000110011110011011000101001110010011101000011100111001011100001001111000101110010000111010001110110000011100001001111100010110000110001000101100110010001000110011001100100000010011111101100111100011110110110101011001101101011001100101010110011101110,True,True,True,True,0,0.03778505325317383,0.019666671752929688,0.01769876480102539,0.0004036426544189453
501560611_122267677016201038_8412930705743459260_n.jpg,1001101010011010100010100110001001100001011001111011001110011011010101010001100110101001110000111101011001010011110111101011100000000001110111010110000001101101111011000011101100000100100101110001110100110001110001001001111000101010111010110101110101010001,1001101010011010100010100110001001100001011001111011001110011011010101010001100110101001110000111101011001010011110111101011100000000001110111010110000001101101111011000011101100000100100101110001110100110001110001001001111000101010111010110101110101010001,True,True,True,True,0,0.03594017028808594,0.01886773109436035,0.01663684844970703,0.00041985511779785156
502695113_122267671172201038_6383830065313605852_n.jpg,1000110011101010100011101111011111100010000000010111001010010001011000000100100110001100101001101000111001111001110000110011101111100011010011110101100111111100100111011000001011110100011000110011011100011000000011101001010001100000110011001001011111110111,1000110011101010100011101111011111100010000000010111001010010001011000000100100110001100101001101000111001111001110000110011100111100011110011110101100111111100100111011000001011110100011000110011011100011000000011101001010001100000110011001001011111110111,True,True,True,True,2,0.03668999671936035,0.01862168312072754,0.017704248428344727,0.0003483295440673828
502467713_122267673464201038_2625311947137130207_n.jpg,1100100100000000000001110100010011110100100000100111001100011101011011110100001111001101101010101001000111001000110110011110101100011100110001111100110101100110011111011110110000001101100110000011111011000000111100110110000100110110110111101110111011000000,1100101100100000100001110101010011110100100000100111001110011100011011110100001111001101101010101001000111001000110110011110101100011100110001111100110101100110011111011110110000001101100110000011111011000000111100110110000100110110110111101110111011000000,False,True,True,True,6,0.04315376281738281,0.023342370986938477,0.019074678421020508,0.0007207393646240234
501599004_122267679956201038_9183871038255449373_n.jpg,1110100101100011110100001101001110010110100111001011111110011100011001010110001101101101011000110001100101110011001100101001010010000000110001101100110111100110111110010010100111011011000110110110011100011010000110000100110000100000110001001010011011110011,1110100101100011110100001101001110010110100111001011111100011100011001010110001101101101011000110001100101110011001100101001010010010010110001101000110111100110111110010010100111011011000110110110011100011010000110000100110000100000110001001010011011110011,True,True,True,True,4,0.036560773849487305,0.018327713012695312,0.017798185348510742,0.0004181861877441406
502306276_122267688080201038_1282533144323759868_n.jpg,1111100001011100000110110011001101100111000011010101100110010001111010000010001101101100110111101010001101100001101001110110011010100111011100101001011100000110100111110001011000011110010011011101110000001100000110001110100100001001111110001000101110111001,1111100001011100000110110011001101100111000011010101100110010001111010000010001101101100110111101010001101100001101001110110011010100111011100101001011100000110100111110001011000011110010011011001110000001100000110001110100100001001111110001000101111111001,True,True,True,True,2,0.04975247383117676,0.030318021774291992,0.019060850143432617,0.00035691261291503906
501640103_122267696468201038_6189193951757627846_n.jpg,1011101111111011110001000001010010001110001011011001001111110101011111011100001001110100000001011010001110010010110110100100100001011001111101111001010110010010101101100000010100101000011110100110101001010000111101011010010001101101110100111100101000001010,1011101111111011110001000001010010001110001011011001001111110101011111011100001001110100000001011010001110010010110110100100100001011001111101111001010110010010101101100000010100101000011110100110101001010000111101011010010001101101110100111100101000001010,True,True,True,True,0,0.037725210189819336,0.018253564834594727,0.019032001495361328,0.00042366981506347656
502464317_122267687222201038_7259422043224134466_n.jpg,1111000000110100100011111101111110111110100000011101010001111110000001011110001001011111100000100010001000011111011000111001100010110000111101011110110011000000100100100011111101001001001101100100111011100011001101010010101000100111010110011010000011010011,1111000000110100100011111101111110111110100000011101010001111110000001011110001001011111100000100010001000011111011000111001100010110000111101011110110011000000100100100011111101001001001101100100111011100011001101010010101000100111010110011010000011010011,True,True,True,True,0,0.036566972732543945,0.018317699432373047,0.017777204513549805,0.0004565715789794922
501214417_122267671544201038_2424908754192420317_n.jpg,1000111000010110110110010001110001011000110011110111011001101001101100101000110111111100100011100100110011001110000011010111100000110100110011101100010011010001110011011011000100100001101100010010111100010110011011010011011100000011101101001001011010110100,1000111000010110110110010001110001011000110011110111011001101001101100101000110111111100100011100100110011001110000011010111100000110100110011101100010011010001110011011011000100100001101100010010111100010110011011010011011100000011101101001001011010110100,True,True,True,True,0,0.0381159782409668,0.02008652687072754,0.017662525177001953,0.0003514289855957031
502684220_122267673242201038_7708767815825510512_n.jpg,1000001110010001101100100011110011111001000111110100011111000001010001111011000100011100001111000000100011001111000010001100011110010110111000001110010011101000101010010100111011110010000011101111100011010011010111110111000001000111001111000110011111001101,1000001110010001101100100011110011111011000111110100011111000001010001111011000100011100001111000000100011001111000010001100011110010110111000001110010011101000101010010100111011110010000011101111100011010011010111110101000001000111001111000110011111001101,True,True,True,True,2,0.0390627384185791,0.020941734313964844,0.0176546573638916,0.00045037269592285156
501534571_122267680580201038_1201247581710022415_n.jpg,1101110101110000110111010010010011001101101010001000011100000011100111111101010101000010100011110101111100000010011000111101101011000110011011100010100100010110101001011100010100100001111001010110000111100000011111001111111001111000001001110100100101011010,1101110101110000110111010010010011001101101010001000011100000011100111111101010101000010100011110101111100000010011000111101101011000110011011100010100100010100101001011100010100100001111001010110000111100000011111001111111001111000001001110100100111011010,True,True,True,True,2,0.04896974563598633,0.030956268310546875,0.017641067504882812,0.0003561973571777344
502467122_122267695814201038_367881908057405932_n.jpg,1011101000001001010011011010000111110010010011100010010000101111110100111101100100100100000001011001101100000110000011110111111111011000100100110010010001100101110101011011011011011011010010011110010110110100001110100100101001100100100010111001111101101010,1011101000001001010011011010000111110010010011100010010000101111110100111101100100100100000001011001101100000110000011110111111111011000100100110010010001100101110101011011011011011011010010011110010110110100001110100100101001100100100010111001111101101010,True,True,True,True,0,0.021048307418823242,0.007386922836303711,0.01332235336303711,0.000324249267578125
501483971_122267690786201038_1073285352001950310_n.jpg,1101111011010001010101100101011100110011101100100010000110100110010000110010011111001101000011110010100100101101001100100111001010010000110110111000001000001011010001111000101101001001101110100110110011110100001101111010110011111011001001111001100010101100,1101111011010001010101100101011100110011101100100010000110100110010000110010010111001101000011110010100100101101001100100111001010010000110110111000011000001011010001111000101101001001101110100110110011110100001101111010110011111011001001111001100010101100,True,True,True,True,2,0.03719758987426758,0.01914381980895996,0.017687320709228516,0.0003514289855957031
502847438_122267675522201038_7134071348431828018_n.jpg,1011001101000100101100001110111010010110001011010001101101110011111010010011101011110111001000110111100011110100011010011100111100111110000111011011000011000001001110010001100100110001101101001001110000000000100010011100110011011000110001101100011111001100,1011011101000100001110001110111010010110001011010001101001110011111010010011001011110111001000110111110011110100011010011100111100111110000111011011000011000001001110010001100100110001101101001001110000000000100010011100110011011000110001101100011111001100,False,True,True,True,6,0.04211854934692383,0.022803306579589844,0.018723726272583008,0.0005733966827392578
501613507_122267695412201038_507922787629590794_n.jpg,1001010101000001101001001101001001111011001011100010101111101001100110100001011011010101001011000100010111001011001100100011011010010100101110011100110001010110011000110110010000011111100010011001010001011110111100111010000110101000100110110100111010111110,1001010101000001101001001101001001111011001011100010101111101001100110100001011011010101001011000100010111001011001101100011011010010100101110011100110001010110011000110110010000011111100010011001010001011110101100111010000110101000100110110100111010111110,True,True,True,True,2,0.0365910530090332,0.018849611282348633,0.017383813858032227,0.0003418922424316406
502727848_122267697170201038_8013990894100710052_n.jpg,1111011001001100000010100011001101001110001100110010110110011001110111001000110010000110001101100010101011010011001111101100100111101001010010010111000010000110110000010001001110010010001111100111100110101101100110111101001110111111001010101110011000010100,1111011001001100000010100011001101001110001100110010110110011001110111001000110010000110001101100010101011010011001111101100100111101001010010010111000010000110110000010001001110010010001111100111100110101101100110111101001110111111001010101110011000010100,True,True,True,True,0,0.032158613204956055,0.015036344528198242,0.016763687133789062,0.0003428459167480469
502249110_122267683610201038_2732459337006737339_n.jpg,1111001100001011011100110101101110000010111101010100011110110100100001110011100010001110000110010100111000110011100011000110010101011100011001010110100011110111101001001110001111010000111000111000101011000110010110100100011000101101000011101010110010011110,1111001100001011011100110101101110000010111101010100011110110100100001110011100010001110000110010100111000110011100011000110010101011100011001010110100011110111101001001110001111010000111000111000101011000110010110100100011000101101000011101010110010011110,True,True,True,True,0,0.03785991668701172,0.019598960876464844,0.017812252044677734,0.0004317760467529297
501613505_122267692820201038_902647251033727637_n.jpg,1100101001001110000111011011010110110110111110100110100011000001110001010000001100011110111101011111100101111010000100010010010101001110100001011101010001101010101000011011010101011101000011100010011011001000111001010101011101111000101010101010001101010001,1100101001001110000111011011010110110110111110100110100011000001110001010000001100011110111101011111100101111010000100010010010101001110100001011101010001101010101000011011010101011101000011100010011011001000111001010101011101111000101010101010001101010001,True,True,True,True,0,0.0367581844329834,0.018700361251831055,0.01769256591796875,0.0003490447998046875
502664923_122267685032201038_3211717849929921086_n.jpg,1101001001100111111101101100110011111111110110000101110011110011000111000110011100110111010001001010001001100011110010100011001110111110101010000001010011011100010010000111101101101000000001011011001101100100101100100011001100101101001100100100110110000000,1101001001100111111101101100110011111101110110000101110011110011000111000110011100110111010001001010001001100011110010100011001110111110101011000001010011011100010010000111101101101001000001011011001101100100101100100011001100101100001100100100110110000000,True,True,True,True,4,0.03252005577087402,0.016044139862060547,0.01611804962158203,0.00034165382385253906
502631695_122267671286201038_7484825252317363329_n.jpg,1010010110010010011001011010011011100011011110111001100000011010001111001001010001110000010001101100111001101110001110001111000001110111000100111000111100011011001111000100011110011001110011111100110010111100101011000111000010011000110000001110011100110001,1010010110010010011001011010011011100011011110111001100000011010001111001001010001110000010001101100111001101110001110001111000001110111000100111000111100011011001111000100011110011001110011111100110010111100101011000111000010011000110000001110011100110001,True,True,True,True,0,0.04421234130859375,0.024051904678344727,0.019557952880859375,0.0005869865417480469
502459645_122267683466201038_2174095155996537013_n.jpg,1001100111111111001000110000100010111101101001011001010001001111001100100110000011111101100010111000010110001011100010111110000101000000100001111011011110111010111101110111000001101010101010101000000011001100010100101110101000001110011001011010111101010010,1001100111111111001000110000100010111101001001011001010001001111001100100110000011111101101010111000010110001011100010111110000101000000100001111011011110111010111101110111000001101010101010101000000011001100010100101110101000001110011001011010111101010010,True,True,True,True,2,0.04199552536010742,0.023810148239135742,0.017609834671020508,0.0005593299865722656
501474676_122267686376201038_1696314928946192085_n.jpg,1000000101011000101000011110100011011000101001010101010000011010111111000001011000111110100010010100110011101001011010010110000111011111011000101011011000110101110110011001101000101001110101101111110010101011100001110111001111101000001001000001010101101011,1000000101011000101000011110100011011000101001010101010000011010111111000001011000111110100010010100110011101001011010010110000111011111011000101011011000110101110110011001101000101000110101101111110010101011100001110111001111101000001001010001010101101011,True,True,True,True,2,0.03840351104736328,0.02032923698425293,0.017549991607666016,0.0005087852478027344
501654691_122267688758201038_1691637840107179055_n.jpg,1111000011011000111000110000111111101000011101011000101111101010010010010010010100001110010111000111011001011000100001101100011011110101011110001100100010100111110010111110100000011000000111110100011110010000001101001101111011100110000000011101100101100111,1111000011011000111000110000111111101001011101011000101111101010010010010010010100001100010111000111011001011000100001101100011011110101011110001100100010100111110010111110100000011000000111110100011110010000001101001101111011100110000000011101100101100111,True,True,True,True,2,0.03939056396484375,0.021213769912719727,0.017726421356201172,0.0004343986511230469
502745631_122267691980201038_4261499370222053828_n.jpg,1001101111000000110000000011001111111100000110000011001001100000110011011101101111100111110000000100011000110110001010001001100000111000101100111101111111000110011100110011011110101100111111001011010001110000010110110111111101001000000111110010001001000111,1001101111000000110000000011001111111100000110000011001001100000100011011101101111100111110000000100011000110110001010001001100000111000101100111101111111000110011100110011011110101100111111001011010001110000010110110111111101001000000111111010001001000111,True,True,True,True,2,0.039306640625,0.02100539207458496,0.017926692962646484,0.00035834312438964844
501652831_122267671832201038_8457987701585316237_n.jpg,1000111010001101111001010011010111010010011100101010100111110100011100101001111100000010001010000010010111110011010111101000110001001001000111011101100101101010110100101001000010110111011111010010110100111011011010101010011111000011010010011001000000110100,1000111010001101111001010011010111010010011100101010100111110100011100101001111100000010001010000010010111110011010111101000110001001001000111011101100100101010110100101001000010110111011111010010110100111011011011101010011111000011010010011001000000110100,True,True,True,True,2,0.03800034523010254,0.020079374313354492,0.017504215240478516,0.0004010200500488281
502109502_122267689076201038_3063278045927272282_n.jpg,1100000110011101100100000111111101111100110111111011001000000001110100111100010101111000111100110011101100001101000100000001111000011001111101111011101100010101100010010100010100101100111011100000101010010011011011101000000011011010001000111110111010010000,1100000110011101100100000111111101111100110111111011001000000001110100111100010101111000111100110011101100001101000100000001111000011001111101111011101100010101100010010100010100101100111011100000101010010011011011101000000011011010001000111110111010010000,True,True,True,True,0,0.03921771049499512,0.020949602127075195,0.01772761344909668,0.0005238056182861328
501954302_122267672900201038_2567822986618391112_n.jpg,1001001001001001011101001100100100101100100111101100110110110110110000101111011000110111000011010110110110110010110001100110100010101011100001001001001111001011011101100110010010101001001100101001101111001001011001101101001011011101001001101000100110010100,1001001001001001011101001100100100101100100111101100110110110110110000101111011000110111000011010110110110110010110001100110100010101011100001001001001111001011011101100110010010101001001100101001101111001001011001101101001011011101001001101000100110010100,True,True,True,True,0,0.03596806526184082,0.01882147789001465,0.01678943634033203,0.0003409385681152344
502456496_122267696354201038_3865190887417743289_n.jpg,1111101001111110110001101010111110100100100000011011000101000010100001011100111110001111011111001110100110110110001001001101100110110110011010110110100100110000010110111110000010011011001011001010011010010001100001101001000101000110000100101101011000101011,1111101001111110110001101010111110100100100000011011000101000010100001011100111110001111011111001110100110110110001001001101100110110110011010110110100100110000010110111110000010011011001011001010011010010001100001101001000101000110000100101101011000101011,True,True,True,True,0,0.03943061828613281,0.021419286727905273,0.01764369010925293,0.0003516674041748047
502474734_122267692562201038_1840061317789309363_n.jpg,1001010010001000110001010011001011000101010101011001111010011101111101111010000010000101011011101001100111000011101110110101110110111011111000001000011010001010001111111001101100111000010100010110001101010110000000111101101100000110001110010000111011100110,1001010010001000110001010011001011000101010101011001111010011101111101111010000010000101011011101001100111000011101110110101110110111011111000001000011010001010001111111001101100111000010100010110001101010110000000111101101100000110001110010000111011100110,True,True,True,True,0,0.03907299041748047,0.0210113525390625,0.017688274383544922,0.0003571510314941406
502471824_122267678468201038_1531120444589920094_n.jpg,1101110000001100101111010010110111111111111100111100111000001100011100010001111001100100110010101000001100011101100101101111010000000011111110111101111111011000111110100111000011111100110010000000100011010111001010000001001000000000110101110010001000000011,1101110000001100101111010010110111111111111100111100111000001110011100010001111001100100110010101000001100011101100101101111010000000011111110111101111111011000111110100111000011111100110010000000100011010111001010000001001000000000110001110010001000000011,True,True,True,True,2,0.03784799575805664,0.0198061466217041,0.01768040657043457,0.0003459453582763672
501520298_122267684510201038_188765182124188022_n.jpg,1001010101000001101001001101001001111011001011100010101111101001100110100001011011010101001011000100010111001011001100100011011010010100101110011100110001010110011000110110010000011111100010011001010001011110111100111010000110101000100110110100111010111110,1001010101000001101001001101001001111011001011100010101111101001100110100001011011010101001011000100010111001011001101100011011010010100101110011100110001010110011000110110010000011111100010011001010001011110101100111010000110101000100110110100111010111110,True,True,True,True,2,0.03659844398498535,0.018924474716186523,0.017308712005615234,0.00034928321838378906
502620753_122267695220201038_884060697456771824_n.jpg,1011000110010011101100011001000111111000111000111111100110001011011111111001110000011111000111101001111111011100100001111010011000000111111011000110000011100110110000001001100000011000000110001101100000001100101111110000010011110110000001100110111111000000,1011000110010011101100011001000111111000111000111111100110001011011111111001110000011111000111101001111111011100100001111010011000000111111011000110000011100110110000001001100000011000000110001101100000001100101111110000010011110110000001100110111111000000,True,True,True,True,0,0.03486967086791992,0.01682448387145996,0.017679691314697266,0.0003497600555419922
501582687_122267684324201038_8236537880828784984_n.jpg,1001100110011001100000001010111000101010101010101101111110110101000100001011011110011001000110100101000101101011010010010001000100101100111110110110101100011011100101000110000101011011100111110010010100110001110101001100011101010110100111101101011011100000,1001100110011001100000001010111000101010101010101101111110110101000100001011011110011001000110100101000101101011010010010001000100101101111110110110100100011011100101000110000101011011100111110010010100110001110101001100011101010110100111101101011011100000,True,True,True,True,2,0.03784751892089844,0.01973104476928711,0.01775050163269043,0.00035071372985839844
501496127_122267685722201038_7444051642529910469_n.jpg,1011001101100011111110001010110101011111101011000010010110010110100001001110001001101010011100101101111100010110000100000101100000001010010101011001010011101111111000010001010000011110010101110110101110101111111001010001000001010010111001011000111110100010,1011001101100011111110001010110101011111101011000010010110010110100001001110001001101010011100101101111100010110000100000101100000001010010101011001010011101111111000010001010000011110010101110110101110101111111001010001000001010010111001011000111110100010,True,True,True,True,0,0.03765583038330078,0.019870996475219727,0.01734614372253418,0.0004222393035888672
502460164_122267689742201038_5045604988955771818_n.jpg,1110100100100110101101011010011011010010110110010100101001011001001101110010111110110001100001101100010010001010000110101101000100111101011001101111010000100101010010101101110100101001010110101101011010010001111100100010010100000101110011000100010111111011,1110100100100110101101011010011011010010110110010100101001011001001101110010111110110001100001101100010010001010000110101101000100111101011001101111010000100101010010101101110100101001010110101101011010110001111100100010010100000101110011000100010111011011,True,True,True,True,2,0.03469443321228027,0.01658463478088379,0.017746448516845703,0.0003466606140136719
502756389_122267686304201038_8251370639326620231_n.jpg,1001110000110000011000110110000101100111001000010011000111001111100111001001110010011101101001100110100101001111100101100101101110000110000100010110110100100100100110110010100101011010110110011010010010011011001101111010011100111011010011101100100110011100,1001110000110000011000110110000101100111001000010011000111001111100111001001110010011101101001100110100101001111100101100101101110000110000100010110110100100100100110110010100101011010110110011010010010011011001101111010011100111011010011101100100110011100,True,True,True,True,0,0.035225629806518555,0.017209768295288086,0.017653465270996094,0.0003466606140136719
501479800_122267688110201038_6816748334895028199_n.jpg,1110000111001011011110010110000101011110100100100010011000011101000110010101111011000100101000110111100100101101010010100100100101011010010101101011010110010010010001111010000011100001101011011101110101100001101110100101000001110100110111000100111111110010,1110000111001011011110010110000101011110100100100010011000011101000110010101111011000100101000110111100100101101010010100100100101011010010101101011010110010010010001111010000011100001101011011101110101100001101110100101000001110100110111000100111111110010,True,True,True,True,0,0.03898978233337402,0.02096080780029297,0.017668485641479492,0.00034499168395996094
501636291_122267694032201038_8596732797294799413_n.jpg,1101110110001000100011011000100100001100100010000110110111101011111011011000100110100101010110110010010111001011011000010101101110001011010110111001110001011010100100010101001001010111010101100111101101010110101000000100010000001110101001100110111110111100,1101110110011000100011011000100100001100100010000110110110101011111011011000100110100101010110110010010111001011011000010101101110001011010110111001110001011010100100010101001001010111010101100111101101010110101000000100010000001110101001100110111110111100,True,True,True,True,2,0.038240909576416016,0.020168542861938477,0.017698049545288086,0.00035858154296875
502019738_122267673506201038_4640735164556733506_n.jpg,1010101101000101100011010111010011000110101101101001010100001101000101111110100001100000011001110101001011110010011011100011011000011101000101101111000010010100101011111000011110010101010001010101010101011000001101110010110111110101001011001010101010100011,1010101101000101100011010111010011000110101101101001010100001101000101111110100001100000011001110101001011110010011011100011011000011101000101101111000010010100101011111000011110010101010001010101010101011000001101110010110111110101001011001010101010100011,True,True,True,True,0,0.03777885437011719,0.019678831100463867,0.017727136611938477,0.0003573894500732422
501177095_122267698742201038_2642264132373064429_n.jpg,1101110011100110110111010001001100001011000000011111011010100011000011111000011001100010000101111011111110110011110110100011100101111000001000110110010010001111000001001111111110001011111101001010110010011100101001100111001111100001011000000100000001100100,1101110011100110110111010001001100001011000000011111011010100011000011111000011001100010000101111011111110110011110110100011100101111000001000110110010010001111000001001111111110001011111101001010110010011100101001100111001111100001011000000100000001100100,True,True,True,True,0,0.03378129005432129,0.016556739807128906,0.016746044158935547,0.0004620552062988281
502530986_122267689790201038_2970099084551248050_n.jpg,1001100011001100010010110010100011010011001000011110111001100110011100100001110000110110100000000010110011010001100100001110001110011101111000111001110101101000011011011001110010001110110001001101100101010110111001001101111101001011101101101001001111011100,1001100011001100010010110010100011010011001000011110111001100110011100100001110000110110100000000010110011010001100100001110001110011101111000111001110101101000011011011001110010001110110001001101100101010110111001001101111101001011101101101001001111011100,True,True,True,True,0,0.03605461120605469,0.018266677856445312,0.017422199249267578,0.00034999847412109375
502627208_122267695502201038_4033733187941885376_n.jpg,1001101100110011001110011100110001100110011100011110001100011001001100111100011000011100111110000100110001100100110000110100011110010011100110110011110000110001011100011011100111000011100011111001100111001100110011000111011011001100011100011100001100000011,1001101100110011001110011100110001100110011100011110001100011001001100111100011000011100111110000110110001100100110000110100011110010011100110110011110000110001011100011011100111000011100011111001100111001100110011000110011011001100011100011100001100000011,True,True,True,True,2,0.03500938415527344,0.017035961151123047,0.01761460304260254,0.00034308433532714844
502691844_122267691344201038_8061796988308142283_n.jpg,1001100101101010011101101101011000100011001011011000100100111010011101011101001110011010101011010110010100110010000010100100100110011000100011000111010101010010100000110010110101111101111001100000101001011001100101011010111001110110010101101000101010111101,1001100101101010011101101101011000100011001011011000100100111010011101011101001110011010101011010110010100110010000010100100100110011000100011000111010101010010100000110010110101111101111001100000101001011001100101011010111001110110010101101000101010111101,True,True,True,True,0,0.03582954406738281,0.01780557632446289,0.01765608787536621,0.0003521442413330078
502516994_122267689622201038_2656265202557618668_n.jpg,1100010000000000100110111111111110011000001100101100011010000000011110011101111100000110111001001111100000011011111101101111110000110011100010111110011110001111000000110011000001111011000110001000011001111001110110110011001111001100111000000000100001011110,1100010000000000100110111111111110011000001100101100011010000000011110011101111100000110111001001111100000011011111101101111110000110011100010111110011110001111000000110011000001111011000110001000011001111001110110110011001111001100111000000000100001011110,True,True,True,True,0,0.03609275817871094,0.018777847290039062,0.016829490661621094,0.00046944618225097656
502709896_122267698406201038_1926872187008307880_n.jpg,1100011111000110000010111101100110111100001100110000111100001111100110001100011001100101001110101001111000011100110001000111101000011000111000000010000000011011000011111111100011011110000011111101110001111110111100001000000100111111010110111100110010100000,1100011111000110000010111101100110111100001100110000111100001111100110001100011001100101001110101001111000011100110001000111101000011000111000000010000000011011000011111110100011011110000011111101110001111110111100001000000100111111011110111100110010100000,True,True,True,True,2,0.02142810821533203,0.0076792240142822266,0.013333797454833984,0.00039958953857421875
502598134_122267688404201038_7811807824216295421_n.jpg,1001011111010011101001111000110001110001101010101101001011110001001000011001110100111000010110000110100011011100100010111101001001110001100100100101100100110101001111000001110111100101000000011100101011011111001011000101110011001110010011001110011011100100,1001001111010011101001111000110001110001101010101101001011110001001000011001110100111000010110000110100011011100100010111101001001110011100100100101100100110101001111000001110111100101000000011100101011011111001011000101110011001110010011001110011011100100,True,True,True,True,2,0.038311004638671875,0.020064353942871094,0.017708778381347656,0.0005216598510742188
502490714_122267672060201038_8227617358471765413_n.jpg,1000100101001001001010111011110110010011101101100000110101010001101011100000000101010111111010101010010111010010110111010100011011100100001011001110000011011100111100001010110000111010101011000010110011101001101010110110010111100110000100110110101001010011,1000100101001001001010111011110110010011101101100000110101010001101011100000000101010111111010101010010111010010110111010100011011100100001011001110000010011100111100001010110000111010111011000010110011101001101010110110010111100110000100110110101001010011,True,True,True,True,2,0.039635658264160156,0.02142620086669922,0.017643451690673828,0.0005500316619873047
501528560_122267696606201038_3621003399891301016_n.jpg,1000001100110011100110010011011001101000000110000111000001000111001110110000010010001111110000110100011111101000011100111011100000111000110000111000110011111100000011110011111011101101100011111111000111110001111111100111110000001100000011000111011001100000,1000001100110011100110010011011001101000000110000111000001000111001110110000010010001111110000110100011111101000011100111011100000111000110000111000110011111100000011110011111011101101100011111111000111110001111111100111110000001100000011000111011001100000,True,True,True,True,0,0.03772878646850586,0.019622087478637695,0.017740249633789062,0.00035071372985839844
501209814_122267693594201038_3469754062866760100_n.jpg,1001111011110111111000000001110011100011100010001100001111110001100110111100011100011100110001111011100011110000010001100011100010011110000000110100001000001110011000011110111110010011110001110100011111110001101111001111000001000000000111001011111000000111,1001111011110111111000000001110111100011100010001100001111110001100110111100011100011100110001111011100011110000010001100011100010011110000000110100001000001110011000011110111110010011110001110100011111110001101111001111000001000000000011001011111000000111,True,True,True,True,2,0.04663348197937012,0.028200626373291016,0.018071651458740234,0.0003447532653808594
501581245_122267671538201038_2999920936503456932_n.jpg,1110100100010000100101000101111010010001111110100101111001010010100100001101011000001000010101010100010101000101001111000111011111111001000011110101010101101000010011111110011010110110010001110011110111101101000011001110000010001100100111111101010111100000,1110100100010000100101000101111010010001111110100101111001010010100100001101011000001000010101010100010101000101001111100111011111111001000011110100010101101000010011111110011010110110010001110011110111101101000011001110000010001100100111111101010111100000,True,True,True,True,2,0.04127192497253418,0.02236318588256836,0.018386363983154297,0.0005054473876953125
501215952_122267684006201038_1958810604188206229_n.jpg,1000100000010010011111001011101001010101101011001000001011000110011001010110100100110011001010100011101101000111011010011110101100100110100101101101010010111010001111010011100111000101100101000110110110110001010101010110100111000010011011100110001100111101,1000100000010010011111001011101001010101101011001000001011000110011001010110100100110011001011100011101101000111011010011110101100100110100101101101010010111010001101010011100111000101100101000110110110110001010101010110100111000010011011100110001100111101,True,True,True,True,2,0.04105639457702637,0.021761417388916016,0.018912076950073242,0.0003657341003417969
502633307_122267672336201038_2143788605979731961_n.jpg,1000011001001001100101010011011011100101100011011100101101010011111011111111010001101100100110000011011011100001110001001000101011011001001011010010101001101010000101000001110011010001011101011111011011000001001011011111101101010011001001001100010000010111,1000011001001001100101010011011011100101100011011100101101010011111011111111010001101100100110000011011011100001110001001000101011011001001011010010101001101010000101000001110011010001011101011111011011000001001011011111101101010011001001001100010000010111,True,True,True,True,0,0.039919137954711914,0.021865129470825195,0.017689228057861328,0.00034880638122558594
502585524_122267683730201038_2284926856566458130_n.jpg,1000000001110011100000101100000001011001110011000001001101010011111000110010001111101100110010000001100111001100001001010001001110111011000001101101110011001101001111001101111111101011001100111101100001000111010111011110111010001111011110011010000100100110,1000000001110011100000101100000001011001110011000001001101010011111000110010001111101100110010000001100111001100001001010001001110111011000001101101110011001101001111001101111111101011001100111101100001000111010111011110111010001111011110011010000100100110,True,True,True,True,0,0.03749370574951172,0.019370317459106445,0.01768970489501953,0.00041747093200683594
502699300_122267690666201038_8017773155516671061_n.jpg,1011011111100111110001000101000011111100100000011011110110001111101101010101000011001000011000111111001001011100000001101100001111100110101111111100010100101101101000010011110001111011000100110110101000010010110111000110101001000000111010010011100010010100,1011011111100111110001000101000011111100100000011011110110001111101101010101000011001000011000111111001001011100000001101100001111100110101111111100010100101101101000010011110001111011000100110110101000010010110111000110101001000000111010010011100010010100,True,True,True,True,0,0.035614728927612305,0.018362760543823242,0.016823291778564453,0.0004119873046875
502566796_122267678006201038_589466909616555721_n.jpg,1001100001111000000000111000111101111100101100001010010110010111001001001010011101011110011111100110001110000011100111000011100000111011110001010010110100101111110100101110011001011110010000100000001000111000001111101100101101101101100011011100011010110010,1001100001111000000000111000111101111100101100001010010110010111001001001010011101011110011111100110001110000011100111000011100000111011110001010010110100101111110100101110011001011110010000100000001000111000001111101100101101101101100011011100011010110010,True,True,True,True,0,0.02516007423400879,0.010163545608520508,0.014565229415893555,0.0004162788391113281
501576557_122267686418201038_2441517376590546233_n.jpg,1110111010100010101101100101010001010011000010111100101000001011111001100100110110110001011001100101000111111110100010011011010001001111111100000000010101111010011101101010100100011110110000110101111101000010000111110010101011000001100101110011000110010001,1110111010110010101101100101010001010011000010111100101000001011111001100100110110110001011001100101000111111110100010011011010001001111111100000000010100111010011101101010100100011110110000110101111101000010000111110010101011000001100101110011000110010001,True,True,True,True,2,0.04287576675415039,0.022835969924926758,0.019670963287353516,0.00035309791564941406
502486703_122267676776201038_6098823369241293607_n.jpg,1100010010000100100100111101001111010011110100111111001111011011101000111001000111100010111111000110101111111110011000100011110001110000010001010001011000111011000100000101001010011100011100100001001100010101111101000111010001111011010100000110001100001110,1100010010000100100100111101001111010011110100111111001111011011101000111001000111100010111111000110101111111110011000100011110001110000010001010001011000101011000100000101101010011100011100100001001100010101111101000111010001111011010100100110001100001010,True,True,True,True,4,0.0540308952331543,0.030712127685546875,0.021987199783325195,0.0005037784576416016
502604862_122267676722201038_1014326626682833348_n.jpg,1110110100110001110010110101101010010111110011001011010100101101000111001101001011100000100001110011011000110000110010111000010010111011011011101001010110001101010010100111001110110100100100000011000011101110110011100001111101101000110001110000101111000100,1110110100110001110010110101101010010111110011001011010100101101000111001101001011100000100001110011011000110000110010111000010010111011011011101001010110001101010010100111001110110100100100000011000011101110110011100001111101101000110001110000101111000100,True,True,True,True,0,0.046332359313964844,0.027602434158325195,0.018358707427978516,0.0003554821014404297
502467715_122267695184201038_2161974967479096405_n.jpg,1101010010101001100101010010100111010001101010101011010000101010101101010110001111010100111100101110100111001110011110100001100000001111011100111100000011110010111101001010011001100001011010110010110011001000000010101101100110110100100100111100110100110011,1101010010101001100101010010100111010001101010101011010000101010101101010110001111010100111100101110100111001110011110100001100000001111011100111100000011110010111101001010011001100001011010110010110011001000000010101101100110110100100100111100110100110011,True,True,True,True,0,0.028958559036254883,0.01296687126159668,0.015640735626220703,0.0003352165222167969
502710559_122267675090201038_7464115636548081449_n.jpg,1000000111000101100001100101110010001101111000101001101000111100110001111110110111001011011111010111000010101101001100000110010100111010100101000101101100100111110110100001000001111011110100110000101001100010110110000101000010011011010110011100111001101110,1000000111000111100001100101110010001101111000101001101000111100110001111110110111001011011111010111000010101101001100000110010100111010100101000101101100100111110110100001000001111011110000110000101001100010110110000101000010011011010110011100111001101110,True,True,True,True,2,0.03356647491455078,0.016532421112060547,0.016678333282470703,0.000339508056640625
501520298_122267697410201038_4169046033258851169_n.jpg,1101101011100110011000101011100100101101100110010110001101110111001001100001110010001000111001001100011101110001110110000111001110110110110000110100100110001110001101100100010000011101000111010011011001110010001101011000010010011100110011101101100101110001,1101101011100110011000101011100100101101100110010110001101110111001001100001110010001000111001001100011101110001110110000111001110110110110000110100100110001110001101100100010000011101000111010011011001110010001101011000010010011100110011101101100101110001,True,True,True,True,0,0.020633697509765625,0.007025480270385742,0.013236761093139648,0.00035643577575683594
501381546_122267687570201038_655478188800837547_n.jpg,1001001101011111011110000000111001101101101110011011110111110110000110100100100010001111011011010000011100011100100000011011011101110000111111111100000001111000011111000110110110010110000101010100001100000000011011011000001010110100110000111101101001100001,1001001101011111011110000000111001101101101110011011110111110110000110100100100010001111011011010000011100011100100000011011011111110000111111111100000001111000011111000110110110010110000101010100001100000000011011011000001010110100110000101101101001100001,True,True,True,True,2,0.03752398490905762,0.019173145294189453,0.017776966094970703,0.0005578994750976562
502931777_122267672294201038_7482735292043588654_n.jpg,1110010111000111101101100001110000110000010110001000111101100011100111110011000111111000110011001101110001100110110011011100011011101000100011101111001100011100111100011001100011000001101110111110011000111001110000001001100010000000001111010000011000111001,1110010111000111101101100001110000110000010110001000111101100011100111110011000111111000110011001101110001100110110011011100011011101000100011101111001100011100111100011001100011000001101110111110011000111001110000001001100010000000001111010000011000111001,True,True,True,True,0,0.03507256507873535,0.016958236694335938,0.017751693725585938,0.0003464221954345703
502469077_122267693054201038_1159666420565450324_n.jpg,1110010100011001000110010110100001111011100001100000001001110111111111000110011010100101100110010001111110100001000110110100011011011100010001111110000110011001000100111011000101100110011001100001101100110011111011000100110010010011100100011100011011001111,1111010100011001000110010110100001111011100001100000001001110111111111000110011010100101100110010001111110100001000010110100011011011100010001111110000110011001000100111011000101100110011001100001101100110011111011000100110010010011100100011100011011001111,True,True,True,True,2,0.03732013702392578,0.01929783821105957,0.01766228675842285,0.0003445148468017578
502847817_122267688152201038_6017915525247414680_n.jpg,1001010001010010110111110001100000100001001011111001000111001011011011001111101100000100101111100010011101000000111100010010111011110100110000001101100001011011001101010000100101101000100011101000100101111111010001101110011110101001100001111110111101000101,1001010001010010110111110001000000100001001011111001000111001011011011001111101100000100101111100010011101000000111100010010111011110100110000001101100001011011001101010000100101101000100011101000100101111111010001101110001110101001101001111111111101000101,True,True,True,True,4,0.04268670082092285,0.024570703506469727,0.01771092414855957,0.0003886222839355469
501479813_122267672618201038_333512104916836047_n.jpg,1111100001101010110011011101100111000111101101010011101001110011110001001101101101101011001101001001111010001001110001000011000000110011101001011100110010010001010110100011011010110110010010011000100010011001010110100100011011000010110000111001110010110101,1111100001101010110011011101100111000111101101010011101001110011110001001101101101101011001101001001111010001001110001000011000000110011101001011100110010010001010110100011011010110110010010011000100010011001010110100100011011000010110000111001110010110101,True,True,True,True,0,0.0379941463470459,0.019761323928833008,0.017766475677490234,0.00045013427734375
502652910_122267696360201038_3996470893573999006_n.jpg,1100011100111110101110001110011001001110110001001100101101000110001101110000000000011101110000000011101000100010100111101001001100111001110111000011000001000110011100001111001101100110101110000011101001001110101110100111001101110100110111011101000110111010,1100011100111110101110001110011001001110110001001100101101000110001101110000000000011101110000000011101000100010100111101001001100111001110111000011000001000110011100001111001101100110101110000011101001001110101110100111001101110100110111011101000110111010,True,True,True,True,0,0.046591758728027344,0.028654098510742188,0.01757979393005371,0.00034165382385253906
502691061_122267692982201038_7230100412880865953_n.jpg,1101001010100101000111110001101111011010010010001100010000000111000001110101001101110100101010000101011000000001001110111010110011011010011001000011010110100111011010111111101100101101111101100010110000011110011000111110001011001000101101101010101001100101,1101001010100101000111110001101111011010010010001100010000000111000001110101001101110100101010000101011000000001001110111010110011011010011001000011010110100111011010111111101100101101111101100010110000011110011000111100011011001000101101101010101001100101,True,True,True,True,2,0.04074835777282715,0.022742509841918945,0.017642974853515625,0.00034737586975097656
502463250_122267690972201038_7173460086242432285_n.jpg,1000001000111110100001100111011010010111011111100000011101100110001001001011011100010011111100011100111100000101110010100010110111111110011100111110010000110100001010101001100000110011100100000000000010101111100010011010111110100110111001010001111111000100,1000001000111110100001100111011010010111011111100000011101100110001001011011011100010011111100011100111100000101110010100010110111111110011100111110010000110100001010101001100000110011100100000000000010101111100010001010111110100110111001010001111111000100,True,True,True,True,2,0.03729867935180664,0.019278287887573242,0.01765894889831543,0.0003457069396972656
501453521_122267678948201038_4626816230517414827_n.jpg,1101001000010010110101010100010100100111001111100010110101000111001010100101100000001011111011111101001010010101110101011010011011100100101010010011010101011011000010110100101101100010010100101111100010010111101110101011110110011000101011010000011000101010,11010010000100101101010101000101001001110011111000101101010001110010101001011000000010111110111111010010100101011101010110100110111001001010100100110101010110110000101101001011011000100101001000000111111100010010111101110101011110110011000101011010000011000101010,True,True,False,True,35,0.037531137466430664,0.019110441207885742,0.017800092697143555,0.0006034374237060547
501365327_122267692862201038_1857412397782163045_n.jpg,1100011011101010100100010101001110100100000001001010101111111001001010111110111101101100000010010101000110110110110101000000101100000101110111001010101100110001001010101100010001101100101000010001101110101111110101100011111010000101111010010111100111001001,1100011011101010100100010101001110100100000001001010101111111001001010111110111101101100000010010101000110110110110101000000101100000101110111001010101100110001001010101100010001101100101000010001101110101111110101100011111010000101111010010111100111001001,True,True,True,True,0,0.032976388931274414,0.016604900360107422,0.016017436981201172,0.00033855438232421875
502519410_122267696246201038_7800811333973401430_n.jpg,1101110000001100101111010010110111111111111100111100111000001110011100010001111001100100110010101000001100011101100101101111010000000011111110111101111111011000111110100111000011111100110010000000100011010111001010000001001000000000110001110010001000000011,1101110000001100101111010010110111111111111100111100111000001110011100010001111001100100110010101000001100011101100101101111010000000011111110111101111111011000111110100111000011111100110010000000100011010111001010000001001000000000110001110010001000000011,True,True,True,True,0,0.03809714317321777,0.019929885864257812,0.01779651641845703,0.00035452842712402344
502589807_122267695700201038_4423827787696483713_n.jpg,1010101101010010110010011010010101101100101001110000001111010010010001100000110000111100100110010111100010110111011110110110000001101110010011101000011110001001010000100001101001111100101100101001010111101100001110011000011101111000110011110100101101111010,1010101101010010110010011010010101101100101001110000001111010010010001100000110000111100100110010111100010110111011110110110000001101110010011101000011110001001010000100001101001111100101100101001010111101100001110011000011101111000110011110100101101111010,True,True,True,True,0,0.03704118728637695,0.01770472526550293,0.018905162811279297,0.0004150867462158203
502756849_122267688698201038_8656088577283070560_n.jpg,1011010111010011010010001010110001100011100111000110010101000000010101101110101000110101001001101101010110101110010011000000000101100111011111110110001001010000110010110111110010011111101000001000101010001111111111101011001000101010011001010011111001100001,1011010111010011010010001010110001100011100111000110010001000000010101101110101000110101001001101101010110101110010011000000000101100111011111110110001001010000110010110111110010011111101000001000101010001111111111101011001000101110011001010011111001100001,True,True,True,True,2,0.03789925575256348,0.019762277603149414,0.017694950103759766,0.0004258155822753906
502687055_122267678624201038_6367214681414220266_n.jpg,1000011110110000000111001111000111011110011000000010100100101000100100011110011110101001011001000010110110011101111000110110111010110010111100011100001101101100101001110010011110010110100000001100100001110010110011001011001101100111101001110001001101011011,1000011110110000000111001111000111011110011000000010100100101100100100011110011110101001011001000010110110011101111000110110111010110010111100011100000101101100101001110010011110010110100000001100100001110010110011001001001101100111101001110011001101011011,True,True,True,True,4,0.033760786056518555,0.01634955406188965,0.017049312591552734,0.00034618377685546875
502462172_122267686154201038_7540340775332694748_n.jpg,1001100111001000101000110010101101010000001010110100110111010010111001010111110001101000001011010001000010011101100000100101010101111000001101010011011010010111110011111101000001000010100101010111011101011111101111011011010010100000100110111011101010100101,1001100111001000101000110010101101010000001010110100110111010010111001010111110000101000001011010001000010011101100000100101010101111000001101010011011010010111110011111101000001000010100101010111011101011111101111011011010010100000100110111011101010101101,True,True,True,True,2,0.040403127670288086,0.022359609603881836,0.01761794090270996,0.0004096031188964844
501604106_122267683448201038_9052860920142636166_n.jpg,1101011110101110101110000111110010011001011101000111010110001011111000101111101101001011001010000110101000001101111011000101001001101000000000000011010011000000110111001010111001110001011100000100100001101010010001101011110100100110101011111101001010111110,1101011110101110101110000111110010011001011101000111010110001011111000101111101101001011001010000110101000001101111011000101001001101000000000000011010011000000110111001010111001110001011100000100100001101010010001101011110100100110101011111101001010111110,True,True,True,True,0,0.0331878662109375,0.016415834426879883,0.0164034366607666,0.00035381317138671875
501528235_122267695232201038_3771022809006358903_n.jpg,1100001011000110011011101110001000111101111110000101000111010100001111000000001111010100000111110000101110111100110000011110010011010011011011001000010110001111111100110110011000100010011111101111010100000100000011101101110011101100010100110100100010011001,1100001011000110011011101110001000111101111110000101000111010100001111000000001111010100000111110000101110111100110000011110010011010011011011001000010110001111111100110110011000100010011111101111010100000100000011101101110011101100010100110100100010011001,True,True,True,True,0,0.04002237319946289,0.019993066787719727,0.019657135009765625,0.00035643577575683594
501495633_122267675378201038_8122666765894127956_n.jpg,1001010110000001110001101101010100000000110101100001000110100011011001100011001111111110000001001110100111001000010011000100100110000010001101101111001010100111101101011011100100101100101111010111100001011101101010100001011101101111101010010110101111001110,1001010110000001110001101101010100000000110101100001000110100011011001100011001111111110000001001110100111001000010011000100100110010010001101101111001010100111101101011011100100101100101011010111100001011101101010100001011101101111101010010110101111001110,True,True,True,True,2,0.03696775436401367,0.018897533416748047,0.01770615577697754,0.00034737586975097656
501583108_122267691410201038_671591856126646873_n.jpg,1110011001100111101000110000001111011000011111001110100101000111011001100001001100111010010000111110000110001101101001100001000000001001101011110111111110000100011011101010001100000011111000010101010110001011111100001111100111100001010100101010111100011110,1110011001100111101000010000001111011000011111001110100101000111011001100001001100111010010000111110000110001101101001100001000000001001101011110111111110100100011011101010001100000011111000010101010110001011111100001111100111100001010100101010111100011110,True,True,True,True,2,0.0378880500793457,0.019910573959350586,0.01761007308959961,0.00035119056701660156
502490703_122267688902201038_4963827642601512632_n.jpg,1011110000010000100111100010110011000010010111111110000101111111001101101001000110010011110000010010100111000000111111001110011001101100011111110000011100111101000100110001100001111100001001001111111010000000110100111100101101000001111001111110010001110000,1011110000010000100111100010110011000010010111111110000101111111001101101001000110010011110000010010100111000000111111001110011001101100011111110000011100111101000100110001100001111100001001001111111010000000110100111100101101000001111001111110010001110000,True,True,True,True,0,0.03869509696960449,0.019295692443847656,0.01903533935546875,0.0003485679626464844
502494961_122267671154201038_7559765373579683182_n.jpg,1010101011010000100101001010100110010101111011100000111001110110000110011001010011100111011010000110001000100000110011000000001010011101001010001000011100011010111010110101011111101001011111001010011100111010101101110001000010011110011111010100101111011101,1010101011010000100101001010100110010101111011100000111001110110000110011001010011100111011010000110001000100000110011000000001010011101001010001000011100011010111010110101011111101001011111001010011100111010101101110001000010011110011111010100101111011101,True,True,True,True,0,0.036229610443115234,0.01686382293701172,0.018990278244018555,0.0003592967987060547
502528843_122267677466201038_7632316368122469963_n.jpg,1101010010011100101010001111001000010001010110100011011111011110110010111010001011011010110010111111001110101111100000010100100101100101110001001100010100101010110111100100001100110001000011010111101011001011000100111011010011101000011100010010110011000010,1101010010011100101010001111001000010001010110100011011111011110110010111010001011011010110010111111001110101111100000010100100101100101110001001100010100101010110111100100001100110001000011010111101011001011000100111011010011101000011100010010110011000010,True,True,True,True,0,0.03322315216064453,0.016435861587524414,0.016432762145996094,0.00033855438232421875
502580529_122267693600201038_6365532430282174147_n.jpg,1011100010010101111110100101111111101001011000000100010110111010101001011100100101100111011001001010010011100011100110010100110101100110100001110110011010110101100100111100101010011000110110011101001001000100101000011010001011010011010101110011001001100010,1011100010010101111110100101111111101001011000000100010110111010101001011100100101100111011001001010010011100011100110010100110101100110100001110110011010110101100100111100101010011000110110011101001001000100101000011010001011010011010101110011001001100010,True,True,True,True,0,0.02081918716430664,0.007254600524902344,0.013229131698608398,0.00032019615173339844
502522741_122267684252201038_2745440894140375552_n.jpg,1101010010101001100101010010100111010001101010101011010000101010101101010110001111010100111100101110100111001110011110100001100000001111011100111100000011110010111101001010011001100001011010110010110011001000000010101101100110110100100100111100110100110011,1101010010101001100101010010100111010001101010101011010000101010101101010110001111010100111100101110100111001110011110100001100000001111011100111100000011110010111101001010011001100001011010110010110011001000000010101101100110110100100100111100110100110011,True,True,True,True,0,0.029027223587036133,0.013024091720581055,0.01565098762512207,0.00033664703369140625
502467946_122267678372201038_7111167680672199317_n.jpg,1000011101100000001001000111101101101001010101100101000111100110101101111010101101111111100101000111100000011100011000010110101010010101110001110001111010000111110010000111100001100101110110011101111100100001001100101011110111001011000100000000100111001001,1000011101100000001001000111101101101001010101100101000111100110101101111010101101111111100101000111100000011100011000010110101010010101110001110001111010000111110010000111100001100101110110011101111100100001001100101011110111001011000100000000100111001001,True,True,True,True,0,0.03800344467163086,0.01980876922607422,0.017740488052368164,0.0004382133483886719
502711458_122267677262201038_3755975513173334224_n.jpg,1101010001101001000111010101011011011110101010100000010111100001100110001001001001010110011111101110101011000111100000010111111101011111111010011100100000010101100000010110101000100110101000010010101110011010011110100000101011010110100101101100011110100001,1101010001101001000111010101011011011110101010100000010111100001100110001001001001010110011111101110101011000111100000010111111101011111111010011100100000010101100000010110101000100110101000010010101110010110011110100000101011010110100101101100011110100001,True,True,True,True,2,0.03996992111206055,0.021553993225097656,0.017772674560546875,0.0006265640258789062
502522979_122267686016201038_5015546733688037432_n.jpg,1000000111001001011100111101101111111110101000101000110000100010100010010111000000010101110111001111001101011100101110010110110010010010101001100010010010000011011011001101101111001100110111100001010011011000110111010011100101101110001010011110001010000011,1000000111001001011100111101101111111110101000101000110000100011100010010111000000010101110111001111001101011100101110010110110010010010101001100010010010000011011011001101101111001100110111100001010011011000110111010011100101101110000010011110001010000011,True,True,True,True,2,0.03816628456115723,0.020056486129760742,0.017736196517944336,0.00035691261291503906
502464314_122267686226201038_1463296395889440245_n.jpg,1101001011000101100110001111000000011011010011110001101001001011100111100101000101000010000111000110110100111100111000110110111100111001001010111101001111000001110010001101000100000011011100010101001101101001001111001111101011100101101100101001110100100101,1101001011000101100110001111000000011011010011110001101001001011100111100101000101000010000111000110110100111100111000110110111100111001001010111101001111000001110010001101000100000011011100010101001101101001001111001111101011100101101100101001110100100101,True,True,True,True,0,0.03795790672302246,0.019693851470947266,0.017847537994384766,0.0004000663757324219
502474747_122267689232201038_4956533997825992705_n.jpg,1100000110111111011111100100100001010000001101110110000110010001001111111110101010100110001001111101101100010010111100101100110010101111101010001011000001110111000001110100110011011000101101010111100101111000000101110000001100001110100001000111000011111000,1100000110111111011111100100100001010000001101110110000110010001001111111110101010100110001001111101101100010010111100101100110010101111101010001011000001110111000001110100111011011000101101010111100101111000000101110000001100001110000001000111000011111000,True,True,True,True,2,0.03759121894836426,0.019279956817626953,0.01776576042175293,0.0005290508270263672
501485527_122267671178201038_4339139369056749044_n.jpg,1101011101001111001000001110110011100011111100000011011000001101100000001111101001101111101001111101100000001110001111011100110111110000000011010011001011111110001101001110010110000011001000011111101110000100110010001000001101011000010111100111001010101000,1101011101001111001000001110110011100011111100000011011000001101100000001111101001101111101001111101100000001110001111011100110111110000000011010011001011111110001101001110010110000011001000011111101110000100110010001000001101011000010111100111001010101000,True,True,True,True,0,0.039264678955078125,0.02125406265258789,0.0176544189453125,0.0003402233123779297
502459514_122267677586201038_2346798104227148311_n.jpg,1111100101011111100001101100110110110010111000000011111010100101111010001010000111011000110010001000011100000111100000110011011100000100011111100111110011000100010111111001100001011111100110011101011011100000100101001110001010100000011011001011000100011101,1111100101011111100001101100110110110010111000000011111010100101111010001010000111011000110010001000011100000111100000110011011100000101011111100111110011000100010111111001100001011111100110011101011011100000100101001110001010100000011011001011000100011100,True,True,True,True,2,0.03784465789794922,0.019748449325561523,0.017720937728881836,0.0003600120544433594
501341466_122267681138201038_5294472404664634022_n.jpg,1000110001110001100000010001001100110101000101010111101001100110110100010111100101100001110001101111100110110011010011010010010101001001001110101101101100101000111010111010111010001010101100111001100000010010101101101111011001010001101010111101001000101101,1000110001110001100000010001001100110101000101010111101001100110110100010111100111100001110001101111100110110011010011010000010101001001001110101101101100101000111010111010111010001010101100111001100000010010101101101111011001010001101010111101001000101101,True,True,True,True,2,0.03705310821533203,0.020359039306640625,0.01633477210998535,0.0003428459167480469
502455593_122267684444201038_2853947194648420176_n.jpg,1111101000100011111101110101001011001001111001101011110010010001100100100001110101001000001000001011001011001111010010001111110010100110100100010110001101001010110111010011110000101010110011111001001101110000111010001010011101111001100100001100011000001111,1111101000100011111101110101001011001001111001101011110010010001100100100001110101001000001000001011001011001111010010001111110010100110100100010110001101001010110111010011110000101010110011111001001101110000111010001010011101111001100100001100011000001111,True,True,True,True,0,0.039155006408691406,0.01979994773864746,0.018983840942382812,0.00035572052001953125
501645404_122267688146201038_3954280570259983699_n.jpg,1001000101010101010000100011001100101011100011100001110001100011001101100111001110000011010111100001011010001010011110001101000010001000011011011010011101111111011001110001111110011100011000111110011111000110000101111010100001110000100111001110011100100110,1001000101010101010000100011001100101011100011100001110001100011001101100111001110000011010111100001011010001010011110001101000010001000011011011010011101111111011001110001111110011100011000111110011111000110000101111010100001110000100111001110011100100110,True,True,True,True,0,0.0442357063293457,0.025649070739746094,0.018090009689331055,0.0004811286926269531
501380345_122267683910201038_5001804192051879491_n.jpg,1001110100101010100000001010010111100110010010001110010100101011011110011011011000011101100010011000011001101011110001100111011001011001101010011011000110001001111001000110011110111100011100100101101110011001111000111000100110000111110001100001100011100110,1001110100101010100000001010010111100110010010001110010100101011011110011011011000011101100010011000011001101011110001100111011001011001101010011011000110001001111001000110011110111100011100100101101110011001111000111000100110000111110001100001100011100110,True,True,True,True,0,0.03576254844665527,0.017716646194458008,0.01768016815185547,0.00034999847412109375
502463524_122267675750201038_7257768975684854741_n.jpg,1101111100101001000000101111010101101101100100110000010110110010110110110110111100000110010010001000010010111011011111001100011000001001101111001111111100100011000100111111110011110110010011010000110110110000011001001001011010011001001001000100001001101101,1101111100101001000000101111010101101101100100110000010110110010110110110110011100000110010010001000010010111011011111001100001000001001101111001111111100100011000100111111110011110110010011010000110110110000011001001011011010011001001001000100001101101101,True,True,True,True,4,0.036397695541381836,0.01840353012084961,0.017633914947509766,0.0003440380096435547
502698763_122267696912201038_8357674729392402459_n.jpg,1110011011101100010001000010100010011001010100110011100111010110110110000011000010010001101010111100011111011010000110100001010011010010111001110100100101101000011010100101001000100111100101110110110001111100010011011100100010110011100010111011111000111011,1110011011101100010001000010100010011001010100110011100111010110110110000011000010010001101010111100011111011010000110100001010011010010111001110100100101101000011010100101001000100111100101110110110001111100010011011100100010110011100010111011111000111011,True,True,True,True,0,0.04759931564331055,0.02811288833618164,0.018947124481201172,0.0005233287811279297
501543856_122267690780201038_8420747652879090892_n.jpg,1001000111100110110000011101101101011000010110001011100001001000100110111011111101010010101101111100110011001001101010000111101000100001010110111000110001001101011001011100100101100001111000011001101001110110110101000110011001110101100111010000101110000101,1001000111100110110000011101101101011000010110001011100001001000100110111011111101010010101101111100110011001001101010000111101010100001010110111000110001001101011001011100100101100001101000011001101001110110110101000110011001110101100111010000101110000101,True,True,True,True,2,0.048146724700927734,0.027366161346435547,0.020291566848754883,0.0004737377166748047
501603851_122267677184201038_3035584839075340569_n.jpg,1101111100110100100100000111001101100110110010100001100011110011011000111001011011011100111000011101000100001001010011100110011000101001110101101011111000110001110110001110110101000111101110000011110001100110001100110001100010011010011101011100100010000101,110111110011010010010000011000110110011011001010000110001111001101100011100101101101110011100001110100010000100101001110011001100010100111010110101111100011000111011000111011010100011110111000001111000110011000110011000110001001,True,True,True,False,1,0.03711271286010742,0.018743038177490234,0.017576217651367188,0.0007789134979248047
501483982_122267697812201038_1236872958959061619_n.jpg,1101101000011100011100010111111100101111011100011110011100001110011001001111001001011100100101000001110010001111100110110010001010000011100101011100110010100101100001100110110011011000100000000011101101110111001000011001100011110110111101011000011000110010,1101101000011100011100010111111100101111011100011110011100001110011001001111001001011100100101000001110010001111100110110010001010000011100101011100110010100101100001100110110011011000100000000011101101110111001000011001100011110110111101011000011000110010,True,True,True,True,0,0.021238088607788086,0.0075871944427490234,0.013313770294189453,0.0003211498260498047
502465849_122267674634201038_8485169526033414418_n.jpg,1110100110011000110101000110011011101010100100101001100101011100001111000000011101101000001011110100000111010010000001100001000000110111111001111110000110100100101011100101011100001101011001011101100011110110110110111110000101000011111101100010011101010101,1110100110011000110101000110011011101010100100101001100101011100001111000000011101101000001011110100000111010010000001100001000000110111111001111110000110100100101011100101011100001101011001011101100011110110110110111110000101000011111101100010011101010101,True,True,True,True,0,0.039464712142944336,0.0212709903717041,0.017739295959472656,0.00043773651123046875
501474667_122267677022201038_6431399694240885685_n.jpg,1001101011111010101110110111100101000001000000010100111001011000011001011101111100110011100011100011101001100100110111010001000110110001001101101101110011011110110011100110010100101101100001111001000110011000100101001110000001100010001001100011000111001111,1001101011111010101110110111100101000001000000010100111001011000011001011101111100110011100011101011101001100100110111010001000110110001001101101100110011011110110011100110010100101101100001111001000110011000100101001110000001100010001001100011000111001111,True,True,True,True,2,0.03727579116821289,0.019260883331298828,0.017583847045898438,0.0004143714904785156
501625011_122267681522201038_2359797494418920030_n.jpg,1111001011011110100010010010010100011100001100111101010110100111101010001101101000011100100011111101100111001100000110110101100011110011101101010111011000010000001001100011110101100010010000100101110000101001000010111100011011111000011000100001111110101101,1111001011011110100010010010010100011100001100111101010110100111101010001101101000011100100011111101100111001100000110110101100011110011101101010111011000010000001001100011110101100010010000100101110000101001000010111100011011111000011000100001111110101101,True,True,True,True,0,0.03564810752868652,0.017596960067749023,0.017690420150756836,0.0003452301025390625
501263749_122267687054201038_911065633997350965_n.jpg,1111010011110000011000000110110010110001000110000011010010110000111111100100111000000001100110001111011011000001001110111111111011000101011111100011101011111111110000000000111100111110010000001001000100111000010001111011000010110011111001101100000100101111,1111010011110000011000000110110010110001000110000011010010110000111111100100111000000001100110001111011011000001001110111111111011000101011111100011101011111111110000000000111100111110010000001001000100111000010001111011000010110011111001101100000100101111,True,True,True,True,0,0.033557891845703125,0.016491413116455078,0.016619443893432617,0.000431060791015625
502483718_122267679626201038_5037846890242321871_n.jpg,1101101000001010110110001001001011101010011101111011011001110101111010111010011100101101110010011011110110110110000101000011010000000100000111011000001000000110000111011010101110000001011001010111010110100010111011010000100010110110100110101001111001111010,1101101000001010110110001001001011101010011101111011011001110101111010111010011100101101110010011011110110110110000101000011010000000100000111011000001000000110000111011010101110000001011001010111010110100010111011010000100010110110100110101001111001111010,True,True,True,True,0,0.041417837142944336,0.02339768409729004,0.017611980438232422,0.00039267539978027344
502699309_122267692280201038_3584541840884614731_n.jpg,1110101001010010101000011010011111011111000000111101000010111100110111111000100101001100001111101000110011000000011000000111100001011101001010000111001000110011110101111001101010110011101100110111101110000110001100110001010110101101010011110111100000100000,1110101001010010101000011010011111011111000000111101000010111100110111111000100101001100001111101000110011000000011000000111100001011101001010000111001000110011110101111001101010110011101100110111101110000110001100110001010110101101010011110111100000100000,True,True,True,True,0,0.04157614707946777,0.022550582885742188,0.018663883209228516,0.00034618377685546875
501466369_122267672972201038_8083891915224924620_n.jpg,1001100110010010001001100110100101110010011001101110010011000110000110011001100111011001100110010110011001100100011001100110011001100110011001101001100110011001100110011001100111100110011001000011001001100110111001001101101111011001110110011001100110001101,1001100110010010001001100110100101110010011001101110010011000110000110011001100111011001100110010110011001100100011001100110011001100110011001101001100110011001100110011001100111100110011001000011001001100110111001001101101111011001110110011001100110001101,True,True,True,True,0,0.03578472137451172,0.01783919334411621,0.017581701278686523,0.0003478527069091797
502490703_122267686436201038_5666288437133678152_n.jpg,1100010010011101100110110010010100010110101010111010011001011100010001110110111001011111010101010000100100000010110101111100011001010010110000111110001010110001101010011011000111001001011011010101001111001101011001001100110010010101010100101001010111101010,1100010010011101100110110010010100010110101010111010011001011100010001110110111001011111010101010000100100000010110101111100011001010010110000111110001010110001101010011011000111001001011011010101001111001101011001001100110010010101010100101001010111101010,True,True,True,True,0,0.032027482986450195,0.015431642532348633,0.016245126724243164,0.0003345012664794922
502530986_122267686826201038_4503454359539326507_n.jpg,1100000111110010111000011101001000111110000011000011111000011100001110101110100111000001111001111101001001001001001000111100000000110100000110111101110000011111110001111000000000111011101001000111010101011001110000111111001110001000110111100011111000011110,1100000111110010111000011101001000111110000011000011111000011100000110101110100111001001111001111101001001001001001000111100000000110100000110111101110000011111110001111000000000111011111001000111010101011001110000111110001110001000110111100011111000011110,True,True,True,True,4,0.03733372688293457,0.019287109375,0.0176851749420166,0.00034499168395996094
502462138_122267698016201038_4188387741675840547_n.jpg,1101101010011111111010111100000111101001011000011000011110000111100001000001110010000100100111101001111000101011100111100010101110011000111001010001100111110100011100011001110111011001110100000111100100110110011000010001001000100111000100000000111111110011,1101101010011111111010111100000111101001011000011000011110000111100001000001110010000100100111101001111000101011100111100010101110011000111001010001100111110100011100011001110111011001110100000111100100110110011000010001001000100111000100000000111111110011,True,True,True,True,0,0.020944595336914062,0.007379770278930664,0.013234376907348633,0.00031375885009765625
502607733_122267687462201038_9016908945362176850_n.jpg,1001100001100001110000111000111000111100001101100111000111010011100101110001111100111000011010010110010110001001100111000011011010010111101101100011010010001111110010011110100010010110001101010011000011100101110011011000110011011001001100110011001011010010,1001100001100001110000111000111000111100001101100111000011010011100101110001111100111000011010010110010110001001100111000011011010010111101101100011010010001111110010011110100010010110001101010011000011100101110011011000110011011011001100110011001011010010,True,True,True,True,2,0.03490042686462402,0.016806364059448242,0.01772451400756836,0.00035262107849121094
501379356_122267683394201038_6879617888380511584_n.jpg,1101000111000100110011010000000110100100111100010010101101011110011010001011010101111111110011111101010000111100100111111101001110101101001011010000000011110000011010100000111101001000101101010101010011010010100000110000110110010101001101000111111010100011,1101000111000100110011010000000110100100111100010010101101011110011010001011010101111111110011111101010000111100100111111101001110101101001011010000000011110000011010100000111101001000101101010101010011010010100000110000110110010101001101000111111010100011,True,True,True,True,0,0.03795361518859863,0.019922971725463867,0.017665624618530273,0.0003495216369628906
502604850_122267673992201038_7165717158837960065_n.jpg,1101110001100000000100011101110011110001100011011010000011110001010010011000100110011001101111010110001100110000100011110001111101110000011110001000001101100111001111100011111011110010001100010001111000100011101100110110111010110111010000000111000010110111,1101110001100000000100011101110011110001100011011010000011110001010011011000100110011001101111010110001100110000100011110001111101110000011110001000001101100111001111100011111011110010001100010000111000100011101100110110111010110111010000000111000010110111,True,True,True,True,2,0.03553295135498047,0.018247365951538086,0.016921520233154297,0.00034737586975097656
502462137_122267693810201038_7276600931612121108_n.jpg,1001010101010101111000001010101101101010111111110111111111100001001010100000110010000001111100111100011111011101001101000011111101101010000001111111110010111000000010011100000000110110001011111100000000000001110111011101000000000001000000001011011101111111,1001010101010101111000001010101101101010111111110111111111100001001010100000110010000001111100111100011111010101001101000011111101101010000001111111110010111000000010111100000000110110001011111100000000000001110111011101000000000001000000001011011101111111,True,True,True,True,2,0.03853201866149902,0.02063155174255371,0.017531871795654297,0.0003516674041748047
501637420_122267685482201038_6423151518794838716_n.jpg,1001101100110001100110111001100100101101010101011000111000111110001111110100101011000111001011010001101000001111011010011100001111010101101001000010000110111100001011001011011001111110000000101010001000011011011110101101100001011101000101000001110100101101,1001101100110001100110111001100100101101010101011000111000111110001111110100101011000111001011010001101000001111011010011100001111010101101001000010000110111100001011001011011001111110000000101010001000011011011110101101100001011101000101000001110100101101,True,True,True,True,0,0.04803919792175293,0.029924392700195312,0.017666339874267578,0.00043272972106933594
501608672_122267674730201038_7181690365706905109_n.jpg,1101001101010001100111011101110000100101110101101000101101110001010110100100110111100110101101100001010010100000110001011010100000111101011010100111001101011110100011001101010001100001100101010011011000101101100110011010001101100011101110100010110011001010,1101001101010001100111011101110000100101110101101000101101110001010110100100110111100110101101100001010010100000110001011010101000111101011010100111001101011110100011001101010001100001100101010011011000101101100110011010001101100011101110100010110011000010,True,True,True,True,2,0.039549827575683594,0.021457910537719727,0.017720699310302734,0.00035500526428222656
502149016_122267674094201038_4831298491777569572_n.jpg,1001011001111110011110111110000010001000110011110101000011011100100111000110100001110000110011111001100010100001000010101101111111011001100000001010101011001111010111000001000110001000111111110110001000000000100011001011111011100010100010101001101110111111,1001011001111110011110111110000010001000110011110101000011011100100111000110100001110000110011111001100010100001000010101101111111011001100000001010101011001111010111000000000110001000111111110110001000000000100110011011111011100010100010101001101110111111,True,True,True,True,4,0.04259657859802246,0.024550914764404297,0.017609596252441406,0.00041985511779785156
502139698_122267690120201038_4154374128835953770_n.jpg,1011001111111000000010111111011100001101010100100010010101011000000010011110111100101101010010100010000101000000010111010100001001111101000000101110111100000010001111100010110111010111111111001000111111111010110101011011111110001001110000111000010000001100,1011001111111000000010111111011100001101010100100010010101011000000010011110111000101101010010100010000101000000010111010100001001111101000000101110111100000011001110100010110111010111111111001000111111111010110101011011111110001001110000111000010001001100,True,True,True,True,4,0.037764787673950195,0.01986527442932129,0.0175325870513916,0.00035119056701660156
502453582_122267697332201038_6724317745741477881_n.jpg,1010010011010001010010110010101100101001011101000111000010011011011011110011011100011001101000001110101011010111110101010010100000001010011101010011010111011010000110101010110111100101010100101001010010100111010110110101110000100101101110110001101001100100,1010010011010001010010110010101100101001011101000111000010011011011011110011011100011001101000001110101011010111110101010010100001001010011101010011010111011010000110101010110111100101010100101001010010100111010110110101110000100101101100110001101001100100,True,True,True,True,2,0.03191566467285156,0.014934539794921875,0.016622543334960938,0.0003421306610107422
501403891_122267689070201038_3940983000349701343_n.jpg,1000000101010101110110000110001101111011010101001110010110011100011011100001101010011010010011111100110101110011100111011011100010100110110011000100111001100110100000111100001011000100011001001000001001111001010011001001100011011001011010110110110010101011,1000000101010101110110000110001101111011010101001110010110011100011011100001101010011010010011111100110101100011100111011011100010100110110011000101111001100110100000111100001011000100011001001000001001111001010011001001100011011001011010110110110010101011,True,True,True,True,2,0.04301953315734863,0.02389979362487793,0.01874828338623047,0.0003554821014404297
502609215_122267673926201038_5240212309576520868_n.jpg,1000111000001001011100011100001010111101001101100011110011100010011001110001110110001000011100100111100100000110111011100001100010010001110001110110101111111000110001100111100110011000100011100111000000100001110111101010000010011001110111100110001100111111,1000111000001001011100011100001010111101001101100011110011100011011001110001110110001000011100100111100100000110111011100001100010010001110001110110101111111000110001100011100110011000100011100111000001100001110101101010000010011001110111100110001100111111,True,True,True,True,4,0.03729128837585449,0.019049882888793945,0.017632484436035156,0.0005929470062255859
501357321_122267678474201038_3358735795689593030_n.jpg,1001011101010001011111100011110000011001101001101000000111110111011001100001100110110111100010100110101001100100110000100110100110011101100011101100100110000110100101100001100101111001100110000100110100110111001100100100100101101101000100111001011011100111,1001011101010001011111100011110000011001101001101000000111110111011001100001100110110111100010100110101001100100110000100110100110011101100011101100100110000110100101100001100101111001100110000100110100110111001100100100100101101101000100111001011011100111,True,True,True,True,0,0.03916597366333008,0.021276235580444336,0.017526626586914062,0.00034689903259277344
501388888_122267688116201038_1394349167040822159_n.jpg,1001001110011000100101110111000001001100011000111100110001001101100100110011001010001110110100010101110011001100111101100010110011010010111111110100100101001001110011110011001001110110101100100011011110010001001001111001010000110111100101000011001100011001,1001001110011000100101110111000001001100011000111100110001001101100100110011001010001110110100010101110011001100111101100010110011010010111111110100100101001001110011110011001001110110101100100011011110010001001001111001010000110111100101000011001100011001,True,True,True,True,0,0.037752628326416016,0.019789457321166992,0.017596006393432617,0.00035071372985839844
502471940_122267689178201038_3505565772838090023_n.jpg,1011111111010100110000001000101001000011111111011000111000000000010111000111101110001000111101011101001111000010001010010100111101100110101111000011000101010100001100111011000111000111010100110110011011101101001001100101110011000110011001001001100101101100,1011111111010100110000001000101001000011111111011000111000000000010111000111101110001000111101011101001111000010001010010100111101100110101111000011000101010100001100111011000111000111010100110110011011101101001001100101110011000110011001001001100101101100,True,True,True,True,0,0.036316871643066406,0.018259286880493164,0.017688512802124023,0.0003533363342285156
502523407_122267683676201038_4749429568195536321_n.jpg,1000100100010000010000000110111101010010110011111100111100010000101110011101110100110100111011010100011100101101110111010010001111011000100000101111100011010110111010011100011011001101111000101100110010000010011100001000100001100110000011111111001000111111,1000100100010000010000000110111101010010110011111100111100010000101110011101110100110100111011010100011100101101110111010010001111011000100000101111100011010110111010011100011011001101111000101100110010000010011100001000100001100110000011111111001000111111,True,True,True,True,0,0.037528038024902344,0.0199735164642334,0.01713275909423828,0.0004050731658935547
502526840_122267687516201038_3188021514498721738_n.jpg,1001111010011000001010011100011101101001010101101100011100111001100101110110001101111110001101000110100011011000011000011100001111011101100011101001111000111100111000011110000100011111000000110010100100011110111000011010100010001110001000001111010011000111,1001111010011000001010011100011101101001010101101100011100111001100101110110001101111110001101000110100011011000011000011100001111011101100011101001111000111100111000011110000100011111000000110010100100011110111000011010100010001110001000001111010011000111,True,True,True,True,0,0.03656482696533203,0.017345428466796875,0.01885986328125,0.0003440380096435547
502555046_122267677736201038_3134534179068490082_n.jpg,1101110000110001101100011100001011101011011101100110011000011001110110011100110100010011101111001001100100000010001011001110011000111111111111110110011001111000000000000100000011100000000111001101001100011111000100001000001100000111111011100110111110101111,1101110000110001101100011100001011101011011101100110011000011001110110011100110100010011101111001001100100000010001011001110011000111111111111110110011001111000000000000100000011100000000111001101001100011111000100001000001100000111111011100110111110101111,True,True,True,True,0,0.038178443908691406,0.018744945526123047,0.019055843353271484,0.00036144256591796875
502539987_122267690102201038_499189701818383784_n.jpg,1001011101100011101001001101111100011010100111100110101110110101001001011000010111010110011001010001101001101001001100011000100110111100100110100110110001110010011011101110010010010010110110100010100111111000110011001001010011011010000001110010001101100100,1001011101100011101001001101111100011010100111100110101110110101001001011000010111010110011001010001101001101001001100011000100110111110100110100110110001110010011011101110010010010010110110100010000111111000110011001001010011011010000001110010001101100100,True,True,True,True,2,0.036228179931640625,0.01851654052734375,0.017275333404541016,0.00041937828063964844
502474752_122267683124201038_1951401169645293847_n.jpg,1000000100110001110010101000001100111110010000000110111100111100100110011111101111110110111001111110011111000010000111001010100010111010000111001100011110000001000011100011000000110101111010011100001100001110111110000001001011111010101100011000111111011000,10000001001100011101101010000011001111100100000001101111001111000011011100110011111101111110110111001111110011111000010000111001010100010111010000111001100011110000001000011100011000000110101111010011100001100001110111110000001001011111010101100011000111111011000,False,True,True,True,84,0.041806936264038086,0.022052764892578125,0.019020557403564453,0.0007162094116210938
502528652_122267695904201038_247655666631562490_n.jpg,1101001001100111111101101100110011111101110110000101110011110011000111000110011100110111010001001010001001100011110010100011001110111110101010000001010011011100010010000111101101101001000001011011001101100100101100100011001100101101001100100100110110000000,1101001001100111111101101100110011111101110110000101110011110011000111000110011100110111010001001010001001100011110010100011001110111110101011000001010011011100010010000111101101101001000001011011001101100100101100100011001100101100001100100100110110000000,True,True,True,True,2,0.03256535530090332,0.015998363494873047,0.016207218170166016,0.0003440380096435547
501906692_122267683052201038_866546542501618102_n.jpg,1000000100110001010011001110011001001100110001101111001100111001101100110001100100001110110001100110111011100110111100010011100100000101010111111001111111000110110100010010000101000110100101101001000101111001111111110110100000111110100001101011000100010001,1000000100110001010011001110011001001100110001101111001100111001101100110001100100001110110001100110111011100110111100010011100100000101010111111001111111000110110100010010000101000110100101101001000101111001111111110110100000111110100001101011000100010001,True,True,True,True,0,0.03156018257141113,0.01484990119934082,0.01634836196899414,0.0003459453582763672
501357329_122267697584201038_7398578045293722509_n.jpg,1110101000101011001011101000101001010001110001000001000011111101110010101101100101101010001110011011000110110110110011011110010100011010000000111111001110011100101011010000110001001110111101111000110001100001011110100000001110100101001011010111000110111000,1110101000101011001011101000101001010001110001000001000011111101110010101101100101011010001110011011000110110110110011011110010100011010000000111111001110011100101011010000110001001110111101111000110001100001011110100000001110100101001011010111000110111000,True,True,True,True,2,0.030226945877075195,0.013692378997802734,0.016188621520996094,0.0003299713134765625
502465850_122267680886201038_1078472463633445608_n.jpg,1000110101101110111100101001100101010011110010110110110100100000001111100110110100010001100111111110111001010010011100010010110111000101111000101011001001111100010010001001101101001001011001100010011000011100111110001110000001100101011011011000100010100011,1000110101101110111100101001100101010011110010110110110100100000001111100110110100010001100111111110111001010010011100010010110111000101111000101011001001111100010010001001101101001001011001100010011000011100111110001110000001100101011011011000100010100011,True,True,True,True,0,0.03819131851196289,0.020112276077270508,0.01770615577697754,0.00035691261291503906
501820497_122267682668201038_2783789006682055486_n.jpg,1100010110000011110000111000111001010010101101010011100001110100001111000111100100001100111011001010001110100011111000111010101111010011100011111100010101010110110101000101010110100011101111000010111001101010001100101010101000011000011100010011010100110101,1100010110000011110000111000111001010010101101010011100001110100001111000111100100001100111011001010001110100011111000111010101111010011100011111100010101010110110101000101010110100011101111000010111001101010001100101010101000011000011100010011010100110101,True,True,True,True,0,0.034224748611450195,0.01613926887512207,0.017716646194458008,0.00035309791564941406
501268811_122267694392201038_5698732660544356943_n.jpg,1100110010110010110010110011001111010001110000000011001011001011110001101000110010011101000000101101111010010111001000110000011000111100110001111100111100111001011000110000000011011101110010011100101011101101100011010100100111111110100111001001100010100011,1100110010110010110010110011001111010001110000000011001011001011110001101000110010011101000000101101111010010111001000110000011000111100110001111100111100111001011000110000000011011101110010011100101011101101100011010100100111101110100111001001110010100011,True,True,True,True,2,0.04024648666381836,0.022191762924194336,0.017686843872070312,0.0003514289855957031
501458597_122267680364201038_8499683712353419541_n.jpg,1001100110001101010101010111001001101110001011010101101010010010001010110110010111000110100100101111101101001100001110011010011000110111010110100000001011110101110001001101001011110010011001011110110000100010000110100010110101001110100110101011001011001110,1001100110001101010101010111001001101110001011010101101010010010001010110110010111000110100100101111101101001100001110011010011000110111010110100000001011110101110001001101001011110010011001011110110000100010000110100010110101001110100110101011001011001110,True,True,True,True,0,0.03165483474731445,0.015592336654663086,0.015709877014160156,0.0003361701965332031
501268813_122267692910201038_9033104163022164731_n.jpg,1101011010001110011101100110011101001100100001111000101011000110011010011111000010110101001111100110010101001000110010010010000111100110100011100010111001100011100101100110100101001001011001101011000010100110101110101101000111101011011100110000111001011000,1101011010001110011101100110011101001100100001111000101011000110011010011111000010110101001111100110010101001000110010010010000111100110100011100010111001100011100101100110100101001001011001101011000010100110101110101101000111101011011100110000111001011000,True,True,True,True,0,0.043770790100097656,0.024652719497680664,0.01875138282775879,0.0003504753112792969
502907217_122267688464201038_7999988986879876905_n.jpg,1001111011111110000111001110111001110000111011010001001111111111000101111001000010010100001001001011010100100110111011010010001011101100001010110110101001101111001000110110110000000010010010101011001011011000101101101000000001111100000100110110011011010010,1001111011111110000111001110111001110000111011010001001111111111000101111001000010010100001001001011010100100110111011010010001011101100001010110110101001101111001000110110110000000010010010101011001011011000101101101000000001111100000100110110011011010010,True,True,True,True,0,0.03854012489318848,0.02043771743774414,0.017726659774780273,0.0003590583801269531
502683769_122267681144201038_8376492421090833943_n.jpg,1101100000011110110011111000010101000110100100101100011100011001010011011000010111001110101110011100110011111011100011000111000100110110100110010001110011011011110011000110000000110010010111100011001011011100000100110000110011011010011000101101100010111110,1101100000011110110011111000010101000110100100101100011100011001010011011000010111001110101110011100110011111011100011000111000100110110100110010001110011011011110011000110000000110010010111100011001011011100000100110000110011011010011000101101100010111110,True,True,True,True,0,0.03596782684326172,0.017925262451171875,0.017672300338745117,0.0003552436828613281
501526159_122267690336201038_5348618931096721462_n.jpg,1110111001010010100100111001100000010011110011111100110011100110101101101001001111000010001000111111100100001000000101000001100111100001110100110011001000100101100101110000100111000100011111001100110001011101110001110110001100111110111100010011111000011110,1110111001010010100100111001100000010011110011111100110011100110101101101001001111000010001000111111100100001000000101000001100111100001110100110011001000100101100101110000100111000100010111001100110001011101110001110110001100111110111100010011111000011111,True,True,True,True,2,0.03803730010986328,0.019855022430419922,0.017682313919067383,0.0004832744598388672
501995175_122267674262201038_7682286058611827224_n.jpg,1101010000110111101001011001000100000100110010000001101001111010010010000111111111000100100101010001100111100000101100111101010011100110101111010101101101001011111100011000011110001101001100100011111000011100011100100000110111001001110000111001110110110110,1101010000110111101001011001000100000100110010000001101001111010010010000111111111000100100101010001100111100000101100111101010011100110101111010101101101001011111100011000011110001101001100100011111000011100011100100000110111001001110000111001110110110110,True,True,True,True,0,0.036727190017700195,0.018662214279174805,0.017634868621826172,0.00041413307189941406
502709822_122267694752201038_8458128506277903842_n.jpg,1101000110111001001000011110000011011111100000110011000100111001000011111001001001100000101110010111110000100100101010000101110110111000010110101101001110000100000001101011011111001110110010010101010010101110011111101110111101110011011001000010101101001001,1101000110111001001000011110000011011111100000110011000100111001000011111001001001100000101110010111110000100100101010000101110110111000010110101101001110000100000001101011011111001110110010010101010010101110011111101110111101110011011001000010101101001001,True,True,True,True,0,0.038394927978515625,0.020273923873901367,0.017754554748535156,0.0003502368927001953
502526648_122267685926201038_3074836516988353307_n.jpg,1100100000011110010100111100000111010010111000111010111000001110001111010100110011010010111110110010010001111101100001010100100010110010110101101010001110011111000111100010101010011100010000100110011011110100101001110011100111101001110000100111000110010100,1100100000011110010100111100000111010010111000111010111000001110001111010100110011010010111110110010010001111101100001010100100011110010110101101010001110011111000111100010100010011100010000100110011011110100101001110011100111101001110000100111000110010100,True,True,True,True,2,0.04119682312011719,0.023059606552124023,0.017704486846923828,0.00041794776916503906
501629475_122267686898201038_6534314933305963081_n.jpg,1010010011010001010010110010101100101001011101000111000010011011011011110011011100011001101000001110101011010111110101010010100000001010011101010011010111011010000110101010110111100101010100101001010010100111010110110101110000100101101110110001101001100100,1010010011010001010010110010101100101001011101000111000010011011011011110011011100011001101000001110101011010111110101010010100001001010011101010011010111011010000110101010110111100101010100101001010010100111010110110101110000100101101100110001101001100100,True,True,True,True,2,0.03195667266845703,0.015079021453857422,0.016515731811523438,0.0003464221954345703
501517343_122267694536201038_1168341529287893194_n.jpg,1011010100000100110111100000001111000000111110101101001000111011110000111110010100011101100110110100010100100110100011100111001111001001100011110011010011011000011101100101010111011000111110100001110101100100001100001111000100110011100010010101011101000110,1011010100000100110111100000001111000000111110001101001000111011110000111110010100011101100110110100010100100110100011100111001111001001100011110011010011011000011101100101010111011000111110100001110101100100001100001111000100110011100010011101011101000110,True,True,True,True,2,0.021105051040649414,0.007135629653930664,0.013554096221923828,0.00039958953857421875
501460336_122267698094201038_7502695337969380032_n.jpg,1001111010011000001010011100011101101001010101101100011100111001100101110110001101111110001101000110100011011000011000011100001111011101100011101001111000111100111000011110000100011111000000110010100100011110111000011010100010001110001000001111010011000111,1001111010011000001010011100011101101001010101101100011100111001100101110110001101111110001101000110100011011000011000011100001111011101100011101001111000111100111000011110000100011111000000110010100100011110111000011010100010001110001000001111010011000111,True,True,True,True,0,0.037288665771484375,0.017601728439331055,0.019285917282104492,0.00038504600524902344
502753940_122267674934201038_4588178412701520271_n.jpg,1100111100110011100100110111100000110011010011000110000010001110110011001011001100101101001100010110101100110110110001111000011011000110111001001011011001110001001101101100100110011000110011000110001001000100011001101100100011100111100110111001110100111001,1100111100110011100100110111100000110011010011000110000011001110110011001011001100101101001100010110101100110110110001111000011011000110111001001011011001110001001101101100100110011000110011000110001001000100011001101101100011000111100110111001100100111001,True,True,True,True,4,0.03617143630981445,0.0181121826171875,0.017699480056762695,0.00034332275390625
501531259_122267678876201038_5847525240290806362_n.jpg,1010000110001011010001111111110011011101011110000011101000110011100001110000011101101001110011100101001010110001010110000111001100101000110011000011011000110000010010011110101110101111110011001001010001110010110010010011001001100110100111011001100101110100,1010000110001011010001111111110011011101011110000011101000110011100001110000011101101001110011100101001010110001010110000111001100101000110011000011011000110000010010011110101110101111110011001001010001110010110010010011001001100110100111011001100101110100,True,True,True,True,0,0.03684806823730469,0.01842331886291504,0.017827510833740234,0.0005822181701660156
502466880_122267674490201038_9092615378498131177_n.jpg,1111010100110110110010101100011010111101000100011001001101011001000111000011011100110000110100111110101100001100011001001111011001001011010010110100110000110000010110001000001101011010001111001111001111100011111100111000111000000110101110000001011001110011,1111010100110110110010101100011010111101000100011001001101011001000111000011011100110000110100111110101100001100011001001111011001001011010010110100110000110000010110001000001101011010001111001111001111100011111100111000111000000110101110000001011001110011,True,True,True,True,0,0.03564596176147461,0.017629146575927734,0.017652511596679688,0.0003483295440673828
501703414_122267679656201038_3448879584493322846_n.jpg,1111111000011010000000011010010100000000010111001111111101010000000001011011111111111010010111100110000010100000110110000011111100111011010000101110110000111101010010011111010010010111000100110110010010101101110000001111100010110111011000110110101100000101,1111111000011010000000011010010100000000010111001111111101010000000001011011111111111010010111100110000010100000110110000011111100111011010000101110110000111101010010011111010010010111000100110110010010101101110000001111100010110111011000110110101100000101,True,True,True,True,0,0.03794670104980469,0.019906044006347656,0.01767730712890625,0.0003483295440673828
501647820_122267682872201038_233001995362342452_n.jpg,1110111010001101101111111111001010110101010101101100000000011001011111111110001100110010000001100100100110111000110110001101110000111101100000010011100111100111100101011101100010100000000101100011011100100101001000100110011110010011011110001100100000110100,1110111010001101101111111111001010110101010101101100000000011001011111111110001100110010000001100100100110111000110110001101111000111101100000010011100111100111100101011101100010100000000101100011011100100101001000100110011110000011011110001100100000110100,True,True,True,True,2,0.04140424728393555,0.022748231887817383,0.018288373947143555,0.00035119056701660156
502459177_122267691008201038_6847932236926726253_n.jpg,1100000110011001100111000100101101101011011101110101011010100100000101001011010001100111000111010011110011001011110000011101101010011010000101001111000011100110011001110100111001101100111100110100001010110101000111100001100110110001010000111100111100001100,1100000110011001100111000100101101101011011101110101011010100100000101001011010001100111000111010011110011001011110000011101101010011010000101001111000011100110011001110000111001101100111100110100001010110101000111100001100110110001010001111100111100001100,True,True,True,True,2,0.0378878116607666,0.019878625869750977,0.017646074295043945,0.000347137451171875
501606809_122267691332201038_4864634349220687800_n.jpg,1000011101101100100110011110000010001111111100001100001011111100011000111000010101100110011000110010000111001100011001010000111101110001000000110101001101111000011010011100001110101101110010111010010001111000001101001111110010110010001011111011101000101011,1000011101101100100110011110000010001111111100001100001011111100011000111000010101100110011000110010000111001100011001010000111101110001000000110101001101111000011010011100001110101101110010111010010001111000001101001111110010110010001011111011101000101011,True,True,True,True,0,0.03875160217285156,0.020739316940307617,0.01757955551147461,0.0004169940948486328
502487123_122267685812201038_5265341187501271101_n.jpg,1011010111010100010110100110100000011110000001111110011000000011111001111111000010100101101100110111100000100011011110111001111010100000100101111101110001101000101110010101100101101010100101110000110100100010100111100110000011010010110111000110001101101000,1011010111010100010110100110100000011110000001111110011000000011111001111111000010100101101100110111100000100011011110111001111010100000100101111101110001101000101110010101100101101010100101110000110100100010100111100110000011010010110111000110001101101000,True,True,True,True,0,0.041491031646728516,0.022391557693481445,0.018730878829956055,0.0003521442413330078
502450275_122267690906201038_2950247494965387481_n.jpg,1101110000100101001000000111100001101001010100101001010010010101100110110110111111101101100110101011011100100101010010000001111100110010110001000000100001110110011010101101100010111111000001111101100110011001000111100010011101000111100110010001011101001111,1101110000100101001000000111100001101001010100101001010010010101100110110110111111101101100110101011011100100101010010000001111100110010110001000000100001110110011010101101100010111111000001111101100110011001000111100010011101000111100110010001011101001111,True,True,True,True,0,0.03735184669494629,0.020575284957885742,0.016348600387573242,0.0004115104675292969
502523407_122267676938201038_460455683627738828_n.jpg,1001000000100110101110000000011011111000000111010101111110011101001111001000111010110000110101001100100101010101100111010100011110011001001011110100111000101111010001101000111111001101110110111100111111110010000001001110000000101000111000011110000011010001,1001000000100110101110000000011011111000000111010101111110011101001111001000111010110000110101001100100101010101100111010100011110011001001011110100111000101111010001101000111111001101110110111100111111110010000001001110000000101000111000011110000011010001,True,True,True,True,0,0.035329580307006836,0.017911911010742188,0.016977787017822266,0.0004239082336425781
502633303_122267698514201038_1332430501635094541_n.jpg,1001010100101101100101010010110101010110001010011101010100101011011101010010101010010100101101000010010010011001101101001101111000101100110001101010100011000011001100001100000010110001111010100111011111110110010101101010101100111010101001001101100101101011,1001010100101101100101010010110101010110001010011101010100101011011101010010101010010100101101000010010010011001101101001101111000101100110001101010100011000011011100001100000010110001111000100111011111110110010101101010101100111010101001001101100101101011,True,True,True,True,2,0.0346224308013916,0.017254352569580078,0.017001867294311523,0.00034999847412109375
501398876_122267688386201038_6205964945864424590_n.jpg,1001001101000110110110011010001111010100100110011001011000111001101011000111000110101011010111100100110001100011010100101011010001011010111000110100111001101000111100110100101000110110100010111111010010010110000100011010111100110001100100011111001110000001,1001101101000110110110011010001111010100100110011001011000111001101011000111000110101011010111100100110001100011010100101001010001011010111000110100111001101000111100110100101000110110100010111111010010010110000100011010111100110001100100011111001110000001,True,True,True,True,2,0.03944969177246094,0.021431684494018555,0.017647266387939453,0.0003540515899658203
501322428_122267688122201038_1443526890952621886_n.jpg,1100011100110001111101000000101101001000001011011000001111110000011100111111000000001111111100000011110000000011000110000111011101111000011011100000101111100110111110000100000001001000111001101110111101000110100101001010111111101011011111001101011010000101,1100011100110001111101000000101101001000001011011000001111110000011100111111000000001111111100000011110000000011000110001110011101111000011011100000101111100110111110000100000001001000111001101110111101000110100101001010111111101011011111001101011010000101,True,True,True,True,2,0.04023313522338867,0.022122859954833984,0.0176694393157959,0.0004248619079589844
501523225_122267671766201038_5020438017784561504_n.jpg,1001010101000110110111111110111001101100101111011001011010001101010010100100010110100101011001000101101010110011011010000101010110010111100000100110101000110001100001111101010001011001010110100010011010101001110110100001011001101001111100011101011000000110,1001010101000110110111111110111001101100101111011001011010001101010010100100010110100101011001000101101010110011011010000101010110010111100000100110101000110001100001111101010001011001010110100010011010101001110110100001011001101101111100011101001000000110,True,True,True,True,2,0.03527331352233887,0.018584251403808594,0.01633739471435547,0.0003349781036376953
501466362_122267679548201038_2402095916159621062_n.jpg,1100011001100101000111110111000101000011110001010111100110001100000000011100101011100100001110111001011001100101110000100100010010111001111101111110100100011010001011101101010100000010011111000101100101000110101100011110110000011100100110110110111001101101,1100011001100101000111110111000101000011110001010111100110001100000000011100101011100100001110111001011001100101110000100100010010111001111101111110100100011010001011101101010100000010011111000101100101000110101100011110110000011100100110110110111001101101,True,True,True,True,0,0.047734975814819336,0.029761552810668945,0.017602205276489258,0.00035572052001953125
502470021_122267677334201038_4530371475366413860_n.jpg,1000000001011000001110110100101011001010011010100100111010111110000110101011011011010000111001101011110100010001110001101011100111001110001010011101100101101101000000001110111100111101010111100010011010110110111110101100001011010101000010011000011000101001,1000000001011000001110110100101011001010011010100100111010111110000110101011011011010000111001101011110100010001110001101011100111001110001010011101100101101101000000001110111100111101010111100010011010110110111110101100001011010101000010011000011000101001,True,True,True,True,0,0.03900742530822754,0.021123409271240234,0.017515897750854492,0.00035190582275390625
501663669_122267676590201038_5442239657291225410_n.jpg,1001000110100100110100101010000011100100011010111111100110100010011110110100101010001110010010101001110110010110011001110000000010001101110010011001100111101010011001100111001010101100011110101001100100111100010101101101010001101000110011111001101100110101,1001000110100100110100101010000011100100011010111111100110100010011110110100101010001110010010101001110110010110011001110000000010001101110010011001100111101010011001100111001010101100011110101001100100111100010101101101010001101000110011111001101100110101,True,True,True,True,0,0.028909683227539062,0.013576745986938477,0.014989852905273438,0.00032782554626464844
502049934_122267683718201038_2563176623957571183_n.jpg,1001011111111101010010000100011001100010000000001111100000110010110000111111001111100011111110010110010000010011011010011001100100111011101001110001101101100101111001000100111010100011011110010001111110001101011001000100000101010010010111000001101011011011,1001011111111101010010000100011001100010000000001111100000110010110000111111001111100011111110010110010000010011011010011001100101111011101001110001101101100101111001000100111010100011011110010001111110001101011001000100000101010010010011000001101011011011,True,True,True,True,2,0.03722500801086426,0.01928997039794922,0.017578125,0.0003414154052734375
502700839_122267672774201038_9093370081257887956_n.jpg,1111100110111101100000011011001001111000011000100000011111011101100101001110010001000011100100100000001010001101011111011111100011001111000001111011100001110001010111011010001000001111001001100110011011001111100011111010110001100011000111001001100100000111,1111100110111101100000011011001001111000011000100000011111011101100101001110010001000011100100100000001000001101011111011111100011001111000001111011100001110001010111011010001000001111101001100110011011001111100011111010110001100011000111001001100100000111,True,True,True,True,2,0.03808093070983887,0.020151615142822266,0.017564773559570312,0.0003483295440673828
502153771_122267689460201038_5961450780872910778_n.jpg,1110100101101010100010110011001000110111010101000001100010100011101101101001101110010110100110101001001100010101111010001110110100010111001010011100100001100101111110011010110100110111011001011100110010001101110011010110101000001001101001000110001001100011,1110100101101010100010110011001000110111010101000001100010100011101101101001101110010110100110101001001100010101111010001110110100010111001010011100100001100101111110011010110100110111011001011100110010001101110011010110101000001001101001000110001001100011,True,True,True,True,0,0.036719560623168945,0.01873302459716797,0.017622947692871094,0.00034809112548828125
502494972_122267686082201038_5938389418407323944_n.jpg,1100100001011001100010100101011010010110110001100110010110101001001111010010010101011110001011011000011011010001111100011011011000101100000011100100101101011011110110101111101010100100100101001110001100001011000101110010000101101100101011011110100100110101,1100100001011001100010100101011010010110110001100110010110101001001111010010010101011110001011011000001011010001111100011011011000101100000011100100101101011011110110101111101010100100100101011110001100001011000101110010000101101100101011011110100100110101,True,True,True,True,2,0.03853464126586914,0.020472049713134766,0.017628192901611328,0.0004181861877441406
502573664_122267676314201038_3445779092561165489_n.jpg,1000111000001001011100011100001010111111001101100011110011100010011001110001110110001000011100100111100110000110111011100001100010010001110001110111101111111100110001100111100110011000100011100111000001000001010101100010000010011000110111100110101100110111,1000111000001001011100011100001010111101001101100011110011100010011001110001110110001000011100100111100110000110111011100001100010010001110001110111101111111100110001100111100110011000100011100111000001000001010101100010000010011000110111100110101100111111,True,True,True,True,2,0.03786611557006836,0.0195465087890625,0.017872095108032227,0.00043129920959472656
502456860_122267684762201038_762072227489905922_n.jpg,1000110001001101110100110001000001101100101110110110010001001100001001100011001100100101110011011001011100110011000101001100110101010011001011101011011010111110010100101111100111011010111001111011101101011100000010110111000110110011011000010001100100100000,1000110001001101110000110001000001101100101110110110010001001100001001100011011100100101110011011001011100110011000101001100110101010011001001101011011010111110010100101111100111011010111001111011101101011100000010110111000110110011011000010001100100100100,True,True,True,True,4,0.03589010238647461,0.017816543579101562,0.017711639404296875,0.00034618377685546875
502520740_122267691680201038_2939535137837190001_n.jpg,1011101111010101101111111010101110010100000010001101010001011110100001001011111100001110001000010011010101110010101011010101001100101010010101000010001110101100011001111101110110010000101110100110100000001110111111010101101100011111001000000000110010100101,1010101111010101101111111010101110010100000010001101010001011110100001001011111100001110001000010011010101110010101011010101001100101010010101000010001110101100011001111101110110010000101110101110100000001111111111010101001100011111001000000000110010100101,True,True,True,True,4,0.04260587692260742,0.023397207260131836,0.018766164779663086,0.00042557716369628906
501657013_122267684450201038_5999449600947174566_n.jpg,1010011001100110101100110011001101011001110010010100110011001100000110111001111110000111010011001111001001110000111100110011001100001100100011000000011001110011000100110111001111001100110011001110001100010011010100110001111100011100111010010010011100110011,1010011001100110101100110011001101011001110010010100110011001100000110111001111110000111010011001111001001110000111100110011001100001100100011000000011001110011000100110111001111001100110011001110001100011011010100110001111100011100111010010010011100110010,True,True,True,True,2,0.03654074668884277,0.018012523651123047,0.018014907836914062,0.0004966259002685547
502736603_122267693420201038_5312446415298051997_n.jpg,1001100111111111001000110000100010111101101001011001010001001111001100100110000011111101101010111000010110001011100010111110000101000000100001111011011110111010111101110111000000101010101010101000000011001100010100101110101000001110011001011010111101010010,1001100111111111001000110000100010111101001001011001010001001111001100100110000011111101101010111000010110001011100010111110000101000000100001111011011110111010111101110111000001101010101010101000000011001100010100101110101000001110011001011010111101010010,True,True,True,True,2,0.042060136795043945,0.023722171783447266,0.01773667335510254,0.0005850791931152344
502461744_122267691068201038_7332107817492494071_n.jpg,1101000100001110111110011011001010100000101000010011101001001111100010100110010111001101001010000111001111011110000101110100110111000110001000011011101011110111011000001111010000111101100010100100101000001010010011110111111100111001010101011101001100010000,1101000100001110111110011011001010100000101000010011101001001111100010100110010111001101001010000111001111011110000101110100110111000110001000011011101011110111011000001111010000111101100010100100101000001010010011110111111100111001010101011101001100010000,True,True,True,True,0,0.04758620262145996,0.02744269371032715,0.019515275955200195,0.0006122589111328125
501490329_122267672210201038_212881171812382520_n.jpg,1000011101010111010110010001110001001100011110001001101010001000001101101000001111100101101001101101100001111000100111100111100000101101110001010010100111010111011101100100100000110111101110010100100011010010110010001001010110110111001011010111011011011000,1000011101010111010110010011110001001100011110001001101010001000001101101000001111100101101001101101100001111000100111100111100000101101110001010010100111010111011101100100100000110111101110010100100011000010110010001001010110110111001011010111011011011000,True,True,True,True,2,0.039060354232788086,0.019723892211914062,0.01896834373474121,0.0003509521484375
502461746_122267674364201038_8786738075522167405_n.jpg,1111111111001000100111010110010001001000001011111010011011001101000111001101001100110011010101001101000000011111100101110110110101000011000110101100001011111111001000100010100111100101000010010110110011100110011000111100011011100100100000101111000100001011,1111111111001000100111010110010001001000001011111010011011001101000111001101001100110011010101001101000000011111100101110110110101000011000110101100001011111111001000100010100111100101000010010110110011100110011000111100011011100100100000101111000100001011,True,True,True,True,0,0.040242671966552734,0.022171735763549805,0.017699480056762695,0.0003552436828613281
501931467_122267698106201038_2337587444790132070_n.jpg,1101100000011110110011111000010101000110100100101100011100011001010011011000010111001110101110011100110011111011100011000111000100110110100110010001110011011011110011000110000000110010010111100011001011011100000100110000110011011010011000101101100010111110,1101100000011110110011111000010101000110100100101100011100011001010011011000010111001110101110011100110011111011100011000111000100110110100110010001110011011011110011000110000000110010010111100011001011011100000100110000110011011010011000101101100010111110,True,True,True,True,0,0.03615593910217285,0.017961740493774414,0.017818927764892578,0.0003597736358642578
502734561_122267677958201038_5091731153877750767_n.jpg,1111000000010010100001101101101000001110000101110110101001110100100011110100011110010100000110000101000110100000010111011000110001110010011010010011011011111010011011111101001111001101001000001100000010111001101111011011111100000001010101001111011101101111,1111000000010010100001101101101000011110000101110110101001110100100011110100011110010100000110000101000110100000010111011000110001110010011010010011011011111010011011111101001111001101001000001100000010111001101111011011111000000001010101001111011101101111,True,True,True,True,2,0.03828597068786621,0.02012038230895996,0.017795324325561523,0.00035452842712402344
502336974_122267673344201038_5240121290581512506_n.jpg,1011010001000000010100101011110111000001001111110011111011000000110011110100001100100000001111111001100110010010011010110110100010010010100100111100110100110010001101101100110111001000110010100011001110100110000010010101101111100111101111011001111001001101,1011010001000000010100101011111111000001001111110011111011000000110011110100001100100000001111111001100110010010011010110110100010010010100100111100110100110010001101101100110111001000110010100011001110100110000010010101101111100111101101011001111001001101,True,True,True,True,2,0.03756427764892578,0.019525766372680664,0.017665386199951172,0.0003571510314941406
502657834_122267685890201038_8316767881277898532_n.jpg,1000010001110011011100111010111100100001101111001101011011100111011110110001001010100100001100110011011010110101000111010001111101111111001011101110100000000101101011010100111101100111110010010001000011001001001010100101101000110101010110000100101000001000,1000010001110011011100111010111100100001101111001101011011100111011110110001001010100100011100110011011010110101000111010001111101111111001011101110100000000101101011010100111101100111110010010001000011001001001010100101101000110101010110000100001000001000,True,True,True,True,2,0.03835868835449219,0.020407676696777344,0.017577648162841797,0.00035762786865234375
501469215_122267693384201038_7683524478954269146_n.jpg,1000100100010000010000000110111101010010110011111100111100010000101110011101110100110100111011010100011100101101110111010010001111011000100000101111100011010110111010011100011011001101111000101100110010000010011100001000100001100110000011111111001000111111,1000100100010000010000000110111101010010110011111100111100010000101110011101110100110100111011010100011100101101110111010010001111011000100000101111100011010110111010011100011011001101111000101100110010000010011100001000100001100110000011111111001000111111,True,True,True,True,0,0.03897285461425781,0.021345138549804688,0.01720261573791504,0.0004086494445800781
502049925_122267671292201038_264738378481493414_n.jpg,1001000101010101010000100001001100101011100011100001110001100011001101100111001110000011010111100001011010001010011110001101000011001000011011011010011101111111011001110001111110011100011000111110011111000110010101111010100001110000100101001110011100100110,1001000101010101010000100001001100101011100011100001110001100011001101100111001110000011010111100001011010001010011110001101000011001000011011011010011101111111011001110000111110011100011000111110011111000110010101111010100001110000100111001110011100100110,True,True,True,True,2,0.044595956802368164,0.02593851089477539,0.018145084381103516,0.0004968643188476562
502593769_122267698292201038_2716165791741050703_n.jpg,1001001101011111011110000000111001101101101110011011110111110110000110100100100010001111011011010000011100011100100000011011011101110000111111111100000001111000011111000110110110010110000101010100001100000000011011011000001010110100110000111101101001100001,1001001101011111011110000000111001101101101110011011110111110110000110100100100010001111011011010000011100011100100000011011011111110000111111111100000001111000011111000110110110010110000101010100001100000000011011011000001010110100110000101101101001100001,True,True,True,True,2,0.03770017623901367,0.019370079040527344,0.017744064331054688,0.0005702972412109375
502463984_122267675858201038_6393948838991493444_n.jpg,1001101100111001001011001001011001100100110101001001101101001101100110010001001110011011011010010110010011010110100110010111010110100100110111101001100100010001011101010110110001010001001101100111010101001110011001001001111010011011000010010110010011001110,1001101100111001001011001001011001100100110101001001101101001101100110010001001110011011011010010110010011010110100110010111000110100100110111101001100100010001111101010110110001010001001101100111010101001110011001001001111010011011000010010110010011001110,True,True,True,True,2,0.04192304611206055,0.02274775505065918,0.018802881240844727,0.00035691261291503906
501517340_122267683046201038_6365000094857183430_n.jpg,1000000110011001101111000100110100111110011001100100001110111011110000011001100100101100111001000110111001100110110100110001101110110101110001000110110011100000110110110001101110010011101111000110010011100100011010111000101110011101000110010010010001100100,1000000110011001101111000100110100111110011001100100001110111010110000011001100100101100111001000110111001100110110100110001101110110101110001000110110011100000110110110001101110010011101111000110010011100100011010111000101110011101000110010010110001100100,True,True,True,True,2,0.03772783279418945,0.019488811492919922,0.01786947250366211,0.00035262107849121094
502728047_122267679584201038_4565128524876850672_n.jpg,1001110000100111111110000000011110010011111110110011011011001000001100001100011111000111000011000011110010011100001100111101000010011000001101101100110100110111100110001110101010000111100111100111100111100000011010110011100000100101110011010011001011010001,1001110000100111111110000000011110010011111110110011011011001000001100001100011111000111000011000011110010011100001100111101000010011000001101101100110100110111100110001110101010000111100111100111100111100000011010110011100000100101110011010011001011010001,True,True,True,True,0,0.037139892578125,0.018932104110717773,0.017778635025024414,0.00041294097900390625
502706235_122267676278201038_5075830442715861177_n.jpg,1111011001100110111001100110011000101101101000111001100110011001010110011001110001001100110010011100110011011001001111011001010010110100111001000100101101001001100110000000110000110110101101100010011011100110110111011000010000011011001110010101110001011001,1111011001100110111001100110011000101101101000111001100110011001010110011001110001001100110010011100110011011001001111011001010010110100111001000100101101001001100110000000110000110110101101100010011011100110110111011000010000011011001110010101110001011001,True,True,True,True,0,0.036748647689819336,0.018776655197143555,0.017612218856811523,0.00034332275390625
501276669_122267686586201038_5440652024071801818_n.jpg,1100100110011100110000110001001100110010011000110011111101001010100011011001100010001100001100010010011000110000001110001100110010011000011011110110011100111110011011010011110010011000100110011001100101110011011011000111001101101100111110011001100111001101,1100100110011000110000110001001100110010011000110011111101001010100011011001100010001100001100010010011000110000001110001100110010011000011011110110011100111110011011010011110010011100100110011001100101110011011001000111001101101100111110011001110111001101,True,True,True,True,4,0.03513979911804199,0.017035722732543945,0.017742395401000977,0.00034618377685546875
502465039_122267692202201038_5313041905937075946_n.jpg,1100001100001111010011011111100010101100111100000110010110000111101111100000101100110010011011010111100100101100100100010011011111001001100100101100110110011000110011101100100111000110110010011000111100000100110101110110000101100100000101101001101100110110,1100001100001111010011011111100010101100111100000110010110000111101110100001111100110000011011011111100100101100100100010011011111001001100100101100110110011000110011101100100111000110110010011000111100000100110101110110000101100100000101101001101100110110,True,False,True,True,5,0.03734707832336426,0.019011974334716797,0.017751455307006836,0.0005664825439453125
502706957_122267682788201038_1899612685694504648_n.jpg,1000110011101110011111001010110010000110101101000001010010100101101001010110101110001011101100010100010000110001101011110010101111110011001110110010101011100010111110101000011110010101101010100111110101000110100000000101010001010111111101001010000000101011,1000110011101110011111001010110010000110101101000001010010100101101001010110101110001011101100010100010000110001101011110010101111110011001110110010101011100010111110101000011110010101101010100111110101000110100000000101010001010111111101001010000000101011,True,True,True,True,0,0.03879570960998535,0.0205228328704834,0.017757892608642578,0.0004987716674804688
502555682_122267678258201038_4926499477568421505_n.jpg,1011111101011101100111110111110111101010001100000010101110001000111001111100100011010100000000010111111110010111001110010000010010000011111100101100011011111110011100001100000010001101011100000000000000100000101011111101011011010000001010110110101111001101,1011111101011101100111110111110111101010001100000010101110001000111001111100100011010100000000010111111110010111001110010000010010000011111100101100011011111110011100001100000010001101011100000000000000100000101011111101011011010000001010110110101111001101,True,True,True,True,0,0.041745901107788086,0.023062944412231445,0.018240690231323242,0.0004265308380126953
502448301_122267672690201038_8730350891066292174_n.jpg,1100101010001010110010101011101100000001001101111111101100000110000001110110010001111101111100011001110011100101100001100110011001110101000110100000011111000011110110101000010000011001101100001110001111100010111001011100011000011111000011111110001001100110,1100101010001010110010101011101100000001001101111111101100000110000001110110010001111101111100011001110011100101100001100110011001110101000110100000011111000011110110101000010000011001101100001110001111100010111001011100011000011111000011111110001001100110,True,True,True,True,0,0.029622554779052734,0.013619184494018555,0.015599966049194336,0.0003876686096191406
502466244_122267688974201038_2126796247826299378_n.jpg,1111100101101110110011000001000100111111111111110011000000001000001000111011010000011110011011001001100011011011000011111100100000001100001101101100111110110110001000000010010101100110010111110110011011011000100110011011011110011001001111001100100100100001,1111100101101110110011000001000100111111111111110011000000001000001000111011010000011110011011001001100011011011000011111100100000001100001101101100111110110110001000000010010101100110010111110110011011011000100110011011011110011001001111001100100100100001,True,True,True,True,0,0.0345611572265625,0.016570329666137695,0.01763129234313965,0.00034356117248535156
502484491_122267689688201038_4895649604168714205_n.jpg,1100110001101100110010011101001000110101101100110011101000101111010110101011010111100100111000001101000100111011010111101101011000101010100010101010100110101001101101000110011001010110111100101110101110000101110000010001110100110100011000100001111010010000,1100110001101100110010011101001000110101101100010011101000101111010110101011010111100100111000001101000100111011010111101101011000101010100010101011100110101001101101000110011001010110111100101110101110000101110000010001110100110100011000100001111010010000,True,True,True,True,2,0.04005169868469238,0.022005081176757812,0.017683982849121094,0.00034689903259277344
502699309_122267689922201038_9211586167024625898_n.jpg,1110111010101110111001001100111010010111010010000011101010011101110110001001100100000011011000011101101000100101101111011011100110001001110011000111001100010010101101110011001011000110111001010011100110000011100001110110011011000110000101000001100100110011,11101110101011101110010011001110100101110100100000111010100111011101100010011001000000110110000111011010001001011011110110111001100010011100110001110011000100101011011100110010110001101110010100111001100000111000011101100110110001100001010000011001001100110000100,True,True,True,False,0,0.03589129447937012,0.018082141876220703,0.017287492752075195,0.0005059242248535156
501474663_122267685800201038_4272587252083967620_n.jpg,1001110110011011100111001100110001110011001110011000100111011000110011001100110000110011000110010110011001100110011100110011001100100111011110011100110011001100100110011001100110101101110110000100101010100100001100110010001110100101010010101100111011000100,1001110110011011100111001100110001110011001110011000100111011000110011001100110000110011000110010110011001100110011100110011001100100111011110011100110011001100100110011001100110101101110110000100111010100100001100110010001110100101010010101100101011000100,True,True,True,True,2,0.036168575286865234,0.018080472946166992,0.017724275588989258,0.0003476142883300781
501401106_122267675150201038_8096767010920245112_n.jpg,1000000100000010011110101111110111000000100101100001101101111011110101001100111100101100001101011101101101001010000001011100101110111010001101010001101011001010110001010110100100110011100101101100101011001100011101010011001111000110110111010010100010000110,1000000100000010011110101111110111000000100101100001001101111011110101001100111100101100001101001101101101001110000001011101101110111010001101010001101011001010110001010110100100110011100101111100101011001000011101010011001111000110110111010010100010000110,True,True,True,True,6,0.03839468955993652,0.018994569778442383,0.019040584564208984,0.00034332275390625
501544439_122267676728201038_2032526839021524659_n.jpg,1100000000010111111010000010011100101110001101110001111100111011010101101111100011010011110011001101110110001101010101011110001011100101111000001100000011111000001101000110001100011100011000111011010001100000000011111110000000101100010100110001111111100011,1100000000010111111010000010011100101110001101110001111100111011010101101111100011010011110011001101110110001101010101011110001011100101111000001100000011111000001101000110001100011100011000111011010001100000000011111110000000101100010100110001111111100011,True,True,True,True,0,0.041139841079711914,0.022049903869628906,0.018661022186279297,0.0004127025604248047
502465355_122267675252201038_3318348886636004217_n.jpg,1011001100011100111100011110000010101100110010110001101100010011111011000010000110000101110001100001011001011011011110000110110010100001101101011010011100011010001110110110100001100010001111011010000110010011010111110011100111011100011010011010011011010010,1011001100011100111100011110000010101100110010110001101100010011111011000010000110000101110001100001011001011011011110000110110010100001101101011010011100011010001110110110100001100010001111011010000110010011010111110011100111011100011010011010011011010010,True,True,True,True,0,0.03729438781738281,0.019239187240600586,0.017696142196655273,0.00034332275390625
501512867_122267692460201038_1832570903637726142_n.jpg,1000110110110110101101101000100011110010010111010000110101000111010111001001111001111010111110001111101111100001101001011100110110000101000110001000000001011110010010100011111101001001001000100010010110000001100101011000000010000110111001100111011101111111,1000110110110110101101101000100011110010010111010000110101000111010111001001111001111010111110001111101111100001101001011100110110000101000110001000000001011110010010100011111101001001001000100010010110000001100101011000000010000110111001100111011101111111,True,True,True,True,0,0.03812885284423828,0.019909143447875977,0.01771712303161621,0.00048661231994628906
501283749_122267673182201038_3548573187108177733_n.jpg,1101000001010101110011110001011110000111000001101011010010101000000101000111101101100110111001110000111100010111101110000101100000000101111001101110001101101001000110001001000110111111001001100110001100001110100110011001001100111100011110011110011111100100,1101000001010101110011110001011110000111000001101011010010101000000101000111101101100110111001110000111100010111101110000101100000000101111001101110001101101001000110001001000110111111011001100110001100001110100110011001001100111100011110010110011111100100,True,True,True,True,2,0.035050392150878906,0.01704692840576172,0.017637968063354492,0.0003495216369628906
501259619_122267677874201038_5281317193420136567_n.jpg,1010101101010010110010011010010101101100101001110000001111010010010001100000110000111100100110010111100010110111011110110110000001101110010011101000011110001001010000100001101001111100101100101001010111101100001110011000011101111000110011110100101101111010,1010101101010010110010011010010101101100101001110000001111010010010001100000110000111100100110010111100010110111011110110110000001101110010011101000011110001001010000100001101001111100101100101001010111101100001110011000011101111000110011110100101101111010,True,True,True,True,0,0.03768324851989746,0.01838541030883789,0.018853187561035156,0.00042891502380371094
502595430_122267698622201038_5605300746678885830_n.jpg,1101111101001111001100001011000000100001111001010011011001111110001000111000001111111100100100001100001101101111110111000000001011000011111011000000110011111111110011110000110000100000110100011111110000000110001101101111100011011010000111001110001011000001,1101111101001111001100001011000000100001111001010011011001111110001000111000001111111100100100001100001101101111110111000000001011000011111011000000110011111111110011110000110000100000110100011111110000000110001101101111100011011010000111001110001011000001,True,True,True,True,0,0.021137475967407227,0.007550477981567383,0.013263702392578125,0.0003085136413574219
502453583_122267692580201038_1168531944816250748_n.jpg,1000000001110001111000000011110101110101001010000111100000001010001010110000000111011110010000111110010110100110101101011100111010011110010011110101110101100111010010100101001000100011101100111010000111010011100101111010111101101111001011000001111100011000,1000000001110001111000000011110101110101001010000111100000001010001010110000000111011110010000111110010110100110101101011100111010011110010011110101110101100111010010100101001000100011101100111010000111010011100101111010111101101111001011000001111100011000,True,True,True,True,0,0.037787675857543945,0.019679546356201172,0.017665624618530273,0.00042700767517089844
500962356_122267684612201038_4766769814297179008_n.jpg,1101010101110001100111101000000111110010011011110010110111010000000000111001001111110010001011100111101000111001100001011101010001011000110110101001001101011101011010010100101101100001101100110010010011101100110110100011101000111110110101001000010100100001,1101010101110001100111101000000111110010011011110010110111010000000000111001001111110010001011100111101000111001100001011101010001011000110110101001001101011101011010010100101101100001101100110010010011101100110110100011101000111110110101001000010100100001,True,True,True,True,0,0.038130760192871094,0.0187222957611084,0.01902318000793457,0.00036978721618652344
502455586_122267695070201038_5652465227619571066_n.jpg,1001101011111010101110110111100101000001000000010100111001011000011001011101111100110011100011100011101001100100110111010001000110110001001101101101110011011110110011100110010100101101100001111001000110011000100101001110000001100010001001100011000111001111,1001101011111010101110110111100101000001000000010100111001011000011001011101111100110011100011101011101001100100110111010001000110110001001101101100110011011110110011100110010100101101100001111001000110011000100101001110000001100010001001100011000111001111,True,True,True,True,2,0.03715991973876953,0.0192105770111084,0.017518997192382812,0.00041413307189941406
502136978_122267678744201038_2992158753404193751_n.jpg,1101011001001101101001100101001101000110001100110001100101101110000010011001001111100011100100010110110101101001110011101100101000011001111111000001100100001100010101100001101111100110101001011100101100101101100101101000101000010101111101100100100111011100,1101011001001101101001100101001101000110001100110001100101101110000010011001001111100011100100010110110101101001110011101100101000011001111111000001100100001100010101100001101111100110101001011100101100101101100101101000101000010101111101100100100111011100,True,True,True,True,0,0.03215980529785156,0.015427112579345703,0.016379833221435547,0.0003368854522705078
502450275_122267677778201038_878724804360601549_n.jpg,1100001100000100110101100000001001111001110000110100001111100001010000100011111001111100001111101001110000001101110001110100100100111000100110000001100000110110110000110110011111011001100010110000110010111000011101101111100110011001110011011111101110110111,1100001100000100110101100000001001111001110000110100001111100001010000100011111001111100001111101001110000001101110001110100100100111000100110000001100000110110110000110110011111011001100010110000110010111000011101101111100110011001110011011111101110110111,True,True,True,True,0,0.03728151321411133,0.019037246704101562,0.01786971092224121,0.00035762786865234375
502480577_122267691656201038_7849330332334121139_n.jpg,1101100000111010111000111110100110000111010111001111010000101010001000011110011111000010011101000010010100000101110111101101001100101000001100111000101101100110010101000100110001001011100110111010100010110011100001011010101101101101111101001011001000100111,1101100000111010111000111110100110000111010111001111010000101010101000011110011111000010011101000010010100000101110111101101001100101000001100111000101101100110010101000100110001001011100110111010000010110011100001011010101101101101111101001011001000100111,True,True,True,True,2,0.03855466842651367,0.02051520347595215,0.0176694393157959,0.0003533363342285156
502562829_122267680226201038_5061581145624614886_n.jpg,1100011001000110110011001100110000011001100110010010001100010011111001100110011000011100110011000000001110011001110111001011100100001001110011010011001100011100111111100111001111100110011001100011001001110100111101110010011111100000111001100001110100011100,1100011001000110110011001100110000011001100110010010001100010011111001100110011000011100110011000000001110011001110111001011100100001001110011010011001100011100111111100111001111100110011001100011001001110100111101110010011111100000111001100001110100011100,True,True,True,True,0,0.03791236877441406,0.019852161407470703,0.017693519592285156,0.00035119056701660156
501464972_122267675396201038_7666207513951373902_n.jpg,1100001011011010110110100101101011100001111000010110000111100001011100011110000111001110110000101010100111100001011000001011000110011110010111001110000100100001001111100011000111001100000011100011111100011111110111000011110000100011000101110011110011100110,1100001011011010110110100101101011100001111000010110000111100001011100011110000111001111110000101010100111100001011000001011000110011110010111000110000100100001001111100011000111001100000011100011111100011111110111000011110000100011000101110011110011100110,True,True,True,True,2,0.030898332595825195,0.014383792877197266,0.016163110733032227,0.0003361701965332031
502522959_122267689580201038_49604945486891920_n.jpg,1100110110010111110001001111010010100010100100110001010010111111100110110011110001100101110101001110011101001011110011100010101011011110101010000110010011001111110110101100000101100001001110100101000000001100001011010101001110010100010011010110011110001000,1100110110010111110001001111010010100010100100110001010010111111100110110011110001100101110101001110011101001011110011100010101011011110101010000110010011001111110110101100000101100001001110100101000000001100001011010101001110010100010011010110011110001000,True,True,True,True,0,0.0325160026550293,0.015624523162841797,0.016533851623535156,0.0003418922424316406
502464664_122267696300201038_8085923438170926925_n.jpg,1001110110011011100111001100110001110011001110011000100111011000110011001100110000110011000110010110011001100110011100110011001100100111011110011100110011001100100110011001100110101101110110000100101010100100001100110010001110100101010010101100111011000100,1001110110011011100111001100110001110011001110011000100111011000110011001100110000110011000110010110011001100110011100110011001100100111011110011100110011001100100110011001100110101101110110000100111010100100001100110010001110100101010010101100101011000100,True,True,True,True,2,0.035889387130737305,0.01781940460205078,0.01769399642944336,0.00035858154296875
502328439_122267688032201038_3744821805087767612_n.jpg,1100010011101101101101011110101001110111010000100110100001100001001010011111110011101001000000001100100100010110100011010000011111100110011010101010001011101110001111100101100010011101010101011100000110000001111000011001000111000011110111010001111101011011,1100010011101101101101011110101001110111010000100110100001100001001010011111110011101001000000001100100100010110100011010000011111100110011010101010001011101110001111100101100010011101010101011100000110000001111000011000000111000011110111010101111101011011,True,True,True,True,2,0.03759145736694336,0.01952505111694336,0.017699718475341797,0.00034999847412109375
501539246_122267688086201038_6194421227127072506_n.jpg,1101010001100111110100000110110101100000101100111110101101110100100011010111000110011111010011000100110111110011011000111111100000111100000010010101101111000101000101111000000110000111100011100001111101000100011100010010110110110000101001011110100001000011,1101010001100111110100000110110101100000101100111110101101110100100011010111000110011111010011000100110111110011011000101111100000111100000010010101101111000101000101111000000110000111100011100001111101000100011100010010110111110000101001011110100001000011,True,True,True,True,2,0.03767275810241699,0.01946401596069336,0.017711162567138672,0.0004820823669433594
501529790_122267692394201038_7667254819519650011_n.jpg,1101011110110101100111100100010111010100100101111111000011010100110100001100101110001101010011110110001110111000000110001111001110001100100011110101101001001001101011000110101101001111100110001100101100000110011010010100111001000011010100100110000000011110,1101011110110101100111100100010111010100100101111111000011010100110100001100101110001101010011110110001110111000000110001111001110001100100011110101101001001001101011000110101101001111100110001100101100000110011010010100111001000011010100100110000000011110,True,True,True,True,0,0.03823351860046387,0.02024078369140625,0.01763010025024414,0.000347137451171875
501795638_122267691716201038_9034331305813646683_n.jpg,1001000111100101110011010111001101101110000110100001101001001001100000011110000111110100101100011100011100110100110010110110001101111000011100111001011000010110001001001010110000111001011010001100011011010111110001110011011000111000011100111001110001011001,1001000111100101110011010111001101101110000110100001101001001001100000011110000111110100101100011100011100110100110010110110001101111000011100111001011000010110001001001010110000111001011010001100011011010111110001110011011000111000011100111001110001011001,True,True,True,True,0,0.04284524917602539,0.0231170654296875,0.01920914649963379,0.0005030632019042969
502647290_122267693534201038_1455529759290586298_n.jpg,1000001001010001011011011010011100111001101011100011111001011110111011100010010101001110111110011111010011011000111010111010000100100110110111010110101100001000110101011000001100011011010011001000100000101100011111000001010110011000001100010100110110101010,1000001001010001011011011010011100111001101011100011111001011110111011100010010101001110111110011111010011011000111010111010000100100110110111010110101100001000110101011000001100011011010011001000100000101100011111000001010110011000001100010100110110101010,True,True,True,True,0,0.0431673526763916,0.024002552032470703,0.01880025863647461,0.0003483295440673828
502014400_122267687168201038_2263373835463875312_n.jpg,1000011110011001010001110111110100111011011001100101100110010001011001001110001101100101011001110111011011000000101001000001100111010010001011010110011001100100101010111000111000111001110011010011001010110010110001110110100110111000100110010100011010100110,1000011110011001010001110111110100111011011001100101100110010001011001001110001101100101011001110011011011000000101001010001100111010010001011010110011001100100101010111000111000111001110011010011001010110010110001110110100110111000100110010100011010100110,True,True,True,True,2,0.03316473960876465,0.01629042625427246,0.016381263732910156,0.00047707557678222656
502607726_122267697668201038_285438296701321628_n.jpg,1101010011100110010010011100011110110111001110000110101100011000001101100110111010100100001101001101100100011001100011001110011110011010101100111001100111001100001100011000110010010011100110011000101100110011101101100110011011101001100010000010011100111100,1101010011100110010010011100011110110111001110000110101100011000001101100110111010100100001101001101100100011001100011001110011110011010101100111001100111001100001100011000010010010011110110011000101100110011101101100110011011101001100010000010011100111100,True,True,True,True,2,0.03766942024230957,0.01833367347717285,0.01897263526916504,0.000347137451171875
501383553_122267695364201038_6278674190063367263_n.jpg,1010011001100110101100110011001101011001110010010100110011001100000110111001111110000111010011001111001001110000111100110011001100001100100011000000011001110011000100110111001111001100110011001110001100010011010100110001111100011100111010010010011100110011,1010011001100110101100110011001101011001110010010100110011001100000110111001111110000111010011001111001001110000111100110011001100001100100011000000011001110011000100110111001111001100110011001110001100011011010100110001111100011100111010010010011100110010,True,True,True,True,2,0.03651762008666992,0.017888784408569336,0.018132925033569336,0.0004801750183105469
502468154_122267672120201038_6631333009161308032_n.jpg,1001110111011000100100011000000110101010011111101010100111000110101010011110110000110010001011100110011010111110010011001010010001101111011010010110100001101010010011101101100111011000101100011001010100110011000101100100101010010001010101111001001100110101,1001110111011000100100011000000110101010011111101010100111000110101010011110110000110010001011100110011010111110010011001010010001101111011010000110101001101010010011101101100111011000101100011101000100100011001101110100101010010001010101111000001000011101,True,True,True,False,11,0.03824019432067871,0.020084619522094727,0.01757049560546875,0.0005693435668945312
502712043_122267685290201038_7962602757485657961_n.jpg,1100110010110010110010110011001111010001110000000011001011001011110001101000110010011101000000101101111010010111001000110000011000111100110001111100111100111001011000110000000011011101110010011100101011101101100011010100100111111110100111001001100010100011,1100110010110010110010110011001111010001110000000011001011001011110001101000110010011101000000101101111010010111001000110000011000111100110001111100111100111001011000110000000011011101110010011100101011101101100011010100100111101110100111001001110010100011,True,True,True,True,2,0.04011368751525879,0.022026538848876953,0.017719507217407227,0.00035071372985839844
501401111_122267689850201038_2052675492284304084_n.jpg,1001001101100111001001001011110000110010110010011000111100110101110110001110001101100111000111100010011011111001110110110000110010001000101100011111001110000110011001101100110010110001110010010101101100100010001011011001011000110011000100111010011001001101,1001001101100111001001001011110000110010110010011000111100110101110110001110001101100111000111100010011011111001110110110000110010001000101100011111001110000110011001101100110010110001110010010101101100100010001011011001011000110011000100111010011001001101,True,True,True,True,0,0.05001235008239746,0.0319514274597168,0.017688989639282227,0.0003561973571777344
502522822_122267671718201038_1056229149725812468_n.jpg,1000000111000011001010101101000110110000011101010101011000101110111101100001100011011111101010101001011000000111100001010110011110011011100101110111000110101001010010101010000101100110010111101101110000101000001010100001011100001111111110100111010010011001,1000000111000011001010101101000110110000011101010101011000101110111101100001100011011111101010101001011000000111100001010110011110011011100101110111000110101001010010101010000101100110010111101101110000101000001010100001011100001111111110100111010010011001,True,True,True,True,0,0.03875732421875,0.019367456436157227,0.019020795822143555,0.0003528594970703125
502595615_122267684936201038_9149557189091684905_n.jpg,1100011000111001111100011100111001111001111001110011110001100001101100011100101011000110001110110101101100000100001110001000010000010100101100101110010011110011101001010100111100001111001101100101101110110000111100101100100110100100001001110110100100100110,1100011000111001111100011100111001111001111001110011110001100001101100011100101111000110001110110101101100000100001110001000010000010100101100101110010011110011101001010100111100001111001101100101101110110000111100101000100110100100001001110110100100100110,True,True,True,True,2,0.03598499298095703,0.017899513244628906,0.01772332191467285,0.00034618377685546875
502462806_122267675540201038_8293809428963645877_n.jpg,1000110110011000100011000110010000110010110011000011100010011111111001000110001110110111001101010000001101101010100011011100011001100010011101011101100110110110001111011000110101110100011101010001110110011011000111010110001100101110001100110110001000011001,1000110110011000100011000110010000110010110011000011100010011111111001000110001110110111001101010000001101101010100011011100011001100010011101011101100110110110001111011000110101110100011101010001110110011011000111010110001100101110001100110110001000011001,True,True,True,True,0,0.03587794303894043,0.017888307571411133,0.0176241397857666,0.00034928321838378906
501488874_122267678282201038_6673601220526535157_n.jpg,1000001010111011001011011011011001111100010001011001011000111000100000011011001001011111010011110011111010110100101000000111000011011000010010110110011111111110010110111011000000101000010010011001011000100110110010111111100101010100110001000011001100100111,1000001010111011001011011010011001111100010001011001011000110000100000011011001001011111010011110011111010110100101000000111000011011000010010110110011111111110010110111011000000101100010010111001011000100110110010111111100101010100110001000011001100100111,True,True,True,True,4,0.03076028823852539,0.01404261589050293,0.016310930252075195,0.0003910064697265625
502665502_122267692190201038_9147012717240414824_n.jpg,1011011000000111110010110000000111111101011100000100101110000110110010111000011100001100111111111000110011110001011100000001100011011001100101000001011111001111111011111000111100110100011100001101001000110111011000000111001110100010001000000011100111110100,1011011000000111110010110000000111111101011100000100101110000110110010111000011100001100111111111000110011110001011100000001100011011001100101000001011111001111111011111000111100110100011100000101001001110111011000000111001110100010001000000011100111110100,True,True,True,True,2,0.03704190254211426,0.01908397674560547,0.017595767974853516,0.00034618377685546875
502580506_122267686496201038_8656837809398613720_n.jpg,1001111110011001101011000001110100111111100001110011110000001101100000011010011011010001000011101110101110110010010011001100110010001111111110010100110011000001000011001111110011111010000000100011000010001111011100111101001011000101100001100001101111110000,1001111110011001101011000001110100111111100001110011110000001101100000011010011011010001000011101110101110110010010011001100110010001111111110010100110011000001000011001111110011111010000000100011000010001111011100111101001011000101100001100001101111110000,True,True,True,True,0,0.03942608833312988,0.02143573760986328,0.017575979232788086,0.00039887428283691406
502531106_122267691938201038_7755010997901137957_n.jpg,1010100010110110101011010110010111001011000110101111011101001001100001101101101000010010101000100010010111110111011010110000001011001101111001010100111100011010010101100010110100110011010110101110001101100111000110001001011011001100010000110001010010111001,1010100010110110101011010110010111001011000110101111011101001001100001101101101000010010101000100010010111110101011010110000001011001101111001010100111100011010010111100010110100110011010110101110001101100111000110001001011011001100010000110001010010111001,True,True,True,True,2,0.040749311447143555,0.021352291107177734,0.018968820571899414,0.00041103363037109375
502577347_122267679884201038_4203448020891083428_n.jpg,1011101000011010100101010111011101001011101000000110110001010111001101001011101010110010110101010110011100001100001010100010101101110110011101001001000010000010011001111111011111001001000010000011110011011101100111001011000001100111001111001100100111001001,1011101000011010100101010111011101001011101000000110110001010111001101001011101010110010110101010110011100001100001010100010101101110110011101001001000010000010011001111111011111001001000010000011110011011101100111001011000000100111001111101100100111001001,True,True,True,True,2,0.03785276412963867,0.019762277603149414,0.017721891403198242,0.0003528594970703125
502729980_122267698664201038_5833260421763079607_n.jpg,1101000111010101111100101101010011000100001010111000110001111110100110111100110000010011010001010000101000111010101101001111001000110101100001100010000100100101011010010010110111101001111010010110011011011011000001101111110001001111110101001101100000010101,1101000111010101111100101101010011000100001010111000110001111110100110111100110000010011010001010000101000111010101101001111001000110101100001100010000100100101011010010010110111101001111010010110011011011011000001101111110001001111110101001101100000010101,True,True,True,True,0,0.03642845153808594,0.018297195434570312,0.01775336265563965,0.0003616809844970703
501679939_122267695322201038_5319948584823608733_n.jpg,1110000111010000100110010011011100001111001000111011101111010000011111011001101000110011011111100000101100010001100111100011001100110011110011000011100110110011010011100000110110101100100000101101001001111101101011001000001101000110110000111000000110011111,1110000111010000100110010011011100001111001000111011101111010000011111011001101000110011011111100000101100010001100111100011001100110011110011000011100110110011010011100000110110101100100000101101001001111101101011001000001101000110110000111000000110011111,True,True,True,True,0,0.021351099014282227,0.0077571868896484375,0.013251781463623047,0.0003273487091064453
502483712_122267672444201038_7415069545416191787_n.jpg,1011000010111111011101010010111010111110100101001011011110100001011011000001011110110010110010111110011101101001001101000110110100101011011001100101110111010000101101001011010100001001100101101000000110010101000101100111100000110100100000011010010101100010,1011000010111111011101010010111010111110100101001011011110100001011011000001011110110010110010111110011101101001001101000110110100101011011001100101110111010000101101001011010100001001100101101000000110010101000101100111100000110100100000011010010101100010,True,True,True,True,0,0.03911328315734863,0.01990532875061035,0.018839120864868164,0.00035309791564941406
501517343_122267685194201038_2524742267962292620_n.jpg,1011000011001001110001110011010000001011000011011111110010100110001000001100000110111101000011100011001111110000100011010000101111000000111100000010110101101111111100101110111010001011000110010111110010111110100000110110001100011100111111000110110011000110,1011000011001001110001110011010000001011000011011111110010100110001000001100000110111101000011100011001111110000100011010000101111000000111100000010110101101111111100101110111010001011000110010111110010111110100000110110001100011100111111000110110011000110,True,True,True,True,0,0.03634357452392578,0.018125534057617188,0.01784825325012207,0.0003542900085449219
501584328_122267681588201038_3363782752716470327_n.jpg,1111110000100110000010111110000100000011100111001111011000111111111111000110001001110001110011000000011110011011000110000011110011101100011101001110001110000111110011100100100000111001100110000001100111100111001001110001111010011000111000010011011001001100,1111110000100110000010111110000100000011100111001111011000111111111111000110001001110001110011000000011110011011000110000011100011101100011101001110001110000111110011100100100000111011100110000001100111100111001001110001111010011000111000010011011001001100,True,True,True,True,2,0.0352015495300293,0.017952442169189453,0.016884565353393555,0.00034880638122558594
502712252_122267678834201038_8775152223008032493_n.jpg,1001001101010011111010100100001001101110001001100001100110111000011011001100110010110110011100001100100100110011010010011110001111000010111001111001101010100111010001000001110101001110100110011010101111000011101101011010010000011110110011100110001101011010,1001001101010011111010100100001001101110001001100001100110111000011011001100110010110110011100001100100100110011010010011110001111000010111001111001101010100111010001000001110101001110100110011010101111000011101101011010010000011110110011100110001101011010,True,True,True,True,0,0.03657245635986328,0.018296003341674805,0.017762422561645508,0.0004985332489013672
501432931_122267674868201038_925444531694430777_n.jpg,1001010101101110000011001101001101111010000101010000010100100001101111011111101011001010011011001101011111010110001110000000000110101011101010011101110011011010011101100101111011000011011001000010110010001001111010111000100111011010010101000011010000001110,1001010101101110000011001101001101111010000101010000010100100001101111011111101011001010011011001101011111010110001110000000000110101011101010011101110011011010011101100101111011000011011001000010110010001001111010111000100111011010010101000011010000001110,True,True,True,True,0,0.03727364540100098,0.019093751907348633,0.017735958099365234,0.00042748451232910156
501270838_122267693630201038_5163904955497071426_n.jpg,1000011111001001100000101111101001111101110101100011001010101001000100011111011010100100111000010001101011010010000001011100010111010011001010111011100011010100001101101010010011011001010110001001011100101101100010110101101110010111001010011011010100110100,1000011111001001100000101111101001111101110101100011001010101001000100011111011010100100111000010001101011010010000001011100010111010011001010111011100011010100001101101010010011011001010110001001011100101101100010110101101110010111001010011011010100110100,True,True,True,True,0,0.028738737106323242,0.013027191162109375,0.015280961990356445,0.00041484832763671875
502466196_122267685308201038_5098192164493751269_n.jpg,1010000011000010101010000111000100111010111100010000111101111001110101111010111111101010110101110010010101011110000111101101100010100100010110100101100100001101011111000010111110010110100000011001011101011110000101010100101101101000111100011000010001010000,1010000011000010101010000111000100111010111100010000111101111001110101111010111111101010110101110010010101011110000111101101100010100100010110100101100100001101011111000010111110010110100000011001011101011110000101010100101101101000111100011000010001010000,True,True,True,True,0,0.037354469299316406,0.01926398277282715,0.017654895782470703,0.0004200935363769531
502456493_122267674040201038_2877406170205855868_n.jpg,1001000111001100100100011000111100111001000111100111111100010001100001100011000111001110011110000100111001110001110011100110001011001110110000010011100011011010011100011100011110110001110001000011000110000011001100011000110111111001111100011000111011110100,1001000111001100100100011000111100111001000111100111111100010001100001100011000111001110011110000100111001110001110011100110001011001110110000010011100011011010011100011100011110110001110001000011000110000011001100011000110111111001111100011000111011110100,True,True,True,True,0,0.0428624153137207,0.023937463760375977,0.01854729652404785,0.00036144256591796875
502262079_122267676710201038_9051636707636250852_n.jpg,1010101010101000110010010100101010011101010100011101011010010101100101001110100001110001100110110110100101100101100110010100110110010010101011010110110110010011100100101100010011011010110110111011110000110110111001101100001011110000100110101100001001100001,1010101010101000110010010100101010011101010100011101011010010101100101001110100001110001100110110110100101100101100110010100110110010010101011010110110110010011100100101100010011011010110110111011110000110110111001101100001011110000100110101100001001100001,True,True,True,True,0,0.03736376762390137,0.019639253616333008,0.017290353775024414,0.0004177093505859375
502301348_122267682866201038_3105622879490646738_n.jpg,1000010011011111011101101001110001011011001111001000100101100001001011011100000100111001111000010011011001100101110111000010010000100100110100111011000011010111110010001100110000110011110111110001111100111001001101110000101011000000110100011100011000111011,1000010011011111011101101001110001011011001111001000100101100001001011011100000100111001111000010011011001100101110111000010010000100100110100111011000011010111110010001100110000110011110111110001111100111001001101110000101011000000110100011100011000111011,True,True,True,True,0,0.04256319999694824,0.024390459060668945,0.017666101455688477,0.0004909038543701172
502550713_122267691932201038_735067861767841299_n.jpg,1100010110100000101111000000001110100111010000000111001110011001111000001111001111100010101111011011110010001111011000101010100011100111011010100011100010011110101101001111000010110011100011001000110001101011011010011110101010000111010010100001100011110010,1100010110100000101111000000001110100111010000000111001110011001111000001111001111100010101111011011110010001111011000101010100011100111011010100011100010011110101101001111000010110011100011001000110001101011011010011110101010000111010010100001100011110010,True,True,True,True,0,0.03676342964172363,0.01875448226928711,0.017642736434936523,0.00034999847412109375
501989257_122267698556201038_2496299076576396915_n.jpg,1011010110000111110010011111001000111110010010011110000100100000001110001000111100101001100111111100111000110100100111100110011100111000110111100110010011011011110000100001110010001110010011011110010001000111001100011001110111000100110011001010001001110100,1011010110000111110010011111001000111110010010011110000100100001001110001000111100101001100111111100111000110100100111100110011100111000110111100110010011011011110000100001110010001010010011011110010001000111001100011001110111000100110011001010001001110100,True,True,True,True,2,0.021094799041748047,0.00743865966796875,0.013318777084350586,0.00032210350036621094
502690224_122267694518201038_914728117284563504_n.jpg,1001101100110001100110111001100100101101010101011000111000111110001111110100101011000111001011010001101000001111011010011100001111010101101001000010000110111100001011001011011001111110000000101010001000011011011110101101100001011101000101000001110100101101,1001101100110001100110111001100100101101010101011000111000111110001111110100101011000111001011010001101000001111011010011100001111010101101001000010000110111100001011001011011001111110000000101010001000011011011110101101100001011101000101000001110100101101,True,True,True,True,0,0.03878474235534668,0.020573139190673828,0.017754793167114258,0.0004401206970214844
501495633_122267694632201038_5954083043382468563_n.jpg,1000000001110011100000101100000001011001110011000001001101010011111000110010001111101100110010000001100111001100001001010001001110111011000001101101110011001101001111001101111111101011001100111101100001000111010111011110111010001111011110011010000100100110,1000000001110011100000101100000001011001110011000001001101010011111000110010001111101100110010000001100111001100001001010001001110111011000001101101110011001101001111001101111111101011001100111101100001000111010111011110111010001111011110011010000100100110,True,True,True,True,0,0.03769731521606445,0.019505977630615234,0.017755746841430664,0.00041961669921875
502843152_122267685302201038_7893066374693000342_n.jpg,1001000111001110100100110001100011100110001100111110110011000111111010011000110010111110000110001011010001101011101111011011001101100011011001001100101001001100010010001011100001001001101000111100010101101110101101010001100011101010010100011001101001100110,1001000111001110100100110001100011100110001100111110110011000111111010011000110010111110000110001011010001101011101111011011001101100011011001001100101001001100010010001011100001001001101000111100010101101110101101010001100011101010010100011001101001100110,True,True,True,True,0,0.042489051818847656,0.023439645767211914,0.018541812896728516,0.000492095947265625
502690220_122267674370201038_1378156373289857182_n.jpg,1001100001101010111101001010010011000111010010101111011100010101110010101010110110111100111101011000110011110001001011011000100100011011010010110011000001010001001001010110100001000110000100100110110110010010010000110011111011001011111101001100100101101111,1001100001101010111101001010010011000111010010101111011100010101110010101010110110111100111101011000110011110001001011011000100100011011010010110011000001010001001001010110100001000110000100100110110110010010010000110011111011001011111101001100100101101111,True,True,True,True,0,0.040384769439697266,0.02196216583251953,0.017986774444580078,0.0004200935363769531
502638640_122267687324201038_2519432625574244443_n.jpg,1001001101100100011011001001000101101111011100110011100101110011100110001101110111000011011011000010001110011011000000000011111110111100101101101101110011001000011100100100110111100011000000111111111100000000100011001001011001000001111000001111100101111000,1001001101100100011011001001000101101111011100110011100101110011100110001101110111000011011011000010001110011011000000000011111110111100101101101101110011001000011100100100110111100011000000111111111100000000100011001001011001000001111000001111100101111000,True,True,True,True,0,0.03680610656738281,0.018744945526123047,0.017695188522338867,0.0003490447998046875
502470269_122267697974201038_292824667656765392_n.jpg,1100001010101000110000010000011001111100110110010110100010000101000001110111011100010000010110101100001110000101110101000110100001110100110010100010011101110101111010011110010101010011111111010001011001011001111010001101111011111111100000000011001111101100,1100001010101000110000010000011001111100110110010110100010000101000001110111011100010000010110101100001110000101110101000110100001110100110010100010011101110101111010011110010101010011111111010001011001011001111010001101111011111111100000000011001111101100,True,True,True,True,0,0.03771233558654785,0.01967597007751465,0.01766657829284668,0.0003533363342285156
501642548_122267698172201038_8230052189226029727_n.jpg,1110001100011010111001111000110001100010001110010000011000111010001001101001011001101100100011001110101100100011100010010011001110011010101010100011011010011110101100100110001011001010011100111001101110110011010001100110011001011100111001010111001100011011,1110001100011010111001111000110001100010001110010000011000111010001001101001011001101100100011001110101100100011100010010011001110011010101010100011011010011110101100100110001011001010011100111001101110110011010001100110011001011100111001010111001100011011,True,True,True,True,0,0.021047115325927734,0.007252693176269531,0.013454914093017578,0.00032448768615722656
502727262_122267692850201038_3295071409818619991_n.jpg,1111111000101011110000010011010011111000001101000000111011000010100100001001010101111011001110011011000011000010001101110001110001100111010111000010010011100111100111000000101010001101111111000110101011100010100010010001101011001011011110011110111000100111,1111111000101011110000010011010011111000001101000000111011000010100100001001010101111011001110011011000011000010001101110001110001100111010111000010010011100111100111000000101010001101111111000110101011100010100010010001101011001011011110011110111000100111,True,True,True,True,0,0.03998160362243652,0.020584583282470703,0.01903247833251953,0.00034880638122558594
501678218_122267695082201038_5273858895998307933_n.jpg,1000000010000011000000001100100001000011001100010010111000110111001110011100111011010011001110000110011100110011000110011110000101101110001111111101001011001110010001101110100111001101101100110001001001011110001110011100110011010011100111010100111100111011,1000000010000011000000001100100001000011001110010010111000110111001110011100111011010011001110000110011100110011000110001110000101101110001111111101001011001110010001101110100111001101101100110001001001011110001110011100110011010011100111010100111100111011,True,True,True,True,2,0.02920389175415039,0.012833833694458008,0.01587057113647461,0.0004839897155761719
501447039_122267685914201038_3927978361534567777_n.jpg,1000111001001001101011010011011010110011111100010100111010100101011101011011010011011100100111001110010000001111101110000010110100010100000001111001010001001010001111010101001010110001010010101111101101001001101110100011100001101001101100011000011111011000,1000111001001001101011010011011010110011111100010100111010100101011101011011010011011100100111001110010000001111101110000010110100010100000001111001010001001010101011010101001010110001010010101111101101001001101110100011100001101001101100011000011111011000,True,True,True,True,2,0.03449440002441406,0.01724553108215332,0.016888141632080078,0.0003452301025390625
502460156_122267671196201038_4077281656661570415_n.jpg,1101010011001100111011111011001011101011010101001000101010000101100101111010011100101111010010100110011101010110010111101010010010010000001100011111001010000000101001001001100111011000011000111011100101000110101001101011100100101100001001011101101001100111,1101010011001100111011111011001011101011010101001000101010000101100101111010011100101111010010100110011101010110010111101010010010010000001100011111001010000000101001001001100111011000011000111011100101000110101001101011100100101100001001011101101001100111,True,True,True,True,0,0.036774635314941406,0.01923060417175293,0.01711106300354004,0.0004169940948486328
501532886_122267697080201038_2708388485434743104_n.jpg,1100100110011100110000110001001100110010011000110011111101001010100011011001100010001100001100010010011000110000001110001100110010011000011011110110011100111110011011010011110010011000100110011001100101110011011011000111001101101100111110011001100111001101,1100100110011000110000110001001100110010011000110011111101001010100011011001100010001100001100010010011000110000001110001100110010011000011011110110011100111110011011010011110010011100100110011001100101110011011001000111001101101100111110011001110111001101,True,True,True,True,4,0.03488612174987793,0.01679372787475586,0.017717838287353516,0.0003590583801269531
502731920_122267676980201038_6977973376680902993_n.jpg,1011101111100110100110111011011011100100100110000100011001001001010011100000001110011011001101111010010100111000100101011001110001001110110110000001101001101000100000011100011101011001110001101111010010100011101111100000011101101010010010110000101101011101,1011101111100110100110111011011011100100100110000100011001001001010011100000001110011011001101111010010100111000100101011001110001001110110110000001101001101100100000011100011101011001110001101111010010100011101111100000011101101010010010110000001101011101,True,True,True,True,2,0.048006296157836914,0.0299379825592041,0.01770639419555664,0.0003457069396972656
502725431_122267692232201038_6897058062672804276_n.jpg,1111000100110001101100110011000011000011111100110100110110000001111111000000111111100110110111101001101001101000010011010010010010011100110100110011010011000011111110101110000101100011011111110111010100010100000100110001000101101110110110011000000000111000,1111000100110001101100110011000111000011111100110100110110000001111111000000111111100110110111101001101001101000010011010010010010011100110100110011010011000011111110101110000101100011011111110111010100010100000100110001000101101110100110011000000000111000,True,True,True,True,2,0.03825545310974121,0.020239591598510742,0.017651081085205078,0.00034809112548828125
501348784_122267686694201038_7378221456717304475_n.jpg,1111011001001100000010100011001101001110001100110010110110011001110111001000110010000110001101100010101011010011001111101100100111101001010010010111000010000110110000010001001110010010001111100111100110101101100110111101001110111111001010101110011000010100,1111011001001100000010100011001101001110001100110010110110011001110111001000110010000110001101100010101011010011001111101100100111101001010010010111000010000110110000010001001110010010001111100111100110101101100110111101001110111111001010101110011000010100,True,True,True,True,0,0.0321962833404541,0.015030860900878906,0.01680779457092285,0.0003418922424316406
502646543_122267689520201038_2010711306688506628_n.jpg,1010101101111100100101110010010100001010111100100111110001001110111001011010110100000111010100001111111000101110000110010110001111101011110111110101010001000000000001111001100111111001001110010001000100011011011101101010000110101001000101010100011010100010,1010101101111100100101110010010100001010111100100111110001001110111001011010110100000111010100001111111000101111000110010110001111101011110111110101010001000000000001111001100011111001001110010001000100011011011101101010000110101001000101010100011010100010,True,True,True,True,2,0.03906059265136719,0.020103931427001953,0.01858663558959961,0.0003540515899658203
502627190_122267684066201038_3346219014168747349_n.jpg,1000111111110001001101110001011011010001000011100010110011100001111100100001010001001011010110000010011111101110101101011001111100110100111011111100100000001111000110001001000101001100111001000110001110101101001100100011000110110010010000100001111111111001,1000111111110001001101110001011011010001000011100010110011100001111100100001010001001011010110000010011111101110101101011001111100110100111011011100100000001111000110001001001101001100111001000110001110101101001100100011000110110010010000100001111111111001,True,True,True,True,2,0.03833603858947754,0.02034306526184082,0.017620086669921875,0.0003566741943359375
501651059_122267671514201038_4911709038218184842_n.jpg,1111101001101001111111110100010110000110000001011100000011011110110100011111100010000101000010101000010100101010101100001110111000011001101010110101100100111000111110001011000101111000101101010001010010100100110111101010000010111111101000010011111110001001,1111101001101001111111110100010110000110000001011100000011011010110100011111100010000101000010101000010100101010101100001110111000011001101010110101100100111000111110001011000100111000101101010101010010100100110111101010000010111111101000010011111110011001,True,True,True,True,4,0.035651206970214844,0.01898503303527832,0.01630425453186035,0.00034546852111816406
502625350_122267684666201038_8127521096899911081_n.jpg,1101100001101100110000010001111000111101100110101000111100111100110000110111000000111000010100110000111011010000110000110010011111110011101110010011011110001101000101100110010100011011101100001100100010001110011000011100111111111000011000110001111000111001,1101100001101100110000010001111000111101100110101000111100111100110000110111000000111000010100110000111011010000110000110010011111110011101110010011011110001101000101100110010100011011101100001100100010001110011000011100111111111000011000110001111000111001,True,True,True,True,0,0.03647422790527344,0.018432140350341797,0.017675399780273438,0.00034999847412109375
502470872_122267697746201038_3256932880731546909_n.jpg,1100100110100011110110111001111100101111010001101011000001011100101101011111000100110100100010110010000111001001000111100001000111000111011011100011101110001111000100001110100010011010000101111100010100101001100010110101011010010100101101001100101101010011,1100100110100011110110111001111100101111010001101011000001011100101101011111000100110100100010110010000111001001000111100001000111000111011011100011101110001111000100001110100010011010000101111100010100101001100010110101011010010100101101001100101101010011,True,True,True,True,0,0.040560007095336914,0.0207061767578125,0.019431114196777344,0.00040602684020996094
501463334_122267677880201038_124109393943100765_n.jpg,1111010110100110100011100100011110110000001001100110000010011101100011011001110000011111000010000010000111011111011110000001100011001111100100010010001101101111110101001110000100011100001100001000011100100111111110100110001101101000011111101011111110100100,1111010110100110100011100100011110110000001001100110000010011101100011011001110000011111000010000010000111011111011110000001100011001111100100010010001101101111110101001110000100011100001100001000011100100111111110100110001101101000011111101011111110100100,True,True,True,True,0,0.038292884826660156,0.020090818405151367,0.017688751220703125,0.0004975795745849609
501366976_122267684060201038_7976706288567324566_n.jpg,1000110001110000100000010111000011000011000110001111000111100010101110001100011110110100000000010111011000111101110011100010010100110010110001110111001011110111110010100111000111100001110111101110000111011000110011010011101101110000111000100011011010100011,1000110001110000100000010111000011000011000110001111000111100010101110001100011110110100000000010111011000111101110011100010010100110010110001110111001011110111110010100111000111100001110111101110000111011000110011010011101101110000111000100011011010100011,True,True,True,True,0,0.03729557991027832,0.019221782684326172,0.017699003219604492,0.0003592967987060547
502463771_122267675636201038_4876095859604158538_n.jpg,1111011011110010100110011011110100000001100100011010011001101001011010111000000101000110111011010110101010110110010010001101000101111101001100100111011001011110110111010110000001010010000111010010011001100101010111101010001111101101000001000001101010110100,1111011011110010100110011011110100000001100100011010011001101001011010111000000101000110111011000110101010110110010010001101000101111101001101100111011001011110110111010110000001010010000111010010011001100101010111101010001111101101000001000001101010110100,True,True,True,True,2,0.04061388969421387,0.021274089813232422,0.018974781036376953,0.0003490447998046875
501365324_122267677580201038_3564706668166467080_n.jpg,1011000000001111001001010000000110101100101101010011101000001111100100100101100100010110111101011110110111111101100100011000001101111110011111011010110101001100011000011111000011001011000011011001001000100010010101111000110010101111000111011001110000010011,101100000000111100100101000000011010110010110101001110100000111110010010010110010001011011110101111011011111110110010001100000110111111001111101101011010100110011101001001000100010010101111000110010101101000111011001110010010011,True,True,False,True,35,0.03994894027709961,0.02133631706237793,0.017732620239257812,0.0008652210235595703
502707554_122267697632201038_6008737174695633341_n.jpg,1000000001001100110011000011001001011001100110110110011001101100100110011011001101011001110011011010011000110100100010001110001100001100110011000110001100011001111011100110011011111001100011000101001100110001010001000110011111111011000011001111110111011011,1000000000001100110011000011001001011001100110110110011001101100100111011011001101011001110011011010011000110000100010001110011100001100110011000110001100011001111001100110011011111001100011000101001100110001010001000110011111111011000011001111110111111011,True,True,True,True,6,0.03613758087158203,0.017919301986694336,0.017806529998779297,0.0003955364227294922
501647464_122267684756201038_8550677234517881408_n.jpg,1001000010011000101000000101000110110001000100111011101110101110111101110001011010110011001110001111001011001100011000001110001101000001110110101010001110111101100011010111010110110110101011100000111011001110010111000000001111011100010011001110000011011100,1001000010011000101000000101000110110001000100111011101110101110111101110001011010110011001110001111001011001100011000001110001101000001110110101010001110111101100011010111010110110110101011100000111011001110010111000000001111011100010011001110000011011100,True,True,True,True,0,0.03203892707824707,0.015130281448364258,0.016412019729614258,0.00048065185546875
502456863_122267695664201038_8167229862764369751_n.jpg,1001000010011000101000000101000110110001000100111011101110101110111101110001011010110011001110001111001011001100011000001110001101000001110110101010001110111101100011010111010110110110101011100000111011001110010111000000001111011100010011001110000011011100,1001000010011000101000000101000110110001000100111011101110101110111101110001011010110011001110001111001011001100011000001110001101000001110110101010001110111101100011010111010110110110101011100000111011001110010111000000001111011100010011001110000011011100,True,True,True,True,0,0.031769752502441406,0.014993667602539062,0.016282320022583008,0.0004780292510986328
502463770_122267692682201038_8308486741246917604_n.jpg,1001011100011111101101001001011000000010001100100100000011010011111000000011000010101101101100000011011101001100101011010011010001101000110111110101000001101100010110001000001111111101101011000011010111100010000011110111110111101000111101111110000001011111,1001011100011111101101001001011000000010001100100100000011010011111000000011000010101101101100000011011101001100101011010011010001101000110111110101000001101100010110001100001111111101001011000011010111100010000011110111110111101000111101111110000001011111,True,True,True,True,2,0.03933143615722656,0.02132415771484375,0.01764965057373047,0.00034236907958984375
502727861_122267680298201038_7734387332839917329_n.jpg,1000001101100001111100100001001010101111100111001000111111111111100110000110001101111000100000001100000000001110011101110110010011101111110010101000011100111011001100010001010110001010011000111100000011100011000111111100101001001101100111101110010000110101,1000001101100001111100100001001010101111100111001000111111111111100110000110001101111000100000001100000000001110011101110110010011101111110010101000011100111011001100010001010110001010011000111100000011100011000111111100101001001101100111101110010000110101,True,True,True,True,0,0.03820037841796875,0.02015852928161621,0.017681360244750977,0.0003447532653808594
502657020_122267684234201038_4949090241897867907_n.jpg,1100001111011100110011011010000100110000100111110011111011011100001111000111000111010000001100010011110010001100110000001110000000110000011011000111100111000001000100111111001101011101000011100110010011000110001110011110001100101110011011110111011111000101,1100001111011100110011011010000100110000100111110011111011011100001111000111000111010000001100010011110010001100110000001110000000110000011011000111100111000001000100111111001101011101000011100110010011000110001110011110001100101110011011110111011111000101,True,True,True,True,0,0.03704953193664551,0.018909692764282227,0.017657995223999023,0.0004658699035644531
502466239_122267671916201038_5520492722485286156_n.jpg,1000011101010000010001101100110110010011000001011111110100110110011011001011010000001010110000110001001011001010111001010000111011111001101100011011011001111100010010001110101100010011001000111010110110011100111001110001111010100100011110011001101000110011,1000011101010000010001101100110110010011000001011111110100110110011011001011010000001010110000110001001011001010111001010000111011111001101100011011011001111100010010001110101100010011001000111010110110011100111001110001111010100100011110011001101000110011,True,True,True,True,0,0.040274620056152344,0.021507978439331055,0.018386363983154297,0.0003638267517089844
501666806_122267672456201038_1914050841291157280_n.jpg,1111011110001010110000100001110100011001011101011110000110011110111000001001111100110110011110010100101010100110100111010010011100000111111010110110011111011001000000001000010001001101011010101011100000001111100111110100000101101110100000100001011111010100,1111011110001010110000100001110100011001011101011110000110011110111000001001111000110110011110010100101010100110100111010011011100000111111010110110011111011001000000001000010001001101011010101011100000001111100111110100000101101110100000100001011111010100,True,True,True,True,2,0.03736448287963867,0.019200801849365234,0.01779794692993164,0.0003490447998046875
502702549_122267678084201038_7494825406431502629_n.jpg,1001001100010011001110000011101100010010101101110110110101101010010001101100000011101100011011101100011111000100111011010110101000010011100101011011100000111011011011000100111001000110110001010100011111000000000100111011000110111000011111111011100000011110,1001001100010011001110000011101100010010101101110110110101101010010001101100000011101100011011101100011111000100111011010110101000010011100101011011100000111011011011000100111001000110110001010100011111000000000100111011000110111000011111111011100000011110,True,True,True,True,0,0.04401898384094238,0.026363611221313477,0.017290115356445312,0.0003495216369628906
501644482_122267673878201038_2410038579918251555_n.jpg,1011011000111001100100010111100111000011100011101110011000000001110110010010001101101100100001110100011010010001001111100101110000111100110011101011011000011101100010010111110101000000111110001000101110100111110011000110111001110011000100101011000110010011,1011011000111001100100010111100111000011100011101110011000000001110110010010001101101100100000110100011010010001001111100101110000111100110011101011011000011101100010010111110101000000111111001000101110100111110011000110111001110011000100101011000110010011,True,True,True,True,2,0.02769756317138672,0.012192487716674805,0.015155315399169922,0.00033402442932128906
501610590_122267682800201038_3704494294562631059_n.jpg,1110101110110110111010110010110010010100010000010001010011011001011110111011111011101011001011101000010001000101100101000100000100111101100110111110110010011010010000000111010000010011011001010011011111001001111011000001101111001000001101100101001111100100,1110101110110110111010110010110010010100010000010001010011011001011110111011111011101011001011101000010001000101100101000100000100111111100110111110110010011010010000000111010000010011011001000011011111001001111011000001101111001000001101100101001111100100,True,True,True,True,2,0.03929495811462402,0.02007913589477539,0.0187685489654541,0.000431060791015625
501528235_122267688602201038_5244046278355987870_n.jpg,1100100101100100111010011101111011000001000111101000111001100110111100011001001000101111011110011000110001111000111000001101001010111110011000011001111011000110001111000011111011000011000011000011110011001110110110000010001100110100100101101000111001001001,1100100101100100111010011101111011000001000111101000111001100110111100011001001000101111011110011000110001111000111000001101001010111110011000011001111011000110001111000011111011000011000011000011110011001110110110000010001100110100100101101000111001001001,True,True,True,True,0,0.04163408279418945,0.02219843864440918,0.01899266242980957,0.00042629241943359375
502524747_122267680490201038_1849380476428683794_n.jpg,1100000101010101111100010101000100110111101010100100110011001010110010000101010100111111101001100011110110101010110010000101101111010010001001110011011110110100100011011001101101011000000010010011011000110100100011111001111110001001010011110111000001101000,1100100101010101111100010101000100110111101010100100110011001010110010000101010100111111101001100011110110101010110010000101101111010010001001110011011110110100100011011001101001011010000010010011011000110100100011111001111010001001010011110111000001101000,True,True,True,True,4,0.03818798065185547,0.020124197006225586,0.01769733428955078,0.0003495216369628906
501483971_122267681702201038_8043383069846763269_n.jpg,1100000111110010111000011101001000111110000011000011111000011100001110101110100111000001111001111100001001001101001000111100000000110100100110111101110000011111110001111000000000111011101001000011010101011001110000111111000111001000110101100011111000011111,1100000111110010111000011101001000111110000011000011111000011100001110101110100111000001111001111100001001001101001000111100000000110100100110111101110000011111110001111000000000111011101001000011010101011001110000111111000111001000110101100011111000011111,True,True,True,True,0,0.02776360511779785,0.012326955795288086,0.0150909423828125,0.0003304481506347656
501391320_122267679872201038_663115700095108028_n.jpg,1000010001000101111001010101001011100010001010011001000010000101111100100100101001111000101010010011111000100010001111110100011001111111110000011000111011110000000010111011110100111011110010110110000111110110001000101111111000110100111011110000011000100111,1000010001000101111001010101001011100010001010011001000010000101111100100100101001111000101010010011111000100010001111110100011001111111110000011000111011110000000010111011110100111011110010110110000111110110001000101111111000110100111011110000011000100111,True,True,True,True,0,0.03733015060424805,0.019260644912719727,0.017709732055664062,0.00034427642822265625
501651377_122267672906201038_2352551547587486601_n.jpg,1110011101001001110111011011011011011011010110100100110111001011000000111001001000110010001100100011101011110010001101101100101110010110100100101100010011011010111001000101100010111100010111110000110100100000000111110010000001110001101011101110100000011011,1110011101001001110111011011011011011011010110100100110111001011000000111001001000110010001100100011101011110010001101101100101110010110100100101100010011011010111001000101100010111101010011110000110100100000000111110010000001110001101011101110100000011011,True,True,True,True,2,0.03588700294494629,0.018973112106323242,0.016550540924072266,0.0003476142883300781
502609215_122267685530201038_6364606147035184167_n.jpg,1100011000011111110110000110100011011001110000000110001100010111000001100111010101111000111001000110000110000001100001100001001110111110011111101101001010101100001100100101001100101101100100110100011110010100000101010111001111011100011011111110000111101110,1100011000011111110110000110100011011001110000000110001100010111000011100111010101111000111001000110000110000001100001100001001110111110011111101101001010101100001100100101001100101101100100110100011110010100000101010111001110011100011011111110000111101110,True,True,True,True,2,0.0388028621673584,0.020752668380737305,0.01768660545349121,0.0003476142883300781
501217569_122267693312201038_8715859432328733253_n.jpg,1000000100110001010011001110011001001100110001101111001100111001101100110001100100001110110001100110111011100110111100010011100100000101010111111001111111000110110100010010000101000110100101101001000101111001111111110110100000111110100001101011000100010001,1000000100110001010011001110011001001100110001101111001100111001101100110001100100001110110001100110111011100110111100010011100100000101010111111001111111000110110100010010000101000110100101101001000101111001111111110110100000111110100001101011000100010001,True,True,True,True,0,0.031118154525756836,0.01463460922241211,0.01612377166748047,0.0003440380096435547
