Image Name,Computed Full Hash,Extracted Full Hash,WM Present (Top Left),WM Present (Top Right),WM Present (Bottom Left),WM Present (Bottom Right),Total Hamming Distance,E2E_time,Fingerprinting_time,wm_time,ECC_time
photo_2025-05-30_18-13-13.jpg,1001111000000111100110010101101111100000111110000110111110100100011000110001100100111100101011000001010111000111100101000001100110011111001001110011000111100011011010011010110101000011100010100101101011000111001111101100001000110000111100111000110010110001,000001111101101001101110000110010000000000111101101100100000110110111110010110110110010001100000011000110011110111101010001010111110100000000111001101011111110110101100110101010011111000111100111001001011001101101011000101111001010110010110011111010000000000000000010000,False,False,False,False,138,0.18655133247375488,0.04322195053100586,0.14205646514892578,0.0012478828430175781
photo_2025-05-30_18-11-19 (2).jpg,1100001010011011100011011101100111111100010010111100000111110001100111111001010000001001001101100101101100110100000100110100010111110010011011011010100001000110101011011110001111100011011010011000001000110100110101101001011001100010100110110100011110110000,01111001111110101111011110010000000010000011111100000110001010001010110101110010110101010111111010000101101111101111010110100110110010011011011001001100010000001110001100111010010000010100000100000101101011100010101001101,False,False,False,False,120,0.0282285213470459,0.010843515396118164,0.015708208084106445,0.0016598701477050781
photo_2025-05-30_18-14-53.jpg,1110100101111011100100011010011111010110110001001000111000011001000011110011011010011001011001000100000011011001001000100110101110111001000011001110011011011110100011100111000100111001111001110110110011101011110011011001110110010011001100000011000000010010,101001011101110001011100101001000010010001110111110010001111010111000010010001101011111000101010001101100001000111000110111011100001111100100000010110010011100001110111000100111000110010101110111101011110011100101000100111010001100100011000100011010,False,False,True,True,122,0.01935887336730957,0.005872964859008789,0.01231527328491211,0.0011544227600097656
photo_2025-05-30_18-15-07.jpg,1001111100000000001110010111101110101001011010010000110100101001100100001011110110010010101001001001010010111011110110100110010101010110011011011100100101011010111011110100100000001100011110101010010011010101001101101001001111001100111010111100101011000010,1001111100000000001110010111111110101001011010010000110100101001100100001011110110010010101001001001000010111011110110100100010101010110011011011100100101011010111011010100100000001100011111111010010011010101101101100001001111001100111010110110101011000010,True,True,True,True,10,0.026111125946044922,0.010668277740478516,0.014655590057373047,0.0007719993591308594
photo_2025-05-30_18-14-42 (2).jpg,1101111101011111110100101010111001101100011010000111000000111000001001001000110101110000111000001000001001011010110110101101011111100011000010010000001101011011110010110010001010001011010101100000110110110110001011110111100111010111110100000010010111101010,1101111101001111100100101010111001101100011101000111000000111100100001001010100101110000101010001000001001011010110110101101011111000000011011011010000001000010001010110011001100001110100111100101101001001010011110000110110011100001000,False,False,False,False,61,0.021501541137695312,0.00702977180480957,0.013182401657104492,0.00127410888671875
photo_2025-05-30_18-12-41.jpg,1011010001101110100000111110011011111111100000010100100110010011000111110011000110010111101011010010011100011010111110000111110010100101100010100111101001000100111101110010001101001010110111001110001110101010000010000101110011000000100010111010110000010101,101101000111111010000011111001101111111110000001010110001001101100011101001100110000011110100001000011110001111011111000011111000001001011001001101110100100001001100110101100010100000101011001110101010000010000101110011000000101010111010110000010101,True,True,False,True,68,0.01946735382080078,0.006379127502441406,0.012344121932983398,0.0007290840148925781
photo_2025-05-30_18-14-44.jpg,1111101111011100110010010101001010110000011000111110001010001100000111000010000100100111101011001110000011010101001111000111011111001001010010100011101101001011111001010011100001101110001010001100011011110011010110100101000101001101001010110111101100110000,01111111010001101010001101000100011011100001001000000011010010101000000000011110101000001010000110011011111011101011100010010011100110000100000010001111111010110110101000110100011100111100001100001011000010000001110001110000110000111111110011001001101011101010010,False,True,False,False,129,0.017342567443847656,0.004762172698974609,0.011523723602294922,0.001041412353515625
photo_2025-05-30_18-14-56.jpg,1101100011011010000101000111010001100011011001111010010110000001010101101001010010101001110101101001111000111000110110100111101010011101011001010110100010100001100001010110101010011110101000011100100111010110001101100010101111000000110111001001111101101010,1000011000001100100011100101000001100010101101000001010011010011011010110100110010011010010101101010011011100010011010111101100000101000010000100000111111010001001001110000110011000111010011010100100010010011110011000110111000000101110,False,False,False,False,109,0.021440982818603516,0.006931304931640625,0.013210773468017578,0.001283407211303711
photo_2025-05-30_18-13-09.jpg,1010101101101101100001001001101011010110110010001000111011000100101110111001111100001001011101011010010110111011111111000111100010111001010100100001110100000010100000011101010011000011101110000001100110100010011010011001001010010011101101000110111110001011,101011110110110111000100100110011101111011001100101001101100110010011011000101100001100101100000000011000011110111111110011110011001100011010000000111001000001010010001111110001101001110111010001011111010100001001001100100010001,True,False,True,False,48,0.02267909049987793,0.007885932922363281,0.01376795768737793,0.0010106563568115234
photo_2025-05-30_18-11-26.jpg,1011010000010011011101110010111100011011101011101110000001010000001110011101100110001111100100010101001111010101100001001110011111111111000011000101100111100110010000100111110110111101100001010000010001110000000000011001110011101110110000000000011111111010,11111100001100111011001110001111000110101100111101101011011000000001100110010011100011011000100101000011110101011001000011110001111110110010110000011000111000111100101000111101111011010000101000001010111000110001111101000100010001000110001100000011110110010000110,True,True,False,False,74,0.0224301815032959,0.007901430130004883,0.013620615005493164,0.0008924007415771484
photo_2025-05-30_18-11-13 (2).jpg,1010011110001110010010111000111100011000011000011010110101110000011100011011010000110100100101100100111001010011111100110100101101100100100010111100110001100011010110110001100110011110001010001110100011100101100100010011110000110011111000110110100011100111,110100011101000100100110111010010100111010001100101101100100011001000001100101000101000000111010000001000100111100011010010100101011000100100000010000101001110010001100110000011000111110001101101100100111101111111010010100000001111011110111000111110,True,False,True,False,131,0.023833036422729492,0.00854945182800293,0.014312028884887695,0.0009553432464599609
photo_2025-05-30_18-14-26.jpg,1000111011001101111010001000100111010001001101100001111101110110101100000000110101100000111111010000111111011000111110010000001111100001101110110010011101100100100100101000010111000001111111010110001111100001001011010000101111101001110100100101001001000101,1100110011001101101010001000110111011001001101100001011101010010101100000000110101010000111111010110101111001000111110010001001110000001101110110010111001100000110100110110001010010001010101110110111111100001011001010000101111101001111100100101011111000000,False,False,False,True,44,0.024140596389770508,0.00905466079711914,0.01392364501953125,0.001146554946899414
photo_2025-05-30_18-14-07.jpg,1101000100000100100100111000011000101110001001110001101000110011110100111001000101110101000011001011101101011100000000111111000100010010111000111111011100101110000111010100111100100111010100011011001010110101111011100011100101101101110011100001001001010110,1101000111010000100000110000110100101110001011111011100010111110110100111000001001110100001011011011111001111110000000111111000100010010101010101111011100101110000111010100110100100011110101010011001010110111110011100011100101101101000010100001001001010100,False,True,True,True,41,0.022867679595947266,0.008542299270629883,0.013590335845947266,0.0007188320159912109
photo_2025-05-30_18-13-02.jpg,1001001001000110000011001010011101110001001110011111111100000010010010011110110010101011010110000100100011001011001101110011011110100011110101001001100001001011011011101101011011001000100011000011010100111011111100111000010100101110011100010100001111001101,100100100110010000001100101110110111000100111001111111110000001101001001111011101011001101001100010010001100101100110111001101101010000111111000100110000100101101111110111001101000100010001100001010100011001111111011110001000010,True,True,True,False,29,0.020619630813598633,0.006682157516479492,0.013036012649536133,0.0008866786956787109
photo_2025-05-30_18-14-11.jpg,1100001101110000000001100001111100000011011111110100111001111001000001100101100111001110000110011100110000100011101111101011001101111110111000111000100110100111011001001110001011011101101001101110011001101010000010000110111000000000100110001111001110110010,101000100110101001010101010000010001100101010110111100011001110010101000001000011000100110101111100000110011001110100110111101011110011100001100111111010010101100110100100000100011111001001111000100010010010000101111011111000100,False,False,False,False,112,0.02158498764038086,0.007581233978271484,0.012642383575439453,0.0013430118560791016
photo_2025-05-30_18-14-42.jpg,1001010010110110100001001010000011001011010111011110100101011001000110110000111110110100101001101001011010110110100011111101100101100011100011010010001101101110000111000001101110010100110100111001011011010010011001110010010011101010001011010011101100000110,01110011011000100011010111101010101100111010101100110110000000001100100100100001101001000000000010000101000110001011110101010001110011010101000111110111000011110010111010001101000000000100011000010011100100000111010101010,False,False,False,False,105,0.02119922637939453,0.0067713260650634766,0.012996196746826172,0.0014166831970214844
photo_2025-05-30_18-12-39 (2).jpg,1101111100110110011100110011111011001010000101101100110011001001011110110000011001111011010100101100100011000111101100111101111110110000000000011101111011100000010000000101101111101110001011110000000000001001100101101000000000110010111011110111001111010000,110111110011111000110011011001111100101000010110110011000011100001110011110000110110101101100110110010011001011100111001110111111011000011000110110011001011000010000010001000000011100111100001100000110000111011110110001001010100,True,True,False,True,70,0.020798683166503906,0.006901741027832031,0.013009786605834961,0.0008730888366699219
photo_2025-05-30_18-14-58 (2).jpg,1100001111110100111101100000101111000010111100010100001111100010011111001000110101100100101110101100011011000001100110011010111101000010010100100110011111001110101111000001001110110011001110001100011011010011000011001100011100010011001011100110010000110011,101000110110000011100010110100111010111111010000101101100110010010001110010011010011000010101001111111000011001100100011010101101111011011001110100010000000100001100100010101110011110010000100110001001000111,False,False,False,False,100,0.019188880920410156,0.00500798225402832,0.012635231018066406,0.001531839370727539
photo_2025-05-30_18-12-39.jpg,1101111001000111011010001110001100100100000101100001110001110011111010110010111111101010011100011101010101101011000111101001101000011110010110110010010100101100000001011010010011101011011010001111101001001001111100000010101000000110101101000000111111010010,1101111001000111011010000110011000100100100101110001110001100011011001110010111111101010011110000110010100101011000111101001100000111110010110110010010100101100000001011011010011001011011010001111101101000001111100000010101000100110101101010000111111010110,True,True,True,True,24,0.020701885223388672,0.007323741912841797,0.012924909591674805,0.0004379749298095703
photo_2025-05-30_18-10-58.jpg,1010000101101001110001100100101100110110110000011011011100100001111100100011100100100101100111100111000110000101011001001111110000011001100011101110001111001001110000011111001011100110001011001000110110000111000111001110111011000100111111001100010011001100,0110010111011100010101011010011101100100100100111110101111011100100011001011111001011000101011011001110010011000001110100001111000011100000110111110111010011000110100001001100001111000011100100100011011010110110000011111001100011010011,False,False,False,True,126,0.02068018913269043,0.007058620452880859,0.012529850006103516,0.0010771751403808594
photo_2025-05-30_18-11-27.jpg,1001110001110011100001110101110011100110010000011011111000010101010011011101100010011000101010111000100110110101001000010101111101110011101110011100110001100010000111001100001011110011001001010010001100110110101110011110001110010000110010110100111001001100,1001110001110011100001110101100011100110010101011011111000010101010011011101100010011000101010111000100100111101001100010101001101110011101110011100110001100010000111001100001011110011001000010010001100111100101110011011001110010010110010110100111001001100,True,True,True,True,14,0.022133588790893555,0.008194923400878906,0.013367891311645508,0.0005559921264648438
photo_2025-05-30_18-12-54.jpg,1111010010110000110000111000111100010000111011000010111110111100010011100001010101011000110110110100101101110000010010110000011000111010110101001010010100111000001001110110101010111110010010101100010000011110111000111001101101110000011010011111011010110100,11000101111110001001101001010111000100000110000001011011100111011011100100111010100101001110010000111101011001110110001100111000010001100100110010010110100010111011110101110001011010010110111010010000,False,False,True,True,96,0.022319316864013672,0.007902383804321289,0.013050556182861328,0.001352548599243164
photo_2025-05-30_18-15-03.jpg,1001110101000100100001011001100011010001101000101001111000011101011111001000110100111000011111011011001010111101110110011111010001101110000110000010110101011000110100100111010100110000100100001101101011110101000100010101101111001000101101000011011001111001,1001111101010100100001011001000011010001101000101001111000011101011111000000110100111000011111011011011010111101110110111111010001101110000110000010110111011000011100100110010100110110100100101101100011110101000100010101101111001010101101100011000001110001,True,True,False,False,19,0.021334171295166016,0.007221221923828125,0.01324462890625,0.0008537769317626953
photo_2025-05-30_18-14-30.jpg,1000000111111001111110100100111100111111101100001111101000001010101100000100101100110010111001001010001101001001110100110010000011010001010100111001110010111111100010110001011010001100101110111000100010010110001001001111101011001100101111100010001100010011,1000111111010011111110100101100001111100001001101111000000101000101000001101101010000111101001011100101101000000110111010010001011001101101101001010110110110000100011011011010110001101110100110100110110100111011001110001110111000100100010011000011000110101,True,True,True,True,96,0.018815279006958008,0.005968332290649414,0.012514591217041016,0.000316619873046875
photo_2025-05-30_18-12-37.jpg,1001000100010101100101000100011101000000111010001110001110111001001111110100000001101110100011011101111000001111001111100000011011000001110000010011111111100010110000100011110011000011100111010001111111100011110000001011111100111100010101110001000111111000,1000000100011111100011010100011101101000111010000110001110111001000111110100000111000110100011000001111000101110001111100000010011000001110000010011110111100010111000000011110001100011100111010001111111100011110100001011111100001100010101111101001110111100,True,False,True,False,33,0.02056288719177246,0.006944179534912109,0.012889623641967773,0.0007143020629882812
photo_2025-05-30_18-13-00.jpg,1010011000110100111110110101101001111111010001010000010110100110011100011011000001110010010110101000011001001000000011111110000100011000000101111000001100101111001001001111101101101001101000010000011100110100000101010101111010110101110110111101111101011001,11011011101110111101001011110010100110000100110101001101010101111001111000010111011000001111000010000100010011000111100011110110110100001100001110101100001001011101100110001001110001001100000111100001101100011111110011101010000010001010000110,True,True,False,False,122,0.024487733840942383,0.009346723556518555,0.013938426971435547,0.0011873245239257812
photo_2025-05-30_18-14-13.jpg,1001100110011001100001100110011001101011001001101101110110100110100111000010011010011000101110010110001001100100100110001110000110011001101001000111011000100010010011001111101010001001011110111011001110001101011010111100001101100111011001110001011001001110,1101100110010011100100100110010001101011101001101100110010110110100110100110010010011000101100000110001001100100100110000110000110011001101001100111011000100010010011001101101110001101011110111011001110101101011010111100101101100110011000110001011001101110,True,True,True,True,26,0.01876354217529297,0.0059566497802734375,0.012359857559204102,0.0004324913024902344
photo_2025-05-30_18-14-55.jpg,1001011010011000011010011110011101101100000111100110011001101001101001011010000101011000000111101000011001000001110110010110100010110110011110110110000110010101001001100110000101110011100111101011011101100011100111100011111011011001110010011000100000110001,1110101110110111101110011101000011010011101111111010101111110100110011110001010111000100010111001100101011101111001101110001001011110010101101101110110000111110000110001000001111110010001101011001001100011101110010011100100101110101010000011000111111011111101011111111110001110,False,False,False,False,139,0.02069878578186035,0.0065190792083740234,0.013180017471313477,0.00098419189453125
photo_2025-05-30_18-15-01 (3).jpg,1011010001100111101100100110001000011001100110110100110010011001110001110011110011100110000010100111101100010011000011001000010000111001111010100011100111010011001100111101011111100000001111011100011100110010110010110101001110001100100101010001110100101011,1011111000100111100101000101000000110100011010010110111011001001101011010010010110000100010010100101101110100011000111001110000011100111000011101111001011111001010011001001111011010011110000100,False,False,False,False,82,0.018270015716552734,0.004879951477050781,0.011779546737670898,0.0015974044799804688
photo_2025-05-30_18-07-55.jpg,1000011111000000100000010111000001110100111101001101001111000100000010010010011010110100011111101111001101111100011010110000011000110110010110110111001101011100100101010000011010011100110101110110110001111100011010010000001111111010110010111000011011100100,100100101111010010110011011010101010101001101101111000100000110100101010011100100110110010100011011110010001011011000110101100100110001101100101111111010011010111011000010010000111111010001111101101101010001010001001001010010010,False,False,True,True,113,0.023212671279907227,0.008571386337280273,0.013477087020874023,0.0011494159698486328
photo_2025-05-30_18-15-00.jpg,1001101110010011001011001111000101001001010010100100000110101110011001000011010101110001111000010100010011011010011100011000011001000110011110100111001110010110101110001110000100110111000110011011010011001011011011101100111010100111010001111010101100110001,0110001101101010100001000110001010110101101001111000100010001001011011000110101100011110110000011111011000111011101101111100011101001011010101000011000011110101011100110110110010001001100111011101011100100111100001001000001111100011001101101101110100100111,False,False,False,False,128,0.020655393600463867,0.006378650665283203,0.013148069381713867,0.0011134147644042969
photo_2025-05-30_18-12-44.jpg,1001001100011010100100111001001010000111000011100001011110011110001101111100111010010011100100100000011100001111110011011001110010110111111001101001000110000011100000110010110110001101100111011000110011110000101100111110011100010011011001010100101100100101,0001001110011010000101111001101010110110110010100001011110011010000101110000111010011111110100000010011111000110100001011000010010000101001011111000010010010001100111011111011100010001000101000111000011011111000101001011110001010000110,False,False,False,False,82,0.022504568099975586,0.008010149002075195,0.013175249099731445,0.00130462646484375
photo_2025-05-30_18-14-18.jpg,1001010101011001100001110100100101001000101001100011100010101101001101000101110111000110110100111100011110100010100100100110101010111011010001010010111100100110101001011000101000101100100111010110110010110101100110100101011000111011000101101100011110110011,1011010101011001100001110100100101001000101001100011100010101101001101000101110111000111100100111100011110100010100100100110101010111011010001010010111100100111101001011000101000101100100111010110110010110101100110000101001000111011000101101100011110110011,True,True,True,True,6,0.02046823501586914,0.0070302486419677734,0.01309514045715332,0.00032806396484375
photo_2025-05-30_18-14-29.jpg,1011111010100001101011011110100110110000010110101110100011001110111001001010011011010010100100110110000011011010100100100111011000101001110010001000011110111000101101011000011110000111100000010101111100100101100111100001011011000111001011011001000100011011,1011111010100001101011011110100110110000010110101110100011001110111001001010011011010010100100110110000011001010100100110111011000101001110010001000011110111000101101011000011110000111100000010101111100101101100111101001011011000111001011011001000100011011,True,True,True,False,4,0.02572154998779297,0.010573148727416992,0.014326095581054688,0.0008075237274169922
photo_2025-05-30_18-12-43 (2).jpg,1010010101000100000101010101101010000011110001110000011001001001110101001011100111111001011011010010101101011010100100011100000110010110110001100011011010110110011011010011100100100011000010101010000101110010111111011110110111101110000111010000100010110111,1010010101001000001101010101101110000011110101010101011001001001110101001011010111111101001011000010101101011010100100110001000110010110010111101011111010011101011101101011100011100010000000001010000101010010111111011110100111101000000101011000101010010110,True,True,False,True,46,0.020768165588378906,0.007168769836425781,0.012951374053955078,0.0006315708160400391
photo_2025-05-30_18-11-20 (3).jpg,1111011100100111001010000000111100000000111110100001011011011001000000100100110100101110001100100010111001011110011000010111101111011000011110101111000000000101000010011010010100111101011000111001111100010110011010001000111011110011111110111001111101000100,000100111101000010101000101011100000010011101110100111010100010110000010001001101011110000101011011100111001011010010101110110011000000100010110011101011100000100111000101000011000011011100001001110110001011000001110000011001000010011100100010101110000010011111001010000,False,False,False,True,104,0.028675317764282227,0.011902093887329102,0.015677452087402344,0.0010783672332763672
photo_2025-05-30_18-14-28 (2).jpg,1000001100011101000000100000110100110101111101100000011000100001000011101111010101011100010001110100111011110000011100111001101111011101101111101001000110100001110010000100001110101101010111100110110111111101110110000111101100111110000001100001000011100100,10000011000111010000001000001001001101011111011001000001001000010101000100011111111100101010100010001100000111011110000011110110001001111011001101110101001000110110000110010000101101110101101010111100110110111111101110110000110101100111111001001100001000011000100,False,False,False,True,105,0.02399730682373047,0.00861358642578125,0.014310836791992188,0.001056671142578125
photo_2025-05-30_18-13-06 (2).jpg,1100000101010110101100011111111101100110101011000110100001100100010000111000100010001110111010111011110010001110010100110011010001110110110011111000110010011010100111011010001011110011000011000010001100001001100011011111101011011111000000000011100100001111,1100000101000110101100011111110101100111001110010100100001100110010000111000110010001110111010011001110010011110110100110011110101110110110011111110110010011000100111011010001011110001000011000010001100001001010011011111101001011101100000000001100100001111,True,True,True,True,26,0.021946191787719727,0.008163213729858398,0.013291358947753906,0.0004756450653076172
photo_2025-05-30_18-14-41.jpg,1011111111101111010110001001110101100010001011101000100000100111110111000011011000110110111001101010000111110010100110001111110011000000000001011100010011101001110000100111100010101101100110111110110010010111100011010000000010010010100110111110100000111000,0111000010101011010110011101000100111010001100100000001110111111110100011001100111100000111010010001011101001000000100001011001101010111111011110010011111010101100100010100110101011010110001010100011000010010100110000110001001000110001100110010011000001010,False,False,False,False,127,0.022279024124145508,0.0078887939453125,0.01325082778930664,0.0011229515075683594
photo_2025-05-30_18-15-14.jpg,1000110101101001110011011001011001100101101101100011101100000010000111001100010001101111110111011100100110001110010111001110111010010110010001101100011100111011110000001011000100100100001111000101001010000011100011010101010111001100111110001100010110101100,10001001011010001100110110011100011001011011010000111011001000100001110011010110111111111101110111001100100001100101110011101010100001101100001010001101101111111100001001100011001011000010110000001010101000110010011110001110001011111001100111010001100110010100100,False,False,False,False,57,0.022208213806152344,0.008026123046875,0.013082265853881836,0.0010840892791748047
photo_2025-05-30_18-14-51.jpg,1011111110111100100101011000101011110010010000101111100001111000111000001001011110011001001011101100100001100010010000100110011111000101101010010110001110011000000100110110011010010100011110100010111110011000001111101001110001111100010010110011111110000001,0010000001011110110111010100100001100011111110010110101001010100011000000100111110101100100011101110000101111001010010001101110000010100011011011111110111011100001100001100000011011110000101100010100011101011111011110100111000100110001101101000001010010101001010000011011000011,False,False,False,False,118,0.017832517623901367,0.004880189895629883,0.011981725692749023,0.0009553432464599609
photo_2025-05-30_18-14-34 (2).jpg,1100011100000111000111000110001100011100011100100010010010000000001100011110001001001110110001100111000111010011101101110001001010001110011101001010101100011110111010100110011111111010001100011100110110010011011101001100010001110111110011000111000110101101,01011110111101001111000110000000100111100111101101111101010111010010000010010100010010000001111111010001011010110011111001010110111011101001100110110010101010010001001001100001100110001110100011101101111011000110111101000011010000111100111001,False,False,False,False,112,0.022820711135864258,0.007760524749755859,0.013803720474243164,0.0012404918670654297
photo_2025-05-30_18-15-01.jpg,1101100011110010000001100111100011100111101001111101011100111010100001111000011100001100011000001110011000110001100111100100011110010000110000010110100111000001000111110011110011111011110001100000100111000011011100001111110011011000001111101100100000110011,00010001110000010101100000100010101110110111111010101111101001000110001110011010000111110110000011001011111010101001101101001111001101010000010101001001010000100011110100111000000100011100110000100011100110011101111011011101001110001101001011001111101111000100011,False,False,False,False,110,0.02091193199157715,0.006683826446533203,0.013148069381713867,0.001064300537109375
photo_2025-05-30_18-14-57.jpg,1101110010111000101001001010010011100011011011110111101101011011001111101100100000011100101001010110000101110011011010110110001010011100000011001101111010011001000010111111001110110001011000110100010000001000100011101010010011111011100101100100000100011101,11111101101011011010100010101100111100110001011001110000010111011110111011100001101001001111010111000100101110110011101101101010110000010001110011011110100000110010001110110011100101010100001110101100110010010000111100001111010000001110111000001100100000000101101,False,False,False,False,89,0.01805710792541504,0.0050623416900634766,0.011924505233764648,0.0010547637939453125
photo_2025-05-30_18-14-32.jpg,1101000110101010101011000001100110100111001101010001010011010101100101100011100011010010101000101101101010101100100100100101010110011001010100110110001100111001100110011110011101100101101011101100111000100101001100111010010001101100100101101101001101111000,01101101011110111010110111100111111011111111110011110011111100010011110010001110011101010100000100111100101111111100011100010011111000110111000000111010000000100100001001110010000010110100111101110100001110111101011100001101000100001000110001011001000011010011011,False,False,False,False,134,0.017104387283325195,0.004311323165893555,0.011696338653564453,0.0010800361633300781
photo_2025-05-30_18-11-16.jpg,1101100000000111111101111011100000100011110000111100100001101001001111110001111111000110001011110011100110011000000001101111101111100001011001000010011111110011110011100001110011110011001111000011010000010011000110011100010000110011011000001100010011110000,10101101001010011001101110000111110101110010101000000101001000001011000011110000010001000000001011000110110010001010110101011110010011001000100110001001011000001001011111011000010,True,False,False,False,103,0.027996063232421875,0.011020660400390625,0.015203475952148438,0.0017578601837158203
photo_2025-05-30_18-15-04.jpg,1101010110101001011000011110000001100100111101011110101110101111110001010101001000011101111101001000101001001001010101000111001011101011100001011100100011110011010011110101010010010010001010100001111101100000011101111001111100001010101010101000011100010010,1101010110101001011000011110000001100100111101011110101110101101010001010100001000011101111101001000101000111011010100000110000011101011100101011110100011011011010011110101110011000010001010110001110101100011011101111101111010001010101010101000011101010010,True,False,False,False,25,0.021242856979370117,0.006973981857299805,0.013155698776245117,0.0010979175567626953
photo_2025-05-30_18-10-55 (2).jpg,1001100100100110101100010010101010000100111110111011100110010001101010110001010110001100011111011101101111011001101011010001100001100100101100111011101011011100000110010011100100000110100001110110110001000011110100100010100111011111001100000111110010010010,100010011101100110111000110110001100001101111110100111001110010011100101010011011000011100010111100111011110011000110110100001100110011000001100100110010010011100011100110011100000011101101001001001100011000011011001000110101100,True,False,True,False,114,0.024143457412719727,0.009387493133544922,0.013783693313598633,0.0009570121765136719
photo_2025-05-30_18-11-25.jpg,1101110111110000100111011001110000011001011000000111010101101110111000100101111100001010001001110010010011010110110101110000000111010100011011010110110111001100100011101110001000111110100110101110001101111001110001000011010101000110100000100011101100000110,011101010010101101000010100001001110011010011010000001011011111011100110110111111011001101110111000000101101110000101000111100110000100000011011101111101101010101111000100100101111001001000111111001001101101,False,False,False,False,108,0.02577805519104004,0.01025843620300293,0.013959646224975586,0.0015451908111572266
photo_2025-05-30_18-12-35.jpg,1101100111011100100111100101101100011110001000010100101100001001111001111001111010110111110000110011000111001001110001001010010110011110011001101110010110100101010011100001100100000000101001010110100110100011111001010000101010011110000110001101011111001010,1001100110011000100111100101101101011110001000011101011100001001100000101001111010100101100100010011000111001001010100001010111010011001001111101111011110100101001010110100100100100110101001010100100110100111111001010000111010011111011111101101001111001011,False,False,False,False,50,0.02209329605102539,0.0078277587890625,0.013166189193725586,0.0010843276977539062
photo_2025-05-30_18-14-40 (2).jpg,1001110101011011101101001100001100100100101111001100001110000111010110101010111001001110001010101101100100101011110001011010101001001101100101100101100011010110010010110101010001011011011001011010001101101100001001010010001100110100111100110100011110010100,10001001011011001001101001111100101111100011110010111011101100000111010110111011101011001011000111101100100100101100000001100110101001110110001111111111100101100010111011011100000100001000100101000010000011100000101110101,False,False,False,False,109,0.021216392517089844,0.006762266159057617,0.013025283813476562,0.0014142990112304688
photo_2025-05-30_18-07-54.jpg,1011110100110011111001001000111000110011010011010010110000110000011001001100011010011100000010010010011110001111100110110110110111001110001011000011101001100011011011100010000000110011011011110110011010011011011000111000010001101110110110110111010101001000,101101010111001111100110100011100000001101101111110011001010001011000111111011100101000010001011100001100100100110101001000111001011110001011000110010011011011010110110110000100000001100010110111101100110000110110111100110000000,False,False,True,True,90,0.024376392364501953,0.009046316146850586,0.01435995101928711,0.0009555816650390625
photo_2025-05-30_18-15-00 (2).jpg,1010111001010101110101011110101100010010110000001100011111011000001111010010101001101100001001011100111010000110110010110100001010010000111000010011100011111001110011111100100011110110000100100011001110011010001100111110010111111110000001110000011001111000,00101011001011111000010110100010110000110111110111010011000100110011111100000100000001101111010101011000100000010100000111101010001000011000100011101001010011100010100001100000001001010110110000101011101001100101100111000,False,False,False,False,104,0.019161224365234375,0.0053594112396240234,0.0124359130859375,0.0013511180877685547
photo_2025-05-30_18-13-10.jpg,1000000001010011111011100001110010011110101001010001110111101010111000111101111001101010101011111001011000110010001100010101001001100011100011010100011010000101100111000111000001101011000011101100101110000111100111100111000100110001000011100000011111100111,1000000001010111111000000001110010011110101011010001110111101010111000111101110001101010101011111001011001110011001100010101001001100011100010010100011011000111101111100111000001001011001010001100101110000110100111100111000100110101000011100000011111100101,True,True,False,True,20,0.021623611450195312,0.007992267608642578,0.013025760650634766,0.0005900859832763672
photo_2025-05-30_18-11-23 (3).jpg,1010001101101001110010101111110110001101100110101011010011001100011101111100100010110110010001100010110100011010101010110101010100001010010110011011010010110010001010100110110101001010000110101011011111000101010101011010101010111000011101011011000000010100,010110011110101101001000100000101010100100011011000011110000001010111100011111100110101111110000001111001000011011101010010010110001001110110100000100100100001100100101011010001001001101100010110110011101001001110110001000111100,False,False,False,False,116,0.0211641788482666,0.007048845291137695,0.012745857238769531,0.001354217529296875
photo_2025-05-30_18-13-45.jpg,1110110110001101111001110101010000110110011100101101101111111010100100111000100010011001001001111110111010010110000011010100100011110101011101101011100101000011110100011000111000111110001000101010010010011101110000100000010001110000111111001100001100000001,110010011010010011001110111101000001100100110010001100011000100000011110111110010110011011010100101010111101001111001011101101000011100100010010101010011110001000111010110010011110111000100001010101110100111111001101001100000001,False,False,False,True,108,0.022739171981811523,0.008434534072875977,0.01303720474243164,0.0012526512145996094
photo_2025-05-30_18-13-10 (2).jpg,1100100011001000011100110111000000011100100011101011011100001111010111100011011100100011000110001100100011100011011000111110100001100011111100001001100011010111001101100010110001011100100111101011101001010111111100101110000001001001111000101011001101110000,000011011101101101100110001111000001010111001011011000100011000110001000110001000111001001111010100001111010001100111001100011010111111001110010100001011000101100101011101101010111111101101010110001001101101010101011001001010100,False,True,True,True,107,0.020679712295532227,0.006776094436645508,0.013006448745727539,0.0008821487426757812
photo_2025-05-30_18-14-53 (2).jpg,1101100111000010101000100000001110111111101011000001111101110100100000111001011111011100100100011001100011101100110110000010110010101101000010011010001101001100101111010001001110111111100100101010010001011010101011011111011010110001001001001011010000001011,0110000101101010000011001010011110101110000110101111001001000000010000110001011000010101110101001100011010110100111110100110010010001110010111001010001111111010110000000110000000001001011111110010000100011010110011010110110100001101110,False,False,True,False,107,0.01833820343017578,0.005327463150024414,0.011766195297241211,0.001230001449584961
photo_2025-05-30_18-13-56.jpg,1001001100110010100110110100101101110010110010010110100101101101110001001010010101100110101101000110000110010010100110010111101101101101001010111001001000011100001111010011010011001100111001000110110011110110011001001001100110010010110111011000110110010010,01010001001011100101001101000110111111100011101000011010111100100110100100110110001001100010101101111110110001111010111010010000011000000100011100010110110110111110100100111111100110011001000000101100000110001010000110101011101111101111010011,False,False,False,False,118,0.019745349884033203,0.006059885025024414,0.012421607971191406,0.0012488365173339844
photo_2025-05-30_18-14-19 (2).jpg,1001010010010101001110110110011000101101111000101100010001011000011010110001011010011001100011111100011111100000001111100000011001111011001011110111000110111101001101001101001110110011110001101100101100001110010010010100100110100100101100101000010100110110,1000010011010101100110101101011000101001101011101101101001010100011110110001001010011001100011111100011111101100001111100000011001111011000010010111000100111101101101001101001110110011110001101100101100001100010010010100100110100100101100101010010100110110,False,True,True,True,29,0.021932125091552734,0.007684469223022461,0.013491392135620117,0.0007407665252685547
photo_2025-05-30_18-15-11.jpg,1100000111010001010001111100000000100000111100000110011001111000001111000000110001110110100000000010010100000011111100011110011011111110011011011111111000001100111111100000010011110000000000001111001111000101111010111100110101111110001111100111111111000001,110000011101000001000101110000010010000011110000111011100111011000111100000011000011011010000000001001011000001111110001111001101111111001101100111111110000110011111110000000001111100000000000011000111000010011100011110011010111,False,True,True,False,19,0.02071666717529297,0.0070111751556396484,0.012475013732910156,0.0012159347534179688
photo_2025-05-30_18-13-53.jpg,1011100111010011100011101010110000001110001101000110100101110011011010011000101110010110100011001001001111000100011010101011100100110100011100111001100101100110010011101010111010000101010111011101101100101010110001101001001010000101110101010001101110101000,1011100111010011100011111010110000001110001101001010100101000011011010011000101110010110100001001001001111000100011010101011100101100100011100111001100111100110010010101010111010000101010111011101101110101010011001101001001110010100110101010001101100101010,False,True,True,True,18,0.020480632781982422,0.006814718246459961,0.01277470588684082,0.0008757114410400391
photo_2025-05-30_18-13-00 (2).jpg,1110001100011010100101001010010010010000100101101110001100100001011010110010010001111011000110010101111111011001100101111110011010000101110110010010001111111011011000001111110001110000000110111101000000001011100111010000010010011111110001000110101111100101,10001100101011100010000111100001010001111001101111110110001100000011000000000011011111100101000011111101110110000000101010100110100011000110010000101010101010011100011000100000010,False,False,False,False,79,0.019956588745117188,0.006145477294921875,0.012120962142944336,0.0016772747039794922
photo_2025-05-30_18-14-54.jpg,1100111111000101100000010000000111101000011100011101011110000110000000111000111100011111111110100001111111000111100011111110101110100111100001101110000110000111111010100011100001101000010101000111100010110000001110001000110010010010011100001001111001111100,0001000000100010100100111100001010110010010100001001101001011010110100010111011101110101110101011011101001100111110011111011100111001000111000111010000000001011101001111011111000001111010100000001100100011100110001000110000010100110011,False,False,False,False,111,0.021539688110351562,0.007159709930419922,0.013068199157714844,0.0012962818145751953
photo_2025-05-30_18-11-24 (2).jpg,1100100100110011111001101100110100100110110010100100010011101010011011001000110001100100111011010111001011001101001110110100110000110011110101001100111000110100111000001111011010001110011000101001010110001110001100011000110010001110011100111101100011010100,11000001001000010001010101001101100110110011011011011110111011000101100110101000000010000000110100000111001000010100011101110111111101000101111010110001100011011010001011110010001001011101010010110110000111110010010010101011100100001001001000,False,False,False,False,117,0.025886058807373047,0.00994873046875,0.014695882797241211,0.0012252330780029297
photo_2025-05-30_18-12-57.jpg,1111110001001011100100110101101101100011101010111111100100110001000000101111001101001110100010001100010100110100011000000100010001010000011001100100101100110000101000000111111110110100111101010101100001010000110110001011101101111111110110010011110111001010,1101110101011100110110010101010011000010001011101100000000001100000000111111010000100010010010110111101010111011111000000100001000100001001101100000011101101001001111110011001011100000100000010,False,False,False,False,85,0.028091907501220703,0.011521577835083008,0.014925479888916016,0.0016307830810546875
photo_2025-05-30_18-14-58.jpg,1100110111001000001111000011001100000110001001111110000111001000001100001101100100111110000001101100011100011110110011001101100100110011011000000000110011111000110011100001111111001000111010011100011101110000011001100110011100111100110011110011100111001101,10001101111110000011000100111110011100000010001110010101000111010110011001011000100000000000100100011011100001111101100011011100101000100100101111011100010100110000100011000010101100000111110100111111100011000110100001110111111111011110001001,False,False,False,False,108,0.021494388580322266,0.007216215133666992,0.01305389404296875,0.0012090206146240234
photo_2025-05-30_18-13-43.jpg,1110110000101001100101110001001010001100011111001110011000001011100101110111001011101000111001001101000000100010100000011101111111110010111011001100000111110110111100100110100111000011110100100110000001010110000100111010010001000000110111010111111110010110,1111111000111001100111110000010010001100011101001111011000001011101111010111001011101000111101100111000000100000100000011101111111010000100011110100000111111101111100100010000111000001111010100110010001010010000000011010000001010000011101110110101110010100,True,True,True,False,46,0.020869016647338867,0.007508516311645508,0.012705564498901367,0.0006399154663085938
photo_2025-05-30_18-13-11.jpg,1010110011010101010111000100001111111100010010101110110000000010001110100001000000110010001110110011000000101011001101100011111010010111001101101100011110101111100110010101101100110001010111010010000111011100001100011100111101000001110001101110000111111010,11000100110111101110110101000101011011110010101010011010011011100001101011101100111000010100000110101000000001101111011001111001111000100001001110001100000000111111111100010000000000111101110001010000,True,False,False,False,90,0.026147842407226562,0.010110855102539062,0.014522314071655273,0.0015001296997070312
photo_2025-05-30_18-12-57 (2).jpg,1001000010010110100010010100010111101101010010011100110010100110110000000110000001100010011000101011001100110001101100110011100111110001100111101110100110001100011111011000010101111010010001111111100001000110101101001110011010101110011000110110111100111001,10010000100101101000100101000101110011010100000111001100101000101100000001100000011001100110001010110111001101011111001100110101000000011110001100110101110100110001100011111001000010101111110010001111111100001000110101111001110011010101110011000110110111100111001,True,False,True,True,89,0.02358555793762207,0.008779048919677734,0.0142669677734375,0.0005233287811279297
photo_2025-05-30_18-12-51.jpg,1100000110001001110110001100011011101011010101100001011111100110110110001111001110100110110100000001101100110110110101101100000110101000110001001101000101111110011001100001111100011001110000110110001110100001100001010111111010110001101011000101100001010100,1100000110001001110110001100011011101011010101100001011111100110110110001011001110100110110100000001101100110110110101101100000100101000110001001101000101111110011001101001111100011001110000110110001100100011100001011111111010110001101011000101000001010110,True,True,True,True,8,0.02083587646484375,0.007588624954223633,0.012912988662719727,0.0003199577331542969
photo_2025-05-30_18-11-20.jpg,1100110111101001110011000100110001110010110001000011001000011001001001000100011000110101100101100011111000110001001001100010000100101101000011111110000111111011110110001001100110011011000111000010011000011101011111101110011000110001111100011001011110101111,110000001001001111101000111000010110001000101100000000100011010110010011010100000001010100101001000000100110101010010111010000110100100011011111000011110010101011010110011000100111001000010101001110110001110110000010111100001011010100011101111111100,False,False,False,False,117,0.018810033798217773,0.005662441253662109,0.011969804763793945,0.0011627674102783203
photo_2025-05-30_18-13-51.jpg,1011110111011110100001100010110111100000010101111101010110110001111000010011001000101100100110001010101001011011101011110010100111000010110101000011001100011110111010110100001100101011010000100011010100110000011001000011001111011110010110010010001101011011,10111101110111101000011000101101111000100101011110010101110100011100001000111011101100011011110010101110011110111010111001100110000011011000010100101000011011100011010111010111100001100011011010010010011010101111001011001000011000111111110010100000010001101010010,True,False,True,True,95,0.020532846450805664,0.006957530975341797,0.012915849685668945,0.0006430149078369141
photo_2025-05-30_18-13-42.jpg,1111101100010111111110101110111010010101110010001000010000110001000101100111011000100010100111010111110000000111011000111010101001000110101110001001000001010111100011000111001110010101001000001000001111000101111000100001111101110111111110000101010101101010,11100110010011001110011001100100110001100110100010000100110011010000110010110101000010011001101101111101100100110101001110101010000101110001110001100100110011011011011001000111111001000010100010001111110110000110001010011111010101100001001001111011010100110001010,True,True,False,False,96,0.02135634422302246,0.007660627365112305,0.012998580932617188,0.0006809234619140625
photo_2025-05-30_18-12-34.jpg,1100010011010100110001100111100001110011001001110001110100110001110101110001111111010011100111101110010110101101110001111011000100110011100110001011100100001110011110010000011000100001100001100010011110000110110010110000011001111001000101100110000011110110,1100010010010110110001100110100001100011011011010001110100110011100111110011111011100011100011001110010110001101110000111011000110110011000110000111100001001110011110010000111000100001100001100010011110000110111110110001011001101100000101100110010011110110,True,True,True,True,32,0.02019953727722168,0.0070302486419677734,0.012773275375366211,0.0003809928894042969
photo_2025-05-30_18-11-25 (3).jpg,1100011100111010110100011100010110001000111100010000111000101110011100011100001110101010001111001100010100101000010110101010011110111000110001001100010100011100101010101011100101111010110101111101010100101100101000111001000100001111010001101111100011101001,110001010000111011010000001100011000100011110001001011110000111001010000111100111011100010001100100001010011100001001110111101111011000011001110111101010001100010001101010100101000101010101001110100011011010101101111110011101001,True,True,False,True,71,0.021501779556274414,0.007662057876586914,0.013010263442993164,0.0008146762847900391
photo_2025-05-30_18-12-46 (2).jpg,1111000000110000001111001110110010000011110000111100001111001011100110010011001111000111000111111100100010000111100111010011011011001110100011001101111100100110010001101110110011010110011001000000111011011000000101101110100100001010010101000011001111101001,1111001000110000001011001110110010000011010000110100011111001011101110111011100111000111010111000000110110000111110111110001010011001110100011001101111100100110011001000111110000010110111011000100111000001010001101110011000100111110011000100011001110101100,False,False,False,False,50,0.02045726776123047,0.0068323612213134766,0.012500524520874023,0.0011086463928222656
photo_2025-05-30_18-12-48.jpg,1001010000000000100010111110111100011111101010110011110010110101011110000100010111110000010101111110000111010101010001111100101100010111100010101010110000100100111101000010110101100001101011010011011011011111110101001101100001110011000110000100101000110000,1001010000000000100010111110111100001110101010110011110110110101011010000101010111110000010101111010000111010101010001111100101100011011100011101000100000100100111101000111010011100001001000000011001011011111111101101001100011011010000100000100101110110000,True,True,False,True,31,0.02142333984375,0.007785797119140625,0.013014793395996094,0.0006079673767089844
photo_2025-05-30_18-11-23 (2).jpg,1100011000111110110101000000011100101001001100010110100101001110000111100001011110011110000101000000110010000101001000111110000111000111111010111101001111111110011000001101100001101010011100001011111100010111000111001010110100101101101001110100000111111000,110110000100110111000011010100100110000010111111100000110100001010100111001001101001110111111010101011101000101010101010100101010100001001010010000110010111100011011000110000000010111111111110010100101100001,False,False,False,False,99,0.02220296859741211,0.007787466049194336,0.012897253036499023,0.0015039443969726562
photo_2025-05-30_18-14-43 (2).jpg,1101101111101010110000101001000000100100001101101111001000011111101100011111100010110100111101001101001111001001100110010110010011100011100001110000111111110000110011110000111101001001100100110101011000001100010111001011101101100110010110000100100000111000,1101101111101010110000101011000000100100001101101111000000011111101100001111110010010100111101001101001110001001100110010110010011000011100001010000111111100010110111110000011101000101100011110100010010001111110111011000010101100110011111010100100100111000,True,False,False,False,33,0.020778656005859375,0.006752490997314453,0.013072729110717773,0.0009377002716064453
photo_2025-05-30_18-11-19 (3).jpg,1101111010010011010010001110010101100000101110010001111100010010101100110110110011101000101111100011110001100101101100111100001101100011110001110101100000111000001111100011110000110100001100100011000111100010001100110100110101101101100100100011101001101001,0100001111111011000100001000000010000111001000111011001001111101100110001010001110101011000011100111100010010011000010011011010111100010001010110001011101011101100001100011011110010010110000100,False,False,False,False,101,0.019626855850219727,0.005941152572631836,0.012093544006347656,0.0015788078308105469
photo_2025-05-30_18-10-53 (2).jpg,1110100001010010011100010000100110000111111100111100011110011011000111110100001000111111100000001011110001001010011000110100111101111100000101010000100010111011111001000010011011010011011100101011100110001111100010101010111010001001101000111111001010101000,1111100001110110110100010000110100000011111110111101111110001010001000101100011100101001100001111100000001111111100010111011011010011100101100100000001101101010011101110100011000111001010110110110010000000111010000110111001010111001110001110010000010101110,False,False,True,True,103,0.02345871925354004,0.008139610290527344,0.014560699462890625,0.0007429122924804688
photo_2025-05-30_18-12-31 (2).jpg,1100100100101101101101101011011010010110010010101010100101001101101010001001010010011010110101011001001011011001010110011010101101001101101010100100001100110010101001010011001001001011001101011010101010010101110110101101110100100110010110101011010101001010,1100101101100111101101001011011010110110010010101010100101001101001010001101010110011010100101011001001011011011010110011010101101000101101000100100001100100010101001010011001001001011001101011010100110111101110010100101100100110111010111100001010100010010,True,True,True,False,29,0.021631479263305664,0.00765538215637207,0.01343226432800293,0.0005295276641845703
photo_2025-05-30_18-12-52 (2).jpg,1001100110011000111001100110110011001100100110011110110110010010011001100100110011011011001100100111001001100110011000110111101110011001011001110010011001001101000011001101001110011001100100101000001100011001100110110001100100111100100110110110110011010010,1001100110011000111001100110110011001100100110011110100110010010011001100100110011011001001100101110001001100100011001110111101110011001101001110010011001001101000011001101001110011101101100100001001100011101101100110001100111001100100110110110110010010010,True,True,True,True,20,0.018479108810424805,0.005724906921386719,0.012255430221557617,0.0004839897155761719
photo_2025-05-30_18-14-06.jpg,1100001000010111110101010110101011110011101010011110001010010110011110011110001001100110100010011001110000010110001110001100001001100110100000111001111000011110110110010110001000100001101001110011011001111010110110000110001111001101001101100111001001011010,01111100100100111000001010011110100010010010011110100011111101100000001101011111010101010100101110111010010111111010100110100101011011010111011110100101000011110110110110010101000111100011100001110101010000001011110010100101011010100000100011,False,False,False,False,126,0.020135164260864258,0.006463050842285156,0.012403488159179688,0.0012536048889160156
photo_2025-05-30_18-11-29.jpg,1001001100011100100011000110001001001110011011011110000100010110001111001010001100011110110011011000111110010000111001111011101111010010110000000011100111101100010011001011001110010011010100100110100101101101001111001001010010010111010110100100001111100101,1001001100011100100011000110001001001110011011011110000100010100001111001010001100011110110011011000111110010000111001111011101111010011110000000011101011101100010011111011001011010001010101110110100101101101001111001001010010010111110110100100001111100001,True,True,True,True,13,0.01934528350830078,0.0064351558685302734,0.012329816818237305,0.0005660057067871094
photo_2025-05-30_18-13-50.jpg,1001011001110100111010110110110001110010111100001011010101110101010011001011101011001111101011001100011110010100110001111100110011110011010001000101101110010001001010011100110000110001100011000101001010010010011010010101011011000110110010110001001001001001,00110010010010100011101100010011110101111100100000111001110000001111011111001100100001001100001101110001100000000011000000010100011110010011111110101111011000111001001010001001101001011111010000001111000100011011010110101001010111010011000011,False,True,False,False,142,0.019530296325683594,0.006398439407348633,0.011951684951782227,0.0011653900146484375
photo_2025-05-30_18-11-22.jpg,1001110101100111010110000100001111110011000011001101001100001000111010100010100001110100110100100101001011011010111111001101000011110100100100110101011011110110010101000010001000110100001101100011011110110110011001010001111110001101011111011000110100000101,000011010100000101111001001010101001011001000010100010000100110101101011010110001000111011011000010110101011010000100101100110100101010001001101101010100111110101110100100100110001010001010100110010010000110000111011000111100100111001010100111110111,False,False,False,False,112,0.02485489845275879,0.009361028671264648,0.014296531677246094,0.0011813640594482422
photo_2025-05-30_18-13-58.jpg,1001110000100100111000101001101101010001011100000001110000001100011011101001101111001011011100101001011100010111011001100101100001001101111010000001000010011011111001110110011011011011111101000001001111011001001001000100111111111101100111010001001100110000,001110000101001001000011100010111001110010101011001011110011110011111000010101010010100001011110001101011111110010000000110100000011001001010110010100011000101100001101000101110010100001011110110111101010001101100001100000001001101100001000010010101,False,False,False,False,129,0.018438339233398438,0.005427360534667969,0.01181340217590332,0.0011818408966064453
photo_2025-05-30_18-14-48.jpg,1001111010011110011010010111101100101001011110000111010110100001001110001011010100100000100101111111001001010001111101111001101001110101001100110010001010001001100001100100100110000010001111010111010011001001011011001010000011001110011100111010001001111101,1000001000001010011110011110011011001101110111111001011111000100111001001001011011110100001100101111010011000100011000010111001110111011111100111110011010010111001101111001101001111101101100000000001100000010011111111000111111101100111110111010110111011011,False,False,False,False,126,0.017662525177001953,0.004781484603881836,0.011743307113647461,0.0011219978332519531
photo_2025-05-30_18-13-07 (2).jpg,1001110000000000101001011001100100110010001011100111100001110111011000001111110111101101000111111110000011101100000011111100000001011110001001100101000001111000110111001001110110100000000111100010000111101100011001111110011111001101110010011010100111110000,1001110000000000101001010001000100110010001011100111100001111111011000101111111111101101100111111110000011100100000011111100000001011110001000000101000001111000110111011001110110100000000111100010001111101100011001011110011111001101110010011010100111110000,True,True,True,True,12,0.022640705108642578,0.008511543273925781,0.013721466064453125,0.00039267539978027344
photo_2025-05-30_18-15-35.jpg,1111000100111010110001101100000010001011000101111011110000011101100111110101000011110100011000001001010011100011011010111110001011101100110011010101100110010000100110011000110110010001100101001101010100111110000101100000000110110111111100101011010010111010,1000110011101011110011000111100000110010001010000111101001100111101111100001001010011110110100101010010111001010011111111111001010110010110111010101011100011001010000001010110000000111010000011101010001100101111111110110101001111111000,True,False,False,False,107,0.012838602066040039,0.0027773380279541016,0.00877237319946289,0.0012733936309814453
photo_2025-05-30_18-15-02.jpg,1111000010111000111110101000101010101111010000111000111100111101100011000001110000101001010101010011101101110001110010010110101000101100010100110110110011001001110011110100101010011000001010010100101110101011011001011000100100001100011101001101011100101011,01110100101010001010111111001110101010001011010111000011100011011101010010110111001111001101110010100010110101101011011000000100101000100001100111100011011101011000001110001100110101111101001100100011,False,False,False,False,97,0.021470069885253906,0.006754875183105469,0.013176918029785156,0.0015249252319335938
photo_2025-05-30_18-14-25.jpg,1101011110011111101101110001001111000100001100011101010000001000000001100111011101111101100011011011001100111011100101111010001000001001001010010001100011110010011111011110011011100110011000100000010000100110010000100111111011110010000111011110000011010011,1101011110011111101101111001001111010100001100001101010000001000000001100111111101111100100001011011001100111011100101111010001000001001001010010001100011110011011111011010011010101110011000100000010000100110010000100111111011110010000111011110000011010011,True,True,False,True,10,0.023293733596801758,0.008786678314208984,0.013511180877685547,0.0009806156158447266
photo_2025-05-30_18-14-02 (2).jpg,1001011011100101100101101110000101100111011000110110111100100010100101110010001110110111001010111010001100101010110010100011011001001010000101100011001100110001111110110011100001001001100110111100100110011001110100100111100001000110000100010110111100011001,100101101110010110010110111000010110011001100011011011110110001010010111001010101011011100101011100000110010001011001011000101100100000111010101000000110000101001110111111110111001101110100001010110000001011100101100111000011010100111100110000011001,True,True,False,False,74,0.021601438522338867,0.007125139236450195,0.01369023323059082,0.0007710456848144531
photo_2025-05-30_18-13-05.jpg,1000100101011000101100011000101011100010011001101000111001010001010100111010000101011111001010010010111101000001011111111100111001100110101101101011100001110111100100011011100101000101100111010110101011100101100110110100011011011110000000111000100110100000,10010001000111001010000011001010111000100110011010011110001100110101101110101001010111110010100110111111000000010110110111001110011001101111011010111001011101101001000110111001010100011001110100000101100000100010111011011100011001000101010001010100000101010100110,True,True,False,False,64,0.022036075592041016,0.008176326751708984,0.013052701950073242,0.0007915496826171875
photo_2025-05-30_18-11-21 (2).jpg,1100101111100100100000110110001110000001100110010011010010110011011100000001011111110110110010001100011001100110000110011101000000111001100110011111100100110110111000110111010001101000111011000001100011010101000100100101000111010010110000111100111110111111,011010001100101100101010011101001110101110100011010110011101111011100011001111000001111101110111110110001100001010110011001100000000111001111000111000100001001000001010010010111000001001000010110000111001010000000011011011011101,False,False,False,False,119,0.02127814292907715,0.0070269107818603516,0.012920141220092773,0.0013163089752197266
photo_2025-05-30_18-11-16 (2).jpg,1000110101000001011001000100101100110001100001001001101011010110101101100111010011110001001001011100101100001110011001101101100001110010011101000101100100101101011011001100011111001101101100101110011001101101001010010110001100111101101101001100010110001110,000101000000011001100111000111111111010110100110010010011011111000101100011001010110100101110001000010100101001001100111110011100001000011000101100010111101000100000000010011001100100010110110010100010010000001100000011101001001100010011001001101000100000011111011110010,False,False,False,False,112,0.018783092498779297,0.0055348873138427734,0.012227058410644531,0.0010056495666503906
photo_2025-05-30_18-14-35.jpg,1000101010000111100000011100010110001111010110001010111000111010101001110111101010010000101000100011110000111000101100000111100111011110000011011101001000111101110100010110100101011101110000001101000000110001110000110111111111011010011001111110001000100111,11001000011101000100110000110011110101001100010010000001100101110101101110100100110010111010001010000000100101001010011101100000001011001101111101001010111110000000101011000010110000101101100101010001000101000100101011101,False,False,False,False,117,0.021964073181152344,0.00680851936340332,0.013716936111450195,0.0014240741729736328
photo_2025-05-30_18-14-10.jpg,1110001000100001111111110110100110111011010111111011000100001011100000010100001100010000110111011100011110000000000101111100110011010111100101011101101110000100110100100000110001001111001111111011010000011010010110110001110010010101101110101010100000110010,1110011000100001111111110110100110111011010111110111000100001011100000010100101100000000111111011000011110000010000100111100110011010111101101011101011110000100010100100000110110011111100110100110100010110000101111100101110001001000001101011010100000101000,True,True,True,False,50,0.021142005920410156,0.007752895355224609,0.012824535369873047,0.00054931640625
photo_2025-05-30_18-15-10.jpg,1101111000011100011010010110001100110110100101100110000101101000101101101010011101001000010101101001011010001001111010010111001011010010110001110110100010110101110100110110100110011100100101100111101110000101011001011001001011001110010010010011011100010010,10011110000111000111100101010001001101101001011001101001011010010011111011100101010010000111110010010110100000111100100101110010000000000011010011101101110000110110100100101110010000101011011100101101111101100001101011001111001000011001110010010010011011010110010,False,False,False,False,96,0.020649433135986328,0.006498098373413086,0.013060808181762695,0.0010752677917480469
photo_2025-05-30_18-07-56 (2).jpg,1101010011101010110110010101110110101110010101001011011010100001000100011010110100100001010101100110111101011001011011010010101011011010110101101001000011101001000101011011001000101110010101011110111000101111110000000011011010000101010010010011110110000001,11001001001011011101011011011001110101101101101010111101001001000011011100001000110111100101110000110011111100001110011000000100110011000101001111001001001011010001100000100110001100111101101000110101000000001001101001001011110111001100010000100100111011101101111,True,False,True,False,128,0.02464437484741211,0.009544610977172852,0.014288902282714844,0.0007951259613037109
photo_2025-05-30_18-14-11 (2).jpg,1000001111100000101001101111100001111001100111110001111110010001111010010011011001110010011011000000110000011011000010011100100011010100101100110111100100101110011000110100010010000110101011000111101011011011010110001001011010010001011010011010111111001010,1000001110000000101001101111101001111000001111110001011100000001111010011011010011010010010111010000110000011011000000111100000011010110101100100111110100101111011000110100000110010110101101000111101001011111010111100001011010010001111010011010111111001010,True,True,True,True,34,0.020473003387451172,0.007206439971923828,0.01292562484741211,0.0003249645233154297
photo_2025-05-30_18-14-05 (2).jpg,1110100010011101111010001011110100010100011010110001001100000010010100111000010001001101111001000101011011111000000010100100101110001100000101111111000100011011111100110111111011000111111011011010010110110000110110010011000011100000010010011000111011010111,1110101110001101101010101011110100010000011110110001001100110110010000111000010001001101111000000101011011111000000010100000101110100001011001011100000001110010001111100111100010000111011100001101100000101100000110000100011010100000110001110110101110000111,True,True,False,False,71,0.020990848541259766,0.007235527038574219,0.012924671173095703,0.0008153915405273438
photo_2025-05-30_18-12-38.jpg,1111111011110001110100001000111110110000000101101001110110100110000010111011110000111101100001001000111011000001110111100101101110000010010110110011000011011001001000011011100011100001111011000111010110001100001011011011000000101110011110010010110111010000,11110110111000011101010010011111101100000001111010011101101001100000110111101100001111011000011010011110111100111101111001010011100000110111001100100000111111110011011101011000110000101001001110000010,True,False,False,False,45,0.021889448165893555,0.007576704025268555,0.01286458969116211,0.0014340877532958984
photo_2025-05-30_18-11-28.jpg,1001100110011000111001100110110011001100100110011100110110010010011001100110110011011001001100101110001001000110011001110111101110011011001001110010011011001101000011001101001010011001101100100001001100011001100110110001100111101100100110110110110010010010,1001100110011000111001100110110011001100100110011110110110010010011001100110110011011001001100101110001001100110011001110111101110011001101001110010011001001100000011001101001110011101100100100001001100011100101100110001100111001100100110110110110010010010,True,True,True,True,14,0.018836498260498047,0.005970001220703125,0.01228189468383789,0.0005691051483154297
photo_2025-05-30_18-12-53.jpg,1100011000111100100000110011100101110001110110011011000011111001001000001110011111110010010000110110000011110011100010001111111001111010000100101100001010011110101111111000000101100100001000110001101000111000111001110000110000110100111011110111000111000111,01110110000100101001100101100010101001111001000111011101001100000000111110010011101100111010111100111110001011010000101001110010010001000100110001011110011101001000110000110000011,False,False,False,False,90,0.024248123168945312,0.009058237075805664,0.013448715209960938,0.0017275810241699219
photo_2025-05-30_18-14-45.jpg,1010000000010010001101010100011110100001011011010001011001011010100100010101111011001101011110011100010100111010110011001110010000110001101010100111101110100010011001111010100001100110110100111100011000011001001110001100011010011011101111000111101110011001,101000000001001000110101010001111010000101111101010101100101111010010011110011001100110100011001001000111001111010100011101111010110001001110110100001100110110110111100011010011001011110001100011001010001101111000011001110011101,True,False,False,False,90,0.01842474937438965,0.00511479377746582,0.011985301971435547,0.001310586929321289
photo_2025-05-30_18-15-15.jpg,1100101100000000100101101001101010100100101110101101001001101101110110001101000101001001101010100111101011011011011001101011000100101011010101010110101111010101000011010101011010101110110111110100000111010101001100010100000101100001011110100101010100101010,100001100101011011000000000010010100011101101000100101100001000110000000110100101100000101011100010011101111000101101010100011011111101001010001110011100110100110001,False,False,False,False,72,0.017733335494995117,0.003880739212036133,0.011996269226074219,0.001844167709350586
photo_2025-05-30_18-11-17.jpg,1000010001010001010100110111000101111000110011100000111000011110101100111100011110110100101100010011011100011000011100100110001011001000111101100000011110001101100011110110000111011100100110011101000110100111100011100110110000001110110110011101100100110011,000000000000111001111010110000111100111101011011100110001001110100010011001100110010101001001000001101001011100100001000000100000000000011101010100011110101110010000100101000111101110100000100100100001110000111000001111000101101,False,True,False,False,105,0.020496368408203125,0.0068852901458740234,0.012300491333007812,0.0012958049774169922
photo_2025-05-30_18-14-04.jpg,1000111011110001111111001110100111110111001100010010001001000110110110011000111011010001100110010010000011000100111100100011101000010001101101110110100011001111101101100011100100011100011001001111111101110001100000001011000001111100011011001101001100000010,1000111011110001111111001111100111110111001110010010001011000110110110011000111011010001100110010000000011001100111100000011101001010001101101110110110011001110101000100011000100011100011011001101101111101001101001000111010000111101001011101100001000010001,True,True,True,False,32,0.019177913665771484,0.006382465362548828,0.012193918228149414,0.0005869865417480469
photo_2025-05-30_18-11-23.jpg,1110010101100110001001100110110101001100110110010011100110110010000101110011001011000110110100100111011011010010000010101100101101001110110010010011001101001001100110110010010101101100101001010010010110011101110011010011011001101001101101100110110010010010,001100000101010010011000100110100110010010111000010111100111101111111000111011101111110001101111011111111100101011010101101100011101010100100110011101001001011000010100000001011101100100010111100011110110111100001001001111000110000100110110010010101101001111110011111100,False,False,False,False,132,0.019663095474243164,0.006119966506958008,0.012527227401733398,0.0010001659393310547
photo_2025-05-30_18-13-09 (2).jpg,1101110011010100110000110001100000010010011100110011100011000110011101001001100010100101011001110000110110101110011110001000100101100011011010111000011101100010101111000100101100101000010110010110001111011010101001101011001000111101011101100111100111101100,1101110011001011110000110001100000010110001100110011110111000110011101001001100111100100011000110000110110100110011110011000100101100011011010011100011101100011001111100100101000111000110110000110000111011010001011110011001000011100011101100111100011101100,True,True,True,True,32,0.02028965950012207,0.006826639175415039,0.013001680374145508,0.00044608116149902344
photo_2025-05-30_18-11-26 (3).jpg,1110001101001011110100000011110000111101111001011000100010001100110001010111100000101101000001011101001011110111011100101001110001001110111100111000111001010011001101000000100101110001110110111101010001001000010100111000001101100111001110100111101001110001,1010000101000010110110000011110000110001111000011001100000000101110001010111101000101111000001011101001011110111011100101001111001001110111100111000101001010010001101000100100100110001110110111101010001001000000100111000101100101111001110100111101001110000,False,True,True,True,24,0.026320457458496094,0.010752201080322266,0.014809846878051758,0.0007431507110595703
photo_2025-05-30_18-15-14 (2).jpg,1000010110101011001010000111101000111110010101001011000101011011101010001111110001010111100000011000011011110101010100101011111101100100001010101011010101010001100101101010111100011001011001101110000110011101110110000110001010000111000111000101110001010100,1001011011010110001101011110101110111010011010000101011110101001100100011000011110001000111110100101101000001110100010100011101001111111111001000011001010010010010111010110000010110101100110001100100000110110100011111010111100100010011000000101101001000011,True,True,False,False,146,0.01732015609741211,0.004593610763549805,0.011949300765991211,0.0007617473602294922
photo_2025-05-30_18-11-29 (2).jpg,1011111101001000101111110110010000100000101101110101010010110101110111110000000000111011010111101110101011101100000111111000111001000001000100111101000011010001001111101010000001100010011110101101100011000101100101110000111001101001001110111100100110000001,1001111101001000101111110100000000101101111100000001001010110101111011101010111011000001111010001111010000010001001111000000110100010011111010100010011000100111101000000111101100011000101000111110000111001101001001110111100100110000001,False,True,False,True,109,0.021532297134399414,0.00777125358581543,0.012858152389526367,0.0008871555328369141
photo_2025-05-30_18-15-17.jpg,1111111011110010011111111111111101101001000111111011000101000101100010101100000011110000110100100111111111100000100001110110100011001100000111110111101000010101000101001101000010001011001110001100000101001000110010111000011001110100011000010001010011100010,011011100100111100111010101010111000100000001001110001100000100000100011111000101000100001110110100101101011111101010011001011111111100111110011101010101010011011010111010111010100101110001010010010100111110010111001101000110000,False,True,False,True,111,0.019209623336791992,0.005582571029663086,0.012473583221435547,0.001138448715209961
photo_2025-05-30_18-07-56.jpg,1001100001010100000111010000101101000111001101001001010111111000000100100010000110000110010101110110010000111001111111110010111010001000011101100011100001110001110111111110000101000000111100110111011100001110100110000011100101110011101111110010001111001011,1001100001110110000110001100001101101111001111110000011000110100100111011111000010010010000000010001011001100111101001000100011111001100101110100111111011000110101111100000111111001010011111000001010111101001010010111001100011000010111011111110110100011000,False,True,True,False,118,0.019152402877807617,0.006255149841308594,0.011968612670898438,0.0009131431579589844
photo_2025-05-30_18-14-07 (2).jpg,1101110000001000001100110010111010110011010111001110111010011000000100011110011101001010111111101010110000010001110100101010001101101010011111110010010010010001110100110100100101000001001011100001110000010000101100111110101010110010111001100101100111111011,1101110010001000001100110010110010010111000001001110110110011001000100011111011101011010111001001010110110010011110110101111101100101010010101010110010110010101010110100100100111001001110011100100010010010011101100100110100010111010011001100100100111111011,True,True,False,True,49,0.020502805709838867,0.006956577301025391,0.012971162796020508,0.0005600452423095703
photo_2025-05-30_18-12-59.jpg,1110010000001101010000101101101000100101001101110001011001100011000111001110111100110001111101101000001101001100011111011111000100110011110110110001111001100100001100111000100000010011100100100100110111001100100101001101100011001111001001111110011001100110,1110010000111101010000100101101000100101001111110001110011001010000111001110111100110011101100101000001101111100011111011011000100110011110110100001110011100100001100011100100000110011000100100110110101101100100101101001100011001111001001111100010001100110,True,True,True,True,30,0.02102184295654297,0.006926536560058594,0.013575077056884766,0.0005052089691162109
photo_2025-05-30_18-13-03 (2).jpg,1100110001000011110100000010111100110010000111100111111000110000110000010110000000110000111001101111111000011001111100000001100101000100011001100011111111000110001010111001100101011100000110011000110011011111001100111011011011001111100111100011110010010110,1100110000000101110110000010111100111010000111100111111001100000100000011110000000110000111001100111111000011101111100000001100101001100111001100011110111001110011010111001100101001100001110011000110011111111001000111011011011001111100111100001100010010110,False,True,True,True,22,0.020263195037841797,0.006752729415893555,0.012973546981811523,0.0005211830139160156
photo_2025-05-30_18-13-57.jpg,1000010010010101101110111100011011010010010010000100110101100101010100101111100000000111110011111010000010011110110010101000000111000110000110111100011111110000100111010101110110100011110011110001010000111000101011110000111100111000001100000011101111101011,1100010010010111101110111100011011010010010010000000110101100100010100100101100000010111110011110010000010011110111010101000000111011110000110100100001111110000000111010101110110110011110011110001010000110000101011110000111101101100011100000111001111101011,False,True,True,True,23,0.02169036865234375,0.007956743240356445,0.01302194595336914,0.0006961822509765625
photo_2025-05-30_18-14-47 (2).jpg,1001010111111000110010101110001000111101110110011110101010000000011100000000000000111111010111011100000000000010110110111111010100100110111111101101100100001001001011101000001000100010010001101111100100011110001001100100111110001011101101110011011111011010,00100101101000001100110001110010110001110100111010000010111100001110100100000010110010000110010011101100111001001100101111000000011010110111011110111000011110100000111101010101011001101100011010110001,False,False,False,False,84,0.021711111068725586,0.0069751739501953125,0.013193130493164062,0.0015285015106201172
photo_2025-05-30_18-07-52.jpg,1110010010001100010110110000001101111000101001100000101001010001100101001010111101001001010110100110111111100001001011101011010110110101101010111110000101000110111100011111100001011110100000000001111100001011110001101000111110101101011110101010010010100100,111111001100010000110010010110110100111000101000100010010011010111010111010001110000111100101000100000100011000101010010100100010111101110101100001110000000010110000111100010101110001111001110000110000111010100110100011110111101,False,False,False,True,112,0.020430803298950195,0.006810188293457031,0.01249241828918457,0.0011134147644042969
photo_2025-05-30_18-12-44 (2).jpg,1100000110010011100011010001110000111110000010000111000011100101010001110110111010001110001000100001100000101111001100011111100011100011100000010100111000011111110111001111110001001000111000010011011111101111111101100000011001101011000111111001011110010000,1100000110010011100011011001111000111110000010000111000011101101010001100111111011001110001000100001100000100111001100011111100011100011100000011000111000011111110111001111110010010000111000001111010111101111011000000100011001100111100111110101111100110000,True,True,True,False,30,0.019929170608520508,0.006529092788696289,0.012871265411376953,0.0005135536193847656
photo_2025-05-30_18-12-34 (3).jpg,1101101001011001110110000100010001011100000111111001000001011001100010100110011110100110000110010010011111011011111011100000000101001000001011010110100110011000011110010111001110101111000000001111100001101111100111111101100100111011011000110010010011010001,110110100101100110011000010001000101111000011011101110000110100110000110110010110110111000011111001101010110000101101101010100011010110000001001010010011001100110101001011000111110101100000100110010011011010011011001100001001010111111100111101010010,True,False,True,False,72,0.02028965950012207,0.007046222686767578,0.012459039688110352,0.0007696151733398438
photo_2025-05-30_18-14-24.jpg,1100110001101010110011110110111111000011100000110110010010100001001101000011111000111011000101100010101011101111000001101000100010010101110001110111010110010110111110001001010111011000011111011100001000001100000110011101111100011000011110011100011100010000,11001000111000101101110101101111110000110100001100100011101100011110001010010101100000110111010110011110110110001001000101110000011111011100000000001000000110011101111100011010011110110101011100010000,False,False,False,False,87,0.022012710571289062,0.007510662078857422,0.01291036605834961,0.0015778541564941406
photo_2025-05-30_18-15-09.jpg,1010111111101101101100000011001000110100100101101111000000011011011100000101111010000011111111011100001101001001110011010010010111000011110010001100100110110110110000110011000110001101101000000110111100000110001101111000001101001111110010011100010010001111,1010111111101101101100000011001000110100100101101111000000011011011100001101101000000001101111011100001101001101010011110010110011100011111010001110100010110010110110110011000110001111101000110010111101100010001101011000011101000111110011011000011110000110,True,False,False,False,33,0.021699905395507812,0.007546186447143555,0.013084650039672852,0.0010535717010498047
photo_2025-05-30_18-15-12.jpg,1101111000111100011010011110001100101011110000111010011110001110001001010000001111100100000111101101011100111000110110100010100011101110001010011001100011100001100111001011010110011100100001101001110010010010100110101100111011010010110110001001000111001100,1101111000111100011010000110000100101011110000111010011110011110001001010010001111100100011111001111010001111000100111100010000011100010001101111010110011100000010111001011010111001001110001001001110011011110100111100100010011000110110100101011101010001011,True,False,False,False,52,0.021530628204345703,0.007179737091064453,0.01328277587890625,0.0010528564453125
photo_2025-05-30_18-13-45 (2).jpg,1000100111000110100101011101111100110000011011110011100101110111001101000011001101101001000101100010100110110011101000000011001111100110001110010000100101110111010110011000111011111010100000011011000101110001011100001000000000111001111100001110011110011110,1010100101000110100100010101111100110110011001110001110101110110001101000011001101101111000101100011100110110011111000010011001111100011001110010000100111110111010110011000111010111010100000010011000101110001001100011000000000111001111100101110011110011110,False,True,True,True,23,0.02265334129333496,0.007905960083007812,0.013902902603149414,0.0008287429809570312
photo_2025-05-30_18-11-20 (2).jpg,1000011001001001101010100011010101100011101100101100001110111010011101011011101011100011100100001110001011010001001100101101010101000101011001001100010100100101001101010010011010011111000101111100111010010100001011110101011100111101001001101001110110000110,1001100000110011111100000001111010011000101000000100111100110000001100100000001010110100100110010000000110110110011100100111010010110100011001111010011111111001110110010000101001111010110101010011111010001011100000000110000100010001010000001010011011010110,False,False,False,False,125,0.022286653518676758,0.00804901123046875,0.013090848922729492,0.0011298656463623047
photo_2025-05-30_18-14-09 (2).jpg,1100110101101000110001110000110011000100010001100101100001001100011110101110100101011010110000011100001110111000010110111011100110100000101110101010010001011111011000110110111100100000001110100100100000011111100011001001101000110101111111101011010111001011,110011110100100011000111011011001100010001000110110110001100100001111000111010010101101011000001110000011011100001011010101110010000001000110000111011011100000100110100110000011110000111001001100011100101110111100011010111001111,True,True,False,True,61,0.022149324417114258,0.008188009262084961,0.013122320175170898,0.0008246898651123047
photo_2025-05-30_18-15-13.jpg,1100101000001111110110110001111100110011111000000010000111110001100111010011010111110010000111101110100010001111110011000001001100000111011101100100001111101110101010100111010001111100001110000011100111001100000100101110001011100010000101110111011000001000,010010011011001111101001000111010011001011000110001101001010001100110111001000101100100000001110011100111111001101000100101101101011001000010011000010100101111110100011101111000100010010101110010010100101000000110111011000101000,False,False,False,False,94,0.042701005935668945,0.007299900054931641,0.03371095657348633,0.00167083740234375
photo_2025-05-30_18-15-08 (2).jpg,1110101100100011111101001101101010010101110011000011101100111010001000101000001101001110001011011100110011010010010111001000000101011010100110110101001100100010101100000010011001110010011001011111011110100101001001010011101010010101010111101001110010111010,111010110011010011110100110110001001110111001000001110010011101000110010100010010100001000101101110011001101001001011100101000111101101011011011010100111100000010110000001101100111001101110101111101000010010100100101001100001001,True,True,False,False,29,0.04036211967468262,0.010161161422729492,0.028333663940429688,0.0018341541290283203
photo_2025-05-30_18-13-03.jpg,1101011100100010100111001100011100001000110101011110011100111010111101110010001000011000111101000110100011010011111101110011100000000101101100010010110111001011110100100011110000011000111001010110100101011010111100110011100000011100100001010110110100011100,1101111100100010100101001100010100001000110101011110011101111010111101110010101000011000111101000110100011010011111101110011100000001101101101010010110011001011110100100011110000011000111001110110100101011010111100110011100000011100100001010110100100011000,False,True,True,True,11,0.03305315971374512,0.011085748672485352,0.02105259895324707,0.0008897781372070312
photo_2025-05-30_18-10-57.jpg,1010001100110110110111100111101110111111111001010001000110011001100100000001100101011000000001011010111000100001010010111111001010110001110110010111100001001101011101000110001011101110001100000011000010111100010010111101110101001100110101101110100100110000,1011000011110101100010111100001110011001111111010100010011110010000001000111000011100100110001110000000010001000011000111100101001001011100110101110101001010000001011110010110010001010100100111001000100100100101001000010100010000110100011100111101101100100,False,False,False,False,122,0.031221866607666016,0.011303424835205078,0.018580198287963867,0.001317739486694336
photo_2025-05-30_18-15-16 (2).jpg,1100011110000101001010011011000010010111111010001101111010001110001110101011001110001011011110010011100010010101110110100100110101011001011110000110001110100011001011101001010110000100010010100101011100011100111111000110100101100110000101010101110011000010,11000010101001011000111110100001101101001111000010010111111010001001001010001110100110101001111011110010011100111000101100111001101100110001110001001110000010001101010111011011000110101100111000101010001000000001111110101,False,True,False,False,105,0.018611669540405273,0.0051305294036865234,0.012218475341796875,0.0012469291687011719
photo_2025-05-30_18-12-49.jpg,1101111110010000001000001011101000010011010001111011101100010000001011010111101101010110101000101100101000001001100011010111011011010010100110011111111011000110100000000110110011010101101101101011101000111011100010101001001101101101010010011010010111101000,1101111101010000101010001111101000010011010001111011101100010000110011010111101101110010101000100101101000111001111011011111011011000010100110011110111011000100100000000110110011010101001101001011101000111111100010101000001111101101010010011000010111100000,True,False,True,True,27,0.0229642391204834,0.008869647979736328,0.013332605361938477,0.0007464885711669922
photo_2025-05-30_18-14-27.jpg,1011111111111110101001000101001100001100001100010000110111000111110100000010001011011001101001011100001101100001001100100001101010010010110110110111001110110010111111000000111000101101010001011110111110000001110001101001100010010010010101110101111011100001,1010111111101110101001010101011100001100001100010001111111000111100100101000001011110001101001011100000101100011011000100101100011011011100110010111001110110010111111100000111000111101010001011110111110000001110001101001100010010000010101110100111011100001,True,False,True,True,27,0.024394750595092773,0.009776592254638672,0.013809680938720703,0.0007927417755126953
photo_2025-05-30_18-12-36.jpg,1111001001101100100001001101111111111001001000100100101110110110100100100110100101100111010010001001000101011110100010101001011010101010011011011010101100100100001010010110100011011000110010110010100101010101101001010110111110100000101100101111011010101010,101101100110101111101001101011101100011100110111010110000110001000100001101010011001011001011000100100010100111010100010100101001010001001111010011010110010010101101010100011110110001011010110101011000100001101111111010011000010,True,True,False,False,87,0.02178025245666504,0.007725954055786133,0.013048171997070312,0.0009911060333251953
photo_2025-05-30_18-14-56 (2).jpg,1100100011001000101100110011011010001110110010011111010001001110000010111111011100001101000100111000001011111100111110100000011110100101111110010101111010000000010000000011111001100111111000000101101011000100100111110000010111000100001110001111101101111100,111010001100110110110011001011101100011011001010101101111010101011101001010101111110011010000001101001111100111000010011110000011100100011001110010001110000100110110110011010100111010001001100010000101000011001111000101001101000,False,False,False,True,93,0.018471479415893555,0.005015134811401367,0.012109518051147461,0.0013289451599121094
photo_2025-05-30_18-12-51 (2).jpg,1101010110101100110101000000111100001011010000110010111001011000111001000010111110000101101000010101111101010011011110100101101001010010001100011001011110100101001111010011000100111001010110110100111011000111110110001101010001000000110011101101110111000010,010010010100111000110001011100011000101010000011111100001110010011011010010110101001011110110010010111111000101000000100101001100000100011000101000001100100010100101011101100111101110100,False,False,False,False,91,0.019849061965942383,0.006203174591064453,0.011955499649047852,0.001676797866821289
photo_2025-05-30_18-13-04.jpg,1100110001100111110001100011011001111001100111000010001001111001000110011001100001110110101001101111110000011001001110110101101011110001101100010000001101001100000111001111001110100111001101000111101100011011110010110100001000000110001110011100101111000001,01100000101101101011100100000010001000010010011000110010100111011001100110111010010110001111001101100001101110011011100100001011001011010110100110100001011010110001011101111100100101100011011000011001110010011010011100110010010100001100101110,False,True,False,True,106,0.022823095321655273,0.008356094360351562,0.013645172119140625,0.0008063316345214844
photo_2025-05-30_18-11-15.jpg,1100011100110011111000111001110000111001100011111001110001100011111100001110000000111001110000010001111000000011110000110001111011100001110011001100111000110001110001110001100100110001100011100011110000111110110001110011100011100001110000111100110001100111,010001110111101110111010110000101101000111111011011011011110111011111001101010010010101000100010000101101111100000111001000001111010111001111100101110000001100000001011111001101101101000110111000101100101000111100110111001010010111100110011010001101010101010101010101101,True,False,False,False,132,0.02269577980041504,0.007852315902709961,0.013810157775878906,0.0010178089141845703
photo_2025-05-30_18-11-22 (2).jpg,1000010100101010100000001101010111100001011011000111100110001101011111101000010010111111001000101100111110000001010011101100010001100111011010000101001010111011110111000001111110001001111000010100110110011000111001110001100001111011011001001011010101100011,00101011011101101011011001001000010001010011000011001101111100010100011011000011101010111000000001001101110011101010110101011111101110110101001111001110010111001011010111100111011001101111001011010011,False,False,False,False,107,0.02184891700744629,0.0074520111083984375,0.012849807739257812,0.0015332698822021484
photo_2025-05-30_18-13-06.jpg,1001101010001010000011001110110010010110001100100001101100111011100001001100110001100010100101100110001100101101110110101100110100000100110110111100010110100110010111011010110011010110001001000011001111011111111010011100110101110010010101111010100100010010,10011101111111011111101101000000010000101001111000000000110011000111111010011110010000000011110110100111100000100100101001100101010000000111111110010010111010001000000100110011100011101010110100001110,False,False,False,False,105,0.022656917572021484,0.008042335510253906,0.013024330139160156,0.0015761852264404297
photo_2025-05-30_18-15-05.jpg,1110111010101111101110000111011010111101110100001100011111100011101001000101000101101111000100011011000110111111001110000000110011010011111010001001100100100011100100111001000110000111100110011101001110000001011110101000000010100011000001101110001100011100,1110111010101111101110000101011010111101110100001100011111100011101001000101000101101111000100011011000110111111000110000000110011010011111010001001100100100011100100111001000110000111100110011101001110000001011110001100010010110011000001101110001101011100,True,True,True,False,7,0.02769756317138672,0.01188206672668457,0.015065908432006836,0.0007343292236328125
photo_2025-05-30_18-14-08.jpg,1100110101010101011011001110111000110001001010111101001100110111001101000100010011001010011101010001010011101110110010011001111000011001100010001110011001100100011010110000110110000100111110110111101110100010100001000110110001101011001010011011000011010011,1100110101010101011011001110111000110001000010111111001100110110001101000100000011001110011100010001010011101111110010011001111000011001100010001010011001100100010010111000100110000100111110110111101110100010100001010111110001101011001010011011010011010011,True,True,True,True,14,0.018867969512939453,0.006047487258911133,0.012390375137329102,0.0004150867462158203
photo_2025-05-30_18-12-50.jpg,1000100111001110110100110110011000110110001110010110011100110011110010011100110010011001110001100111001000110011011001100001100111001100100110111100100110100111100100110110010000110010010010010010011011011011011011011001001101001001101001001000110101101100,1000100111001000110100110110011000110110001100110110110100110011110010011000110010011010110001100111001001110011011001101001100001001101100110111100100100100111100110110110010010010010010010010011011010011011011001011011001101101100101001001100110111001100,True,True,True,True,28,0.02142953872680664,0.007671356201171875,0.013139486312866211,0.0006036758422851562
photo_2025-05-30_18-11-24.jpg,1000000011100101101001001110010010100100101001100011110010110110011011001011011000111100101101110011111010010111001101100000101110010110000010111001101010001101100110111000010011001001100101001100100111110100011000010111001110100001001110110010110101111001,0011110111100101010101110011111001100011101001111000010000010000000001010101001111000101101111001100110000100111001011100111001101001111100110111110111010111001100011111011011011011111111101101111010101000001100000,False,False,False,False,100,0.024156808853149414,0.008957624435424805,0.013725042343139648,0.001459360122680664
photo_2025-05-30_18-10-53.jpg,1110110110000101100100100111101100011011001000000110010010011101010100100110101100001101001101001110010010011111010110100110100000001101000101101100101110100111001111100101100010000001110011110111101100110011001111100100100011000001111011011001100100110110,11101101110001001101001000011111100100100110001001101101101001010110010010011100010100100110101100011011001001001010110110010111111000001111101000000001111111110011100011001110100101000100010100010000101111100001011000010,True,True,False,False,112,0.019299030303955078,0.005908012390136719,0.012279272079467773,0.001096487045288086
photo_2025-05-30_18-15-11 (2).jpg,1000000000000001110000000000000101010011100111010011001001110010110111010110101101000001101101011010011110011100011111101101001001100011011100111111100100101001010101101101100110101111000111100100001100110011101111011101001101101100010011011000001111010001,000000000010000010000100000100011000001110111101001101101100001011101110011100100100010101100011101001011110010001101010101111110111001100110111101110011011100100010110100111111010100110011110010010110110001010100101011001110110,False,False,False,False,62,0.02211761474609375,0.007725238800048828,0.0130462646484375,0.0013310909271240234
photo_2025-05-30_18-15-07 (2).jpg,1000000000000110100100011100010001010010111111000001111110111111001110000011000101001111000001111110011001100111011000000101100110000101110110101001100100111000100100011010111111110000101001101001011111100110101110001100000010111110000111011001111000011111,1000100000000110100100011101110001010110101110000001111111111010001110000011000111001111000001111110011001100011011000000101000110000101110110001001110001111000101100111010111111110000001001111001011111100110001101001100000010101110000111011001111000011111,False,True,False,True,24,0.021723508834838867,0.007739067077636719,0.013010263442993164,0.0009579658508300781
photo_2025-05-30_18-12-29 (2).jpg,1100010000000001001100011110100100010011111111110110101011010010100110011110011111010001000000111110000000000000110000001110110111000100001010001100010100111100011010001100011111001001110001110100011010111111011011010111010001101111101011110111100101100011,1100010000000001000100001100100100010011111111110110101010010111100110001110011111010001000100111100000001001101110000011011100011000100011010001100010000101100011010001100001111001001110001110001001000110100011011110101111100001110101001100011100101110011,True,True,True,False,41,0.0227203369140625,0.008728265762329102,0.013277053833007812,0.0006997585296630859
photo_2025-05-30_18-12-46.jpg,1111110111011001110010001001110000110111011100000111001000100011100000110110011000000101110001101100101011000110011100001101100111001001001001110011000111011100110011100011001000110011010001111110011010111000000011011100011011110000110111011000101100110010,111111011100100111001010000111000011011101100000011100100010011111100011011001100000110100001110110110101101011000110100010010001100101100100101101100001101011011011011001110000011000001010111110011010000101000000100100001011111,True,True,False,False,45,0.021456003189086914,0.007546424865722656,0.012967348098754883,0.0009274482727050781
photo_2025-05-30_18-14-19.jpg,1000010010010101110110011100101001000000001001011110110111001010000110111001001100101111001001101001010110010001001110110111101101100101101001001101001011011011000101110010010111100110110000100001011100110001110010110100011001110110101101001000101101011011,011111110110010010100101100110001010001110001001101101001101000001001110000011000000000110000000110010110010101010001011001101010011100101001101100010011010110100111001000000101010000011000001011111011110101110110000101001010101,False,False,False,False,125,0.014949321746826172,0.004161834716796875,0.009411334991455078,0.0013606548309326172
photo_2025-05-30_18-11-15 (2).jpg,1010011001011001011101101001100011001001111001001101100001100001100110011110001010011100001001010011011101101001111100110101100010011000001001100011010010101011011000100101100101100010110101101001011110100101011010011110101101101010110100100011011100011010,000000010001100001010101000011110100001100110110110110110000101101001100110001010110110010001100110100100110001000101111111100011010000010111001000000010111110000101110100000000000011100001011000010110110110,False,False,False,False,106,0.01880478858947754,0.00529789924621582,0.011978864669799805,0.0015137195587158203
photo_2025-05-30_18-14-57 (2).jpg,1000011001111100010000010001000100001100100001111001000110000000110110001000000101101011101111010101001111111001011011110001000110100101011101111011110011100000110101011000011101001111111001100111111010000100000010101010010011011011101111100010111101010101,1010101101101010010010000110101010000111011110010001000000100000001100110100001011001110010100000111011000111111011111011100000100000010011001100001100001011111100001100001,False,False,False,False,85,0.018695592880249023,0.005062580108642578,0.011868476867675781,0.0017521381378173828
photo_2025-05-30_18-13-07.jpg,1011110100100010100011100000010111001100011100011100100001101011100101101101110111001110110010000000011110110000001101101100000100110110110010011011011011101101100110110010010101100110100100110011011001001001000110110011000010010110010011101101101100101111,10111001001001111000110000000110110010010111101101001010011101111001011001001010100001101100010000000110101100000011011011000001101101101100010101111011011011011001101100100111011001011001001111111110110001001010100000100001001110001110111010011010000010011100001,True,True,True,False,63,0.020159244537353516,0.006653547286987305,0.013002395629882812,0.00048804283142089844
photo_2025-05-30_18-14-36.jpg,1001011110110101010001101010100101001001011011100011100101010100011001011100101000100001101010110110011000110101001001100101110100111100011100101100110011100110110010011100010110011001100000111001101000001110001100110101110011100011111110001100001110110001,011111110100000011011010001111100110000000110001001101111100010011111100110100000011011110010110011100000100010110110001011100100100000011001000001001000100010101010111000101011111011001011001000000100001011010001110100000100100,False,False,False,False,120,0.02205491065979004,0.007211923599243164,0.013512134552001953,0.0013089179992675781
photo_2025-05-30_18-15-10 (2).jpg,1001110000111100001110011100011101110001010000010010011100011100011111001010000000001100101100011110111111001111100111100010101100111001111111001000110100000111010000111011110011110110000000011000100111110011011100001000011000100111001100001100110001111110,10010110001011100011100010111000011100011100001100100111110101000111110000110000000001001110000011111110010110111100001001100011001110011110111110110001000001001111010100001000101101100000000100001111001100111110011011101111000011100100010011100001100111011000111,False,False,False,True,82,0.02082037925720215,0.00669550895690918,0.013063669204711914,0.0010454654693603516
photo_2025-05-30_18-07-57.jpg,1000001010101000111011010101011111101101010100110111101010111101011100100000100000101111101001110101111101010000100000111111110000111000101000110001100001110111011000000101000011000100101010000011101110000110101010010101100111111100111010000001011010110110,000101100101111111110101010101001011000100110100011000101010101111010100100110110101001101110011001111110010010010000101111000000101001000001010000101010000101001010110001100010001110110001010010101010010011010011011010010011110,False,False,False,False,99,0.025981664657592773,0.009613275527954102,0.015028238296508789,0.0013251304626464844
photo_2025-05-30_18-14-18 (2).jpg,1001010101101000110000000000110110011010100111100011010111011001011001011100010110100111111001110010100101101010001110000111101000111100000110000001111000010011001001100001011001100111011111001100001111100101000101111100010100101101111110110111010000111000,100101010100000011000101010111011001011111010100010100100111011011010000100101101010010110110101101010101010110100000101010100010011001001101100010001100101011111001110101101111101000011111100010110101001100011010111010000111010,False,True,True,False,95,0.02147364616394043,0.007652997970581055,0.012894153594970703,0.0009107589721679688
photo_2025-05-30_18-14-49.jpg,1100010001000101110111010101000001110101011010100010000110101111101001011110000010010110100000000001101101001110011010110011110011001101010010001000110110100001001011111011011011111110000000111111010011100111000111111101000000110111000010111011001001100101,110010001111110110111100001001110110000101001010101001001100000110100000101000110000101001001001101010101110010110011010001011010101001010100010,False,False,False,False,66,0.018888473510742188,0.005066871643066406,0.011802434921264648,0.0020072460174560547
photo_2025-05-30_18-15-06.jpg,1001111101011011011110011101001100100100011110101000011110100000111001101111000011011010010111101001010001111011100110010111100110000010100100100111100100010001110011100111101011001010010100001000110111100111011000111101100000011000000011001100111000100001,1100001101010111001001111010001100001010100110001011111111000000111001101111000010011000001111100001000011110010101110010101110111010000100100100011100100000001110011100110101011101010000100000000110111100111011000110101101010011000100011011100111000100001,False,False,False,True,53,0.02102184295654297,0.0067403316497802734,0.013181447982788086,0.0010845661163330078
photo_2025-05-30_18-15-16.jpg,1101011111100111111011001001110010001100000111001100011100111110010010111001000100111111100000001100111000011110110100110111110011110101111110000011001100001001000111101100001101100000111001101100000001101101001101000001100100001111000000011101101001100001,1101100010101111001110010100110111010111111100000101110010100001101101111110110011101110011000000001001000001111011001001001010110000011011001010001110111011111010011001011010000011001100011001110110001100010001010011100011101011010101,False,False,False,False,133,0.05023908615112305,0.002821683883666992,0.04605913162231445,0.0013396739959716797
photo_2025-05-30_18-14-17.jpg,1101100011100011101001010000010001110000010011110111011000111111011011110111000110000101000010011001010000001001100011001110011110001001100111011011101100011100000110101110011001011011101111000111110100110100010110000110001001100101100110101010010100011011,011100111110110001100111010111001111001011111010000111110010101010100100100000110111110000010000101000001000010001000101000100111101001101000100010100100110001010101001100001000110111101100001000000000000101001011001010111101100011101001010100110101,False,False,False,False,130,0.023581266403198242,0.009457826614379883,0.01291036605834961,0.0011970996856689453
photo_2025-05-30_18-14-02.jpg,1110101101011010101010110100101001011000110101001110100110010010100011010010101001110101001001010010011001001101010011101101011011011001100101010100010010101010101001010010011010101011011101000101110011011001010101001001000111001001011101101010110110101010,1110101101011010101010110100101001011001110101001110100110010010100011010010101001110101101001010010011001011100011010101101011011011001100101010100010010101010101001010010011010101011011101000101110011011001010101001001000101001001001101101010110110101010,True,True,True,True,8,0.02074146270751953,0.007567882537841797,0.012836933135986328,0.00032138824462890625
photo_2025-05-30_18-14-34.jpg,1001010001011001101000010101110001000011111101001011011001100011011011100010001101111010100100000001100110001100110011101100100010110110110100110010101101100111010010110010011010111000001111111000101111011100110111001001110010001001001110011010101001110000,0111011101001100010101110100111011100011111111101110110101111100111111100100011011110000100110010001001100010101111110000001100011010111101101010000100011100010100111110000100011001000010110110,False,False,False,False,82,0.022322416305541992,0.0077440738677978516,0.012960195541381836,0.0016036033630371094
photo_2025-05-30_18-14-45 (2).jpg,1100010011001101111100110011100000110011110001100010110110011000111010010110111100001111010010011110111001011011000001101010011011110011011100000101000001010000111110111000101110011010110010010101110000100110001010011010011101101100101100000000101000111101,1100001011110011000110100110100001001100100100001000101111100101001000000000011101100000001111100010011111010010010111010011110110101010101010110000101111100111110101110001010010111110110010100,False,False,False,False,105,0.0188291072845459,0.005344390869140625,0.011832714080810547,0.0016379356384277344
photo_2025-05-30_18-14-49 (2).jpg,1110101000001101100110101010001010011000110010001111110011000000001101111000001101000110110111000001011100011101011000110011000100011000111011000111011100010100001100011111101100111100001101110011000111100111001110000110111001010001111111110001000011011100,0110110100100101000010001100011110010000111100100100111111001111101101110100101000001000100110011001100011101111000110110010100011000110111100100110010111010000101100000100101111101000011001100101101111010011110100011111000110001000111,False,False,False,False,106,0.018018484115600586,0.0049457550048828125,0.011806488037109375,0.0012505054473876953
photo_2025-05-30_18-14-21 (2).jpg,1111000110100111000011110011110101101111010111000110010001111010011000110011100101110011110000110011100010001000011000001101111010010011111000010001100100110110000110000110110100011010000100001101100100100110110000110100111100111110111100010111000111001100,10110011101011110000101101111001010011110101110011100110011110100010011100111011001100111100000101111100100010001100001011001110100100101110000110011001001101100001110001101011111110010001000000000001101001100101100111000001111010100111100101110100111100111001101,False,False,False,False,57,0.023029088973999023,0.008737325668334961,0.013193368911743164,0.0010824203491210938
photo_2025-05-30_18-12-58 (2).jpg,1110010100001111111101101100101001100000111101011010111100010101000001101000101111010001001000110100101011110010111011101100010100110000010001011000010101101010111111101101101100000010101101001001111000001101110001011110011000111000000010101100011101100101,1111110000011010100110001001000111001100110100010100111000100000000010000010010100001111101000111001000010010101101100110000110001111101001010110110100100011010100001011000110011001001100100101110000000111111111001110101010000110000011,False,False,False,False,118,0.018746137619018555,0.005545616149902344,0.011893987655639648,0.0012907981872558594
photo_2025-05-30_18-15-17 (2).jpg,1110011111010100110011111100101000111100000000110011100000001101001110001111110100110101111001001000011111100111110000100010111101111000110001111100010001111111100011100001101011001110001001010010001110010000011100001010010111010000011100000111000000111011,1110011111001011110011110000111000110100001101110111000011110110001110011100000011010010111000101000011100010111110000100111101000100011011110010111100011001011100011100011000000011010000110011110000110010010011100111101000110110001110011111001011000110000,True,True,True,False,102,0.01808476448059082,0.004821300506591797,0.012483358383178711,0.0007638931274414062
photo_2025-05-30_18-14-09.jpg,1101010100010101011011101010101001011010111010000110100001100100001110010001111010010010110011110010100101100111101011110110000011111100110110010010111001010111111000010011010101110011100110000001111110001000110100000000011001101001001010101001001011001111,100000101001011110011000111111101001001110111001011001000111100110011011011110000011110110011100101101101101011000110110011101110000110110010011000110111100000000011111101111110000011100001111100000001110101111000001101111001111000001001000011110000,False,True,True,True,130,0.020011186599731445,0.006382942199707031,0.012944459915161133,0.0006670951843261719
photo_2025-05-30_18-14-21.jpg,1100100100101111001101010100101000100100010010010010100111010101010100010101111110110111011000010100100010101101001101101010111010011101001000000110101001011111100001010101111111111111011000000000101101011101100101001000010101101011101100000000010011101111,1100100100101111001101010100101000100100010010010010110111010100010101010101111110110111011000010100100010101101001101101010101010010101001000000110101001011111100101010101110111111111011000000000101101011101110101101000010101100011101100000100010011101011,True,True,True,False,12,0.021692276000976562,0.00783395767211914,0.012907266616821289,0.0009357929229736328
photo_2025-05-30_18-14-04 (2).jpg,1110111100101110010000100100101001010111000111101110101110000010101001010101010010010110100101100110101001011111010001010001001111011010101101011000111111000011111001110110000100100000101100100001001111110011010001010100100110010010001011111001111100010100,1111011110100110010000100100101001010110000111101110101101001000101001010101001001000100110011100110100001011110010001010001111010010010101001001010011111111011111001111010010110000110111101000001001011011110010100110100101101100010001000111100111100010000,True,False,False,True,60,0.02375960350036621,0.008654594421386719,0.014043331146240234,0.0010449886322021484
photo_2025-05-30_18-11-14 (2).jpg,1111010100100110000100101001100011001000011011010111110100111110000001001100010111110011001100000101001011001110101000010011100101011011001101100010110011000111110000110001100000011110111111011100000001111000110111110000111011111000111100011000011000001111,0100100101000001000100011000001100101101010101111100100111010001101011001000011111000100100111001100100100011010100010110000110100101010000001010101110001000001001100000101001011000010000110001,False,False,False,False,98,0.017824172973632812,0.00468134880065918,0.011536598205566406,0.0015926361083984375
photo_2025-05-30_18-12-58.jpg,1101100100100110110111100000111000100110000110001000001001100111100010000110011110011100111111101011110111011001111001110110010100110110011001001000100110000110100010011100011100111101110010010011100011000111011100111110011000010001111000000001100110111000,1101100100100110110111100000111000100110000110001000001001100111100010000110011110011100111111110011110111011001111001110110010000101110011001001000100110000110000010111100001100111101110010010011100011001110011100001110011000110001101100010011100110111001,True,True,True,True,18,0.019866943359375,0.0065670013427734375,0.012896537780761719,0.00038743019104003906
photo_2025-05-30_18-12-40 (2).jpg,1100111001000101110101000011001101010100110110100001101111101110000110111001110101011011000110101110001100110011000111010000001100011000000011110111001100110001111100000111011000000101111001100001111000110101111000100000000110100110110001111010001111111001,1100111001100101110101000010001100010101110000100001001001101110000110111001110011111011010110111110001100110011000111010000101100010001111010010000100111010101000011100010111000001011111101000000011000010001101011101011100110100010110001111110001111011001,True,True,False,True,60,0.02125716209411621,0.007695913314819336,0.012903213500976562,0.0006422996520996094
photo_2025-05-30_18-14-47.jpg,1110100101010010110011001110100100010100101001010001001110110110111010010101000101101100011010100111001001001101000011011001100101000111001101001110010110110111001101001000111100011010011001101101101111110011011100010001100100100110000111000100110011100110,1100100101001000100011110100110000111110000001111110101010010110101111111100011100000010010110010001101000101011000110101111011100011010101101100010011010000101110110100110,False,False,False,False,80,0.0188140869140625,0.004645586013793945,0.012414932250976562,0.0017404556274414062
photo_2025-05-30_18-14-16.jpg,1100011000111111100101101010000100011011011001110110011101001000100101011110100111111100101111011000111100001000000000001100111101101110110100001100000001011010010110001101111101001101010010001101010000101110001110111101010001101111100110000101100010100001,11111100110101001100110010001100011010101000101000110101110001111101000111011100000011010101011111101111110010001101001111010100110011010001010011111000100100110000000000001000011101011100011101010010111000111101110111101100011001111110100111111010010111001000100,False,True,False,False,127,0.02421855926513672,0.009150028228759766,0.014017820358276367,0.0010340213775634766
photo_2025-05-30_18-13-04 (2).jpg,1100011100110010110000111110000101111100100111110011110000111100001111000000000101100100001100101100001101000110110010111010100110001000001100100011110001011010001110001110111101110010110111011110011111001011110000110000110110011011001101000001110000110110,1000010100000010000100001110001111110100001111111100110111110100010010100000000101111100001100100100110001000110011110111000100100101000100000111110110101000000001110111110011101010011100101111011100101101111111110010001110000010011101101001011010000010110,False,True,True,True,80,0.020687580108642578,0.0075435638427734375,0.012428045272827148,0.0007002353668212891
photo_2025-05-30_18-11-28 (2).jpg,1100111111010111101010010101100110010110011000001111000110010110101001110100010001001111100110110110101000110011111110000100010101000001100000000010111101101110101101011101111011100000001001111110101110001101010110110011000101010100010101000001000010110010,1100111111010101101010010101111010010100001000001111000110010110101001110100010000001111011011110110101000110011111110000110011101000001100010010010111001101110101101011001101011100010011001111100101110001001000110110011100101010000010101100001010011100010,True,True,True,True,30,0.020780324935913086,0.007487058639526367,0.0125732421875,0.0007052421569824219
photo_2025-05-30_18-14-03.jpg,1001010111011101000110111100110101111000001110110110011000110011010010101000011001101000010001100010111101010100101000000101011000111010010101100101001000101101011001110010100010000101101001001011010010100001101111000111010101111110110110101110110101011010,100100010110101101000110010110100000111001110010100110000100110110000101001000111000111111110111001010110000000001111101001110000111000100111000100001001000001010111010100111101010101110101001001111111000001111101111010111110110101101011100110001001011000100011101010101,False,False,False,False,138,0.019578933715820312,0.006325244903564453,0.012227296829223633,0.0010099411010742188
photo_2025-05-30_18-14-15 (2).jpg,1111000101010101110111001100001100100111100111000100011100011100010011100110001110101000011000101011111111001111011100011100110001100001101110001000111100011001101101101110011100110000010001110100110000111100000001101101000010111001001010011010011100110001,11011001001101001101111000000011101101001111111000011110000010011110100111100001100101100001111001001000010010000100110000100110100111100100110010111001110000101100001010111001001011011000111100110100,False,True,False,True,103,0.020930767059326172,0.00676727294921875,0.012901782989501953,0.0012481212615966797
photo_2025-05-30_18-12-42.jpg,1110110110110011000100100110100100010111100101001110100111011000010110110110011000100101001100101010010011011001110010001010010111011110101110100010110101101100010010110101001000010011011011011110001001001001111011011011000010100101101101010001010101001100,1110010100110000101000000110100000010100001101001100000100100010000110110110111000100101001100101010011011011101110110001010010111010000101010101010110101100100110110110101001000011011011011011010011011001001001001011011011100100101101101010101010101001000,False,True,True,True,47,0.021999835968017578,0.00743412971496582,0.013603925704956055,0.0009458065032958984
photo_2025-05-30_18-12-48 (2).jpg,1100101101000001001101001001100000111011000011110110100111100101000001101011000111011011000010100111011100100100110011001111101001110011010011111000010010111001000111110001001001011001110110110011011001100001110011001100110100111011100101101000100000111010,11011111010001010011010010011000001110110000111001101001111001010000001011110001110110010010101101100110000001001101010011110011000000001110011010011111100100100111001001111110001001011010001110110110011011001100001110011001100110100111011100101001000100000110010,True,False,True,True,75,0.021714210510253906,0.008079767227172852,0.013064384460449219,0.0005533695220947266
photo_2025-05-30_18-13-49.jpg,1100011110010010000110110110100100011101011001010110011110001100010110101101101011100101001100101010010101001101100110100110010101010110101110101100000110011010101011001100010101100110010111001001101100000110000101000110010101100110011100100101101110011011,1110010100010010000110100110100100011000011001010110010110011100011010101100111111100110000110101011001101001101100110000110011000100101101110011100000110011010010011001100000101000110010010101001101101001110010101101110010101100110011100111011101110011011,True,False,True,True,47,0.02062082290649414,0.007049083709716797,0.012964725494384766,0.000591278076171875
photo_2025-05-30_18-07-40.jpg,1000000101101100101111000110001111000001001001111100001110001011101010110110010110111010011001010001100111110100101001011011101001000011110010011001000000100110110111010011100100001110011010001100001010011111111100100111011100111110001000011011011100010100,11010101010011111001101010010110111000111010001101011100101001010001111100100110100001111101011010001010101000101011001101101011101000000110001110001000011001111010111100110101011000010100011000001001110000100111100101100000011010010111011111110110100010111001100,False,False,False,True,125,0.02783346176147461,0.012114524841308594,0.014676094055175781,0.0010266304016113281
photo_2025-05-30_18-11-27 (2).jpg,1100101001100001011111111011111000011010000111100110000001111001000000011010010101000000010111100001111101100000011101111101011111010110000000000011001100011100111101011111100101011110011111010110011101011001101010100110000100101011011001101000101000100010,1100100011101001011111011010111000011010000101100110000101111001000000011010010101000000010101101001100100110001011101011001011111110110001001000011000110011100111101011111100101011110011111010110011111011001101010000110010100101011011001101000101000100010,True,True,True,True,24,0.022369861602783203,0.00887608528137207,0.013018369674682617,0.0004603862762451172
photo_2025-05-30_18-07-55 (2).jpg,1010010000000010111001000010001010000100101101010011101001111001010110110001110110110001100011100111100011100111100011100111001100110011000111010110101110001100110100000110001100110110111100111000101001000110011010111000110001110110011110011001110100110011,1000010111010000011010101111101001000000101000110000111001100000110010101001100001111000001100111100011100011100011100111101101110001010001110011011010111001110011010000001110010011011011111011,False,False,False,True,101,0.026045799255371094,0.00991058349609375,0.014519214630126953,0.0016012191772460938
photo_2025-05-30_18-12-45.jpg,1010100101001100110000101111001100010100111100101010111100000100010100011111111100101001110101010100101000000000100111001110111110000010000110010011011111100110111110011001011100001100001110010100101101100101100110011100111000000110000110011111011101100110,1000111101100100111100101101111100010100110110101010111100100100010100011111111100001001011100010101101100000000100111001110111110000010000010111010111110000100111110010011010100110101001100000100101101000101100010011100001100000110000110011111001101100100,True,True,False,True,43,0.0201113224029541,0.006665945053100586,0.01274251937866211,0.0006871223449707031
photo_2025-05-30_18-12-25.jpg,1101010001110100111101010011010000111101010011010010110101010101110010100001011100000010100101010110100010100001100010100010101101110010110010101100101010110010001111101011110001100010110111100001110010100011011000101001000011011101001111000111001011110111,1101010001110100111101010011010000111101010011110010110101010101110010100001011100000010100101010110000010101001100010100010101101110010110010101100101010110010001111101011110001100010110111000001110010110011011000101001100011001101001101100111001011101101,True,True,True,True,12,0.020168781280517578,0.006878852844238281,0.012810230255126953,0.0004646778106689453
photo_2025-05-30_18-14-31 (2).jpg,1100111110001011101010100011100110101100010100100010000110000101111101011111001100110111000011111001000010111100100010100111100001100000101000011010111111000111110000101001110100100110010001110111000101111110100101101000001001100111000011101001101100001110,11101011110001011010100101011010101101000010110100010110100010111111000011010000010101111000010110011010010110101100100101110100110010010101101001100001110000111001011100101011110010110000110110100101001101010111100100101100000011010101101001010011000001010001001,True,True,True,True,119,0.018419981002807617,0.005354642868041992,0.012423276901245117,0.0006263256072998047
photo_2025-05-30_18-15-04 (2).jpg,1111100001011010111011000100111100100010011100001010000011110000001001011001110111010001111100001000010110101011100111111000101111011010110000101000010110000001110101011111000000000110110001110011010110100111110100001000011110011101100111111011000101110100,1111100001111000111011000101111000101010011000001010001011110100001001011011100111010001111100001000010110101011100111111000101111011010110000010000010110000001110101111100000000000110110001111011110110100001110100001010011110011111000001111011001101110110,False,True,True,True,27,0.020804166793823242,0.0066814422607421875,0.013147354125976562,0.0009601116180419922
photo_2025-05-30_18-12-35 (2).jpg,1000010010000100100000111101101101101011111100010111000000100100011101001111110010101100000111001001111000011110010010111000011101110011111000111010110001110100010011100101101001101011100000111101100001111101001001001010111001010011010000101110110111000100,1000010010000101100000111111001001101011111100010111000000101100011100000111011010101100000111001001111000011011010010111000011101110011111000111010010001110100100111100101100001101011100000010111000101111110101001011010011001010111010011001111110011000110,True,True,True,False,33,0.02123737335205078,0.007606029510498047,0.012907743453979492,0.0007083415985107422
photo_2025-05-30_18-14-37.jpg,1110011110011110110001110000101100011110100011101011110010011110001110000111100000111001011110000111001111110000101100010010000100110011101011000011010001110110001110000010011000100110010011010110010010110001110010111011001110011001111010010110010010100001,100000001010100011111001000010111100101010110000100111110110111000011111110001111000011111010000000100000000001001100011000100100001001111000100010111000100111100100001011010010010100100110100100010100000001,False,False,False,False,105,0.02190399169921875,0.006884336471557617,0.013557195663452148,0.0014483928680419922
photo_2025-05-30_18-13-14.jpg,1101010101000100111110111010111100010100100100000100101101101110001001110111000111010100100001000010101001101111110110010101001001100110111011011110100101001000000010101001001110010101011011100000100010010011011110011110011001010110010011111011100110010001,1101010101000100111110111010111100010100101100100100101101101110001001101101100111010100100001000000101000101011110110010101001001100110111011011111100111001000000010101001011110010101011011000100100010010001011110011010011001010011010011111010100011011001,True,True,True,True,22,0.020209074020385742,0.006528615951538086,0.012885808944702148,0.0007793903350830078
photo_2025-05-30_18-14-13 (2).jpg,1000100000110100000100110010111001101110000110000100110010110011011100011011011100110100011011001100100111001001001100001110001110010110001111010011001110011011011001100110011101001101110011000101100100110010011110110011001100111110010000111011110100011001,100101110010000001010000001010100010010001100011111110100000011011110001111110011110101010001101011011000011101010111010001011111010010010110011011111011111101011011001011000011010010001100011100011110100000,False,False,False,False,105,0.017847061157226562,0.004887104034423828,0.011461734771728516,0.001483917236328125
photo_2025-05-30_18-13-53 (2).jpg,1110010100000000111000011010001110011001110001101000111100111000101100100011010101110010110011110100111011111001100001001101100110011000110010111100110100001011011001010011001110100111000001001110111100100100010111001111010001011000111001011000001111101001,111001011000000011100001001000111000110100100110101111110001110010110010001111010111001011111111010010101101100100000100110010111000110011101011000111010000101101000001001100111010011101010111100100100010111001111010001011100111001011010001111001101,True,True,False,True,57,0.020586252212524414,0.006817340850830078,0.012931585311889648,0.0008218288421630859
photo_2025-05-30_18-13-59.jpg,1100101010011011100011010011010010110111010111001111000010001011000010011011000011011110110110100100110101000100101000111011001111111010111010111101010101001000001101000000001000100111101101011000001110011100010110011100101001111000011110011110110000011000,1100101010011011100011010011010010110111010111001111000000001011000010011011000011011110110110100100110101000100101000111010001111111010111010111101010101001000001101000000001000001111101101011000101110011100010110011110001001111000011110011110111000011000,True,True,True,True,8,0.02028512954711914,0.007055044174194336,0.01280069351196289,0.00041365623474121094
photo_2025-05-30_18-12-27.jpg,1000000111001000001110010110101110011110000000011000001010001101011000100111111010100100110100010101001000100110000011111101011111000000001111001011101001101101010011111101100110011010001011110110011111001011111100000111100000001111111000001101010111010110,100000011100100000111001011010101001111100100001100000101000100101100010011111101010010100110001010100100010011100001111110101111100000000111100101110100110110101001111110110011001101000101111011001111100100111110000011111010100,True,True,True,False,13,0.021283864974975586,0.007680177688598633,0.012830972671508789,0.0007579326629638672
photo_2025-05-30_18-14-14.jpg,1001001011011011101001001100110010010010110110110110110011011110001100100001001111001110011100111100011101011010001100110100011101001101100111001011011001100110000110001111010011000100100010001001011001000110011010011000100011000110101001110011100110110110,1001011011001011101001001100110110010010110010100110110010011011101101100001001111000110011100111100111101011010001100111101011111001101100101000011001011100100000110001111011011000100100010001001001001000110010011011000100111100011101101000101100100100111,True,True,True,True,36,0.02045750617980957,0.007092714309692383,0.012801170349121094,0.0005471706390380859
photo_2025-05-30_18-15-02 (2).jpg,1100111000001110001000111000101100111000011000110011011100011100001110001100000100001110001110000111001110110111110000011100001111001101110011110110011100001100110001100001110010001110011001101001110110110001001110011100011100110001111100110011001101101100,110011000000101001100011100010110010110001100011001101110001011000111010111100000011110000100001000100110100001100101001010010101100110110001110011001110101100111010110001111001000111011001110000111001011110100111001110000110111,False,False,False,False,48,0.023861169815063477,0.008280515670776367,0.01420903205871582,0.0013561248779296875
photo_2025-05-30_18-14-59.jpg,1010010011110110000001000001101111111110011001010111011001001110011110001000010000110000110111010011011001100000111111110110000000110011110010010010000010001101011001110011001011001011001011101101100111001110111111000011011110001000001101111100110000011000,1010100011011001110101001001001011110111000010011000000100101101011100111011111110100100111001100010100000111100101000001100100001101101011100111010101001110100111011010001111001000110100010100111000000100010010111001100000011100010010,False,False,False,False,119,0.021204710006713867,0.006731986999511719,0.013150453567504883,0.0013070106506347656
photo_2025-05-30_18-13-08 (2).jpg,1001100100001010100110011011110111111000000100000010011001111010011001110000011101000011111001110110011111000110011000111100010100111110001100001001010011111100101011100101100000010100101111100011100101111011000011011011100000110110100101011100001111000010,1000100110001010110110001000111011101100000000100011011011101010001101100000010100000010111011010111111001001110001000100111010111111110001100101101010111111111101011100100000000010000101101110011101101111011000010011011000000110110100101011110011001001010,False,True,True,True,53,0.02167797088623047,0.00798344612121582,0.012990236282348633,0.0006883144378662109
photo_2025-05-30_18-14-52 (2).jpg,1101100111100001000001000111111000110111000011000010001110000011111001001111100111011000011001110001110001111110110110011000000000111111000111000010010000111011111001001111101110001010111111000001110100000000001111110010010011000001110000111011110001111100,1101000110100101110000001111101100110011011011011111110111100110000101001000111011101101100110000110011010011100111011100110111010101110011011111001011010111110110010001011001001100111000000000,False,False,False,False,98,0.017875194549560547,0.004443645477294922,0.011822223663330078,0.0015952587127685547
photo_2025-05-30_18-15-06 (2).jpg,1010011110110010011000001110000110101111000011001001010000111100000011110011111001111000100111101100100101110001001101111111101101110100100010000111101101000101111111001001011000010011000001101111001100011110010111111110100011000100010001000000111000110000,11010010100010100110100000110010001000011011011001110010001100101001001100000111000010111111100000111101100101101110101110000110011111011111100100111000110111100100101110111011001011000010110000000001111001100011110010011111110100011000110010001010000111000100000,False,False,False,True,134,0.025043249130249023,0.009666681289672852,0.014357328414916992,0.0010020732879638672
photo_2025-05-30_18-11-12.jpg,1011111110000000110000000011111111000000011110001010000111110001000100111100011111111110000000010111110000011101000011000111110010100001110011101110011111100000111011111100011100000100000000110011101001111100001011111111111001101100001001100101001100010001,101100101001000100011010011001010011011100111100111011101011001110010101000100110001101100110010011110110010010100010111110110101110110010101001110010111011001010100111000010111011011100010101110010101000001100110101101010111010,False,False,False,False,110,0.02412247657775879,0.008786439895629883,0.013946771621704102,0.0013735294342041016
photo_2025-05-30_18-14-37 (2).jpg,1010110000110000101100001100110000011001101100111011011001100110011101110001001110001100110011001100111100110011111000011101001111001100110011001001100110110011001101101100100010001100010011001101100110110011111001001101100000110011100011000011001100110011,01010101101010010101101101000010110000100011101010100011001011000010001010000100001010001010011110010111110100101100101101000001000000011111001011000111010001101000001101110110001011101000110111011111011100000101011100000,False,False,False,False,118,0.02304863929748535,0.007796525955200195,0.013844728469848633,0.0013921260833740234
photo_2025-05-30_18-14-23 (2).jpg,1111101010101010110001010011010110100110110101010010110011000100101001010011100001110011000010111001010111101011011100101000101010011101100010010101010011101001101010111001010001101001001001011011100101110111110001100001001010001101100111101110000100110000,11111010101010101100010100010101101001100101010100101100110001101100010100111000011100110000101000011001110110001101010101001110110110100111011101000110100100000101101100110101011111000010000100101000,True,False,False,False,53,0.0242159366607666,0.008638620376586914,0.014008045196533203,0.0015556812286376953
photo_2025-05-30_18-14-33.jpg,1100100111100001010000001110101011111011110011000000011000111000111000011001011111100000111000001101111100111100100110110001100110001110010011110111010011001100100010001111001101010011101110011000100001110001011100110011001000100111010001000111011011001011,0001010101000011110110101100101101111010101010110010100110110101011000111100000000000111010010101110010110110011000100101000010001010010001011111011110101011100110100011100101001100001110001110011100101110010000001101001111000011010000,False,False,False,False,115,0.02135777473449707,0.0068166255950927734,0.013225317001342773,0.0013003349304199219
photo_2025-05-30_18-13-54 (2).jpg,1010001100011101111111000111001001011100011001101010000011011111011111111000000000000111000011010000011011110110010111110100011110111100111100110000011111000110111100011000100111111010110100000100000110000001101010000110010011010110100000101101100101101100,1000000100111101111111001111001001011100011001101010000011010111011111101000000010000011000010010010000011110010010111110000001110111000111100100000001011100110111100011000101111111110111101000000011110011011101010000110110001010110100100101001100101101101,False,True,True,True,35,0.020872116088867188,0.006746768951416016,0.01357579231262207,0.0005340576171875
photo_2025-05-30_18-15-18.jpg,1001011010110100011011010101101101101010011000110100111010000100011011011001001111011011010110010010110101001110000110010111011010101011001010010001011001101010100101001000010001001110101011011111010110010000101011001101011101010011010100100010110110100100,100100100110000011000001001110100000100000101000000101110000011100000101110101010110001001101101001000001001100011100001100101001111000111011011001010001001110010000110101110010110000111110011001010010010110111011110101100110111110011001010010011001,False,False,False,False,123,0.020772457122802734,0.007102251052856445,0.012472152709960938,0.0011827945709228516
photo_2025-05-30_18-12-36 (2).jpg,1001011100011100100111011001001111100100110000111010011100111100100111110001111011011000110001011110001001110001110000110001111010001100110000111011001001100001110001011001100011001000110001100011001101100111110011001001100100110011100011101001100100100110,1001001110001111100111101110000011000110011100001011001110001111110111111100111011111100011100110111011100111010111000111100111010001100000100011011100110011000111000100100011011001100011100010010000110011001011001100111011010000011011000101011110010000001,True,False,False,False,115,0.02241039276123047,0.007463693618774414,0.013944864273071289,0.0009856224060058594
photo_2025-05-30_18-13-56 (2).jpg,1101000000010001110010100001001000110111101011011010001101111001111001001100001100011101111101001000100101011110000001101101011100110110101100100001101101100010110110000110011010111101101000100111001010011001111001100101110000010110010110100011001111000111,1101000100010001110010100001001000111110010011000011000111011110010010001001010111100000011011010111001101101010001000011011011010101101100001100110101111011010001000000000111001010011001111001100101110000010110010110100010001111000111,False,True,False,True,106,0.02067708969116211,0.00716853141784668,0.01238250732421875,0.0011107921600341797
photo_2025-05-30_18-14-40.jpg,1000001110111001000101111000101110011101110000100011110010000110011100110110100001110011011101001001110011011011101011001000100101100011001111000101001100111110100111001110011010111100110100010110101100010000010000110010001010010100011001111011110011000101,001001010010001011111100010000110110011010101010111010110110001000001111001001110100100011100010111001101111000111101011101100001010101101111010101111111001101010001110111010111011101110000101101010010100111100111101011100101111110001111100011011101,False,False,False,False,126,0.02197408676147461,0.0075986385345458984,0.013170003890991211,0.0011894702911376953
photo_2025-05-30_18-12-47 (2).jpg,1100000110001110101101001111000100011110011110001101111100001110111000011100001111100010011110001111010000111110001111001000011101000111000011110011011111000001110000100111100000110010111110100111000011101110111000010001100100110100000011110000011100000110,1100000110001110101100001110000111011111011110101000111100011111100010011010000100001000010110001001110000110101000110011010111011001111000011111101010111000001110000010111000011100000011111101110000111110110111010010001000111101100000011011010011110001000,False,False,True,True,67,0.022484302520751953,0.008451461791992188,0.013149738311767578,0.0008668899536132812
photo_2025-05-30_18-14-29 (2).jpg,1001100011011000110101111110011000001010010101010111010010101010111010010010010111100000011000100111000101010110100011000011100010010110010110101111011100100100101010101101001101010101100011101110010001010101111100001111011001101011111001010000100001101011,00011000011101001101011011000110000110100101010100110110101110100010100100110101101100010110001001010011010111011000101000111000100001010010110010010101111011110110100101000101101011101010101100010100000000101010101111100001001000110101011001001000011100101101011,False,True,False,False,87,0.024693965911865234,0.009833574295043945,0.013787031173706055,0.0010571479797363281
photo_2025-05-30_18-12-40.jpg,1100101100001101110011110001111101110011101110000000111110110001100000001001001100100010000110010011010000110100100110000110011011110101101001110011110000011101011101000011100110011001111010010001010111111101001001101101011000001110010011111001011000110001,1100101100011101110011010001111101110001101100001000111110010000100000101001101000100000001110010011010010110100001110000110011011010101001010110001100100011000011100000011001101111010000100000000000000101111101110101111000110001111000,True,True,False,False,56,0.027354717254638672,0.011273384094238281,0.015012741088867188,0.0010530948638916016
photo_2025-05-30_18-11-19.jpg,1101000100011000011110100111001110001000101011001000100101111100100101110100111000110100100011011011000110110001111001011111010101000100011111001100011110001011100111010010011101011000101101000111001101100010101000100110110010100011010010110100110010111001,1100001111111110101000110000110011111101110110110010100110101001111100110101111010110111011000000111011100100101011010100110010000100111111100101010001010001010111010100110,False,False,False,False,85,0.023416519165039062,0.00842142105102539,0.013201713562011719,0.001779317855834961
photo_2025-05-30_18-14-01.jpg,1100000110101000101001111011110100100111010101110000010010000110110100101001011101001010010011010110111001001011111111000010101101011011000011000000111111001101100111100101011110010010010100111001101001011010100000110011101111010000101011000100101001100011,1100000110101000101001111011110100100111010100110000010010100110110100001011001101001010010011010110111001001110111111000000100101111011000011000001111111001101100111100101011110010010010101111001101001011010000100110011101111010000101001000100101001100111,True,True,True,True,16,0.021762371063232422,0.00790858268737793,0.013314247131347656,0.0005238056182861328
photo_2025-05-30_18-14-00 (2).jpg,1110101101001001100010110101100110011010010110100101001011010010000001001001101010101101001010100000111001010010111110001101001011110001000101101010000011100101100001111000110100111111000110101111110111110001000001000000011100101100111111100010110111101110,111010010100100111001011010110011001101001011010010100101101001000000100100110101011110100011010000011110111001011111000110100101111000100010110101000001110010110000111100011010011111100011010111110100110000110001001010000010011100001111110000101111,True,True,True,False,26,0.021619558334350586,0.008018732070922852,0.012993097305297852,0.0005929470062255859
photo_2025-05-30_18-12-26.jpg,1010001011000100110111000011001110110111100111011010100110001100010110000110001100110101011100110110100110011101100010100100110010110000101001000111011000110011100011011100111010100101000111000101100001000110001101110111101110100101101110111100001010010100,1010001001000110110110110011001100010111100101011010100110001100010110000110001000110101011100110110100110011101100010100100110010110000101001000111011000110011100011111100101010100101000111000101100111000110001101110110001110111101100100111110001010010110,False,True,True,True,21,0.020990371704101562,0.007363319396972656,0.012918472290039062,0.0006923675537109375
photo_2025-05-30_18-13-54.jpg,1001000000111010000101111100000101110000011111111111001111100000001000111001110111101101000100111100110001110010110000001110000010010101011011001000011011011110110101101001000010011001111101011100101110000101000100100111000111011101000110100100110101110011,110011010101100111101010100001011001001100110011011100011110000010111100101100101011100011110000010101010110010100110011011101001011100110010101000010010010000010111011010101110100010010110101001110111010001100100001010101110111101100010111111011000,False,False,False,False,127,0.02007007598876953,0.006474733352661133,0.01243138313293457,0.001148223876953125
photo_2025-05-30_18-10-54.jpg,1101000011110011011011000110011100110110100101001011000110100110001001101011101000011010000100000001100101011101100100010110111110100011110000100110011011011001011001011010010010011001011010110011011010010001100110111000111100011011011110110011010101101000,00111001100110010100000001011110100111111011011111011000100100011101001100011110101010011101010000000010001110011110010010010010100100001100010110010111001100000000000001011010000,False,False,False,False,97,0.024341583251953125,0.009004354476928711,0.013555288314819336,0.001767873764038086
photo_2025-05-30_18-14-16 (2).jpg,1000000001111000010001110110001011110100011010111100010111001000110101100100000000111001011011011010110111100110001101110000001110010101111111111011000111110010001101110000110011000100101101101001011101000001110010001101111010010111011100000011001001100101,1000110001111100010001110110000011110100011000111110010111001110110101100100000000000011001111011010110011110000001100111100001110010101100111111001011101111000001101110110000011100001100000011011001111000000110010001101111010010111001100100011001001110001,True,True,False,True,49,0.020025968551635742,0.006465435028076172,0.01297760009765625,0.0005667209625244141
photo_2025-05-30_18-11-14.jpg,1010001111111111000100000000111111110101110111010110111001011111110000100110010001100001100110010010100111001110100010011110000010010110010010010110100110010000010010001110011011000010001100101010011000011111011100011110011000111100011001001011101001100111,10110111000000000001001011101100111101011001100101111101011000011100111001100110011001011101000100101101100011001001100110000110110111100110110001100001100110010100100111000110110010110111001010110110011110000011010110010111001110001110011011010110011100000001010,True,True,True,True,76,0.024248838424682617,0.009731292724609375,0.013971805572509766,0.0005285739898681641
photo_2025-05-30_18-11-25 (2).jpg,1101011100110111100011000110001101101000111000001001001110110011011100111001001100110000111011001001011110011101011011100100100110110110011011100111000110011101001010001001100110111100111000011100000100100100100111111011001001101110010010010010000001001100,0110100100110111101110110001111100100111100101000110101101000111101010110011011010001111010010100110000000100001001010011111010010100011001101111111001010011010011100011110000001001000100100110011111111010010100110,False,False,False,False,121,0.024339675903320312,0.009383440017700195,0.013510465621948242,0.0014309883117675781
photo_2025-05-30_18-12-28.jpg,1001110100000111101101010100011110101000101001101010001010111111010110100010101101101001100110100001011101100000110110000001010011000001111100011111111010011101000000010110000101111111101110101010010001111000000000111010001111111010000101001101010001111001,1001010000000111101101010000011110101000101001101010001010111111010110110010100101101001111110101001010101000001111100000001010011000001111101001111111010011101000000010110001101111110101110101010000001011000100001111110011111110010000101001101010001111001,True,True,True,True,24,0.020648956298828125,0.007075309753417969,0.012950897216796875,0.0006062984466552734
photo_2025-05-30_18-14-32 (2).jpg,1100110001100111001001101101100101010001100111000010101001100111001100011000100010011000111100010010011001110001110110011001011011100011010011101110000100110101110100000111001111110010011001101011000111001100111000011000010011100110001101011101011011110001,0100001101100001111100110100111101010011010111110110001001110100001000110111001011011011100110001000001001011000001101011000110111011001011001101111111000000101001011000000011101010010001100010111000101100010001010,False,False,False,False,96,0.021516084671020508,0.0071048736572265625,0.012918710708618164,0.0014774799346923828
photo_2025-05-30_18-10-57 (2).jpg,1001110100100011111011100110101110100110011000110110001011000100011000101101110011010001000011100110101110001110101111111101111001011000001000010011101100100011110001001001000011001011000100010010111111011100110100110000000011011011000001110011010011111010,100010100010110010100011000111001010101101001100011100001001101000000110010010001111000010110010000101000111010001110101010011010110110101010110001111010100010011000010001000101110110011000010101101110100001001000011100001010100111001110110111011101,True,False,True,False,125,0.02426934242248535,0.009192228317260742,0.014237642288208008,0.0008225440979003906
photo_2025-05-30_18-12-56.jpg,1100001111100011101011011100110100101100001111000011001100010101101111000110011011000100011000100010011011001010001110110000111111100011010010010100110010111000001110101000111010011010111100000001110001110001110001100001101111100011110001000011100111001111,0000011100110001101011011001111100101100001101010011000110010101101111000111010001100000110010100010011001000011000010110101001111100011110011000100110010111010001111100011111011000010111100000011100111000011110000100001111110111000110101000011100111001110,False,True,True,True,58,0.02089691162109375,0.007386445999145508,0.012924432754516602,0.0005695819854736328
photo_2025-05-30_18-14-26 (2).jpg,1001010111000110111000101111010110110000101101111000011101001111001001011100010101001000010111011011001010101011101000010111001010100100100110000000111101010101000100101010101000110001110011110011001001111100100011011110111000011110101101100010010100101010,1001010111010010111000101111010110111000101001011000011101001111001001011100011101001000010111010011001010101001100001010111001010000111110110000010110001010101010110101110110000111001110111111011001000111010100011011100011000111110111101000010010101001111,True,True,True,False,37,0.02084803581237793,0.006883144378662109,0.013127565383911133,0.0008215904235839844
photo_2025-05-30_18-14-50.jpg,1000010000000101110110011110100001001000100100001111011111101010101101011011111110001001011111110000111001011110001101000010111100110001100101011110110000111111111001110001000111101000100000000000100101101100000011111010100001011101100001110011101001001110,00000000111011000111100111011110100000111100001001111110000000000011110110001100001011000110000100001101011011110001111010000101010000010100001100011000011000011101110101111110100001111100010111000000000000111000011010110010000100101001000110011100111011110001001,False,False,False,False,123,0.018203020095825195,0.005281686782836914,0.011829614639282227,0.0010755062103271484
photo_2025-05-30_18-14-35 (2).jpg,1111000011010100000010101010111110101111000001011011010101001010100000100101110111000001111101001011111100101010100100100001010110010100000110100010010110111110011000100111100010010100111110011101111000100001111111100001010110010100110110010011001010111001,01101010001111001100111000101010011010000011100001101000010011011000101001000001010001000111100110001011010001111001111101011111010001100110111100011101100010111010101101101010000110011100110001100010101000101011100100110110101101011100110101000000101111001011111,False,False,False,False,113,0.021516799926757812,0.007197141647338867,0.013226509094238281,0.001077413558959961
photo_2025-05-30_18-13-52.jpg,1010101110001111111101110111000110111100011100000110011100001010010100101110010110110100010100010011100011111100010010111010101100000001001001100001100011101100010000111010010000100101010001100001110011101100101101001100100010110111001101111001011011100111,10101101100000100011111001110011001110100000011100001101000110000100111111110000110000000011011111100101110111111000010110010001100001011111011000001101101101100010000001000110010110001011101001111000011001001101010111111000011001100110011110001101111100010011111,False,False,False,False,113,0.02583169937133789,0.010481119155883789,0.014256000518798828,0.001077890396118164
photo_2025-05-30_18-14-00.jpg,1100000000010000110100000101101000111111101011000011000111011110011000100100111111101001100100000001101110110100001110000111111011000000101001111111111100000001001111011110001110001011010111101110001001000001000111111100000000111110101110001010000111110111,1100000000010000110100000101101000111111101011000011011101011110011000100100111111001001100100000001101110110111001110000111111011000100001001111101111100010011011111001010001010001011111111111110000001000011000001111000100000111100111100001000000111110111,True,True,False,True,28,0.021121978759765625,0.007446765899658203,0.01293039321899414,0.0007293224334716797
photo_2025-05-30_18-13-46.jpg,1101110111000010010111111000111001101010100000110011010100011011110110000011100001011011111001101010000010100100011101101001101111000010010100110011110100101101010000111010110010101110110100101000110001100100110110101100100100110111010000111111100000110000,1101110111000010010111111000111001100010100001100011011101011111110110000011100001011011111001101010000010100100011001101101001111000010010110100011110100101101010000011010100110001100100100101001110001100100110110101100100100100111010001111111100010111000,True,True,True,True,22,0.02307271957397461,0.008689165115356445,0.013674736022949219,0.0006937980651855469
photo_2025-05-30_18-14-05.jpg,1110101101011010101010110100101001011010110101001010101001010011101001010010100101010101101011011010101001010010011010101101011001010010100101010101010010101010101011010110101110101010010101010101001001011010010101101011010101101000010101011010010100101010,1110101101011010101010110100101001011001110101001110100110010011100011010010101001110101001001010010011001001101011010001001001011011001100101010100010010101010101001010010011010101011011101100101110011011001010101001001100101001001001101101010110110101010,True,False,True,True,57,0.020933151245117188,0.007309675216674805,0.013019800186157227,0.0005879402160644531
photo_2025-05-30_18-13-02 (2).jpg,1011101010100000010001101010010011000000010000010010001101011101010000100110011110110001111101000010011110011000000110001110011100100111000110001011101011110111001110111111110110111110011111010011100111100111111100110010010101101100110000100001010100010000,010001101100111111001110000011110101110000101001000001111111101111111011101111100100100010111110011001110101010011000001001111001000101110011110001000011110000011010000100001110110111110010000000110111011000001000011110101111001010010101100111111000010000110110010011101,False,False,False,False,137,0.020610570907592773,0.0074214935302734375,0.012159585952758789,0.0010132789611816406
photo_2025-05-30_18-14-24 (2).jpg,1001100110011010100111100110111100011110001000011101011110001001100001101001111000100111101001100011000111001000111001001010011110011101001011101110010110000101001010100101100100100100101001010111001110100011101001010000111010011111000110001001001111011001,1001100110011000100111100101101100011110001000011001011100001011100001101001111110101110100000110011000111001001010010001010010010011111001011110110011110101101001000100101101110000100101000010101100110000011111001010000111010011111001111101101001111001010,True,False,False,True,44,0.02219557762145996,0.00806736946105957,0.01300668716430664,0.0011055469512939453
photo_2025-05-30_18-12-30.jpg,1100100100101001110100111110100100001110010110111110101101010110000101100011100101100101001011100011100011000100100011001111010111000111001100100100000110010101101010010011010001100010100011100101010101100011001110011011001011001000101111001100110011101111,110010010010100111011011110010011000011001011011011010110101011000011100001011000110010100101110101100011100000110011100111101011100110100110101010001111001100110001010011001000111001101001111010111000010011111001111000100110011,True,True,False,False,52,0.021753549575805664,0.00787663459777832,0.012934207916259766,0.0009276866912841797
photo_2025-05-30_18-11-22 (3).jpg,1101000111110100110001011011010010010110000000110001000101001011001110011110110001101110111010000110101000111111101000110001011000101110100000010001111011001000111010011101000010010100101101010101001001100111011010110100011010111001110101000101011011111001,10001001000000101100111001001100100101111111111010110000111001010100001100100110001010101011010010000000010111010110100111001010110100001110010111110111011011101001010110011001100111001001000111001101010010010000100111010,False,False,False,False,110,0.023908615112304688,0.008844375610351562,0.013658285140991211,0.0013904571533203125
photo_2025-05-30_18-10-55.jpg,1000010011000011100001110100001110110010110111011001100111010100101100010101001100111001010111101111001001011000000001100011001111101100101001100011010110011110011000010010010001101110010101110110110010110110000111101000101111101001010000011101110110001001,1001010011000011100011100010001110100010010010011001000110010100100111010101000011110011010100110011100101111110111100110101100000110101011100011110000110010010101001011010010100010101100010001110000110111000011111000001010101110100001101110101111110000110,True,True,False,False,108,0.0204770565032959,0.007343292236328125,0.0122833251953125,0.0008337497711181641
photo_2025-05-30_18-14-23.jpg,1111001010110001000111011100110001001110101000100000101001100110001100010100110010010010100110011000111101000110110111100011101111111000100011100100111000001110101101100001001101101011011001101011011010011000000011010110110010001101111100101001100011110101,1111101010110001000110011100110001101010101000100000101001100110001100010100110011010010100110011000111101000110110111100011101111111000100011100100111000001100101001100001001101100011011001101011101110001000000010010100011010001101111101101001100011110100,False,True,False,False,18,0.021678447723388672,0.007732868194580078,0.012962818145751953,0.0009667873382568359
photo_2025-05-30_18-15-12 (2).jpg,1100001110010100110110110110011000111001011100001001110001110010110011100000111111001001100000110011000010110111110101100111000001101110010111001100000110001101001010011001001100110010001001101100011101100100001100111100110100110011010010011011011110110011,110000111001100011011011001001100011100001110000100111000111001011001111000111111000100100001011001101101100010111001100000110001111001110111000001100011010001101101100000101100100101100000100100000110011110100011001010110110011,False,False,False,True,64,0.022300243377685547,0.007931709289550781,0.013011455535888672,0.0013418197631835938
photo_2025-05-30_18-11-26 (2).jpg,1100011001111110110111100110111010000111010001111010101110001100101000110000110011000011000110010101100011001001101111101110000100111111110000000000000111000000001010010011100001101010011110110111101010111001100101110001101111000010101100010010101101111000,1100011001111110110101100110111010000111010011101010101110001100101000110000110011000011000110010101100011001001101111101110000100111111010000000001000111000000001010000011100101101010011110111111101010111001100101110001001111100000101100010010101101111100,True,True,True,True,12,0.019716739654541016,0.006516695022583008,0.012504100799560547,0.0006799697875976562
photo_2025-05-30_18-15-13 (2).jpg,1100101100010001010000100111000110000101101111111001001001010101011100100101011101100001001110101100001101100110010001101010100101100110000001001001010011110101100011000111001101100111110011100011001111010111110110010010100111100110011110100001001100110011,1110101111000001010001100111110111000101101111110000001001010101011100100101011101101001101110101100001101100010010001101110100111100110000001000001010010110001100010001011001101100111110011100011001111010111110100010010100101100110011110100001010100110011,True,False,False,False,25,0.02182626724243164,0.007832050323486328,0.012890815734863281,0.0010886192321777344
photo_2025-05-30_18-14-52.jpg,1001111001110010100000100100101111100011000111100110001111000000111100001010011110111101110101010000010000100001110101111001110100100010100010010001100001101010011011111001111101111011010010100001101111000111111010000100000000100111111101101111101000010100,100111100111010010010000110000001110011100101010111100011100000110000001010001110100100101001110100111011001100010011111001101010100010100100000111111100110001000010001001000110111010011010111001100001000100,False,False,False,False,90,0.018467187881469727,0.005164384841918945,0.011789560317993164,0.0014996528625488281
photo_2025-05-30_18-13-14 (2).jpg,1111000000111010101011101111110011110101010000010000111100000111011000111110101101111000001010000011011111011100100110000101100010010010101010111100101011100000110001110000011100100011111100010011000000111110101100010100000101011001111110001100101000101111,01001010101011100100110101001011001000110010101000110111010110000001000011110100000001101000010001010001111001100000000110000010000000101011010100110110101110100010110111010101000000111100101111001000011010011010010000100,False,False,False,False,120,0.01847052574157715,0.005360603332519531,0.011687755584716797,0.001407623291015625
photo_2025-05-30_18-15-08.jpg,1111000111110000101100100000011110011111010111111100000001111000010110101111100111100001111000101000111100000111110011011110000000001000000100111110110110010011110011001000011010000111100110100010100001111010111011000001100101110100111000001010011000101111,110001010100001111101100110100011001110111110010000100111000000000111110000000100001100011110111100100011101111000000011000001110100101100001100011100101100100001001101010000111110010010001111001011010000100,False,False,True,False,111,0.021669387817382812,0.007172584533691406,0.01313471794128418,0.0013477802276611328
photo_2025-05-30_18-12-29.jpg,1001000101011010111110001100000001110101011010110100000101101001001001100011110000111001010100111001101100000111111011001010111010011111011011011011001101001010010010110000110101100110101001111100100001010111011010001001101001101100110001111001001100001001,1001000001011000111110011010000001110001011010100110010101001001001100100011100000110011010100111001100100001111111011001010111010110111011011011001001101001010110110111001110101100110101001111100100001100111011010001001100001111000100001111011011100001001,True,True,True,True,32,0.022220373153686523,0.00846242904663086,0.013225317001342773,0.0005168914794921875
photo_2025-05-30_18-14-39.jpg,1101001001111011010110101001101010111001000101000100000001101000111101101100000111101001000100110001010110101100101011100010000111001110001001000001000111100100011010011111011001100111101100111101101101001011100011000110111001000010001001111111110110011001,0110100101010011010110000101001110010010110000010111001010010100010010100110000101000100010001100010100011101010110100010111001010011010100100101100010101011001000001001100110011111010010010100000011011100100000011010101011011001011111,False,True,False,False,126,0.021671295166015625,0.007298469543457031,0.013102054595947266,0.001255035400390625
photo_2025-05-30_18-15-01 (2).jpg,1111111110110100111110101111100101110010000001001011010001010100010010110111110111010001110110111000101111110100100001001010110110100101101100000100100010101000100000110101001011001101110100101100011011010001011001001101000110010010100001011010111000010101,11011000010101101001110000000011111100100000010000110001110100000010101010010110111100111111001110110001100001110100000100001001010111010100101101101000100100010101000100000100111001011001001010100101100001001010101011011010101000110000011111001111010111100110001,False,False,True,False,109,0.020874977111816406,0.006731748580932617,0.013100147247314453,0.0010266304016113281
photo_2025-05-30_18-14-38.jpg,1100111111100100101000001111100000110100001111111011111100100011110110111000101011010100111001110010110100011001011110100011111011010100101010011010001101010010110010101100010000110101001010010010100011001010100010111011000110000110000001110010000111010011,000010011011100011001010011011101000010011111001101010110110000000010011100010110100111100001010000011100010100110100011011101000111111110000110101001011110101110011010010001100001101000110010000001111110000001111000001010111111,False,False,False,False,107,0.02458953857421875,0.007703542709350586,0.015520572662353516,0.001348733901977539
photo_2025-05-30_18-12-31.jpg,1001110011101000110011001111100101100111100001110011001110000111100100110100111011010011000011110010100110100100000011001011010001110110110111000001111001001010000000110011101101001001101101011001110000110011110110000011001111001001010100111000111100100011,1101110011101000110011001111100101100111100001110011001110000111100100110100111001011011000011110010100110100000000011001011110001011011100111000000110001001010001000110011101110011001101011011011110001110001011110000011000111001001110100101000110110100011,True,True,True,True,28,0.02133488655090332,0.007788419723510742,0.01291346549987793,0.0006124973297119141
photo_2025-05-30_18-13-51 (2).jpg,1001110110010000101001011001110000100000110111100000110111001110001010001111101010100010110110110100001011001110110011101101101001010101101110010111001010011000010001101001010001010110101100111011001100010100101100011001111001001110101111010100011010100110,1001110110010000101001011001110000100000110101100000111011001110001110001111100110101010110110111010101001001010011111101111011001010110101110010111001010011100010001101001010001010100101100111011001100010101111100101001111001001110101101010100010110100100,True,False,True,True,31,0.021343708038330078,0.007865667343139648,0.012947559356689453,0.0005142688751220703
photo_2025-05-30_18-14-43.jpg,1001101010010110101000010100000111100001011000101110011010110111110111101101101111011010010111101001100001101011100110000010000110111001100101010110010110010010011101111001001000100110110000110100000100000100011011101010011111110101010111001001101001011000,10011011000111101001000101101010011010110110001011101100110101011001111011011011110010000101111010011000011010111001101100100001000001110111101100000000110010110010010111101110011001110110110010010110100000100101100111001101000111011110100010111001011101001110011,False,False,False,False,90,0.021520614624023438,0.007313966751098633,0.01313161849975586,0.0010592937469482422
photo_2025-05-30_18-14-54 (2).jpg,1001010001110011111000111001111011100110010001011111110000010101010010011001001010010010101010111000100101111101001100010101011101110001101110011000101001100010000111001000001011110010000111010010111111011110100110011010001111010000100010100100111001011100,1011010001111110101010011101000010100010001001011011101000110100100011011110001010011000110010111000100100111111001110111110001001001000011011000001111101000110010101110010110011100010011001010011001101111000101010011101111111010001001110110100111111011100,False,False,False,False,89,0.018465280532836914,0.005411624908447266,0.011950016021728516,0.0010879039764404297
photo_2025-05-30_18-14-15.jpg,1101000011001101011011111100010000101110001100111111001100111011110000011110110000001110110011000101110101000001100110011011011010011010011111010110000001111000011001111001101101111011000001111000001000000000110001001110111000101100110100101001110100111000,110100001100110101101111110001000010111000110011111100110011101111000001111011000000111011001100010111010100000110011001001101101001101001101101011000001110110001101100001100000100110001000110111000101100110100101000100110001000,True,True,False,True,39,0.020293712615966797,0.0069162845611572266,0.012480020523071289,0.000881195068359375
photo_2025-05-30_18-13-49 (2).jpg,1010101010101001100101000001011001011101011001100110101011101000001000011001110001010010000111101110011000000011110011001100110110011101000110000011001000110101111100110111011010011010010011000111001100001110111001100011011101001100110110010101110011111010,1010101010101001100101000101011001010101011101000110101010101001001011001010100101010010100111101110011000001110110011001100110110011100011110010011001010100100101100110001011010011011000111010110010100100110111001000111011100001100110110010101110011011001,True,True,True,True,42,0.021602392196655273,0.0076024532318115234,0.01349782943725586,0.0004839897155761719
photo_2025-05-30_18-10-56 (2).jpg,1100011001010011011000011110010101101111111001001000011011001011011010101101101010010011011101110011110100101100010110101011011011100100111001101101100001101001000010001001100101111101000010110010000010000110001100110011001000000011100111110111000110101001,11000101010011100100100101110100011100001100100001011001110001110100000011111011101000010011100000000100000101101010000011000100001001000010100011011101001000011010101001001101001,False,False,False,False,78,0.02304840087890625,0.007040739059448242,0.01425313949584961,0.001739501953125
photo_2025-05-30_18-07-58 (2).jpg,1001001110010010001011111001110011001010111110011010111101000110110111000010010000111011001000001110100100100011000000001110101101011011100011011100100011001111001000011011001111001010001111101111000011101010111011001011100111001000011100010011001000010011,010110111101111111000100001110001101010001110000001010101000101100001001001111111001010001011000010000000000110100011100111110001000110100010101,False,False,False,False,72,0.01642775535583496,0.00478672981262207,0.009645938873291016,0.001981973648071289
photo_2025-05-30_18-14-39 (2).jpg,1101100011001001110010000110110010100101011101011001001100001001001001100110101010110111000101101001110110001010110010000110011010100101010110110101001110111000010011111001001001110100110011010011001010011010100110010111101110001010011100101011101001011010,01000101100101001100101000001001001000000110010000101001000011010000000101100001000000010001011100000100000100011111000001101111000010011100000000110010100110000110101101101011110010111011000100100101011111000111100101111,False,False,False,False,98,0.021709680557250977,0.007264852523803711,0.013065338134765625,0.001363992691040039
photo_2025-05-30_18-07-58.jpg,1001101110110101110001101010010110000010011000000110100100011011001101000101011110011111111001111100001010001010010001100100101000010001000111100001110110010111111011100100010100100010010010010001100100111110110111011011111001010111111000111100001001100011,1010101101110100110110110100111001100110010100000110111010011101001001011101111011001001010000010000001001111000001100100111010111000010101100000100011001001010001110010001111100111101010101010110011001101000000100010010101011111101101101101010001001000001,False,False,True,True,126,0.021017789840698242,0.006944179534912109,0.013232231140136719,0.0008244514465332031
photo_2025-05-30_18-13-48.jpg,1001110000110111101101011011010001000001111000011001000100001110001100111001100111001000100110111110011000100100011100100110000011101001100010011110010111011100110100000111100100000001101101111111001001101101100011011111001101100100100001110110011111001001,1001110000110111101101011001010001000001111000011001001100001110001100111001100111101000100110111110011000100100101110100110000011001001100010011110010110011110110100001111100000100001101001101111001001101101100011011111001101100100100101110100110111001001,True,True,True,True,18,0.02440786361694336,0.009536981582641602,0.014453887939453125,0.0004010200500488281
photo_2025-05-30_18-14-59 (2).jpg,1000000001011110001111000000011111010110101010010111111100110001110000111011010110000111110010001101000010001111001101011111101001101000000100000010001000010111111010011000110000111110000011111101011110101010010101011011010011010010111100100010101001011101,100101000011111011101100010001001110001000100000000010110100000011001110010000001101110001010000010110111101010011111111100000001111001010000001101010011000101000001010010110111010100110011101110000010010010110101001011001001100010101000100011000111,False,False,False,False,124,0.01990985870361328,0.006341457366943359,0.01236581802368164,0.0011866092681884766
photo_2025-05-30_18-14-31.jpg,1101111010111101110111010000011001100101110010100000100010100000110000010101010111010011001101110011000010111011000110110011110000011111100101011000110110000000100000001101101000011101100001100111111000000111111110111100011100011100011000001111110001100111,0111110001001001111101111110010100000010111100000010110111111000101100111000101110011110101101101110001010110111101010001101110011010010010100100010000010011010101010100101010011110101110000010010001101001000100101001100000011011111001,False,False,False,False,118,0.015647411346435547,0.0028808116912841797,0.011471033096313477,0.0012810230255126953
photo_2025-05-30_18-13-55.jpg,1000100100111110110110011111100000111001101111000011110000111111010010100110011100011011000011110011011000000100010101101100000100111100000000100101110000111000001001110111100100010100100101100000011110111110111001111011001111101010100011110110001001100100,01010001011111110101100001010010001010000100101000010011101000011001100000111000101010000111111011111101101100011100001111011101111010110101101001000011111001100110100010100011001101111011000110011101000111111101100110010,False,False,False,False,116,0.021059751510620117,0.007000923156738281,0.012650728225708008,0.0013926029205322266
photo_2025-05-30_18-12-52.jpg,1001000111101010001111010111110001100000100010000000001000101100001101010011111111010100001111000000000010111111001101110111111111001101100001010110010111001110001110100011100101101100100010010010100101100011100011110111001001101111110001111001000100000111,1001001111101010001111010111110001100000100010000000001000101100001101110011100111010100001101110010110011111111111101110111111111000111100001010110010111001110001110100011100101011100100010010000000000100011110011110111001001101110110001011001000100000111,True,False,True,True,24,0.02034473419189453,0.00690007209777832,0.01291036605834961,0.0005185604095458984
photo_2025-05-30_18-12-37 (2).jpg,1101100100011000100100010110000000110100101000111101000000011111011111000110001111001111001011110011100000000001100011111101000111100000000100000111111111011010010000111111111111111000000000000000011111111100000111000000011101111111110001010100100011111111,1101100100011100100100011011100000110110101000111101000000001111011111001110001111001111001011110011100000000001100011111101000111100000000100000111111111011010000001111111111111110000000000000000011111011101000110001000011001111111010001000101100011111111,True,True,True,False,19,0.022557497024536133,0.008535385131835938,0.013146162033081055,0.0008592605590820312
photo_2025-05-30_18-11-13.jpg,1110110101001110101111100000111110000111010000000101000010101110011010100111111110011111100001010011100000100000110010111101111000111110001001111110111100010001100111011100110000000010011000101111110101010101010100111001000110001101010000000101100010101100,0100110000111011110111000100100000000001000011110000110101000001010001010111010010100000111101101100110010001001001001110011101110110001000111100001110000000111101111010001010010010001111100111100000100010000011011000101000000100110011,False,False,False,False,125,0.01610732078552246,0.005131721496582031,0.009664058685302734,0.0012958049774169922
photo_2025-05-30_18-12-36 (3).jpg,1101110111100000010011101111110110100010001111001001101100001010011110010001000111000000110101001001011001100100111100010011011100000011111100101101111000000111111100000000001100110111110110100001010101110010101100010111011011110101001010110100000100011011,1101110111100000010011101110110110100010001011001001101100101010011110010001001111000000111111001001011001100100111100010001011110000011111100101101110110001111111100000000000000110111110100101001010101000010100110010111111010110101001010110100000100011011,True,True,False,True,22,0.02184009552001953,0.008166074752807617,0.013093233108520508,0.0005645751953125
photo_2025-05-30_18-11-18.jpg,1100011010110010110100101101110010011001010010111010010011011010001001110010010110101011001010011010010011011011101111010110010011010100101001010101101101011001010000010100010101010000101101110101011010010100110101101001011001101011101010000010101111001010,1010010000001110101010011110000101110110001010010010100100000101100010101000111100100010011100111001011000010010110011101010110011110011000011000101001000010010000110010110000101011000111110110,False,False,False,False,94,0.022188186645507812,0.007703065872192383,0.012869596481323242,0.0016019344329833984
photo_2025-05-30_18-13-08.jpg,1110100110100011111010011001011010010010100111001011001101001001001111010100101101001110001111011100010010010110011100011000011110011101100011101000011000111100011000100011100101001001010000111000111110001110001001000111111001100100011110111001001010110001,111010011010001111000001100101101101001010011100001100110100101100111101010010110100111000110101110101001011011011100001100001111011000110100110110001010000110001101110111011010100111001010011110111000101011000001111100110000110,True,True,False,False,47,0.021451473236083984,0.007325649261474609,0.013074636459350586,0.001035928726196289
photo_2025-05-30_18-14-46.jpg,1001100101100111101100101000111011000001111000010100111110111000100001000011000100111110011000010011111000110101010000100101100001011001111000111100001111001100110110001010011000100111010010011100100011110010001111110011110111000110100011001100100111110011,11101010011111111010001001001101110000101111010101100111111100100010000011010010001011110101001111111100001111001010110110101001111011100100001010110100111110100010000000001000110100111101010111010000101100000011001101011001111001111000110011011001111100110010001,False,False,False,False,101,0.01878643035888672,0.005267143249511719,0.012425661087036133,0.0010776519775390625
photo_2025-05-30_18-14-12.jpg,1000001111000100101001000011000010101001000001110111100000011001011111100000001001010111110000001000110111111000101100010111111100101010111111000110001001110111110011001010111111010111010011100111110110010000011110100111011011001110010100011000011010000100,1000001001001111101001000011000010100001100001000111100000011001011111100000001001010111110010001000110111101010101100010111111100101010111111000110001001110111110011001010111111010011011001000111110110110000001111100001011011001110010100011100011010000100,True,True,False,True,22,0.02118992805480957,0.007462263107299805,0.013005256652832031,0.0007073879241943359
photo_2025-05-30_18-13-44.jpg,1100011100011000100001110011100000111110100000001101100011000111001100001110011100111000110001111100001100110111110001100011100011000111000110010100011100111100111110001100100000111001111100110011100010001100110010110111100100110001110000110011110011100111,110011010000111000110100111100010001001100111111110011001110100000000100100111110111001100100100110011001101100100110011000100110110110011100100100000000011111100110111111000001100110010111111101100110011100000111100110000111100,False,True,True,True,128,0.01972174644470215,0.0063571929931640625,0.012588024139404297,0.0007615089416503906
photo_2025-05-30_18-12-50 (2).jpg,1001100011010110111000110011100111110101111001100001101010010101100111010101001011100100101010001111001100100111100110001100010000101111001100011000010011101110111110111001110101110100010100101010010001101001000110100010000001000101100111100110000101101011,011110001100111011000110001101110110011100010010111100011001110000011010101111101011001011001110010001101011011100101000101000111100010110000010000010110110011101111010011110101110001010001010111010110110101,False,False,False,False,99,0.020414352416992188,0.006531238555908203,0.01240849494934082,0.0014605522155761719
photo_2025-05-30_18-13-58 (2).jpg,1100111100111000110011010011000111001101001100000010000010010010001110001100001101001011001011011101001100010100100111001111000101101111000111010111001010001111000110001111001001100111000011011101001000011111000111001111001011100101001011011110100101001101,110010110011100011001101001100011100111100111000001100011000001000111000110100110110111000001011110010110010110010011100111101010010011010011011011100100000101000111101101010011011001011010111001011100111001011011101000010001101,True,True,False,True,68,0.020563602447509766,0.00677037239074707,0.012930154800415039,0.0008478164672851562
photo_2025-05-30_18-12-43.jpg,1100011100000000011111000100111100110001111100011100011000111100001110001100011111000011101100011110001001111111000011001100000011111101110011110010001100011111110011001110000000100000100110011111101100000111110000011101110000111110000011000110001100110011,110001110001100001111100010011110011100111100011110001100011110000111000100001111000001110110001111001100111011100011000110100001111100111001111001000110000011111001100111100000011000110001100101100001010001010001001111010000000,True,True,True,False,36,0.020450592041015625,0.006716012954711914,0.012920379638671875,0.0007994174957275391
photo_2025-05-30_18-11-21.jpg,1000101011010000110010101101010010100010100111000111010110100001011110001010001110000110110111001100001110101100000110000111001100101111100011111011101100001100110100100101101110100111111000101101110100101101001000001001101010010110110000100100111100111101,0010011101010100001111011001010001110000001010001110000101011100010101100001011101100010110110111100111101101101100100000001010101001101101001110100010000010000011100001001010101110100111110000000111001001010101011001111101010010010110,False,False,False,False,107,0.02199697494506836,0.00752568244934082,0.01316213607788086,0.0012938976287841797
photo_2025-05-30_18-12-41 (2).jpg,1101011101110001111111011001000111110010011001101111010100000100111010100111000111010101100110111110100001001000011000101001000001100101001011101101010101001011110110010001000111011010111101010010001000001100011100100111110111001010100000111000100010001110,1101011001001001111111110000010011110110111110101110100100000101110100101111000111110101000001101010101001000001110101001001000001010101001010111101010101000110111000000001000111111010111100101010000010010101110010101110100110101010011000110100011010101111,True,True,True,False,77,0.021078824996948242,0.0076253414154052734,0.012917757034301758,0.0005195140838623047
photo_2025-05-30_18-11-17 (2).jpg,1100011001100110010111011001111100011001100110010010011001100110011101101110011001101001100100110000111101001110110111001101100000111110011100101001011001100110010010001100100010100100100001000011111100110110100001101001110001100001100100001011011101100111,0111001101011000011001110110001011101101110101000110101000101001101000010110000100100010001101101001100110000001101101101010011010100110111000010010100001100001011011010011011101000000001001100,False,False,False,False,110,0.025483369827270508,0.009765386581420898,0.014088153839111328,0.001615762710571289
photo_2025-05-30_18-10-56.jpg,1011111111110100101001001101001011000011110110001100001000011000100111100011001000011111001000101110011111001101011000011010111011100010110100110011010111010011000011011000101010111110000101010011010100110010011010000001111100111010111001001011010000011000,0111011111110001111010101111010100010010100000010100001111011010101001100011011110000110001000101011100010110100111011010010100000110101110110000101101001100011101100100100100111000101110111100000110010101000001111010111100001010001101,False,False,True,True,115,0.019839763641357422,0.006495952606201172,0.012246370315551758,0.0010819435119628906
photo_2025-05-30_18-12-38 (2).jpg,1100000001000001001111111111001100101101110110011110000010010100011101111001110110101100001000001101101001111010100000111111111100011100010000011001110100100000111010011001111001100101110111100111111000001000000100000011100110000011111100111100011101000011,1100001000010000011111111101111000101100110111011110000100110011011011011000010110111100011000001111001000111000000000010101111100111110010001001001111000100001110010010111100100100011111001100111110010001100001100010001100100100011101100110000111111000010,False,False,True,True,66,0.021421194076538086,0.0069141387939453125,0.01369786262512207,0.0007929801940917969
photo_2025-05-30_18-12-26 (2).jpg,1011001100001100101100110011110011001100101100111100110011100011000011001101001010100100110011001111000110001000011100111000110000001011011101100010011001110001111100100100110111110011001000100101110110010001000110010011001111100100110011111100011011011001,1011001100001100101100110011110011001100101100111100110011100011000011001111011011101100110011001111000110011001011110111100110000111011001101100110011000111011111001011001100100111000100000110010111000000001100111000100110011100000001,True,False,False,False,52,0.020678997039794922,0.006592988967895508,0.012981414794921875,0.0010900497436523438
photo_2025-05-30_18-12-47.jpg,1001001001110000101111000111010001010010000100010111001000100001001011011011110011010011111110100110110100011110001100000100100111010011011110010010101010100001011011101000011010011010000000110010110011111101011011110101111011000001110010111000111101001101,1001001100110000101101010011010011011100010010010100101011000001001011111011110011110011111110100010110100001110001010000100100111010011011110010010110010100001011011001000011111011010000000110010010011111101011001111001110011001001110010111000111101001001,True,True,True,True,36,0.020858049392700195,0.007444143295288086,0.012928247451782227,0.00047016143798828125
photo_2025-05-30_18-13-01.jpg,1100110010010001101001100001000000011011000110100111001101001100110101010100110010000101011011110010010101101111001110100111011011001010100100100100011010011001001101110111011111111001010101101100101011010000000010101010010100110100101011011111010101101010,110011001001100100111011000110011011101100011010011110111100111111010110010011001100110101100101001011001010100000100100010010001001001101010111111111111101010101101100101011010000000010101010010000110110101011111111010101101011,False,False,True,True,95,0.02240777015686035,0.007938623428344727,0.013354778289794922,0.0010986328125
photo_2025-05-30_18-12-55.jpg,1000110011100000100100000101101101110011101011001101000010100110001011000111001111101111001110011000000010101100011110100110101010001101110101010110000010110011110111110011000000001000010010111101111010111000001101111100011101000000111000011111111100010110,0001100100001100010111101110000000000001111101101111110111001000111011010000010011011111010010101100011001010010111011111000000111000101010011100011110100111101001000101110111010010001101000111110010011101000011111000011111010001111011101011111001001001001,False,False,False,False,144,0.017358064651489258,0.004646778106689453,0.011571645736694336,0.0011239051818847656
photo_2025-05-30_18-14-22.jpg,1000010100001011000101111011111110101001011101010010000101010001001101011100001010101001010011011100010101011111110011110011110110101101010101110110100010110110100011100101100101000010011110010010100011110101001100001000100010101011010001011101011100100010,1000010100001011000101111011111110101001011101010010000101010001101101011100000010101001010011111100010101011111110011100010110110101101010101110110100010110111100011100101100111000000011110010010100011110101001100001000100010101011010001011101011100100010,True,True,True,True,8,0.021558761596679688,0.007439136505126953,0.013267993927001953,0.0008361339569091797
photo_2025-05-30_18-14-28.jpg,1101010001001111111010000101011011001100001011100000100001110111000110011010010100011010011101110111110101111111111101110111111110000111010100110010110010110010011110100011001011111001001010001001001001000000000101110000100001101001100101000011010000110100,1101010001001111111010100101011011001100001011100000100001110111000110011010010100000010011101100111110101101111001101110111111111000111010100100010100010110010011110100011001011111101001010001001101011000000000101010000100000101001100101000011110000100110,True,False,False,False,18,0.02220749855041504,0.008247137069702148,0.012952089309692383,0.0009937286376953125
photo_2025-05-30_18-12-33.jpg,1101100110100011111100110011000100100110010011101100110111001100011001100110011101110001100110000111001001111000110110110001111110011001100001111001100100100111100011001110010001101100110100100110011011010110011001100001001100110011001100001001001100100100,1001100110100100111001100011001100101100111010001100110100011001011001100100110001100011101100110110001011100011100100100111101010011001001110001001100101101100100110011000111001101100100111100110010010010110011000110111011000110010011011100011001001100101,True,True,True,False,82,0.02387523651123047,0.009620904922485352,0.01362156867980957,0.0006165504455566406
photo_2025-05-30_18-12-34 (2).jpg,1011011011001110000011000000000001100011111011110111110110010001001001110111110000000000111010011001100011110010101111111110011010111000100000111110110000011011010000000111010101001101010010000000111100011100001101001011001010101010011010111110011110010111,101101101100111000001100000000000110001101101111011111011001000100001111011111000000010011001001101110000111001110111011111001101011110010000010110011000001101101010011011101010100110110011000100001110011110000110100101000101010,True,True,True,False,22,0.02203512191772461,0.008086442947387695,0.01304173469543457,0.0008919239044189453
photo_2025-05-30_18-14-50 (2).jpg,1111101100001101000111011001111011111001110100101000001001101001000111001001100100011000110101101011000111101100010110010000100110011101100100111000010010011100010001100110111010111110001100100001100110010011110000011000110100010111011111111010000010110011,1110000001101101100111110110010010011110111001000011000011110101011011010101000100010010000110001100100111000001011100000011111000001001000101010100100000100110001011110001011100000011010100000010001101011001101100010110011110110000010000100001000101000000101001000001000010101,False,False,False,True,130,0.01829361915588379,0.005592823028564453,0.011753320693969727,0.0009310245513916016
photo_2025-05-30_18-12-54 (2).jpg,1100110101010101000111001111100000010011100001111011001110110110111000111000101100010001000111000001110011100110110001100101100111001101001110000011001100011000011100111110011101011100110010111001100110011110101001100000001101101100111110010101101000010000,1100110110010111000100000110100000011110100001111110010111110100111011101000100100010001001111000001110011100110111001110001100111001101101001001011000100011000011101101110011101001100110010011101101110111100101000100010011001101100111011010101100010010010,False,True,True,True,47,0.026385784149169922,0.010958671569824219,0.01458740234375,0.0008230209350585938
photo_2025-05-30_18-12-55 (2).jpg,1010111000010110011000111111001010000101011100001110101100000111110001111111100010010100100001111111110110001111010010000011100011010010010001111111101001111100011011010001100111010000001111010000001000000111111000101101101010010111100000010111100000110001,10101110000101100110001111110000100001010111000001101111010001110000000110001111111100010010100100001111111110110000111011010000011100011010000010011111111101001011000011011110001100111010000011101010001101000000111111000101101100010010111100000010111100000110001,False,True,True,True,111,0.0220947265625,0.008338689804077148,0.01302480697631836,0.0007152557373046875
photo_2025-05-30_18-13-12.jpg,1001001110101100100110010000000100101100000100100111011001100011110110110110011000111000100110101011001111111101010011000011110101001111011100111001010011000011001100001001011111001111011010001010110000100110010100110101001110111000110110100001011100011100,1001001011101100100010000000001101101101000010100011010011110000110110110110110010001100100110111010001011111101010011001010111001111111010110101001010011000001001100101001011111001111011010001010110110101110010100110101001110101100110110000001011100110100,False,True,True,True,43,0.021306753158569336,0.007811784744262695,0.012905120849609375,0.0005741119384765625
