Image Name,Computed Full Hash,Extracted Full Hash,WM Present (Top Left),WM Present (Top Right),WM Present (Bottom Left),WM Present (Bottom Right),Total Hamming Distance,E2E_time,Fingerprinting_time,wm_time,ECC_time
photo_2025-05-30_18-20-53 (2).jpg,1000111111010011111110100101100001111100001001101111000000101000101000001101101010000111101001011100101101000000110111010010001011001101101101001010110110110000100011011011010110001101110100110100110110100111011001110001110111000100100010011000011000110101,1000111111010011111110100101100001111100001001101111000000101000101000001101101010000111101001011100101101000000110111010010001011001101101101001010110110110000100011011011010110001101110100110100110110100111011001110001110111000100100010011000011000110101,True,True,True,True,0,0.020998239517211914,0.007227897644042969,0.01343083381652832,0.00032448768615722656
photo_2025-05-30_18-21-22.jpg,1000010100001011000101111011111110101001011101010010000101010001101101011100000010101001010011111100010101011111110011100010110110101101010101110110100010110111100011100101100111000000011110010010100011110101001100001000100010101011010001011101011100100010,1000010100001011000101111011111110101001011101010010000101010001101101011100000010101001010011111100010101011111110011100010110110101101010101110110100010110111100011100101100111000000011110010010100011110101001100001000100010101011010001011101011100100010,True,True,True,True,0,0.020834684371948242,0.0073626041412353516,0.013080596923828125,0.00037670135498046875
photo_2025-05-30_18-17-25.jpg,1110110111000100110100100001111110010010011000100110110110100101011001001001110011010010011010110001101100100100101011011001011111110010100010110101101001101000001111010011010101000001100001100111101010100110001011100101100010000001010111001101101110110011,1110110111000100110100100001111110010010011000100110110110100101011001001001110001010010011010110001101100100100101011011001011111110010100010110001101001101100001111010011010101000101100001100111101010100011001011100101110110000001011111101101101110110011,True,True,False,False,10,0.021378517150878906,0.007702827453613281,0.01286935806274414,0.0007915496826171875
photo_2025-05-30_18-20-03.jpg,1001011011100101100101101110000101100110011000110110111101100010100101110010101010110111001010111000001100100010110010110001011001001011000101000001001100110001101110110011101101101001100110010100101010011001100001100111100111100110010100110110100110011001,1001011011100101100101101110000101100110011000110110111101100010100101110010101010110111001010111000001100100010110010110001011001001011000101000001001100110001101110110011101101101001100110010100101010011001100001100111100111100110010100110110100110011001,True,True,True,True,0,0.021268844604492188,0.007256507873535156,0.01353597640991211,0.0004622936248779297
photo_2025-05-30_18-19-58.jpg,1100010010010101101110111100011011010010010010000100110101100101010100100101100000010111110011110010000010011110111010101000000111011110000110100100001111110000000111010101110110110011110011110001010000110000101011110000111101101100011100000111001111101011,1100010010010101101110111100011011010010010010000100110101100101010100100101100000010111110011110010000010011110111010101000000111011110000110100100001111110000000111010101110110110011110011110001010000110000101011110000111101101100011100000111001111101011,True,True,True,True,0,0.02160334587097168,0.008099555969238281,0.01298975944519043,0.000499725341796875
photo_2025-05-30_18-18-44.jpg,1101011001001001111111110001010011110110111110101110100100000101110100101111000111110101000001101010101001000001110101001001000001010101001010111101010101000110111000000001000111111010111100100010000010000101110010101111100110101010101000110100101000101111,1101011001001001111111110000010011110110111110101110100100000101110100101111000111110101000001101010101001000001110101001001000001010101001010111101010101000110111000000001000111111010111100101010000010000101110010101111100110101010101000110100101000101111,True,True,True,True,2,0.020884990692138672,0.007622957229614258,0.012929916381835938,0.0003170967102050781
photo_2025-05-30_18-18-06.jpg,1000100100100110011101101100011101011011000110110000110000111000111100111001110010101001010001110010110001100011111001001000101110011001110110010000111100110101100011001000011111011001011001001001001001011100110011001101001000011101111001111011001001001101,1000100100100110011101101100011101011011000110110000110000111000111100111001110010101001010001110010110001100011111001001000101110011001110110010000111100110101100011001000011111011001011001001001001001011100110011001101001000011101111001111011001001001101,True,True,True,True,0,0.02224898338317871,0.008413314819335938,0.013291358947753906,0.0005292892456054688
photo_2025-05-30_18-19-24.jpg,1101100100100110110111100000111000100110000110001000001001100111100010000110011110011100111111110011110111011001111001110110010000101110011001001000100110000110000010111100001100111101110010010011100011001110011100001110011000110001101100010011100110111001,1101100100100110110111100000111000100110000110001000001001100111100010000110011110011100111111110011110111011001111001110110010000101110011001001000100110000110000010111100001100111101110010010011100011001110011100001110011000110001101100010011100110111001,True,True,True,True,0,0.020330429077148438,0.007054805755615234,0.012881755828857422,0.00037932395935058594
photo_2025-05-30_18-19-01 (2).jpg,1100000110010011100011011001111000111110000010000111000011100101010001100111111011001110001000100001100000100111001100011111100011100011100000011000111000011111110111001111110010010000111000000011011111101111011000100000011000100111000111110101111110110001,1100000110010011100011011001111000111110000010000111000011101101010001100111111011001110001000100001100000100111001100011111100011100011100000011000111000011111110111001111110010010000111000000011011111101111011000100000011000100111000111110101111110110000,True,True,True,True,2,0.020115375518798828,0.006869077682495117,0.01288461685180664,0.0003452301025390625
photo_2025-05-30_18-20-17 (2).jpg,1110010010100111110111110101000001011001101011111110111001001100100110001011100100101001000101101100011011101101000110110100011001100101101010111001001001010100001100011010101011100010000101010001000011101010111010110001010100110100101100101100101001001111,1110010010100111110111110101000001011001101011111110111001001100100110001011100100101001000101101100011011101101000110110100011001100101101010111001001001010100001100011010101011100010000101010001000011101010111010110001010100110100101100101100101001001111,True,True,True,True,0,0.018092870712280273,0.005410671234130859,0.012305974960327148,0.00036072731018066406
photo_2025-05-30_18-18-19 (2).jpg,1001000001001011101000000110101010100000011010101101000011101100110100000110101111011001011001111101100110100110111010011010011101101101001011100111000100110010011010010011001111001011101100111000111110110000101101011101000010100011110101000000110111010100,1001000001001011101000000110101010100000011010101101000011101100110100000110101111011001011001111101100110100110111010011010011101101101001011100111000100110010010010010011001111001011101100111100111110110000101101011101000010100011110101000000110111010100,True,True,True,True,2,0.022433996200561523,0.00881052017211914,0.013091802597045898,0.0005156993865966797
photo_2025-05-30_18-18-34.jpg,1011011011001110000011000000000001100011011011110111110110010001000011110111110000000100110010011011100001110011101110111110011010111100100000101100110000011011010100110111010101001101100110001000011100011100001001001010001011101011001110111010011110010011,1011011011001110000011000000000001100011011011110111110110010001000011110111110000000100110010011011100001110011101110111110011010111100100000101100110000011011010100110111010101001101100110001000011100011100001101001010001010101011001110111010011110010011,True,True,True,True,2,0.021522998809814453,0.008165121078491211,0.013023138046264648,0.00031948089599609375
photo_2025-05-30_18-21-06.jpg,1101111101011111110100101010111001101100011011000111000000111100101001001010110101110000111000001000001001011010110110101101011111000011001000010010000111010111110110110010001000001011010111000000110110110110001011010111000011010111110100000010010101101010,1101111101011111110100101010111001101100011011000111000000111100101001001010110101110000111000001000001001011010110110101101011111000011001000010010000111010111110110110010001000001011010111000000110110110110001011010111000011010111110100000010010101101010,True,True,True,True,0,0.02068948745727539,0.006978511810302734,0.013307809829711914,0.0003883838653564453
photo_2025-05-30_18-21-06 (2).jpg,1100000111010001010001111100000000100000111100000110111001111100001111000000110001110110100000000010010110000011111100011110011011111110011011001111111100001100111111100000000011110000000000001111001110001100111000111100110100111110011110110111111111000001,1100000111010000010001111100000000100000111100000110111001111100001111000000110000110110100000000010010110000011111100011110011011111110011011001111111100001100111111100000000011111000000000001111001110001100111000111100110101111110011110110111111111000001,True,True,True,True,4,0.020207881927490234,0.007318019866943359,0.012519121170043945,0.0003554821014404297
photo_2025-05-30_18-18-33.jpg,1001100110100100101001100011001100101100111010001100110100011001011001100100110001100011101100110110001011100011000110100111101010011001001110001001100101101100100110011000111001101100100111100110010010010110011000111111011000110010011011110011001001101101,1001100110100100111001100011001100101100111010001100110100011001011001100100110001100011101100110110001011100011100100100111101010011001001110001001100101101100100110011000111001101100100111100110010010010110011000110111011000110010011011110011001001101101,True,True,True,True,4,0.02183055877685547,0.008423805236816406,0.013004541397094727,0.0003864765167236328
photo_2025-05-30_18-21-04.jpg,1101111000011100011010010110001100110110100101110110000101101001001101101010011101001000010101101001011010001001110010010111001001010010110001100110100010110101110101110110100110011100100101100111101110001101011001111001000011001100010010010011011010110010,1101111000011100011010010110001100110110100101110110000101101001001101101010011101001000010101101001011010001001110010010111001001010010110001100110100010110101110101110110100110011100100101100111101110001101011001111001000011001100010010010011011010110010,True,True,True,True,0,0.020361900329589844,0.006894588470458984,0.013141393661499023,0.0003116130828857422
photo_2025-05-30_18-20-54 (2).jpg,1001110011011000101101001000111100100100111100001100111000011110010110101110100001001100011000111100110100101011011101011011001001001101100101100101001111011100010110100100110110100010001011011010011010100011101001101010101011101010100110100100101000101001,1001110011011000101101001000111100100100111100001100111000011110010110101110100001001100011000111100110100101011011101011011001001001101100101100101001111011100010110100100110110100010001011011010011010100011101001101010101011101010100110100100101000101001,True,True,True,True,0,0.02026820182800293,0.00710296630859375,0.012829065322875977,0.0003216266632080078
photo_2025-05-30_18-17-31.jpg,1101000111010001001001101110100101001110100011001011011001000110011110000110011000011001101100010010111010011101111110001101100110110001001000000100001010011100100011001100000110001111100011011111011000111110100011000110011100011000111111000111011010011110,1101000111010001001001101110100101001110100011001011011001000110011110000110011000011001101100010010111010011101111110001101100110110001001000000100001010011100100011001100000110001111100011011111011000111110100011000110011100011000111111000111011010011110,True,True,True,True,0,0.02017068862915039,0.006875276565551758,0.01282191276550293,0.0004591941833496094
photo_2025-05-30_18-20-12 (2).jpg,1000101001110101100100010111000001100101110010101100111100011011001110010111000100101110111101111101111010001110001111100011000110100001100011010011000110011110011001100001010001001100111010010101101101101000001100110011000100010110001001110001100110011110,1000101001110101100100010111000001100101110010101100111100011011001110010111000100101110111101111101111010001110001111100011000110100001100011010011000110011110011001100001010001001100111010010101101101101000001100110011000100010110001001110001100110011110,True,True,True,True,0,0.02128291130065918,0.007865667343139648,0.01293802261352539,0.00046443939208984375
photo_2025-05-30_18-18-42.jpg,1100101100011101110011010001111101110001101100001000111110010000100000101001101000100000001110010011010010110100001110000110011011011101111011110011110000011101011101001011100110011000011110000001010111011101001110001100011110001110010011100011011000110101,1100111100011000110011010001111101110001101100001000111110010000100000101001101000100000001110010011010010110100001110000110011011011101111011110011110000011101011101001011100110011000011110000001010111011101001110001100011110001110010011100011011000110101,False,True,True,True,3,0.02701568603515625,0.011566400527954102,0.014893054962158203,0.0005407333374023438
photo_2025-05-30_18-18-10.jpg,1111011100100011001010010000111001010001111110100001010111001101000000000010000100001100101100000010011110000101000011110111101011110110010110100110010010011100111000111111100110010111010101010111000001000101111010011011100011101101011111011110110010000011,1111011100100011001010010000111001010001111110100001010111001101000000000010000100001100101100000010011110000101000011110111101011110110010110100110010010011100111000111111100110010111010101010111000001000101111010011011100011101101011111011110110010000011,True,True,True,True,0,0.02553272247314453,0.009551763534545898,0.015600204467773438,0.0003638267517089844
photo_2025-05-30_18-18-16.jpg,1001110101100111010110110100111011010011000010001101001000101000011100001100001001010010110100101111110011010010011101001111011001010100001100100011010100110110001001110001011011001101011111011000110111010101001000110000111100010111001101001001110011000111,1001110101100111010110110100111011010011000010001101001000101000011100001100001001010010110100101111110011010010011101001111011001010100001100100011010100110110001001110001011011001101011111011000110101010101001000110001111100010111001101001001110011000111,True,True,True,True,2,0.022035837173461914,0.008182764053344727,0.013370990753173828,0.0004658699035644531
photo_2025-05-30_18-20-06 (2).jpg,1101000101010000100000110001010100101110001011110011101010111110110100111000001001110100001011011011111001111110000000111111000100010010101010101111011100101110000111010100110100100011110101010011001010110111110011100011100101101101000010100001001001010100,1101000101010000100000110001010100101110001011110011101010111110110100111000001001110100001011011011111001111110000000111111000100010010101010101111011100101110000111010100110100100011110101010011001010110111110011100011100101101101000010100001001001010100,True,True,True,True,0,0.02342820167541504,0.008578062057495117,0.01430654525756836,0.0005280971527099609
photo_2025-05-30_18-19-01.jpg,1001001100011010100101111001101010010111110011100001011110011010000101110000111010010111100100000010011111001110100001011001010010000011001011111000010110010101100000110110010110000101110011111001111101110001100100110010011100011101111100010100001111000101,1001001100011010100101111001101010010111110011100001011110011010000101110001111010010111100100000010011111001110100001011001010010000011001011111000010010010101100000110110010110000101110011111001111101110001100100110010011100001101111100010100001111000101,True,True,False,True,3,0.02365899085998535,0.00881505012512207,0.013807535171508789,0.001020193099975586
photo_2025-05-30_18-20-03 (2).jpg,1001011111010100000010111000101101111010000011100111101001110100011010011111000010111101010000001001100101101011000010000110101101111100100000111111011011010101100100101101100110000001000110010111100110100111100101001011010010010010010100100110011011011011,1001011111010100010010111000101101111011000011101111101001110100011010011111000010111101010000001001100101101011000010000110101101111100100000111111011011010101100100101101100110000001000110010111100110100101100101001011010010010010010100100110011011011011,False,True,True,True,4,0.02233409881591797,0.008124113082885742,0.013517141342163086,0.0006773471832275391
photo_2025-05-30_18-19-57.jpg,1100111000110000000110011001100100101101110001110111011011001110001110110110110110100111001100011110010010010010100111100100100110010110010001000110000001100110011100110001001100011011110010111101010100110011001101100010011000100110011001101000100111111011,1100111000110000000110011001100100101101110001110111011011001110001110110110110110100111001100011110010010010010100111100100100110010110010001000110000001100110011100110001001100011011110010111101010100110011001101100010011000100110011001101000100111111011,True,True,True,True,0,0.021834135055541992,0.007905006408691406,0.013560771942138672,0.00035190582275390625
photo_2025-05-30_18-21-02.jpg,1110000111110010111011110000001110001110001111111001000011110100000111101010000110111001101000111011101100000111110100111101110000000010000110001111011110010001110111100000001100000111010010110010100001110010110010000100110101010011111001001000111100101101,11100001111100101110111100000011100011100011111110010000111101000001111010100001101110011010001110111011000001111101001111011100000000100001100011110111100100011101111000000011000001110100101100101100011100101100100001001101010100111110010010001111001011010000100,True,True,True,False,1,0.021998882293701172,0.007218360900878906,0.01427006721496582,0.0004947185516357422
photo_2025-05-30_18-20-23 (2).jpg,1110101000110111100110101000010000011000110010000111111011010010000001111100011001000111000110110001011100011101111001011011000100011010111001000111010110010100001100011111101100111100011001110011000111100111001110000110111000010001110111110001001000011100,1110101000110111100110101000010000011000110010000111111011010010000001111100011001000111000110110001011100011101111001011011000100011010111001000111010110010100001100011111101100111100011001110011000111100111001110000110111000010001110111110001001000011100,True,True,True,True,0,0.021936416625976562,0.008142948150634766,0.01345205307006836,0.00032520294189453125
photo_2025-05-30_18-21-07.jpg,1011111010100001101011011110100110110000010110101110100011001110111001001010011011010010100100110110000011001010100100100111011001101001110010001000011110111000101101011000011110000111100000010101111100100101100111100001011011000111001011011001000100011011,1011111010100001101011011110100110110000010110101110100011001110111001001010011011010010100100110110000011001010100100110111011000101001110010001000011110111000101101011000011110000111100000010101111100100101100111100001011011000111001011011001000100011011,True,True,True,True,2,0.0267333984375,0.011283636093139648,0.014909505844116211,0.0005242824554443359
photo_2025-05-30_18-19-29.jpg,1110010000001011010110000000011111000000001111110010101110111011000010110111111100100111000111000101110010000010001000100110110001001100100000100011011101110110001101111101110101111011111111110011011001101011111010010010101101110110000000100010010000010010,11100100000010110101100000000111110000000011111100101011101110110000101101111111001001111001110001011100100000100010001001101100010011001000001000110111011101100011011111011101011110111111111100110110011010111110100100101011011101100000001000100100000000100000001,True,True,True,False,2,0.02648162841796875,0.011077404022216797,0.014388084411621094,0.0009999275207519531
photo_2025-05-30_18-20-00 (2).jpg,1110100101001001110010110101100110011010010110100101001011010010000001001001101010111101000110100000111101110010111110001101001011110001000101101010000001100101100001111000110100111111000110101111111111110001000001000000001100101100011111100010101011110110,11101001010010011100101101011001100110100101101001010010110100100000010010011010101111010001101000001111011100101111100011010010111100010001011010100000111001011000011110001101001111110001101011111111111000010000010000000011101011000111111000100110111001100000111,True,True,True,False,6,0.021959543228149414,0.008219003677368164,0.01324152946472168,0.0004839897155761719
photo_2025-05-30_18-18-35.jpg,1101101001011001100110000100010001011110000110111011100001101001100001100100101110101110000111010011011101100011011011100101000110101100000010010100100110011001101010010110001111101011000001001101001001001111100011011101100100111010111100111011010011001001,1101101001011001100110000100010001011110000110111011100001101001100001100100101110101110000111010011011101100011011011100101000110101100000010010100100110011001101010010110001111101011000001001101001001001111100011011101100100111010111100111011010011001001,True,True,True,True,0,0.020684480667114258,0.007599592208862305,0.012692451477050781,0.0003781318664550781
photo_2025-05-30_18-18-15.jpg,1101101110001001100011101100111010001011000100110000100101100100001100010110110001110101001100111110010011011101110101001000110100100101101101110001100100110101101101100110010011000111010111011100100111011100011010110111101101100001110100100000000010001010,1101101110001001100011101100111010001011000100110000100101100100001100010110110001110101001100111110010011011101110101001000110100100101101101110001100100110101101101100110010011000111010111011100100111011100011010110111101101100001110100100000000010001010,True,True,True,True,0,0.020821809768676758,0.007471799850463867,0.013015508651733398,0.0003192424774169922
photo_2025-05-30_18-18-26 (2).jpg,1101010001110100111101010011010000111101010011110010110101010101110010100001011100000010100101010110000010101001100010100010101101110010110010101100101010110010001111101011110001100010110111000001110010110011011000101001100011001101001101100111001011101101,1101010001110100111101010011010000111101010011110010110101010101110010100001011100000010100101010110000010101001100010100010101101110010110010101100101010110010001111101011110001100010110111000001110010110011011000101001100011001101001101100111001011101101,True,True,True,True,0,0.02114129066467285,0.007403373718261719,0.013251543045043945,0.0004706382751464844
photo_2025-05-30_18-17-22 (2).jpg,1001100001010110000110010100001101001111001111110100011100110100100111011111000010010010000000010001011001100111101001100100011101100100001100011111011100101000010111011111011010100000011100010111110001100011000111111010010111110101111100110100001010000111,1001100001010110000110010100001101001111001111110100011100110100100111011111000010010010000000010001011001100111101001000100011101100100001100011111011100101000010111011111011010100000011100010111110001100011000111111010010111110101111100110100011010000111,True,True,True,True,2,0.022151947021484375,0.008495569229125977,0.013113021850585938,0.0005273818969726562
photo_2025-05-30_18-21-12.jpg,1001100011111100110101111110011000001010010101010111010010101010111010010010010110100000011000100111000101011111100011000011100010010110010110101111011100100100101000101101011101010101100010101100000001000101111100001001001111101011111001000011100101101011,1001100011011100110101111110011000001010010101010111010010101010111010010010010110100000011000100111000101011111100011000011100010010110010110101111011100100100101000101101011101010101100010101100000101010101111100001001001111101011111001000010100101101011,True,True,True,True,4,0.024799108505249023,0.010317087173461914,0.013980865478515625,0.00048542022705078125
photo_2025-05-30_18-17-24 (2).jpg,1011001100110011001110110011100111110011100010100010001010011001000111011101011111000111101010011101111010110101011001100010110011010001101010010011000000100100011010100110010110010110101000111001100101110101000000101011011010010010101101000110100100101011,1011001100110011001110110011100111110010100010100010001010011001000111011101011111000111101010011101111010110101011001100010110011010001101010010011000000100100011010100110010110010110101000111001100101110101010000101011011010010010101101000110100100101011,True,True,True,True,2,0.02446436882019043,0.009789228439331055,0.01422572135925293,0.0004341602325439453
photo_2025-05-30_18-18-38 (2).jpg,1000000100011111100011010100011101101000111010000110001110111001001111110100001001001110100011101001011000101111001111100000011011000001110000010011110111100010111000000011110001100011100111010001111111100011110000001011111100011100010101110001000110111100,1000000100011111100011010100011101101000111010000110001110111001001111110100000001001110100011101001011000101111001111100000011011000001110000010011110111100010111000000011110001100011100111010001111111100011110000001011111100011100010101110001001110111100,True,True,True,True,2,0.020869731903076172,0.007595062255859375,0.012945175170898438,0.0003142356872558594
photo_2025-05-30_18-19-22.jpg,1100011110100011101011011000110100101100001101010011000111010101101111000111010001100000110010100010011001000011000010110101001111100011110011000100110010111010001111100011111011000010111100000011100111000011110000100001111110111000110101000011100111001110,1100011110100011101011011000110100101100001101010011000111010101101111000111010001100000110010100010011001000011000010110101001111100011110011000100110010111010001111100011111011000010111100000011100111000011110000100001111110111000110101000011100111001110,True,True,True,True,0,0.02075338363647461,0.007348775863647461,0.013072490692138672,0.0003170967102050781
photo_2025-05-30_18-20-58.jpg,1001100110011000100111100101111100011110001000011101011100001011100001101001111010100111100000110011000111001001110000001010010110011111011001101110011110100101001010100101100110000100101001010101100110000011111001010000111010010111001111001101001111001010,1001100110011000100111100101101100011110001000011001011100001011100001101001111010100111100000110011000111001001110000001010010110011111001011101110011110100101001010100101100110000100101001010101100110000011111001010000111010011111001111101101001111001010,True,True,True,True,6,0.02174854278564453,0.008150577545166016,0.01317906379699707,0.0004029273986816406
photo_2025-05-30_18-19-21 (2).jpg,1010111000010110011000111111000010000101011100000110111100000111110001111111100010010100100001111111110111000111011010000011100011010000010011111111101001011000011011110001100111010000011101010001101000000111111000101101100010010111100000010111100000110001,10101110000101100010001111110000100011010111000001101111010001110000000110001111111100010010100100001111111110110000111011010000011100011010000010011111111101001011000011011110001100111010000011101010001101000000111111000101101100010010111100000010111100000110001,False,True,True,True,113,0.022376298904418945,0.008363962173461914,0.013245820999145508,0.0007491111755371094
photo_2025-05-30_18-18-40 (2).jpg,1100001000010000001111111101111000101100110011011110000100110011011111111000110110111100011001001101001000111010100000011101111100111110010000001001111000100001110010010111100100100011111001100111110010001100001100010001100100100011101100110100111111000010,1100001000010000001111111101111000101100110011011110000100110011011111111000110110111100011001001101001000111010100000011101111100111110010001001001111000100001110010010111100100100011111001100111110010001100001100010001100100100011101100110000111111000010,True,True,True,True,2,0.021135807037353516,0.007127285003662109,0.013673782348632812,0.0003185272216796875
photo_2025-05-30_18-20-37.jpg,1001111001110100100000000100100111100011000111100110001111000000111100000010111110111111110110110000000000100001110111110101111100100011100100001001100001100000111011111001011111111111010010000001101110110111111010000100000000000111111110101111101001000000,1001111001110100100000000100100111100011000111100110001111000000111100000010111110111111110110110000000000100001110111110101111100100011100100001001100001100000111011111111001111111111010010000001101110110111111010000100000000000111111110101111101001000000,True,True,False,True,3,0.021514415740966797,0.007826089859008789,0.013074874877929688,0.0005979537963867188
photo_2025-05-30_18-18-26.jpg,1011111101001000101111110110010000100000101101110101010010110101110111110000000100101011010111101110101011101100000111101000111101000001000100111100000011010001001111101010001001100010011110101101100011000101000111110000111001101001001110111100100110000001,1011111101001000101111110110010000100000101101110101010010110101110111110000000100101011010111101110101011101100000111101000111101000001000100111100000011010001001111101010001001100010011110101101100011000101000111110000111001101001001110111100100110000001,True,True,True,True,0,0.021568775177001953,0.008189916610717773,0.013045310974121094,0.00031828880310058594
photo_2025-05-30_18-18-27.jpg,1010001011000110110110000011001110010111100111011010100110001100010100000110001000110101011100110110100110011101100010100100110010110000101001100111011000110011100011111100101010100101000111000101100111000110001101110110001110111101100100111110001010010110,1010001011000110110110000011001110010111100111011010100110001100010110000110001000110101011100110110100110011101100010100100110010110000101001000111011000110011100011111100101010100101000111000101100111000110001101110110001110111101100100111110001010010110,True,True,True,True,2,0.020873546600341797,0.00750279426574707,0.012862682342529297,0.0004923343658447266
photo_2025-05-30_18-17-23.jpg,1100100100101101110101101101100111010110110110101011110100100100101011010010010000110000110110110111001011011001011001101010010011001100010100111100100100101101000110000010011000110011110110101011011110101000111001000101011011000010000110010011111100101000,1100100100101101110101101101100111010110110110101011110100100100101011010010010000110000110110110111001011011001011001101010010011001100010100111100100100101101000110000010011000110011110110101011011110101000111001000101001011010010000110010011111100101000,True,True,True,True,2,0.021143674850463867,0.007727622985839844,0.012948036193847656,0.0004525184631347656
photo_2025-05-30_18-20-10.jpg,1110011000100001111111110110100110111011010111110111000100001011100000010100101100000000111111011000011110000000000100111101110011010111101101011101011110000100010100100000110110011111100110100110100000011100101111100001110000001001001111101010100000111010,1110011000100001111111110110100110111011010111110111000100001011100000010100101100000000111111011000011110000010000100111100110011010111101101011101011110000100010100100000110110011111100110100110100000011100101111100001110000001001001111101010100000111010,True,True,True,True,2,0.02135920524597168,0.008004426956176758,0.012817621231079102,0.0005223751068115234
photo_2025-05-30_18-20-59 (2).jpg,1001010111010010111000101111010110111000101001011000011101001111001001011100011101001000010111010011001010101001100001010111001010000110100110000010110101010101000110101010100000110001110011111011001000111110100011011100111000111110111101000010010101101010,1001010111010010111000101111010110111000101001011000011101001111001001011100011101001000010111010011001010101001100001010111001010000110100110000010110101010101000110101010100000110001110011111011001000111110100011011100111000111110111101000010010101101010,True,True,True,True,0,0.020700454711914062,0.007120609283447266,0.013173580169677734,0.0003917217254638672
photo_2025-05-30_18-21-05.jpg,1100001110010100110110110010011000111001011000011000110001110010110011100001111110001001000010110011000010110111110100100111000001101110011111001100000110001111001110011000001100110110001101101100011101100100001100011100110000110011010110011011011110110011,1100001110010100110110110010011000111000011000011001110001110010110011100001111110001001000010110011000010110111110100100111000001101110010111001100000110001111001110011000001100110110001101101100011101100100001100011100110000110011110110011011011110110011,True,True,True,True,4,0.021323680877685547,0.007843017578125,0.012867927551269531,0.0005950927734375
photo_2025-05-30_18-18-23.jpg,1110001101001011110110000011110000111101111000011000100010000101110001010111101000101111000001011101001011110111011100101001111001001110111100111000101001010010001101000100100100110001110110111101010001001000000100111000101100101111001110100111101001110000,1110001101001011110110000011110000111101111000011000100010000101110001010111101000101111000001011101001011110111011100101001111001001110111100111000101001010010001101000100100100110001110110111101010001001000000100111000101100101111001110100111101001110000,True,True,True,True,0,0.02584528923034668,0.01067662239074707,0.014818906784057617,0.0003345012664794922
photo_2025-05-30_18-19-49.jpg,1000100101000110100100010101111100110100011001110001110001110110001101000011001101101111000101100011100110110011111000010001001111100011001110010000100111110111010110011000111011111010100000010011000101110001001100011000000000111001111100101110011110011110,1000100101000110100100010101111100110100011001110001110001110110001101000011001101101111000101100011100110110011111000010011001111100011001110010000100111110111010110011000111010111010100000010011000101110001001100011000000000111001111100101110011110011110,True,True,True,True,2,0.022124767303466797,0.00783395767211914,0.013686656951904297,0.0005891323089599609
photo_2025-05-30_18-19-44.jpg,1011100101101110011111001000100111010100100110011011000010101100100010111111110100001011110111100000111011001100000011111000011110011011100001111011111110010001100101001100000010000100011001000001010010110100100101100011011100010111101101010001011111010000,1011100101101110011111001000100111010100100110011011000010101100100010111111110100001011110111100000111011001100000011111000011110011011100001111011111110010001100101001100000010000100011001000001010010110100100101100011011100010111101101010001011111010000,True,True,True,True,0,0.022446155548095703,0.008177995681762695,0.013737201690673828,0.0005154609680175781
photo_2025-05-30_18-20-43.jpg,1101100100000001100001001111111101110111010011000011001100110111001001101101100111011110011000011000100111100110110110011001011001101101100110000010011000111011011001100100101110011110111011001001000000000101111110110010010000000001100100111100110011000110,1101100100000001100001001111111101110111010011000011001100110111001001101101100111011110011000011000100111100110110110011001011001101101100110000010011000111011011001101100101110011110111011001001000000000101111110110010010000000000100100111100110011000110,True,True,True,True,2,0.020133256912231445,0.006988048553466797,0.012820243835449219,0.0003097057342529297
photo_2025-05-30_18-21-07 (2).jpg,1111101010101010110001010001010110100110010101010010110011000110111001010011100001110011000010101001010111101011011100101000101010011101100010010101010011101001101010111001010001101001000001011011101101110111110001100001001010001100100111101110100100110010,1111101010101010110001010001010110100110010101010010110011000110111001010011100001110011000010101001010111101011011100101000101010011101100010010101010011101101101010111001010001101001000001011011101101110111110001100001001010001100100111101110100100110000,True,True,True,True,2,0.023441076278686523,0.009032726287841797,0.014063835144042969,0.0003287792205810547
photo_2025-05-30_18-19-42 (2).jpg,1000000001010111111000000001110010011110101011010001110111101010111000111101110001101010101011111001011001110011001100010101001001100011100011010100011010001101100111000111000001101011000011101100101110000110100111100111000100110101000011100000011111100101,1000000001010111111000000001110010011110101011010001110111101010111000111101110001101010101011111001011001110011001100010101001001100011100011010100011010001101100111000111000001101011000011101100101110000110100111100111000100110101000011100000011111100101,True,True,True,True,0,0.021960973739624023,0.008386850357055664,0.013089418411254883,0.000469207763671875
photo_2025-05-30_18-20-44 (2).jpg,1010100100111111110100001011010110010110100001011100111001011000001011010011110111111000011110001000000111111010011010100110100100010011101010000111111010000110110001101111000101111100011001110101100011101011110011010001110100010010100100000011000000010110,1010100100111111110100001011010110010110100001011100110001011000001011010011110111111000011111001000000111111010011010100110100100010011101010000111111010000110110001101111000101111100011001110101100011101011110011010001110100010010100100000011000000010110,True,True,True,True,2,0.022532224655151367,0.008725881576538086,0.013471126556396484,0.0003197193145751953
photo_2025-05-30_18-20-08.jpg,1100110101010101011011001110111000110001000010111111001100110110001101000100000011001110011100010001010011101111110010011001111000011001100010001110011001100100010010111000100110000100111110110111101110100010100001010110110001101011001010011011010011010011,1100110101010101011011001110111000110001000010111111001100110110001101000100000011001110011100010001010011101111110010011001111000011001100010001010011001100100010010111000100110000100111110110111101110100010100001010111110001101011001010011011010011010011,True,True,True,True,2,0.019559383392333984,0.006345987319946289,0.012770891189575195,0.00042629241943359375
photo_2025-05-30_18-20-09.jpg,1100111101001000110001110110110011000100010001101101100011001000011110001110100101011010110000011100000110111000010110101011100110100001101100101010010011001111001110100111101100100000101110100100110000011110000111001001100011100101110111100011010111001111,1100111101001000110001110110110011000100010001101101100011001000011110001110100101011010110000011100000110111000010110101011100110100001101100101010010011001111001110100111101100100000101110100100110000011110000111001001100011100101110111100011010111001111,True,True,True,True,0,0.02215409278869629,0.008504867553710938,0.013183116912841797,0.0004506111145019531
photo_2025-05-30_18-19-25.jpg,1110010000111101010000100101101000100101001111110001110011001010000111001110111100110011101100101000001101111100011111011011000100110011110110100001110011100100001100011100100000110011000100100110110101101100100101101001100011001111001001111100010001100110,1110010000111101010000100101101000100101001111110001110011001010000111001110111100110011101100101000001101111100011111011011000100110011110110100001110011100100001100011100100000110011000100100110110101101100100101101001100011001111001001111100010001100110,True,True,True,True,0,0.021443843841552734,0.007291316986083984,0.013643980026245117,0.0004935264587402344
photo_2025-05-30_18-19-41 (2).jpg,1010111101101101110001001001100111011110110011001010011011001100101110110001101000011001011010000000000010111111111110001011100110011000110100000001110010000010100100011111100011010011101110100001100110101010011010011001001110010001001010010110111110001011,1010111101101101110001001001100111011110110011001010011011001100101110110001101000011001011010000000000010111111111111001011100110011000110100000001110010000010100100011111100011010011101110100001100110101000011010011001001110010001011010010110111100001011,True,True,True,True,4,0.021941661834716797,0.007885932922363281,0.013673543930053711,0.00036716461181640625
photo_2025-05-30_18-20-41 (2).jpg,1000011000111111010000010001000100001100110000001001000110000001110110011000001111001010101111000111001011110001001011110001001110100101011101111101110011100000111101011000011101101111011001101101111010010100000010101110010100011011001011110110111101010100,1000011000111111010000010001000100001100110000001001000110000001110110011000001111001010101111000111001011110001001011110001001110100101011101111101110011100000111101011000011101101111011001101101111010010100000010101110010100011011001011110110111101010100,True,True,True,True,0,0.021606922149658203,0.007966756820678711,0.013300180435180664,0.0003249645233154297
photo_2025-05-30_18-17-25 (2).jpg,1110100001010110010100010000110110000111111100111101111110001010001110100100011001101011100101001100000001111111010010111011010110011100101100100000001101101010011101110100011000111001010110110110010000000111010000110111001010111001110001110010000010101110,1110100001010110010100010000110110000111111100111101111110001010001110100100011001101011100101001100000001111111010010111011010110011100101100100000001101101010011101110100011000111001010110110110010000000111010000110111001010111001110001110010000010101110,True,True,True,True,0,0.02159714698791504,0.0076525211334228516,0.013606071472167969,0.0003237724304199219
photo_2025-05-30_18-20-42.jpg,1000101010011100011100010101011101111101011010000001011110000011100001111000011110011000010110101000111100001111000110100110100100101010100001110011000011110011100000100101110011011110000110111100100110100011011101000111100011101001100011100111011001110001,1000101010011100011100010101011101111101011010000001011110000011100001111000011110011000010110101000111100001111000110100110100100101010100001110011000011110011100000100101110011011110000110111100100110100011011101000111100011101001100011100111011001110001,True,True,True,True,0,0.02019977569580078,0.006812572479248047,0.01306462287902832,0.00030803680419921875
photo_2025-05-30_18-18-04.jpg,1100011100110011001100111000110000111000000011111100110011110011001100011110000000011110000000111100011100011110111000111100110011001110001100011110001110001100001110001100111010001110001111001110000111000011110011000110011100111100000111010111000011110001,1100011100110011001100111000110000111000000011111100110011110011001100011110000000011110000000111100011100011110111000111100110011001110001100011110001110001100001110001100111010001110001111001110000111000011110011000110011100111100000111010111000011110001,True,True,True,True,0,0.01983809471130371,0.006649017333984375,0.012820959091186523,0.0003533363342285156
photo_2025-05-30_18-20-16.jpg,1001110000000011111010101100111000111100111100010111011101000111010000110000111010000001111100111010011000111111110010011001110110000011101101111010010010101100111000011000100110001010001101011001110001001000100000110101101000011011010101000101011011101101,1001110000000011111010101100111000111100111100010111011101000111010000110000111010000001111100111010011000111111110010011001110110000011101101111010010010101100111000011000100110001010001101011001110001001000100000110101101000011011010101000101011011101101,True,True,True,True,0,0.02279829978942871,0.008784294128417969,0.013546943664550781,0.00045108795166015625
photo_2025-05-30_18-21-19 (2).jpg,1010111111101110101001010101011100001100101100010001111111000111100100001000001011010001101001011100000101100101011000100001100011011011100110010111001110110010111111100000101000111101010001011110111110000001110001101001100010010000010101110100111011100001,1010111111101110101001010101011100001100001100010001111111000111100100001000001011010001101001011100000101100101011000100001100011011011100110010111001110110010111111100000111000111101010001011110111110000001110001101001100010010000010101110100111011100001,True,True,True,True,2,0.02374410629272461,0.009258747100830078,0.013846397399902344,0.0006239414215087891
photo_2025-05-30_18-20-21 (2).jpg,1100011000100111111101100110000000010001100110110001110010011001100010110011010111110100011000100111101111010011000011100000110010100001001010100101001111010011111011111101011100001000001011011001011100100010011110110101111110000100110101011100100100101010,1100011000100111111101100110000000010001100110110001110010011001100010110011010111110100011000100111101111010011000011000000110010100001001010100101001111010011111011111101011100001000001011011001011110100010011110110101111110000100110101011100100100101010,True,True,True,True,2,0.022333145141601562,0.0078125,0.013918876647949219,0.0005857944488525391
photo_2025-05-30_18-17-29 (2).jpg,1110001100011000100111001110001111001000001100101010010011001110011101111100111010101011001110010101010100110001101100110010011100000100110001001000110010011000110010010101110001011111111111010110011000110011001000010101011010101000001100111101111010011001,1110001100011000100111001110001111001000001100101010010011001110011101111100111010101011001110010101010100110001111100110010011100000100110001001000110010001000110010010101110001011111111111010110011000110011001000010101011010101000001100111101111010011001,True,True,True,True,2,0.019632577896118164,0.006383657455444336,0.012819290161132812,0.00041413307189941406
photo_2025-05-30_18-18-20.jpg,1101110111010100000110011100110000010001011001101110001101111111000010100011011100100101110100101101011000101001011011000100110110001110111000100011011010011011111000010111110111000100101001010001101100000010011100011000110010000000011110011101111111000101,1101110111010100000110011100110000010001011001101110001101111111000010100011011100100101110100101101011000101001011011000100110110001110111000100011011010011011111000010111110111000100101001010001101100000010011100011000110010000000011110011101111111000101,True,True,True,True,0,0.02277851104736328,0.008760929107666016,0.013523578643798828,0.0004782676696777344
photo_2025-05-30_18-19-40.jpg,1001110000000000101001010001000100110010001011100111100001111111011000101111111111101101100011111110000011100100000011111100000001011110001001000101000001111000110111011001110110100000000111100010001111101100011001011110011111001101110010011010100111110000,1001110000000000101001010001000100110010001011100111100001111111011000101111111111101101100111111110000011100100000011111100000001011110001000000101000001111000110111011001110110100000000111100010001111101100011001011110011111001101110010011010100111110000,True,True,True,True,2,0.023432254791259766,0.008905410766601562,0.014123678207397461,0.00038695335388183594
photo_2025-05-30_18-17-28 (2).jpg,1000101000101100101000110001110010101011010011000111000010011010011100001101101011000010101010000111010011010001100111010111110101101101010101100011110101001100110000100010001011101100110000100011001111110111110111010101000011011100010101010011101110101010,1000101000101100101000110001110010101011010011000111000010011010011101001101101011000010101010000111010011010001100111010111110101101101010101100011110101000100110000100010001011101100110000100011001111110111110111010101000011011100010101010011101110101010,True,True,True,True,2,0.021135807037353516,0.007331371307373047,0.013297796249389648,0.0004911422729492188
photo_2025-05-30_18-19-08.jpg,1100000110001001110110001100011011101011010101100001011111100110110110001011001110100110110100000001101100110110110101101100000100101000110001001101000101111110011001101001111100011001110000110110001100100011100001011111111010110001101011000101000001010110,1100000110001001110110001100011011101011010101100001011111100110110110001011001110100110110100000001101100110110110101101100000100101000110001001101000101111110011001101001111100011001110000110110001100100011100001011111111010110001101011000101000001010110,True,True,True,True,0,0.022209644317626953,0.008053779602050781,0.013749361038208008,0.0003898143768310547
photo_2025-05-30_18-19-11.jpg,1111110010110000110010110100111100010000111011000010111110111100000001100001010110011000110110111100100111111000010010010000111000111010100101001110010000111101011001110110001100111000010001100100110010010110100011111011110101110001011010010110111010010000,1111110010110000110010100100111100010000111011000010111110111100000001100001010110011000110110111100100111111001010010011000111000111010100101001110010000111101011001110110001100111000010001100100110010010110100010111011110101110001011010010110111010010000,True,True,True,True,4,0.02207350730895996,0.007868289947509766,0.013643503189086914,0.000545501708984375
photo_2025-05-30_18-19-49 (2).jpg,1101110111000010010111111000111001100010100001100011011101011111110110000011100001011011111001101010000010100100011001101101001111000010010110100011110100101101010000011010100110001100100100101001110001100100110110101100100100100111010001111111100010111000,1101110111000010010111111000111001100010100001100011011101011111110110000011100001011011111001101010000010100100011001101101001111000010010110100011110100101101010000011010100110001100100100101001110001100100110110101100100100100111010001111111100010111000,True,True,True,True,0,0.024008512496948242,0.009308576583862305,0.014062166213989258,0.0006222724914550781
photo_2025-05-30_18-20-20.jpg,1011010110110100110000111110100100001111011001111111001011000010010110000000110110011101010001001100100000100000110011011111110100100101110111110110000010100010000111101100000010001010100010001111010101011110001000100010111110001011111111011101011110001010,1011010110110100110000111110100100001111011001111111001011000010011110000000010110011101010001001100100000100000110011011111110100100101110111110110000010100010000111101100000010001010100010001111010101011110001000100010111110001011111111011101011110001010,True,True,True,True,2,0.0211946964263916,0.007408618927001953,0.013323068618774414,0.00044727325439453125
photo_2025-05-30_18-18-37.jpg,1011011001101011111010011010111011000111001101110101100001100010001000011010100110010110010110001001000101001110101000101001010010101010011110101010101100100101001000010011110011001000110010111010100111010101101001010110101010000100101101111111011011001010,1011011001101011111010011010111011000111001101110101100001100010001000011010100110010110010110001001000101001110101000101001010010101010011110101010101100100101001000010011110011001000110010111010100111010101101001010110101010000100101101111111011011001010,True,True,True,True,0,0.02133035659790039,0.007685422897338867,0.013229846954345703,0.0003998279571533203
photo_2025-05-30_18-18-36.jpg,1000010010000101100000111111001001101011111100010111000000101100011100000111011010101100000111001001111000011011010010111000011101110011111000111010010001110100100111100101100001101011100000010111100001111110101001011010111101010111010000001110110110000110,1000010010000101100000111111001001101011111100010111000000101100011100000111011010101100000111001001111000011011010010111000011101110011111000111010010001110100100111100101100001101011100000010111100001111110101001011010111001010111010000001110110111000110,True,True,True,True,2,0.021144866943359375,0.00777435302734375,0.012951135635375977,0.00040411949157714844
photo_2025-05-30_18-18-17.jpg,1000010110101100100010100100011111110001000010000111110001100101001111100111001100111011111110001001010111001111100110101111011100100101001100000110000010000000011100111100000000111011001111110101111100011101100101001010111101100010010100110110000110101000,1000010110101100100010100100011111110001000010000111110001100101001111100111001100111011111110001001010111001111100110101111011100100101001100000110000010000000011100111100000000111011001111110101111100011101100101001010111101100010010100110110000110101000,True,True,True,True,0,0.02111649513244629,0.0077457427978515625,0.012896537780761719,0.0004589557647705078
photo_2025-05-30_18-20-28 (2).jpg,1111101100001101000111011001111011111101110100101000001001101001000111001001100100011000110101101011000101101100010110010000100110011101100100111000010010011100010001100110011011111110011100101001100110010001110000011000110100010111011111011010000110110010,1111101100001101000111011001111011111101110100101000001001101001000111001001100100011000110101101011000101101100010110010000100110011101100100101000110010011100010001101110011011111110011101101001100110010001110000011000110100010111011111011010000110110010,True,True,False,True,4,0.022731304168701172,0.008675336837768555,0.013098955154418945,0.0009417533874511719
photo_2025-05-30_18-20-50 (2).jpg,1110010000101011110101100101100100010111010011001010001111010110000110001100101001001001101011111100110010110110000110110000100001110101001011011111101000110011100010011101100101100100111001110000101000001010000111101100110111100110111001101000101100011010,111001000010101111010110010110010001000110001100101001001001101011111100110010110110000110110000100001110101001011011111101000110011100010011101100101100100111001110000101000001010000111101100110111100110111001101000101100011010,False,True,True,True,91,0.024544477462768555,0.009064197540283203,0.014586925506591797,0.0008778572082519531
photo_2025-05-30_18-20-47 (2).jpg,1000010100001100100000010101100000000111111100010000111101100111011111101010010001111010100110000101101010011001110111100010111101000101001000100011111010110011101110001110110010100001100011011000001011011010111011001101111110101101110001111010000010010001,1000010100001100100000010101100000000111111100010000111101100111011111101010010001111010100110000101101010011001110111100010111101000101001000100011111010110011101110001110110010100001100011011000001011011010111011001101111110101101110001111010000010010001,True,True,True,True,0,0.0224301815032959,0.008644819259643555,0.01322317123413086,0.0005462169647216797
photo_2025-05-30_18-20-48.jpg,1100011100000110000111000110001100011100111100000010010011111001001100111110011101001110101011111111000011011011101101110010011011101011011100011110001100110001111111001110001110110001110100110000000110010110001100001100011001000001001100011000100010110010,1100011100000110000111000110001100011100111100000010010011111001001100111110011101001110001011111111000011010010101101110110011011101011011100011110001100110001111110001110001110110001110100110000000110010110001100001100011001001001001100011000100010110010,True,False,True,True,6,0.02236628532409668,0.00805044174194336,0.013672113418579102,0.0006279945373535156
photo_2025-05-30_18-19-06.jpg,1101111101010000101010001111101000010011010001111011101100010000001011010111101101110110101000100100101000011001111011010111011011000010100110011110111011000100001000000110110011010101001101001011101000111111100010101000001111101101010010011000010111100000,1101111101010000101010001111101000010011010001111011101100010000001011010111101101110110101000100100101000011001111011010111011011000010100110011110111011000100100000000110110011010101001101001011101000111111100010101000001111101101010010011000010111100000,True,True,True,True,2,0.022252559661865234,0.008606433868408203,0.012995004653930664,0.0006356239318847656
photo_2025-05-30_18-18-23 (2).jpg,1001110001110011100001110101110011100110010001011011111000010101010011011101100010011000101010111000100100111101001100010101001101110011101110011100110001100010000111001100001011110011000000010010001101111100101110011011001110010010110010110100111001001100,1001110001110011100001110101100011100110010101011011111000010101010011011101100010011000101010111000100100111101001100010101001101110011101110011100110001100010000111001100001011110011001000010010001100111100101110011011001110010010110010110100111001001100,True,True,True,True,4,0.02156352996826172,0.008099079132080078,0.013068437576293945,0.0003809928894042969
photo_2025-05-30_18-19-50.jpg,1001110000110111101101011001010001000001111000011001001100001110001100111001100111101000100110111110011000100100101110100110000011001001100010011110010111011110110100001111100000100001101001101111001001101101100011011111001101100100100001110100110111001001,1001110000110111101101011001010001000001111000011001001100001110001100111001100111101000100110111110011000100100101110100110000011001001100010011110010110011110110100001111100000100001101001101111001001101101100011011111001101100100100101110100110111001001,True,True,True,True,2,0.024045467376708984,0.009560346603393555,0.014143705368041992,0.0003256797790527344
photo_2025-05-30_18-18-25 (2).jpg,1001001100011100100011000110001001001110011011011110000100010100001111001010001100011110110011011000111110010000111001111011101111010010110000000011100111101100010011001011001110010011010101100110100101101101011111001001010010010111010110100100001111100001,1001001100011100100011000110001001001110011011011110000100010100001111001010001100011110110011011000111110010000111001111011101111010010110000000011100111101100010011001011001110010011010101100110100101101101001111001001010010010111110110100100001111100001,True,True,True,True,2,0.0198514461517334,0.006871461868286133,0.012578010559082031,0.0003867149353027344
photo_2025-05-30_18-20-48 (2).jpg,1100001010000111100001111000011110100101011110101010001101001011101111101011110010100001000110011101100001010101110000100000011100011101100011101111000001010011100100100110100011010110000011001101110011111010011110111110010110100000010111011100100010100101,1100001010000111100001111000011110100101011110101010001101001011101111101011110010100001000110011101100001010101110000100001011100011101100011101101000001010011100100100110100011010110000011001101110011111010011110111110010110100000010111011100100010100101,True,True,True,True,2,0.020419597625732422,0.0069997310638427734,0.013092279434204102,0.0003132820129394531
photo_2025-05-30_18-19-51.jpg,1010101010101001100101000101011001010101011101000110101010101001001011001010100101010010100111101110011000001110110011001100110110011100011110010011001010100100101100110001011010011011000111010111010100100110111001000111011100001100110110010101110010011001,1010101010101001100101000101011001010101011101000110101010101001001011001010100101010010100111101110011000001110110011001100110110011100011110010011001010100100101100110001011010011011000111010110010100100110111001000111011100001100110110010101110011011001,True,True,True,True,2,0.02073383331298828,0.0074977874755859375,0.012906789779663086,0.0003139972686767578
photo_2025-05-30_18-20-40.jpg,1001100011100111101100111000111011000001101100010100111111111000000101000011000101101110001010010011110000110101000000100101100101011001101000111100001111001100110110001010011100100111010011011100100010110010001110110011010111000111100011001100100111110011,1001100011100111101100111000111011000001101100010100111111111000000101000011000100101110001010010011110000110101000000100101100101011001101000111100001111001100110110001010011100100111010011011100100010110010001110110011110111000111100011001100100111110011,True,True,True,True,2,0.02179718017578125,0.007803201675415039,0.013626813888549805,0.0003523826599121094
photo_2025-05-30_18-17-21 (2).jpg,1000001111001001110000001111111011110010111111001101101101001001001011000011011101110110101100000100100110100100001001001010011010010001011011000110101100100110001101100101111111010011010111011000010010000111111010001111101101101010001010001001001010010010,1000001111001001110000001111111011110010111111001101101101001001001011000011011101110110101100000100100110100100001001001010011010010001011011000110101100100110001101100101111111010011010111011000010010000111111010001111101101101010001010001001001010010010,True,True,True,True,0,0.02553868293762207,0.010721683502197266,0.014405965805053711,0.0003955364227294922
photo_2025-05-30_18-20-36 (2).jpg,1111111010001110011110000010111100100001011000011011010100011100100000001001110001100000100000100011111000101000100001110110100101110001111101010011001011111101100111110011101010101010011011010111010111010100101110001010010010100111110010111001101000110000,1111111010001110011110000010111100100001011000011011010100011100100000001001110001100000100000100011111001101000100011110100000101110001111101010011001011111101100111110011101010101010011011010111010111010100101110001010010010100111110010111001101000110000,True,False,True,True,4,0.021028995513916016,0.007382631301879883,0.013109683990478516,0.0005218982696533203
photo_2025-05-30_18-19-56.jpg,1010001100011101111111000111001001011100011001101010000011011111011111101000000010000011000010010010000011110010010111110000001110111000111100100000001011000110111100011000101111111110111101000000011110011011101010000111110001010110100100101001100101101101,1010001100011101111111000111001001011100011001101010000011011111011111101000000010000011000010010010000011110010010111110000001110111000111100100000001011100110111100011000101111111110111101000000011110011011101010000110110001010110100100101001100101101101,True,True,True,True,2,0.02100372314453125,0.007067680358886719,0.013550281524658203,0.0003707408905029297
photo_2025-05-30_18-21-15 (2).jpg,1001111101000100100001011001000011010001101000101001111000011101011111000000110100111000011111011011011010111101110110111111010001101110000110000010110111011000111100100111010100110010100100001101101011110101000100010100101111001000101100000011010001110001,1001111101010100100001011001000011010001101000101001111000011101011111000000110100111000011111011011011010111101110110111111010001101110000110000010110111011000111100100111010100110000100100001101101011110101000100010100101111001000101100000011010001110001,True,True,True,True,2,0.020643949508666992,0.007082939147949219,0.013228654861450195,0.0003170967102050781
photo_2025-05-30_18-19-51 (2).jpg,1001000101001101111011001001111000111010110000101001010100010001011001100010110011001010100010101111011001000100111111110000000111111101110010010100111001111101001011110001101000110110000001110100101001101010001011010100110011010011001101000101101110110010,1001000101011101111011001001111000111010110000101001010100010001011001100010110011000010100010101111011001000100111111110000000111111101110010010100111001111101001011110001101100110110000001110100101001101010001011010100110011010011001101000101101110010010,True,True,True,True,4,0.022238492965698242,0.008569717407226562,0.01305532455444336,0.0005979537963867188
photo_2025-05-30_18-21-00.jpg,1101010001001111111010000101011011001100001011100000100001110111000110011010010100011010011101110111110101111111111101110111111110000111010100100010110010110010011110100011001011111101001010001001101001000000000101110000100001101001100101000011010000100100,1101010001001111111010100101011011001100001011100000100001110111000110011010010100011010011101110111110101101111111101110111111110000111010100100010110010110010011110100011001011111101001010001001101001000000000101110000100001101001100101000011010000100100,True,True,True,True,2,0.021790027618408203,0.00823831558227539,0.013010740280151367,0.0005247592926025391
photo_2025-05-30_18-19-04.jpg,1001001100110000101101010011010011011100010010010100101011000001001011111011110011110011111110100010110100001110001010000100100111010011011110010010110010100001011011001000011111011010000000110010010011111101011001111001110011001001110010111000111101001001,1001001100110000101101010011010011011100010010010100101011000001001011111011110011110011111110100010110100001110001010000100100111010011011110010010110010100001011011001000011111011010000000110010010011111101011001111001110011001001110010111000111101001001,True,True,True,True,0,0.02055048942565918,0.007203817367553711,0.012956619262695312,0.0003750324249267578
photo_2025-05-30_18-18-38.jpg,1101110111100000010011101110110110100010001011001001101100101010011110010001001111000000111111001001011001100100111100010001011100000011111100101101111110000111111100000000000100110111110100101001010101000010100110010111111010110101001010110100000100011011,1101110111100000010011101110110110100010001011001001101100101010011110010001001111000000111111001001011001100100111100010001011100000011111100101101111110000111111100000000000100110111110100101001010101000010100110010111111010110101001010110100000100011011,True,True,True,True,0,0.02107715606689453,0.007818460464477539,0.012892007827758789,0.00035190582275390625
photo_2025-05-30_18-21-16 (2).jpg,1100100100101111001101010100101000100100010010010010110111010100010101010101111110110111011000010100100010101101001101101010101010010101001000000110101001011111100101010101110111111111011000000000101101011101110101001000010101101011101100000000010011101111,1100100100101111001101010100101000100100010010010010110111010100010101010101111110110111011000010100100010101101001101101010101010010101001000000110101001011111100101010101110111111111011000000000101101011101110101001000010101101011101100000000010011101111,True,True,True,True,0,0.020665884017944336,0.007409572601318359,0.012924909591674805,0.00031638145446777344
photo_2025-05-30_18-21-14 (2).jpg,1101010110101001011000011110010001100100111101011110101110101101110001010101001000011101111101001000101001001011010100000111000011101011100001011000100011011111010011110101010011000010001010100001111101100000011101111001111110001010101010101000011100010010,1101010110101001011000011110000001100100111101011110101110101101110001010101001000011101111101001000101001001011010100000111000011101011100001011000100011011111010011110101010011000010001010100001111101100001011101111001111110001010101010101000011100010010,True,True,True,True,2,0.02043294906616211,0.007032632827758789,0.013075828552246094,0.0003094673156738281
photo_2025-05-30_18-20-46.jpg,1101100011000110001001110011001101010011001110000010011001100100001100010011000110111000110001110010011000100110111010011001100101110010011101111111110011100111111100000110110001111001000110001110000010010001111011000110001100100100111000111111001111001100,1101100011000110001001110011001101010011001110000010011001100100001100010011000110111000110001110010011000100110111010011001100101110010011101111111110011100111111100000110110001111001000110001110000010010001111011000110001100100100111000111111001111001100,True,True,True,True,0,0.021112442016601562,0.007325887680053711,0.01322484016418457,0.0005466938018798828
photo_2025-05-30_18-18-02.jpg,1011011100000000000100101110110011110101100110010111110101100001110011100110011001100101110100010010110110001100100110011000011011011110011011000110000110011001010010011100011011001011011100101001011001111000001100011001011100111000111001101101011101100000,1011011100000000000100101110110011110101100110010111110101100001110011100110011001100101110100010010110110001100100110011000011011011110011011000110000110011001010010011100011011001011011100101001011001111000001100011001011100111000111001101101011101100000,True,True,True,True,0,0.02083730697631836,0.007519721984863281,0.012984991073608398,0.0003180503845214844
photo_2025-05-30_18-20-28.jpg,1101110110101001101011001010110011110011010101100111001101011011001111101100100000011100101001010100000100110011011010110110001010011000000011001100111110011001000010111111001110110000010000110000011001001000110011110010110011111011110100100100000110011101,1101110110101001101011001010110011110011010101100111001101011011001111101100100000011100101001010100000100110011011010110110001010011000000011001100111110011001000010111111001110110000011000110000011001001000110011110010110011111011100100100100000110011101,True,True,True,True,2,0.021519184112548828,0.008018732070922852,0.013165473937988281,0.00031948089599609375
photo_2025-05-30_18-18-59.jpg,1100011100011000011111000100111100111001111000111100011000111100001110001000011110000011101100001110011001110111000110001101000011111001110011110010001100000111110011001111000000110001100011001111111000000111110000011111100000011110000110010111000111100001,1100011100011000011111000100111100111001111000111100011000111100001110001000011110000011101100011110011001110111000110001101000011111001110011110010001100000111110011001111000000110001100011000111111000000111110000011111100000011110000110010111000111100001,True,True,True,True,2,0.02013087272644043,0.006873130798339844,0.01293182373046875,0.0003108978271484375
photo_2025-05-30_18-19-02.jpg,1000111101100100111100101101111100010100110110101010111100100100010100011111111100001001111100010101101100000000100111001110111110000010000110011011011111100110111110010011010100110101001010000100101101000101100010011100001100000010000110011111001101100100,1000111101100100111100101101111100010100110110101010111100100100010100011111111100001001011100010101101100000000100111001110111110000010000110011011011111100110111110010011010100110101001010000100101101000101100010011100001100000110000110011111001101100100,True,True,True,True,2,0.019950151443481445,0.006848335266113281,0.012770891189575195,0.0003159046173095703
photo_2025-05-30_18-20-52.jpg,1101000000011010010110101001011110101001010100100100000000000000111110111100000100001001001111100001011000110100110010000011001000010101101111110110100111011111110001100001001010100011111111000000110011110011011100111010111100101111110110011001011001111011,1101100000011010010110101001011110101001010000100100000000000000111110111100000100001001001111100001011000110100110010000011001000010101101111110110100111011111110001100001001010100011111111000000110011110011011100111010111100101111110110011001011001111011,True,True,True,True,2,0.02066183090209961,0.007104396820068359,0.013165712356567383,0.0003764629364013672
photo_2025-05-30_18-18-43 (2).jpg,1011010001111110100000111110011011111111100000010101100010011011000111010011001100000111101000010000011100011110111110000111110010100111110010110111101001000100111101010010001101001010110101001011001110101010000010000101110011000000101010111010110000010101,10110100011111101000001111100110111111111000000101011000100110110001110100110011000001111010000100001111000111101111100000111101000011010100101110010110111100001000100111101010011000001000010110101001011001110101010000010000101110011000000101010111010110000010101,True,False,False,True,66,0.01945662498474121,0.006472110748291016,0.012300491333007812,0.000667572021484375
photo_2025-05-30_18-19-28.jpg,1100110010010001101001000001000000011011001100100111101101001110110101100100110011000101011001110010000111101111001110100111011011001010100000100100010010001001001101010111111111111101010101101100101011010000000010101010010000110110101011011111010101101011,1100110010010001101001000001000000011011001100100111101101001110110101100100110011000101011001010010000111101111001110100111011011001010100000100100010010001001001101010111111111111101010101101100101011010000000010101010010000110110101011111111010101101011,True,True,True,True,2,0.021689653396606445,0.007969379425048828,0.013247966766357422,0.0004565715789794922
photo_2025-05-30_18-19-59.jpg,1100101100111000110011010011000111001111001110000011000110000010001110001101001101101110001010111100101100101100100111001111010100100110100110110110001000001010001110010110010010010111100011011101101010011011001011010111001011100101001011011101000010001101,110010110011100011001101001100011100111100111000001100011000001000111000110100110110111000001011110010110010110010011100111101010010011010011011011000100000101000111101101010011011001011010111001011100111001011011101000010001101,True,True,False,True,35,0.020467042922973633,0.006868124008178711,0.012862205505371094,0.0007216930389404297
photo_2025-05-30_18-21-04 (2).jpg,1100101100010001010000100111000110000101101111111001001001010101011100100101011101100001001110101100001101100110010001101010100101100110000001000001010011110101100011001111001101100111110011100011001111010111110110010010100101100110011110100001011100110011,1100101100010001010000100111000110000101101111111001001001010101011100100101011101100001001110101100001101100110010001101010100101100110000001000001010011110101100011001111001101100111110011100011001111010111110110010010100111100110011110100001010100110011,True,True,True,True,2,0.02098393440246582,0.007419109344482422,0.012952566146850586,0.0005970001220703125
photo_2025-05-30_18-21-00 (2).jpg,1100110011101010110111010110111111000011101000110110010010100001001101000011001000111011000111100010101011101111000001101110000010010101110001110111010110010110111110001001010111011000011111011100001000001100000110011101111000011000010110110100011100010000,1100110011101010110111010110111111000011101000110110010010100001001101000011001000111011000111100010101011101111000001101110000010010101110001110111010110010110111110001001010111011000011111011100000000001100000110011101111100011010010110111100011110010000,True,True,True,False,5,0.021230697631835938,0.00753474235534668,0.012971162796020508,0.00070953369140625
photo_2025-05-30_18-20-00.jpg,1100000000010000110100000101101000111111101011000011011101011110011000100100111111001001100100000001101110110111001110000111111011000100101001111111111100000001001111011100001110001011011111111110000001000011000001111000100000111100111100001000000111110111,1100000000010000110100000101101000111111101011000011011101011110011000100100111111001001100100000001101110110111001110000111111011000100101001111111111100000011001111001000001110001011111111111110000001000011000001111000100000111100111100001000000111110111,True,True,False,True,4,0.021378278732299805,0.007651329040527344,0.01297450065612793,0.0007374286651611328
photo_2025-05-30_18-18-19 (3).jpg,1001010110100101110010110100101001101011010100100101101011010111010100100011011101101010100111100011001011001010001001110011001001110000010010011000110001010010111110011110011011001100101000110011001110001001011101110001110010001100110101011001101100110001,100101011010010111001011010010100110010100100011011101101010100111100011001011001010001001110011001001110000010010011000110001010010111110011110011011001100101000110011001110001001011101110001110010001100110101011001101100110001,False,True,True,True,113,0.02085423469543457,0.006772756576538086,0.013283252716064453,0.0007832050323486328
photo_2025-05-30_18-21-16.jpg,1001111101011011001110011101001100100100001110101000011110000100111001101111000010011010010111101001010011111011100110010101110110000010100100110111100100010001110011100110101011001010010100000000110111100111011000110101101010011000100011011100111000100001,1001111101011011001110011101001100100100001110101000011110000100111001101111000010011010010111101001010011111011100110010101110110000010100100110111100100010001110011100110101011001010010100000000110111100111011000110101101010011000100011011100111000100001,True,True,True,True,0,0.020514488220214844,0.0069887638092041016,0.013200521469116211,0.00030994415283203125
photo_2025-05-30_18-18-18 (2).jpg,1100001111000000110101110111101000111100100001000110110000101001001110010010111111011011010010101000011111010010001011010101000000101111010101000000001110011101100000001111110000011110101101110010110110011101111100010010001110000001010011110111110111011000,1100001111000000110101110111101000111100100001000110110000101001001110010010111111011011010010101000011111010010001011010101000000101111010101000000001110011101100000001111110000011110101101110010110110011101111100010010001110000001010011110111110111011000,True,True,True,True,0,0.021680593490600586,0.007850885391235352,0.013181209564208984,0.0006334781646728516
photo_2025-05-30_18-19-22 (2).jpg,1011100110001110100011011000101100101111101010011010011010001011000111000001001001100010111000101111001101100111001011000110010001001100001011110110111101111011101110100001110110010000010100100110010100001101110110100000011001101001111000110001010110101110,1011100110001110100011011000101100101111101010011010011010001011000111000001001001100010111000101111001101100111001011000110010001001100001011110110111101111011101110100001110110010000010100100110010100001101110110100000011001101001111000110001010110101110,True,True,True,True,0,0.022665739059448242,0.00845479965209961,0.013730049133300781,0.00046539306640625
photo_2025-05-30_18-17-26 (3).jpg,1000100111011001101110001101100011000011011111101001110011100100111001011110010110000110001111111000110111100110101101101000111001100110000011001001100100100111000111001100111000000111001010010010011000010000110110010001101011001011100011000111111001001100,100010011101100110111000110110001100001101111110100111001110010011100101111001011000011000111111100011011110011010110110100001100110011000001100100110010010011100011100110011100000011101101001001001100001000011011001000110101100,True,True,True,False,2,0.021564245223999023,0.00790095329284668,0.012935161590576172,0.0007143020629882812
photo_2025-05-30_18-19-55.jpg,1001001000100100010100010011111101011111110110000011101101000110011011000001000011100000111011111110001011001110100101011000111011111010001011011001011001011100110011111101101001001000001100111101010000100000111000000111010110011011000111101110001001100100,1001001000100100010100010011111101011111110110000011101101000110011011000001000011100000111011111110001011001110100101011000111011111010001011011001011001011100110011111101101001001000001100111101010000100000111000000111010110011011000111101110001001100100,True,True,True,True,0,0.020399093627929688,0.007127523422241211,0.01289820671081543,0.00035858154296875
photo_2025-05-30_18-20-16 (2).jpg,1011010101011001100001110100100101001000101001100011100010101101001101000101110111000111100100111100011110100010100100100110001010111011010001010010111100100111101001011000101000101100100111010110110010110101100110100101001000111011000101101100011110110011,1011010101011001100001110100100101001000101001100011100010101101001101000101110111000111100100111100011110100010100100100110101010111011010001010010111100100111101001011000101000101100100111010110110010110101100110000101001000111011000101101100011110110011,True,True,True,True,2,0.02007436752319336,0.0069429874420166016,0.01280355453491211,0.00031256675720214844
photo_2025-05-30_18-18-28.jpg,1000000111001000001110010110101010011111001000011000001010001001011000100111111010100101001100010101001000110111000011111101011111000000001111001011101001101101010011111101100010011010001011110110011111001001111100000111100000001111111000001101010111010110,1000000111001000001110010110101010011111001000011000001010001001011000100111111010100101001100010101001000100111000011111101011111000000001111001011101001101101010011111101100110011010001011110110011111001001111100000111100000001111111000001101010111010110,True,True,True,True,2,0.02055072784423828,0.007342100143432617,0.012886285781860352,0.0003070831298828125
photo_2025-05-30_18-21-15.jpg,1001101010011110101000010110000111100001011000101110010010010101110111101101101111011010010111101001100001101011100110110010000110111001100001010110010110010010011101110011001000100110110010110100000100000100011001101010011111110100110111001001101001010010,10011010100111101010000101100001111000010110001011100100100101011101111011011011110110000101111010011000011010111001101100100001000001110111001100001010110010110010010011101110011001000100110110010110100000100000100011001101010011111110100110111001001101001010010,True,False,True,True,72,0.0209963321685791,0.007221698760986328,0.01321721076965332,0.00054168701171875
photo_2025-05-30_18-19-10 (2).jpg,1100011101000011110000111000110100011000100111001010100000000001101100001110001101100000011110011110100001010010011111100011001011011110010001101111000011000000011011000111100011011000001111111100001110001111101101111001101111000001111011101100101011010011,1100011101000011110000111000110100011000100111001010100000000001101100001110001101100000011110011110100001010010011111100011001011011110010001101111000011000000011011000111100011011000001111111100001110001111101101111001101111000001111011101100101011010011,True,True,True,True,0,0.02408599853515625,0.01005244255065918,0.013610363006591797,0.0004076957702636719
photo_2025-05-30_18-18-10 (2).jpg,1000001010100101110000101010010010000110101110001111010101101000011110010110011010111110101101111110011100011001110100000111001101000100111001100010111101001000010110000011101000100000101001111001011011001011010011110111101011110001101001001000110011001011,1000001010100101110000101010010010000110101110001111010101101000011110010110011010111110101101111110011100011001110100000111001101000100111001100010111101001000010110000011101000100000101001111001011011001011010011110111101011110001101001001000110011001011,True,True,True,True,0,0.0203402042388916,0.0069849491119384766,0.012894153594970703,0.00044608116149902344
photo_2025-05-30_18-20-15.jpg,1110010100000000100101001111111101011010011010000100001011011111101100000110000110111111000011011001000101000000001101010110101010101111010111011011000010100001001010111011111111111101010100001011011011111000101001111001011101000000011110100010001100000110,1110010100000000100101001111111101011010011010000100001011011111101100000110000110111111000011011001000101000000001101010110101010101111010111011011000010100001001010111011111111111101010100001011011011111000101001111001011101000000011110100010001100000110,True,True,True,True,0,0.0224459171295166,0.008318662643432617,0.01356959342956543,0.0005409717559814453
photo_2025-05-30_18-21-03.jpg,1110111010101111101110000101011010111101110100001100011111100011101001000101000101101111000100011011000110111111001110000000110011010011111010001001100100100011100100111001000110000111100110011101001110000001011110101000000010110011000001101110001100011100,1110111010101111101110000101011010111101110100001100011111100011101001000101000101101111000100011011000110111111000110000000110011010011111010001001100100100011100100111001000110000111100110011101001110000001011110101100000010110011000001101110001100011100,True,True,True,True,2,0.027715206146240234,0.012420654296875,0.014943122863769531,0.0003349781036376953
photo_2025-05-30_18-20-51.jpg,1100111111000000000100011111111011111101001000111001111000001010100101000001111000111000001000010111010100011111110010110101001001010100001011000010100101011010110110101011000010100101010010100101011011111101101110010101100011001000111101011010011101100001,1100111111000000000100011111111011111101001000111001111000001010100101000001111000111000001000010111010100011111110010110101001001010100001011000010100101011010110110101011000010100101010010100101011011111101101110010101100011001000111101011010011101100001,True,True,True,True,0,0.020731687545776367,0.007169961929321289,0.013167142868041992,0.00037932395935058594
photo_2025-05-30_18-21-05 (2).jpg,1101011110011111101101111001001111010100001100001101010000001000000001100111111101111100100001011011001100111011100101111010001000001001001010010001100011110010011111011110011011100110011000100000010000100110010000100111111011110010000111011110000011010011,1101011110011111101101111001001111010100001100001101010000001000000001100111111101111100100001011011001100111011100101111010001000001001001010010001100011110010011111011110011011100110011000100000010000100110010000100111111011110010000111011110000011010011,True,True,True,True,0,0.02313399314880371,0.008744001388549805,0.013979673385620117,0.00039458274841308594
photo_2025-05-30_18-19-09.jpg,1001001111101010001111010111110001100000100010000000001000101100001101110011111111010100001111000010100011111111101101010111111111000111100001010110010111001110001110100011100101011100100010010000000000100011110011110111001001101110110001011001000100000111,1001001111101010001111010111110001100000100010000000001000101100001101110011111111010100001111000010100011111111101101010111111111000111100001010110010111001110001110100011100101011100100010010000000000100011110011110111001001101110110001011001000100000111,True,True,True,True,0,0.020689010620117188,0.00735926628112793,0.013003110885620117,0.0003116130828857422
photo_2025-05-30_18-18-22.jpg,1111110000110011101100111000111100011010110011110110101101100000000110011001001110001101100010010100001111010101100100001111000111110111000011000001100011100011110010100011110111101101000010100001011011110010010011011010110011001110010000100001001111011000,1111110000110011101100111000111100011010110011110110101101100000000110011001001110001101100010010100001111010101100100001111000111110111000011000001100011100011110010100011110111101101000010100001011011110010010011011010110011001110010000100001001111011000,True,True,True,True,0,0.02201390266418457,0.007920265197753906,0.01362156867980957,0.0004565715789794922
photo_2025-05-30_18-21-19.jpg,1000000000000000110000000000000110010111101111010011011011010010110111100101001001000001011000111010110110101101011111100011011101100011001101011011100110101001000101101101101110101011100111100100101101110010100001100110001111101100010011111100001011010011,1000000000000000110000000000000110010111101111010011011011010010110111100101001001000001011000111010110110101101011111100011011111110011001101110011100010111001000101101101101110101011100111100100101101110010100001000110001111101100010011111100001011010011,True,True,False,True,7,0.0214691162109375,0.007477521896362305,0.013355016708374023,0.0006198883056640625
photo_2025-05-30_18-18-29 (2).jpg,1100010000000001000100001100100100010011111111110110101010010111100110001110011111010001000100111100010001001101110000011011100011000100011010001100010000101100011010001100001111001000110001110101011110110110011011010111110101101111100011110111100101100111,1100010000000001000100001100100100010011111111110110101010010111100110001110011111010001000100111100000001001101110000011011100011000100011010001100010000101100011010001100001111001001110001110101011110110110011011010111110101101111100011110111100101100111,True,True,True,True,2,0.02203536033630371,0.008493900299072266,0.013144731521606445,0.00038051605224609375
photo_2025-05-30_18-18-24 (2).jpg,1001100110011000111001100110110011001100100110011110110110010010011001100110110011011001001100101110001001100110011001110111101110011001101001110010011001001100000011001101001110011101100100100001001100011100101100110001100111001100100110110110110010010010,1001100110011000111001100110110011001100100110011110110110010010011001100110110011011001001100101110001001100110011001110111101110011001101001110010011001001100000011001101001110011101100100100001001100011100101100110001100111001100100110110110110010010010,True,True,True,True,0,0.01887059211730957,0.0060634613037109375,0.012349128723144531,0.0004429817199707031
photo_2025-05-30_18-17-27.jpg,1011111111100010101000011101001111000011010010110001111000101101001111000110111101100000110010011001001001111000100111100011000010100111011010010100000110101110111000101101001100011101100100100100111000101110111100000110010101000001111010111100001010001101,1011111111100010101000011101001111000011010010110001111000101101001111000110111101100000111010011001001001111000100111100011000010100111011010010100000110101110110000101101001100011101100100100100111000101110111100000110010101000001111010111100001010001101,True,True,True,True,2,0.020961761474609375,0.007532596588134766,0.012918710708618164,0.0004954338073730469
photo_2025-05-30_18-20-54.jpg,1000100011000000000110001100000010111000110011111011000110001101001001111000110111000011000110101101010100011001101101000011100100100000111100111100101010101111010110100011111100110100001110001110010101110101110010111110110100011010101010100111001010111110,1000100011100000000110001100000010111000110001111011000110001101001001111000110111000011000110101101010100011001101101000011100100100000111100111100101010101111010110100011111100110100001110001110010101110101110010111110110100011010101010100111001010111110,True,True,True,True,2,0.020603656768798828,0.007328987121582031,0.012952089309692383,0.0003077983856201172
photo_2025-05-30_18-20-15 (2).jpg,1000110001111100010001110110000011110100011000111110010111001110110101100100000000000011001111011010110011110000001100111100001110010101100111111001011101111000001101110100000111100100100101111011001111000000110010001101111010010111001100100011001001110001,1000110001111100010001110110000011110100011000111110010111001110110101100100000000000011001111011010110011110000001100111100001110010101100111111001011101111000001101110100000111100100100101111011001111000000110010001101111010010111001100100011001001110001,True,True,True,True,0,0.020115137100219727,0.006814479827880859,0.012912273406982422,0.00037384033203125
photo_2025-05-30_18-19-39.jpg,1011100100100111100011000000011011001001011110110100101001110111100101100100101010000110110001000000011010110000001101101100000110110110110001010111101101101101100110110010011101100101100100110011011001001001010110110111000010010110010011011001101100101111,1011100100100111100011000000011011001001011110110100101001110111100101100100101010000110110001000000011010110000001101101100000110110110110001010111101101101101100110110010011101100101100100110011011001001001010110110111000010010110010011011001101100101111,True,True,True,True,0,0.020290136337280273,0.007033109664916992,0.012926578521728516,0.0003154277801513672
photo_2025-05-30_18-19-28 (2).jpg,1001001001100100000011001011101101110001001110011111111100000011010010011110111010110011010011000100100011001011001101110011011000100001111111001001100001001011011111101110011010001000100011000010101000110011111100111100011000101110001100010100001111001101,1001001001100100000011001011101101110001001110011111111100000011010010011110111010110011010011000100100011001011001101110011011010100001111110001001100001001011011111101110011010001000100011000010101000110011111100111100011000101110001100010100001111001101,True,True,True,True,2,0.019887447357177734,0.006733417510986328,0.012826681137084961,0.00031280517578125
photo_2025-05-30_18-18-35 (2).jpg,1001100111011000100111100101111100011110001000011101011100001011100001101001111010100111100000110011000111001001011000001010010110011111001001101110011110100101011010100100100100000100101001010100100110000011111001010000111010010111001111101101001111001011,1001100111011000100111100101101100011110001000011101011100001011100001101001111010100111100000110011000111001001011000001010011110011111001001101110011110100101001010110100100100000100101001010100100110000011111001010000111010010111001111101101001111001011,True,True,True,True,4,0.021304845809936523,0.008051872253417969,0.01292109489440918,0.0003170967102050781
photo_2025-05-30_18-20-27.jpg,1111111110110100111110101101100101110010000001001011010001010100010010110111110111011001010110011100101110100100100001001010110010100101101101000100100010101000100000100111001011001001010100101100001001010101011001011101000110010010101101111010111100110101,1111111110110100111110101101100101110010000001001011010001010100010010110111110111011001010110011100101110100100100001001010110010100101101101000100100010101000100000100111001011001001010100101100001001010101011001011101000110010010101101111010111100110101,True,True,True,True,0,0.020407676696777344,0.006952762603759766,0.013128995895385742,0.0003113746643066406
photo_2025-05-30_18-21-20.jpg,1010111111101101101100000011001000110100100101101111000000011011011100001101101010000011111111011100001101001101110011110010010111000011110010001100100110110010110000110011000110001001101000010010111100000010001101011000011101001111110011011100011110000110,1010111111101101101100000011001000110100100101101111000000011011011100001101101010000011111111011100001101001101110011110010010111000011110010001100100110110010110000110011000110001001101000010010111100000010001101011000011101001111110011011100011110000110,True,True,True,True,0,0.020876646041870117,0.007354736328125,0.01313018798828125,0.0003769397735595703
photo_2025-05-30_18-18-17 (2).jpg,1101000111110100110001111001010100010110000010110011000101001010001011001110100001101010011010111010000100110110001011101000000111011001110010001100110111010000000100101011111101001010011001111010101111010100010101101111100101001011001101111001000100110111,1101000111110100110001111001010100010110000010110011000101001010001011001110100001101010011010111010000100110110001011101000000111011001110010001100110111010000000100101011111101001010011001111010101111010100010101101111100101001011001101111001000100110111,True,True,True,True,0,0.02083587646484375,0.007465362548828125,0.012896299362182617,0.00045943260192871094
photo_2025-05-30_18-18-27 (2).jpg,1011001100001100101100110011110011001100101100111100110011100011000011001111001010100100110011001111000110011000111110111000110000001011001101100010011000111001111001100110110111110011001100110101100110010001100010010011001011100000100110011100010011001110,1011001100001100101100110011110011001100101100111100110011100011000011001111011011101100110011001111000110011001011110111100110000001011001101100010011000111001111001100110110111110011001100110101100110010011100010010011001011100000100110011100010011001110,True,False,True,True,7,0.020284652709960938,0.006719827651977539,0.012955665588378906,0.0005943775177001953
photo_2025-05-30_18-20-56 (2).jpg,1111001010101010100011010101010110101010101110101010001100110111001101011101010100010100110000101011011100011000100110101010001001010010101000101001101010001101110100100010101010110010010101011101100101011010101010010100100101110011001110011101110001101011,1111001010101010100011010101010110101010101010101010001100110111001101011101010100010100110000101011011100011000100110101010001101010010101000101001101010001101110100100011101010110010010101011101100101011010101010010100100100110011001110011101110001101011,True,True,True,True,4,0.020308971405029297,0.006844758987426758,0.013134241104125977,0.0003151893615722656
photo_2025-05-30_18-19-46.jpg,1001101011111111101011111111111110010101010100001100000000000001011110101010101000101111101111110001010001000101100011010111000111011011101010100100101000001111111001000000010000101001011000000011101000001110100111010101000101011110000001101110101110101001,1001101011111111101011111111111110010101010100001100000000000001011110101010101000101111101111110001010001000101100011010111000111011011101010100100101000001111111001000000010000101001011000000011101000001110100111010101000101011110000001101110101110101001,True,True,True,True,0,0.019548654556274414,0.006475925445556641,0.01257634162902832,0.00048160552978515625
photo_2025-05-30_18-19-45 (2).jpg,1101010101000100111110111010111100010100101100100100101101101110001001101101100111010100100001000000101000100011110110010101001001100110111011011111100111001000000010101001011110010101011011000000100010010001011110011111011001010110010011111010100011011001,1101010101000100111110111010111100010100101100100100101101101110001001101101100111010100100001000000101000101011110110010101001001100110111011011111100111001000000010101001011110010101011011000100100010010001011110011010011001010011010011111010100011011001,True,True,True,True,6,0.020790576934814453,0.006930351257324219,0.013159990310668945,0.0006852149963378906
photo_2025-05-30_18-20-23.jpg,1001110001110011100001110101100011100110010101011011111000010101010011011101000010011000101010111000100100111101001100111001001101110011101110011100110001100010000111001100001011110011001000010010001101111100100100011111001110010010110010110100111001001100,1001110001110011100001110101100011100110010101011011111000010101010011011101000010011000101010111000100100111101001100111001001101110011101110011100110001100010000111001100001011110011001000010010001101111100100100011111001110010010110010110100111001001100,True,True,True,True,0,0.022366762161254883,0.00817728042602539,0.013744115829467773,0.0004286766052246094
photo_2025-05-30_18-18-07.jpg,1000010011001001110111010011101000011011001101101010010011000010011101001100100101110101111011000000011101001110110100010001001001111011001101001011011001101101010111101100010111001001100100110110101011001100100111001101110001001010101100101010001100100110,1000010011001001110111010011101000011011001101101010010011001010011101001100100101110101111011000000011001001110110100010001001001111011101100001011011001101101010111101100010111001001100100110110101011001100100111001101110001001010101100101010001100100110,True,True,True,True,4,0.02498602867126465,0.010181188583374023,0.01428985595703125,0.0004987716674804688
photo_2025-05-30_18-19-44 (2).jpg,1001001011101100100010000000001100101101000010100111010011100000110110110110010010001100100110111010001011111101010011001010111001111111010110101001010011000001001100101001011111001111011010001010110110101110010100110101001110101100110110100001011100110100,1001001011101100100010000000001100101101000010100111010011100000110110110110110010001100100110111010001011111101010011001010111001111111010110101001010011000001001100101001011111001111011010001010110110101110010100110101001110101100110110000001011100110100,True,True,True,True,2,0.021194934844970703,0.007863998413085938,0.012943029403686523,0.0003726482391357422
photo_2025-05-30_18-20-39 (2).jpg,1101111111100000001011001110100000100001101011111001011100111000011100001000100101101100110000010110011000110101110110100111001100110011010011100110100110001001111101110011100010010011011011001100100011101111011011001000110000001100001001111100111000100011,1101111111100000001011001110100000100001101011111001011100111000011100001000100101101100110000010110011000110101110110100111001100110011010011100110100110001001111101110011100010010011011011001100100011101111011011001000110000001100001001111100111000100011,True,True,True,True,0,0.02054595947265625,0.006994724273681641,0.01321864128112793,0.00031757354736328125
photo_2025-05-30_18-19-10.jpg,1001100110011000111001100110110011001100100110011110100110010010011001100100110011011001001100101110001001100100011001110111101110011001101001110010011001001101000011001101001110011101101100100001001100011101101100110001100111001100100110110110110010010010,1001100110011000111001100110110011001100100110011110100110010010011001100100110011011001001100101110001001100100011001110111101110011001101001110010011001001101000011001101001110011101101100100001001100011101101100110001100111001100100110110110110010010010,True,True,True,True,0,0.01861429214477539,0.005941629409790039,0.01228952407836914,0.00036835670471191406
photo_2025-05-30_18-18-37 (2).jpg,1001001110001111100111101110000011000110011100001011001110001111110111111000111011001100011100001110000100111001110000111100111010001100001100011011100110011000111000100100011011001100011100010011100110011001011001100010011010000010111000111001110010011001,1001001110001111100111101110000011000110011100001011001110001111110111111000111011001100011100001110000100111000110000111100111010001100001100011011100110011000111000100100011011001100011100010011100110011001011101100010011010000010111000111001110010011001,True,True,True,True,2,0.020055532455444336,0.0067234039306640625,0.012891054153442383,0.0004258155822753906
photo_2025-05-30_18-18-33 (2).jpg,1100010010010110110001100110100001100011010011010001110100110011100111110011111011100011100011001110010110001101110000111011000110110011000110000111100001001110011110010001111000100001100001100010011110000110111110110001011001101100000101100110010011110110,1100010010010110110001100110100001100011011011010001110100110011100111110011111011100011100011001110010110001101110000111011000110110011000110000111100001001110011110010000111000100001100001100010011110000110111110110001011001101100000101100110010011110110,True,True,True,True,2,0.020661115646362305,0.007371187210083008,0.012896537780761719,0.0003783702850341797
photo_2025-05-30_18-19-57 (2).jpg,1101000000010001110010100001001000111111101011011010001101111001111001001100001100011101111001001000100101011110000001101101011100110110101100100001101101100110110110000110011010111101101000100111001010011001111001100101110000010110010110100010001111000111,110100010001000111001010000100100011111001001100001100011101111001001000100101011110000001101101011100110110101100100001101101100110110110000110011010111101101000100111001010011001111001100101110000010110010110100010001111000111,False,True,True,True,103,0.020538330078125,0.007153511047363281,0.012445211410522461,0.0009248256683349609
photo_2025-05-30_18-20-26.jpg,1100011010100101100011111000000100110000101100001001011111101000100100101000111010011010100111101111001001110011100010110011100111101000110101010010001011011111110111110100100111001001010111000111100111100011011000111001000100001100100001011010010011011000,1100011010100101100011111000000100110000111100001001011111101000100100101000111010011010100111101111001001110011100010110011100111101000100101010010001011011111110111110100100111001001010111000111100111100011011000111001000100001100100001011010010011011000,True,True,True,True,2,0.020016908645629883,0.006488323211669922,0.013145685195922852,0.00036787986755371094
photo_2025-05-30_18-19-03.jpg,1111010111001001110010100001110000110111011000000111001000100111111000110110011000001101000011101101101011010110001101000100100011001011001001011011010011011110110110110011100000110100110101111100111100001010011001001010010011011000110101110010001100100110,1111110111001001110010100001110000110111011000000111001000100111111000110110011000001101000011101101101011010110001101000100100011001011001001011011010011011110110110110011100000110000110101111100111100001010011001001010010011011000110101110010001100100110,True,True,True,True,2,0.020831584930419922,0.007530689239501953,0.012852907180786133,0.0004329681396484375
photo_2025-05-30_18-20-24.jpg,1100001111100000111111100001101111100010111100100100001111100010011111001000101101100110011110001100011011000001100111011001101101100010000100100010011111001100101111000001001110010011001110001100011011010011000111001001011000010011011111000110011010110001,1100001111100000111111100001101111100110111100100100001111100010011111001000101101100110011110001100011011000001100111011001101101100010000100100010011111001100101111000001001110010011001110001100011011010011000111001001011000010011001111000110011010110001,True,True,True,True,2,0.021367549896240234,0.00721287727355957,0.01366281509399414,0.00047707557678222656
photo_2025-05-30_18-20-17.jpg,1001010101100000110000000000110110011010100111100011010101011001011111010100010100100111011011010000100101101010010110110101101010101010110100000101010100010011001001101100010001100101011111001110101001111101000111111100010110101101100011110111010000111010,1001010101000000110000000000110110011010100111100011010101011001011111010100010100100111011011010000100101101010010110110101101010101010110100000101010100010011001001101100010001100101011111001110101101111101000111111100010110101101100011110111010000111010,True,True,True,True,2,0.02077937126159668,0.007477283477783203,0.012900590896606445,0.00038695335388183594
photo_2025-05-30_18-21-17.jpg,1001011000101110001110001111000001110001110000110010011100011100011111000011000000000100111000011111111001011111110000100110001100111001111011101100100100000100011100111010100010110110000110011001100111110011011101111000011100100010011100001100111011000111,1001011000101110001110001111000001110001110000110010011100011100011111000011000000000100111000011111111001011111110000100110001100111001111011101100100100000100011100111010100010110110000110011001100111110011011101111000011100100010011100001100111011000111,True,True,True,True,0,0.020159482955932617,0.0066070556640625,0.013187646865844727,0.00034999847412109375
photo_2025-05-30_18-20-10 (2).jpg,1101011110000110100010000001000000000010001100001111111111110000001111111011000100111111111110110100101110111100100001100011001101000001000001111101011010110111111011001010111111011101101110010000000101101111001001000000110001001100010010110011000011010010,1101011110000110100010000001000000000010001100001111111111110000001111111011000100111111111110110100101110111100100001100011001101000001000001111101011010110111111011001010111111011101101110010000000101101111001001000000110001001100010010110011000011010010,True,True,True,True,0,0.020777463912963867,0.007701873779296875,0.01274251937866211,0.0003180503845214844
photo_2025-05-30_18-19-07.jpg,1000100111001000010100110110011000110110001100110110110100110011110010011000110010011010110001100111001001110011011001101001100001001101100110111100110110100111100110110110010010010010010010010011011010011011011001011011001101001100101001001100110111001100,1000100111001000110100110110011000110110001100110110110100110011110010011000110010011010110001100111001001110011011001101001100001001101100110111100100100100111100110110110010010010010010010010011011010011011011001011011001101101100101001001100110111001100,True,True,True,True,4,0.021277189254760742,0.007532358169555664,0.013166189193725586,0.0005636215209960938
photo_2025-05-30_18-18-31.jpg,1100101101100111101101001011011010110110010010101010100101001101001010001101010110011010100101011001001011011011010110011010101101000101101000100100001100100010101001010011001001001011001101011011101010010101110110101101110000100110010010101011010101011010,1100101101100111101101001011011010110110010010101010100101001101001010001101010110011010100101011001001011011011010110011010101101000101101000100100001100100010101001010011001001001011001101011011101010010101110110101101110000100110010010101011010101011010,True,True,True,True,0,0.0214388370513916,0.007602691650390625,0.013507604598999023,0.0003132820129394531
photo_2025-05-30_18-18-08.jpg,1101110101001001111010111000100110101110001001001000000101110011001101111110001000110110100011001110010000010101010001100000001011000101111010100001111110110101010110000101111101110010001100111010001101101100000001111010110010101110110100001111100101001011,1101110101001001111010111000100110101110001001001000000101110011001101110110001000110110100011001110010000010101010001100000001011000101111010100001111110110101010110000101111101110010001100111010001101101100010001111010110010101110110100001111100101001011,True,True,True,True,2,0.021859169006347656,0.00817251205444336,0.013173341751098633,0.0004978179931640625
photo_2025-05-30_18-17-23 (2).jpg,1001010001011001111101010101010010110001001101000110101010101010101010101010000100010011101110101010101110100101100001001111111001011010100010100001010100001010011100011010001011110001010101010101111101101000111010100011011011010111100010100100110111010101,1001010001011001111101010101010010110001001101000110101010101010101010101010000100010011101110111010101110100101100001001111111001011010100010100001010100001010011100011010001011110001010101010101111101101000101010100011011011010111100010100100110111010101,True,True,True,True,2,0.020770788192749023,0.00725865364074707,0.013044595718383789,0.0004515647888183594
photo_2025-05-30_18-20-12.jpg,1101100110010011100100100110010001101011101001101100110010110110100110100110010010011000101100010110001001100100100110000110000110011001101001100111011000100010010011001101101110001101011110111011001110101101011000111100101101100110011000110001011001101110,1101100110010011100100100110010001101011101001101100110010110110100110100110010010011000101100000110001001100100100110000110000110011001101001100111011000100010010011001101101110001101011110111011001110101101011010111100101101100110011000110001011001101110,True,True,True,True,2,0.018573999404907227,0.0058977603912353516,0.012350797653198242,0.0003113746643066406
photo_2025-05-30_18-20-11.jpg,1000001110000000101001101111101001111000001111110001011100000001111010011011010011010010010111010000110000011011000000111100000011010110101100100111110100101111011000110100000110010110101101000111101001011111010111100001011010010001111010011010111111001010,1000001110000000101001101111101001111000001111110001011100000001111010011011010011010010010111010000110000011011000000111100000011010110101100100111110100101111011000110100000110010110101101000111101001011111010111100001011010010001111010011010111111001010,True,True,True,True,0,0.020305156707763672,0.006949424743652344,0.012969493865966797,0.0003719329833984375
photo_2025-05-30_18-17-22.jpg,1010010000000010110010100100010000011011110111010011101101011001110001011000011000101100011100110100101100111001101100011000110001111000111000111000111001111011011100011000110010001101111001100001010001110011011010111001110011010000001110010011011011111011,1010010000000010110010100100010000011011110111010011101101011001110001011000011000101100011100110100101100111001101100011000110001111000111000111000111001111011011100011000110010001101111001100001010001110011011010111001110011010000001110010011011011111011,True,True,True,True,0,0.021010398864746094,0.00700831413269043,0.013634920120239258,0.0003516674041748047
photo_2025-05-30_18-20-59.jpg,1111000110101111000011110111100101101111010111001110010001111010011001110011100100110011110000110111100010001000010000001100111010010011111000010001100100110110000111000110100111011000000100001101100100100110110000111100010100111100111100010111000111001100,1111000110101111000011110111100101101111010111001110010001111010011001110011100100110011110000110111100010001000010000001100111010010011111000010001100100110110000111000110100111011000000100001101100100100110110000111100010100111100111100010111000111001100,True,True,True,True,0,0.022342681884765625,0.008704423904418945,0.013169050216674805,0.00045371055603027344
photo_2025-05-30_18-19-52 (2).jpg,1001110110010000101001011001110000100000110101100000111011001110001110001111101010100010110110110100001011001110010011101111101001010110101110010111001010011100010001101001010001010100101100111011001100010101111100101001111001001110101101010100010110100100,1001110110010000101001011001110000100000110101100000111011001110001110001111101010100010110110110100001011001110010011101111101001010110101110010111001010011100010001101001010001010100101100111011001100010101111100101001111001001110101101010100010110100100,True,True,True,True,0,0.021086692810058594,0.00782322883605957,0.012935161590576172,0.00031375885009765625
photo_2025-05-30_18-19-50 (2).jpg,1110010100010010000110100110100100011000011001010110010110011100011110101101101111100110001100101011001101001101100110000110011000100101101110011100000110011010010011001100000101000110010010101001101101001110010101101110010101100110011100111011101110011011,1110010100010010000110100110100100011000011001010110010110011100011110101101101111100110001100101011001101001101100110000110011000100101101110011100000110011010010011001100000101000110010010101001101101001110010101101110010101100110011100111011101110011011,True,True,True,True,0,0.02039337158203125,0.006940603256225586,0.012984275817871094,0.0004544258117675781
photo_2025-05-30_18-19-30 (2).jpg,1100110001000001110100000010111100110010000111100111111000110000100000011110000000110000111001100111111000011101111100000001100101001100111001100011110111001110011010111001100101001100001110011000110011111111001000111011011011001111100111100001100010010110,1100110001000001110100000010111100110010000111100111111000110000100000011110000000110000111001100111111000011101111100000001100101001100111001100011110111001110011010111001100101001100001110011000110011111111001000111011011011001111100111100001100010010110,True,True,True,True,0,0.020379304885864258,0.007088184356689453,0.012964963912963867,0.00031065940856933594
photo_2025-05-30_18-18-30 (2).jpg,1101110011101000110011001111100101100111100001110011001110000111100100110100111001011011000011110010100110100001000011001011110001011011100111000000110001001010001000110011101110011001101011011011110001110001010110000011000111001001110100101000110110100011,1101110011101000110011001111100101100111100001110011001110000111100100110100111001011011000011110010100110100000000011001011110001011011100111000000110001001010001000110011101110011001101011011011110001110001011110000011000111001001110100101000110110100011,True,True,True,True,2,0.020811796188354492,0.007565975189208984,0.012914419174194336,0.0003159046173095703
photo_2025-05-30_18-20-41.jpg,1010010011011001000001000001101111111110011001000111011001001111011110001000100000110010111011110011101101100100110111110110000000110011110010110010000010000110111101110001001011000011000011101101100110100110111111000011111110001000001101111100100000000110,1010010011011001000001000001101111111110011001000011011001001111011110001000100000110010111011110011101101100100110111110110000000110011110010110010000010000110111101110001001011000011000011101101100110100110111111000011111110001000001101111100110000000110,True,True,True,True,2,0.020376205444335938,0.006845712661743164,0.013200521469116211,0.00031566619873046875
photo_2025-05-30_18-20-38.jpg,1011111111011110110000010101001010111000010000110010101011000101110101010010000000111111111001011110000011110101001111010001011111001001011000110011001000001001011011010000100001111010011110001100011010110011000110101100000101001101111010010111100100111000,1011111111011110110000010101001010111000010000110010101011000101110101010010000000111111111001011110000011110101001111010101011111001001011000100011001000001001011011010000100001111010011110001100011010110011000110101100000101001101111010010111100100111000,True,True,True,True,2,0.01996016502380371,0.007209062576293945,0.01242375373840332,0.0003123283386230469
photo_2025-05-30_18-19-05 (2).jpg,1101111101000101001101001001100000111011000011100110100111100101000001101011000111011011000010100111011100000100110011001111001001110011010011111100100100111001001111110001001011010001110110110011011001100001110011001100110100111011100101001000100000110010,1101111101000101001101001001100000111011000011100110100111100101000001101011000111011011000010100111011100000100110011001111001001110011010011111100100100111001001111110001001011010001110110110011011001100001110011001100110100111011100101001000100000110010,True,True,True,True,0,0.021912813186645508,0.008455753326416016,0.013123750686645508,0.00031828880310058594
photo_2025-05-30_18-17-26.jpg,1100001001001111011011001011000000111010001111011100010110010011011011010010010001011001101001100110011011011010111101100100100100111000011100011001100110010110100101110000111001100110011011001001010010010011100110010011011001100110011010010110110010110110,1100001001001111011011001011000000111010001111011100010110010011011011010010010001011001101001100110011011011010111101100100100100111000011100011001100110010110100101110000111001100110011011001001010010010011100110010011011001100110011010010110110010110110,True,True,True,True,0,0.02159285545349121,0.007961273193359375,0.01312255859375,0.0004942417144775391
photo_2025-05-30_18-20-04.jpg,1000111011110001111111001111100111110111001110010010001011000110110110011000111011010001100110010010000011001100111100000011101001010001101101110110110001001110101000100011000100011100011011001101101100110001100000000111010001111100101011101100001100010010,1000111011110001111111001111100111110111001110010010001011000110110110011000111011010001100110010000000011001100111100000011101001010001101101110110110011001110101000100011000100011100011011001101101100110001100000000111010001111100101011101100001100010010,True,True,True,True,2,0.019536733627319336,0.006716012954711914,0.01234579086303711,0.00045943260192871094
photo_2025-05-30_18-19-33.jpg,1001101001101100000001100011010110011001110011101000010100100011011100100101001001111000101101101101101000100110111001100110110001100100100110110100101110010011101100011101101001111110011101001111100101001100000011001101110010011100000110000010111101001011,1001101001101100000001100011010110011001110011101000010100100011011100100101001001111000101101101101101000100110111001100110110000100100100010110100101110010011101100011111101001111110011101001111101101001100010011001101110010011101000110000010111111001010,True,True,False,False,8,0.02219557762145996,0.008172988891601562,0.013197898864746094,0.0008091926574707031
photo_2025-05-30_18-18-40.jpg,1111011011100001110101001001111110110000000111101001110110100110000011011110110000111101100001001000111011010001110111100101001110000010011110110010000011011111001000011010100010100001111011000111010010001100001010011011100000101110111000010010110111010001,1111011011100001110101001001111110110000000111101001110110100110000011011110110000111101100001001000111011010001110111100101001110000010011110110010000011011111001000011010100010100001111011000111010010001100001010011011100000101110111000010010110111010001,True,True,True,True,0,0.021645307540893555,0.008062124252319336,0.013122797012329102,0.00044536590576171875
photo_2025-05-30_18-19-24 (2).jpg,1011010000011100101100100010101101110010110101001010110111010101000000100010111111010001101011000100111111001001101000110001011001110001000101111110010000101001001001110110000011111010110101101000100111110111111101001001100000011001011011101110010100010001,1011010000011100101100100010101101110010110101001010110111010101000000100010111111010001101011000100111111001001101000110001011001110001000101111110010000101001001001110110000011111010110101101000100111110111111101001001100000011001011011101110010100010001,True,True,True,True,0,0.020049095153808594,0.0070133209228515625,0.012641668319702148,0.00037932395935058594
photo_2025-05-30_18-20-39.jpg,1000000001011110001111000000011111010110101010010111111100110011110000111011010010000111110010001100000011011111001011110111011001101000000100010000011000000110110110011000100000111110000111111000111110100111010101011111010011010010111100100010100001011101,1000000001011110001111000000011111010110101010010111111100110011110000111011010010000111110010001100000011011111001011110111011001101000000100010000011000000110110110011000100000111110000111111000111110100111010101011111010011010010111100100010100001011101,True,True,True,True,0,0.023104190826416016,0.008925914764404297,0.013718605041503906,0.0004448890686035156
photo_2025-05-30_18-21-13.jpg,1001111100000000001110010111111110101001011010010000110100101001100100001011110110010010101001001001000010111011110110100100010101010110011011011100100101011010111011010100100000001100011111111010010011010101101101100001001111001100111010110110101011000010,1001111100000000001110010111111110101001011010010000110100101001100100001011110110010010101001001001000010111011110110100100010101010110011011011100100101011010111011010100100000001100011111111010010011010101101101100001001111001100111010110110101011000010,True,True,True,True,0,0.025629758834838867,0.010350704193115234,0.014926910400390625,0.00033664703369140625
photo_2025-05-30_18-20-07.jpg,1101110010001000001100110010110010010111000001001110110110011001000100011111011101011010111001001010110110010011110110101111101100101011010101010010010110010001010110100100100101000001001011100100010010011011101100100110100010111010011001100100100111111011,1101110010001000001100110010110010010111000001001110110110011001000100011111011101011010111001001010110110010011110110101111101100101011010101010010010110010001010110100100100101001001001011100100010010010011101100100110100010111010011001100100100111111011,True,True,True,True,2,0.02071690559387207,0.0073146820068359375,0.013019323348999023,0.00036716461181640625
photo_2025-05-30_18-19-27.jpg,1010110000101101110100101100111110011010010000111011110011010011001011001101101101101100001100110100001100110011110100001100101111010110000100001010110111010011001010101001110000001010001100110101000000100011110101011001100011010101010001110010111111010011,1010110000101101110100101100111110011010010000111011110011010011001011001101101101101100001100110100001100110011110100001100101111010110000100001010110111010011001010101001110000001010001100110101000000100011110101011001100011010101010001110010111111010011,True,True,True,True,0,0.021708250045776367,0.008336782455444336,0.013036489486694336,0.00032019615173339844
photo_2025-05-30_18-21-20 (2).jpg,1110101100110100111101001101100010011101110010000011100100111010001100101000100101000010001011011100110011010010010111001010001111011010110110110101001100000010101100000011011001110010011001011111011000100101001001011101101010010101000111101001010110111011,1110101100110100111101001101100010011101110010000011100100111010001100101000100101000010001011011100110011010010010111001010001111011010110110110101001100000010101100000011011001110010011001011111011000100101001001011101101010010101000111101001010110111011,True,True,True,True,0,0.02156543731689453,0.008048295974731445,0.01305246353149414,0.0004494190216064453
photo_2025-05-30_18-18-07 (2).jpg,1101001010011010010100101101001010011001011001011000011001001010001100011011001010111001101001011010001011001000101001010110101010100100101100111010111010010110101001100110011100101101001011010010100100101100101111110110111011000111100011101011100100011100,110100101001101001010010110100101001100101100101100001100100101000110001101100101011100110100101101000101100100010100101011010101011010010110011101011101001011010100110011001110010110100101101001000010111110010111101011011101100,True,True,True,False,5,0.02196216583251953,0.007965803146362305,0.012986183166503906,0.0009961128234863281
photo_2025-05-30_18-19-43.jpg,1100110011001011011100110011010000011100110001101010011100001001010111001011011000100011000110001000110001000111001001111010100001111010001100111001100011010111111001110010100001011000101100101011101101010111111101101010110001001101101010101011001001010100,1100110011001011011100110011010000011100110001101010011100001001010111001011011000100011000110001000110001000111001001111010100001111010001100111001100011010111111001110010100001011000101100101011101101010111111101101010110001001101101010101011001001010100,True,True,True,True,0,0.020298004150390625,0.0069141387939453125,0.012969017028808594,0.0004000663757324219
photo_2025-05-30_18-19-53.jpg,1000110011000010111110110010000101110011000110000101100011001101100111101010001111110110001101110011001110110100100011010110100100001000110101010000001100011011100010101001111100001000101110110011001010010100010101101011111110111010010100100111101001011100,1000110011000010111110110010000101110011000110000101100011001101100111101010001111110110001101110011001110110100100011010110100100001000110101010000001100011011100010101001111100001000101110110000001001100101001010001010110101111111011,True,True,False,False,20,0.024934768676757812,0.009718894958496094,0.01407170295715332,0.0011293888092041016
photo_2025-05-30_18-18-30.jpg,1100100100101001110110111100100110000110010110110110101101010110000111000011110001100101001011100011000111000001100111001111010111001101001101100100011110011001101010110100010001100010110011100101110000100111110011110001001100110001100001001100110011100110,1100100100101001110110111100100110000110010110110110101101010110000111000010110001100101001011101011000111000001100111001111010111001101001101100100011110011001101010110100010001100010110011100101110000100111110011110001001100110001100001001100110011100110,True,True,True,True,2,0.02151346206665039,0.007970333099365234,0.013123750686645508,0.0004038810729980469
photo_2025-05-30_18-18-29.jpg,1001000001011000111110011010000001110001011010100110010101001001001100100011100000110011010100111001100100001111111011001010111010010111011011011001001101001010110110111001110101100110101001111100100001100111011010001001100001111000110001111011011100001001,1001000001011000111110011010000001110001011010100110010101001001001100100011100000110011010100111001100100001111111011001010111010110111011011011001001101001010110110111001110101100110101001111100100001100111011010001001100001111000100001111011011100001001,True,True,True,True,2,0.021870136260986328,0.008403539657592773,0.013049840927124023,0.0004019737243652344
photo_2025-05-30_18-18-04 (2).jpg,1011001011000011011101001100001111001010001010001100101100001110100011000011010010001101001011000011001101001011101110111101001011001111001101000011010101011010011100101100001101110010101001011011010100101111010111000101101101110010101001010011000111010010,1011001011000011011101001100001111001010001010001100101100001110100011000011010010001101001011000011001101001011101110111101001011001111001101000011010101011010011100101100001101110010101001011011010100101111010111000101101101110010101001010011000111010010,True,True,True,True,0,0.020834922790527344,0.007252931594848633,0.012965917587280273,0.0006010532379150391
photo_2025-05-30_18-17-24.jpg,1001101110110101111001101110000000100000010010100111110100011111100101101110011011001011101010000010011001010101100111111111010111000010101100000100011001001010001110010001111100111101010101010110011001101000000100010010101011111101101101101010001001000001,1001101110110101111001101110000000100000010010100111110100011111100101101110011011001011101010000010011001010101100111111111010111000010101100000100011001001010001110010001111100111101010101010110011001101000000100010010101011111101101101101010001001000001,True,True,True,True,0,0.023066043853759766,0.008315324783325195,0.014359712600708008,0.0003752708435058594
photo_2025-05-30_18-18-09 (2).jpg,1000001101001100101011110001010001101001101100101100000011101010001100011010101111110001100010101110001011011111001110100101110101101010010011111100000000101101011101000011111100110101001111101101000001011110110000100101110001100011000111001010000111001100,1000001101001100101011110001010001101001101100101100000011101010001101011010101111110001100010101110001011011111001110100101110100101010010011111100000000101101011101000011111100110101001111101101000001011110110000100101110001100011000111001010000111001100,True,True,True,True,2,0.02209639549255371,0.008399009704589844,0.013164758682250977,0.0005173683166503906
photo_2025-05-30_18-20-43 (2).jpg,1100110111001000001110000011101100110100001101110010000111000000001100001100110000110111000001100001001100111110110011100111100100110011111001001000110011011001100001110001111111001100011100011001101101111100011101001100011111000100111100111100001100011110,1100110111001000001110000011101100110100001101110010000111000000001100001100110000110111000001100001001100111110110011100111100100110011111001001000110011011001100001110001111111001100011100001001101101111100011101001100011111001100111100111100001100011110,True,True,True,True,2,0.020715713500976562,0.00688624382019043,0.013427495956420898,0.0003867149353027344
photo_2025-05-30_18-17-27 (2).jpg,1100110000010000111101101001010010100000011000101100100001111011000001101011010110001101100111001011010010100100101111111100101100001111001101101010110011000110001101101110110100100111111001100000000100111010101100111101100010111001001110001010000110111101,1100110000010000111101101001010010100000011000101100100001111011000001101011010110001101100111001011010010100100101111111100101100001111001101101010110011000110001101101110110100100111111001100000000100111010101100111101100010111001001110001010000110111101,True,True,True,True,0,0.02055811882019043,0.00724339485168457,0.01298379898071289,0.00031638145446777344
photo_2025-05-30_18-19-48.jpg,1100111100001110001100001111001100111110100010001100110100000111001100111111110011001110000000000100100111110111001100100100110011001101100100110011000100110110110011100100100000000011111100110111110000001100110010111111101100110011100000111100110000111100,1100110100001110001100001111000100111110100010001100110100000111001100111111110011001110100000000100100111110111001100100100110011001101100100110011000100110110110011100100100000000011111100110111111000001100110010111111101100110011100000111100110000111100,True,True,True,True,4,0.01921391487121582,0.0063593387603759766,0.012490034103393555,0.0003497600555419922
photo_2025-05-30_18-18-20 (2).jpg,1000010001101110100110011000011001011001100001001011011101001110001100111011110010110111001100110100110000100101101101001101100101100011011101000110100110100111111110101101000110010010010010010011110001100100011000001001001101111110010100110110011100101100,1000110001101110101110011001011001011000110001001010001101101110001101011011110011110111001100110100110000000100101101000101110101100011011101000110100110100111111110101001000110010010010010010001110011101100011110001001001001011110000100110110011100101101,False,False,True,False,25,0.024048566818237305,0.00949859619140625,0.013613224029541016,0.0009210109710693359
photo_2025-05-30_18-20-40 (2).jpg,1010111001010101110101001110111100010010110100001100011111011000001111010110101001101100001001010000111010000111011010110100001000110001111000010011100011111101110001111100100011000110000101001001011010011010100111101110010111011100000001111000111001110000,1010111001010111110101001110111100010010110100001100011111011000001111010110101001101100001001010000111010000111011010110100001000110001111000010011100011111101110001111100100011000110000101001001011010011010100111101110010111011100000001110000111001110000,True,True,True,True,2,0.021681547164916992,0.007517337799072266,0.0137176513671875,0.0004315376281738281
photo_2025-05-30_18-19-03 (2).jpg,1111000000110000001111001110110010000011010000111100001111001011100110011011001111000111000111001000110110000111100111110011010011001110100011001101111100100110011001000110110010010110011011000100101011001010001100100111100100011110010001010011001111101001,1111000000110000001111001110110010000011010000111100001111001011100110011011001111000111000111001000110110000111100111110011010011001110100011001101111100100110011001000111110000010110111011000110101010001010001100000110100100111100010001010011101111001001,True,True,False,False,11,0.020293474197387695,0.006735563278198242,0.012610912322998047,0.0009319782257080078
photo_2025-05-30_18-21-08 (2).jpg,1101101111101010110000101011000000100100001101101111000000011111101100001111100010010100111101001101001111001001100110010110010011000011100001010100111111110010110011110000111101001101100001110100011000001111010111001001100101100110011110000100100100111000,1101101111101010110000101011000000100100001101101111000000011111101100001111100010010100111101001101001111001001100110010110010011000011100001010000111111110010110011110000111101001101100001110100011000001111010111001001100101100110011111000100100100111000,True,True,True,True,2,0.020248889923095703,0.006662130355834961,0.013180255889892578,0.00039076805114746094
photo_2025-05-30_18-20-56.jpg,1011011011000111010110001111000000000000000001001001110000000100110111001000010010110100111101001000100010111111101111100101100110010111010000011101001111001000100010110111111010101101111001111000010100110011001110110111110011100011101011110110000101101000,1011011011000111010110001111000000000000000001001001110000000100110111001000010010110100111101001000100010111111101111100101100110010111010000011101001111001000100000110111111010101101111001111000110100110011001110110111110011100011101011110110000101101000,True,True,True,True,2,0.022019147872924805,0.008207082748413086,0.013164520263671875,0.0006327629089355469
photo_2025-05-30_18-20-34.jpg,1100111011001101001000010011100100101000011100001111011110000100100000011000011111111110011110000011011101010001000010000111100101111101100100000010000111100011110111100011100010011110011100100111010011110011001000001100110011110111011000111010001100110011,1101111011001101001000010011100100101000011100001111011110000100100000011000011111111110011110000011011101010001000010000111100101111101100100000010000111100011110111100011100010011110011100100111010011110011001000001100110011110111011000111000001100110011,True,True,True,True,2,0.020489931106567383,0.006909847259521484,0.013247251510620117,0.0003180503845214844
photo_2025-05-30_18-20-13.jpg,1001011011001011101001001100110110010010110010100110110010011011101101100001001111000110011100111100111101011010001100111101011111001101100101000011001011100100000110001111011011000100100010001001001001000110010011011000100111100011101101000101100100100111,1001011011001011101001001100110110010010110010100110110010011011101101100001001111000110011100111100111101011010001100111101011111001101100101000011001011100100000110001111011011000100100010001001001001000110010011011000100111100011101101000101100100100111,True,True,True,True,0,0.020915508270263672,0.007598876953125,0.012926340103149414,0.0003757476806640625
photo_2025-05-30_18-20-01.jpg,1100000110101000101001111011110100100111010100110000010010100110110100001011001101001010010011010110111001001110111111000000100101111011000011000001111111001101100111100101011110010010010101111001101001011010100100110011101111010000101001000100101001100011,1100000110101000101001111011110100100111010100110000010010100110110100001011001101001010010011010110111001001110111111000000100101111011000011000001111111001101100111100101011110010010010101111001101001011010000100110011101111010000101001000100101001100111,True,True,True,True,2,0.021430253982543945,0.007808685302734375,0.013294458389282227,0.00031185150146484375
photo_2025-05-30_18-19-23.jpg,1001000010010110100010010100010111001101010000011100110010100010110000000110000001100110011000101011011100110001111100110011100111110001100110101110100110001100011111001000010101111110010001111111100001000110101111001110011010101110011000110110111100111001,1001000010010110100010010100010111001101010000011100110010100010110000000110000001100110011000101011011100110001111100110011100111110001100110101110100110001100011111001000010101111110010001111111100001000110101111001110011010101110011000110110111100111001,True,True,True,True,0,0.023407936096191406,0.008591890335083008,0.014429807662963867,0.00037026405334472656
photo_2025-05-30_18-19-59 (2).jpg,1100101010011011100011010011010010110111010111001111000000001011000010011011000011011110110110100100110101000100101000111010001111111010111010111101010101001000001101000000001000001111101101011000101110011100010110011110001001111000011110011110111000011000,1100101010011011100011010011010010110111010111001111000000001011000010011011000011011110110110100100110101000100101000111010001111111010111010111101010101001000001101000000001000001111101101011000101110011100010110011110001001111000011110011110111000011000,True,True,True,True,0,0.020572662353515625,0.007187843322753906,0.013053417205810547,0.0003161430358886719
photo_2025-05-30_18-19-31.jpg,1100110011001100110011000011111000100011000111110010111001010011001110110011001101110100101100011110011011001011011100110111001010110100001001000110001000111001000111001100011010100111001001110101100011011000011001110010011010011100110010010100001100101110,1100110011001100110011000011111000100011000111110010111001010011001110110011001101110100101100011110011011000011011100110111001010110100001001000110001000111011000111001100011010100111001001110101100011011000011001110010011010011100110010010100001100101110,True,True,True,True,2,0.02100086212158203,0.007674455642700195,0.012997627258300781,0.0003139972686767578
photo_2025-05-30_18-20-04 (2).jpg,1111011110100110010000100100101001010110000111101110101101001000101001010101011011000100110001100100101001011111010001010001101011010010101101001010011111010011111001111010010110000110111101000001001011011110010100110100101101100010001000111100111110010000,1111011110100110010000100100101001010110000111101110101101001000101001010101011011000100110011100100101001011111010001010001101011010010101101001010011111010011111001111010010110000110111101000001001011011110010100110100101101100010001000111100111100010000,True,True,True,True,2,0.02317523956298828,0.008384943008422852,0.014211416244506836,0.0005581378936767578
photo_2025-05-30_18-21-18.jpg,1000110011001101101010001000110111011001001101101001011101110010101100000000110101000010111111010110110111001000111110010001001110000001101110110010011101100000110100100000010010000001111111110110111111100001011001010000101111101001111100100101011111000000,1000110011001101101010001000110111011001001101101001011101110010101100000000110101000010111111010110110111001000111110010001001110000001101110110010011101100000110100100000010010000001111111110110111111100001011001010000101111101001111100100101011111000000,True,True,True,True,0,0.02344989776611328,0.008876562118530273,0.013878822326660156,0.0006792545318603516
photo_2025-05-30_18-20-18 (2).jpg,1110100101010010110011001100100100010110101011000101001110110101111010010101000100101100011010100111001011001011100011001001100101000110000111001110110110110111001101011000011010011010011001101001101101110011011100010001101100100110010110000100110011100110,1110100101010010110011000100100100010110101011000101001110110101111010010101000100101100011010100111001011001011100011001001100101000110001111001110110110110111001101011000011010011010011001101001101101110011011100010001101100100110010110000100110011100110,True,True,True,True,2,0.021060466766357422,0.006974697113037109,0.01368260383605957,0.00038743019104003906
photo_2025-05-30_18-18-39.jpg,1101100100011100100100011011100000110100101000111101001000001111011111001110001111001111001011110011100000000001100011111101000111100000000100000111111111011010000000111111111111111000000000000000011111011101000110000000011101111111110001000100000011111111,1101100100011100100100011011100000110110101000111101000000001111011111001110001111001111001011110011100000000001100011111101000111100000000100000111111111011010000001111111111111110000000000000000011111011101000110000000011101111111110001000100000011111111,True,True,True,True,4,0.022272825241088867,0.008513927459716797,0.013191461563110352,0.0005519390106201172
photo_2025-05-30_18-21-01 (2).jpg,1000110101101000110011011001110001100101100101000011101100100010000111001101010001101111110111011100100010001110010111001110111010010110110001101100011100111011110000101011000100100100001011000101001110010011110001110001010111001100111010001100010110101100,1000110101101000110011011001110001100101100101000011101100100010000111001101010001101111110111011100100010001110010111001110111010010110110001101100011100111011110000101011000100100100001011000101001110010011110001110001010111001100111010001100010110101100,True,True,True,True,0,0.021626949310302734,0.008059263229370117,0.013058185577392578,0.0004942417144775391
photo_2025-05-30_18-19-42.jpg,1101110011001011110000110001100000010110001100110011110111000110011101001001100111100100011000110000110110100110011110011000100101100011011010011100011101100011001111100100101000111000110110000110000111011010001011110011001000011100011101100111100011101100,1101110011001011110000110001100000010110001100110011110111000110011101001001100111100100011000110000110110100110011110011000100101100011011010011100011101100011001111100100101000111000110110000110000111011010001011110011001000011100011101100111100011101100,True,True,True,True,0,0.02045607566833496,0.007111787796020508,0.012955188751220703,0.0003750324249267578
photo_2025-05-30_18-20-13 (2).jpg,1101000011001101011011111100010000101110001100111111001100111011110000011110110000001110110011000101110101000001100110010011011010011010011100010110000111101100011001111001101101111011011100111100001100000100110001000110111000101100110100101000100110001000,1101000011001101011011111100010000101110001100111111001100111011110000011110110000001110110011000101110101000001100110010011011010011010011100010110000111101100011001111001101101111011011100111100001100000100110001000110111000101100110100101000100110001000,True,True,True,True,0,0.01985645294189453,0.00689244270324707,0.012465715408325195,0.00048351287841796875
photo_2025-05-30_18-20-27 (2).jpg,1100111111001000001111110001011000110100101101010011010000101101011100001000000111110000101101101101001011111011110100000111011011000011110100101101100111010010110000110100101011010111110000010000001101000011011101111100100000100001110010101111011101100000,1100111111001000001111110001011000110100001101010011010000101101011100001000000111110000101101101101001011111011110100000111011011000011110100101101100111010010110000110100101011010111110000010000001101000011011101111100100000100001110010101111011101100001,True,True,True,True,2,0.020235776901245117,0.0067272186279296875,0.013146162033081055,0.0003476142883300781
photo_2025-05-30_18-18-43.jpg,1100111001100101110101000010001100010101110010100001001001101110000110111001110011111011010110111110001100110011000111010000101100010000011001110111001100110101011100100111011001100000111001100000011000010001101011101011100100100010110001111110001111011001,1100111001100101110101000010001100010101110000100001001001101110000110111001110011111011010110111110001100110011000111010000101100010000011001110111001100110101011100100111011001100000111001100000011000010001101011101011100110100010110001111110001111011001,True,True,True,True,2,0.021500110626220703,0.008003950119018555,0.012984991073608398,0.00049591064453125
photo_2025-05-30_18-19-48 (2).jpg,1100110110100101110001100111010000110010011110000101100111111010100000110010000100011001100001011110111110010110000011010100101011110101011100001011101101000011110100011010101010011110001000111010110010011110111000100001010101110100111111001101001100000001,1100110110100101110001100111010000110010011110000101100111111010100100110010001100011000100000011110111110010110011011010100101011110101011100001011101101000011110100011010101010011110001000111010110010011110111000100001010101110100111111001101001100000001,True,False,True,True,6,0.022817373275756836,0.00885772705078125,0.013197183609008789,0.0007472038269042969
photo_2025-05-30_18-20-05 (2).jpg,1110101110001101101010101011110100010000011110110001001100110110010000111000010001001101111000000101011011111000000010100000101110001000000100111111001100011011111110110111111011001110111011011110000110110000110110000011000010001101010000011000111011010111,11101011100011011010101010111101000100000111101100010011001101100100001110000100010011011110000001010110111110000000101000001011100010000001001111110011000110111111101101111110110011101110110111100001101100000101100000110000100011010100000110001110110101110000111,True,True,True,False,1,0.021154165267944336,0.007718563079833984,0.012884855270385742,0.0005359649658203125
photo_2025-05-30_18-20-38 (2).jpg,1111100101001011001110000110110101100100101101000111001011100001001001101101001011010111100011101001111001101001100011100011100011011010011000111100110000111001100110011110010111001100011100011101100011100110001001100110001100110001110010010011000001000011,1111100101001011001110000110110101100100101101000111001011100001001001101101001011010111100011101001111001101001100011100011100011011010011000111100110000111000100110011110010111001100011100011101100011100110001001100110001100110001110010010011000001100011,True,True,True,True,2,0.02010488510131836,0.00666046142578125,0.013121366500854492,0.0003082752227783203
photo_2025-05-30_18-20-53.jpg,1101000010011011110011000101100110100101001101011001101100001010001101101110111010110111001101011101110010001100110010000100011000110101000100110001001101000101011011010101001111100100010111011010101101010110000110100101011000111010110101001101001011010001,1101000010011011110011000101100110100101001101011001101100001010001101101110111010110111001101011101110010001100110010000100011000110101000100110001001101000101011011010101001111100100010111011010101101010110000110100101011000111010110101001101001011010001,True,True,True,True,0,0.02053380012512207,0.00714564323425293,0.012901067733764648,0.00047278404235839844
photo_2025-05-30_18-19-30.jpg,1101011100100010100101001100011100001000110101011110011100111010111101110010101000011000111101000110100011010011111101110011100000001101101101010010110011001011110100100011110000011000111001110110100001011010111100110011100000011100100001010110100100011100,1101011100100010100101001100011100001000110101011110011100111010111101110010101000011000111101000110100011010011111101110011100000001101101101010010110011001011110100100011110000011000111001110110100101011010111100110011100000011100100001010110100100011000,True,True,True,True,2,0.020270586013793945,0.006342649459838867,0.013565778732299805,0.0003476142883300781
photo_2025-05-30_18-21-02 (2).jpg,1000000000000110100100011100110001010110111111000001111110111111001110000011000111001111000001111110011001100011011000000101000110000101110110101001110000111000101100011010111111110000001001111001011111100110001101001100000010101110000111011001111000011111,1000000000000110100100011100110001010110111111000001111110111111001110000011000111001111000001111110011001100011011000000101000110000101110110101001110000111000101100011010111111110000001001111001011111100110001101001100000010101110000111011001111000011111,True,True,True,True,0,0.021045684814453125,0.0076770782470703125,0.012997150421142578,0.00035643577575683594
photo_2025-05-30_18-21-08.jpg,1111001010110001000111011100110001001110101000100000101001100110001100010100010011010010100110011000111101000110110111100011101111111000100011100100111000001110101101100001001101100011011001101011011010011000000011010110110010001101111100101101100011110101,1111001010110001000111011100110001001110101000100000101001100110001100010100110011010010100110011000111101000110110111100011101111111000100011100100111000001110101101100001001101100011011001101011011010011000000011010110110010001101111100101001100011110101,True,True,True,True,2,0.021352767944335938,0.007774829864501953,0.012972831726074219,0.0005903244018554688
photo_2025-05-30_18-20-50 (3).jpg,1000110001100110101100111001100101001101001100111010011001101100011100110011001110001100110011001001100100100011011001101001001111001110110011001001100100110011011101101101100111001110011001000001100110010111110011001100100101110011001011001000110001100010,1000110001100110101100111001100101001101001100111010011001101100011100110011001110001101100011001001100000100011011001101011001111001110110011001001100100110011011001101101100111001110011011000001100110010111110011001100100101110011001011001000110001100010,True,False,True,True,6,0.025254249572753906,0.010164976119995117,0.014302253723144531,0.0007719993591308594
photo_2025-05-30_18-20-02.jpg,1110101101011010101010110100101001011001110101001110100110010010100011010010101001110101001001010010011001011100011010101101011011011001100101010100010010101010101001010010011010101011011101000101110111011001010101001001000101001001001101101010110110101010,1110101101011010101010110100101001011001110101001110100110010010100011010010101001110101101001010010011001011100011010101101011011011001100101010100010010101010101001010010011010101011011101000101110011011001010101001001000101001001001101101010110110101010,True,True,True,True,2,0.02071404457092285,0.007439136505126953,0.012876749038696289,0.00038313865661621094
photo_2025-05-30_18-20-55.jpg,1111001110001110110101000111000101001011001100001010010001100011100011011100110001101000110011101001101011010011100111100011000110110101100011100011001010001100011100100100110010001011001110110011000110101001110001100110110010110011101110101001011001010011,1111001110001110110101000111000101001011001100001010010001100011100011010100110001111000100011101001101011111011100111100011000010110101100011100011001010001100011100100100110010001011001110110011000110101001110001100110110010110011101110101001011001110011,True,False,True,True,7,0.020341157913208008,0.006633281707763672,0.013100624084472656,0.0005924701690673828
photo_2025-05-30_18-19-04 (2).jpg,1000000110001110101101001110000110011110011110001000111100001111110000011100001111000010011110001101001000111110110110001000011011001111000011111101010111000001110000010111000011100100011101101110000111110110111000010001100111101100000011011110011110001000,1100000110001110101101001110000110011110011110001000111100001111110000011100001111000010011110001101001000111110110110001000011011001111000011111101010111000001110000010111000011100000011111101110000111110110111010010001000111101100000011011010011110001000,True,True,True,True,6,0.021984100341796875,0.008311986923217773,0.013173341751098633,0.0004837512969970703
photo_2025-05-30_18-18-19.jpg,1010001011010110110100001111010011011010011011011010000111010110111000011010010111110101100110100110100100101000101011110001101101010110101101101011111101001000101010011001010001000000011000010001010001010010101000000010101101001111001111111001111100001101,1010001011010110110100001111010011011010011011011010000111010110111000011010010111110101100110100110100100101000101011110001101101010110101101101011111101001000101010011001010001000000011000010001010001010010101000000010101101001111001111111001111100001101,True,True,True,True,0,0.02112126350402832,0.0076634883880615234,0.012908697128295898,0.0005340576171875
photo_2025-05-30_18-21-21 (2).jpg,1000001100011101000000100000110100110101111101100000010100100001000011111111110101011100010001110100111011110000011110110001101111011101101110101001000110100000110010000100001110101101010111100110110111111101110110000110101100111111001001100001000011000100,1000001100011101000000100000110100110101111101100000010100100001000011111111110101011100010001110100111011110000011110110001101111011101101110101001000110100000110010000100001110101101010111100110110111111101110110000110101100111111001001100001000011000100,True,True,True,True,0,0.022533893585205078,0.008458614349365234,0.013517618179321289,0.0005426406860351562
photo_2025-05-30_18-18-41.jpg,1101111001000111011010000110011000100100100101110001110001100011011001110010111111101010011110000110010100101011000111101001100000111110010110110010010100101100000001011011010011001011011010001111101101000001111100000010101000100110101101010000111111010110,1101111001000111011010000110011000100100100101110001110001100011011001110010111111101010011110000110010100101011000111101001100000111110010110110010010100101100000001011011010011001011011010001111101101000001111100000010101000100110101101010000111111010110,True,True,True,True,0,0.02095341682434082,0.007657051086425781,0.012937784194946289,0.0003437995910644531
photo_2025-05-30_18-20-44.jpg,1101100101101010011001101001000111100001101101001100101001100010110110001100110100001101001100000110011001110111100111011100101100011111000011010101101010100000101101010100100101011010110001101011000101001001011110110011100111110110011001000011000101001011,1101100101101010011001101001000111100001101101001100101001100010110110011000100100001101001100000110011001110110100111011100101100011111000011010101101010100000101101010100100101011010110001101011000101001001011110110011110111110110011001000010000101001011,True,False,True,True,6,0.02575993537902832,0.01046442985534668,0.014554500579833984,0.0007257461547851562
photo_2025-05-30_18-19-20.jpg,1100010100010111000100001110100000011110100001111110010111110100111011101000100100010001001111000001110011100110111001110001100111001101101001001011000100011000011101101110011101001100110010011101101110111100101000100010011001101100111011010101100010010010,1100010100010111000100001110100000011110100001111110010111110100111011101000100100010001001111000001110011100110111001110001100111001101101001001011000100011000011101101110011101001100110010011101101110111100101000100010011001101100111011010101100010010010,True,True,True,True,0,0.02581501007080078,0.010729551315307617,0.014455795288085938,0.0006151199340820312
photo_2025-05-30_18-19-56 (2).jpg,1010110111111100110011111011011000110100111110110100101100010011010010000011011000010010010100110100001100001101000000001111100001110001111001110001011000001000111001001100100011101010000000010011100100011111111101010110110110010111111110100011011100111000,1010110111111100110111111011011000110100111110110100101100010001010010000011011000010010010100110100001100001101000000001111100001110001111001110001011000001000111001001100100011101010000000010011100100011111111101010110110110010111111110100011011100111000,True,True,True,True,2,0.02039623260498047,0.007415771484375,0.012476921081542969,0.00048828125
photo_2025-05-30_18-18-22 (2).jpg,1100011001111110110101100110111010000111010011101010101110001100101000110000110011000011000110010101100011001001101111101110000100111111010000000001000111000000001010010011100001101010011110111111101010111001100101110001001111100000101100010010101101111100,1100011001111110110101100110111010000111010011101010101110001100101000110000110011000011000110010101100011001001101111101110000100111111010000000001000111000000001010000011100101101010011110111111101010111001100101110001001111100000101100010010101101111100,True,True,True,True,2,0.01902937889099121,0.006422758102416992,0.012279033660888672,0.0003132820129394531
photo_2025-05-30_18-21-14.jpg,1100111000001110001000111000101100111000011000110011011100011100001110011110000100001110001110010111001110000111110010001100000111001101100011100110011100011001110011100011110010001110011001101001110110110001001100011100011100110001111100110011001101101100,1100111000001110001000111000101100111000011000110011011100011100001110011110000100101110001110010111001110000111110010001100000111001101100011100110011100011001110001100011110010001110011001101001110110110001001100011100011100110001111100110011001101101100,True,True,True,True,2,0.022892236709594727,0.00830841064453125,0.014243364334106445,0.00032401084899902344
photo_2025-05-30_18-17-26 (2).jpg,1001010011000011100011100010001110100010010010011001000110010100100111010101000011110011010100110011100101111110111100110101100000010110011100110110011010110110101001011010011001110101100011001110000100100100011111001101011111100100000101110011110010100110,1001010011000011100011100010001110100010010010011001000110010100100111010101000011110011010100110011100101111110111100110101100000010110011100110110011010110010101001011010011001110101100111001110000100100100011111001101011111100100000101110011110010100110,True,True,True,True,2,0.022448062896728516,0.008645057678222656,0.013115644454956055,0.00067138671875
photo_2025-05-30_18-18-05.jpg,1001000001100001011011011100010001001110001110101000001100010110011111001110000110001001011011000111010011001110000110111011100011100100000110010100111100110001100110001100111110101101110000100111100110111101001101100100100001101111000101111101001110101100,1001000001100001011011011100010001001110001110101000001100010110011111001110000110001001011011000111010011001110000110111011100011100100000110010100111100110001100110001100111110101101110000100111100110111101001101100100100001101111000101111101001110101100,True,True,True,True,0,0.02209186553955078,0.007735013961791992,0.013902425765991211,0.0004394054412841797
photo_2025-05-30_18-19-40 (2).jpg,1110100110100011110000011001011011010010100111000011001101001011001111010100101101001110001101011101010010110110111000011000011110010101101111100000011001111100011010100011100101001001010010011000111111000101001001000011111001100000011110001011001010110011,1110100110100011110000011001011011010010100111000011001101001011001111010100101101001110001101011101010010110110111000011000011110010101101111100000011001111100011010100011100101001001010010011000111111000101001001000011111001100000011110001011001010110011,True,True,True,True,0,0.020791292190551758,0.00742340087890625,0.012953758239746094,0.0003993511199951172
photo_2025-05-30_18-20-19.jpg,1001011011010110001101011110101110111010011010000101011110101001100000011000011110001000111110100101101000001110100010100011101001011010110001010010101010010100010111010110001110010011100110000100111001010110010010011010110110101110110111000101101001010011,1001011011010110001101011110101110111010011010000101011110101001100100011000011110001000111110100101101000001110100010100011101001011010110001010010101010010100010111010110001110010011100110000100111001010110010010011010110110101110010111000101101001010011,True,True,True,True,2,0.020088911056518555,0.006632566452026367,0.013134479522705078,0.00030684471130371094
photo_2025-05-30_18-18-09.jpg,1001011100010010110110010110000001100111000010110010110011011110000010000010110101101010101100110111100010001100011011001001000101111100011111111100011110111100101100000101010010110100111011110110100011010011011110110010000001100110100100111000111000111000,1001011100010010110110010110000001100111000010110010110011011110000010000010110101101010101100110111100010001100011011001001000101111100011111111100011110111100101100000101010010110100111011110110100011010011011110110010000001100110100100111000111000111000,True,True,True,True,0,0.02110123634338379,0.007886648178100586,0.01288747787475586,0.0003116130828857422
photo_2025-05-30_18-18-05 (2).jpg,1100010001100101001001110110101100011100111110101001101001011000001100111001000010111001100101000110100001111011011000100111100100110011100100100000110110111110011001100000110011100110110010111111001100110000001011011000010100101100110110111110010001111100,1100010001100101001001110110101100011100111110101001101001011000001100111001000010111001100101000110100001111011011000100111100100110011100100100000110110111110011001100000110011100110110010111111001100110000001011011000010100101100110110111110010001111100,True,True,True,True,0,0.01995396614074707,0.006800651550292969,0.012831687927246094,0.0003066062927246094
photo_2025-05-30_18-20-14.jpg,1100000100011101110111001100001100110110110111110011001100111100010011111110000111100000100111101001111100011001011000011110010001000100101001101000101000011001101100011110011000110111010001010100110010111001110000101100001010111001001011011000111100110100,1100000100011101110111001100001100110110110111110011001100111100010011111110000111100000100111101001111000011001011000011110010011000100100001101000101000011001101000011110011000110111010001110100110010111001110000101100001010111001001011011000111100110100,True,True,False,True,5,0.02051258087158203,0.006959199905395508,0.012899398803710938,0.0006392002105712891
photo_2025-05-30_18-18-08 (2).jpg,1100011010010001101111001100100111100000110011111100011111010100000111100011111001011011001101100001001101001101101100100110110010101000110001101000110101101011100000100011000111010110100111100110001010011011010001111010110000101101000011010000010110110011,1100011010010001101111001100100111100000110011111100011111010100000111100011111001011011001101100001001101001101101100100110110010101000110001101000110101101011100000100011000111010110100111100110001010011011010001111010110000101101000011010000010110110011,True,True,True,True,0,0.021158218383789062,0.007723808288574219,0.012952327728271484,0.00046706199645996094
photo_2025-05-30_18-18-18.jpg,1011001100110101110000100110110001001100110011000011100110010011100001111001001000110110110100110001111011011011010001100100110100011011010011001100100100101101001101001110010001100101100101010100111100110110011011001001000011001110110100111011001100101110,1011001100110101110000100110110001001100110011000011100110010011100001111001001000110110110100110001111011011011010001100100110100011011010011001100100100101101001101001110010001100101100101010100111100110110011011001001000011001110110100111011001100101110,True,True,True,True,0,0.020398378372192383,0.006995677947998047,0.012948036193847656,0.000438690185546875
photo_2025-05-30_18-20-42 (2).jpg,1110011111001011110011110000111000110100001101110111000011110110001110001100000011010010111000101000011100010111110000100111101000100011011110000111100011001011100011100011000000011010000110010110000110000011011100111101000111110001110011111001111000110100,1110011111001011110011110000111000110100001101110111000011110110001110011100000011010010111000101000011100010111110000100111101000100011011110010111100011001011100011100011000000011010000110010110000110000011011100111101000110110001110011111001111000110000,True,True,True,True,4,0.020223140716552734,0.006789684295654297,0.013112545013427734,0.00030541419982910156
photo_2025-05-30_18-20-25.jpg,1001100111011010100101011010010001001010001001010110101000011100011110100011100000101001010000110010010111101011111000101001011100110101001011000110101010011010110001110110100110110110101001010100100111010110001101100011101010100010010111001001111101101011,1001100111011010100101011010010001001010011001010110101000011100011110100011100000101001010000110010010111101001111000101001011100110101001011000110101010011010110001110110100110110110101001010100100111010110001101100011101010100010010111001001111101101011,True,True,True,True,2,0.01998162269592285,0.006667137145996094,0.01298975944519043,0.0003097057342529297
photo_2025-05-30_18-19-54 (2).jpg,1110010110000000111000010010001110001101001001101011111100011100101100100011110101110010111111110100101011011001000001001100101110000100110110110001110100001011011000010011001110100111000001001010111100100100010111001111010001011100111001011010001111001101,11100101100000001110000100100011100011010010011010111111000111001011001000111101011100101111111101001010110110010000010011001011100001001101101000011101000010110110000100110011101001110000010000000111010111100100100010111001111010001011100111001011010001111001101,True,True,False,True,29,0.02079463005065918,0.007153034210205078,0.012909173965454102,0.0007171630859375
photo_2025-05-30_18-19-25 (2).jpg,1000100010100100011001101100010101100111110000011001100011011010010110001001101001000110001111111100001110100110101010111101101101100101011011111010001010001011000011101101000100101001011000101100000100011001100101001010110111011110101100111100011100101101,1000100010100100011001101100010101100111110000011001100011011010010110001001101001000110001111111100001111100110101010111101101101100101011011111000001010001011000011101101000100101001011000101100000100011001100101001010110111011110101100111100011100101101,True,True,True,True,2,0.021319866180419922,0.007523536682128906,0.013433456420898438,0.0003483295440673828
photo_2025-05-30_18-20-47.jpg,1100100011100111010011011110100001111001110110010010011000111000011000011001111011100000110001001001111100111000100110000001111011011100101111100110000111101100110000111100000000100110111100010111100010110010001000110011010100010110010010011110011001111011,1100100011100111010011011110100001111001110110010010011000111000011000011001111011100000110001001001111100111000100110000001111011011100101111100110000111101100110000111100000000100110111100010111100010110010001000110011010100010110010010011110011001111011,True,True,True,True,0,0.020413637161254883,0.006708621978759766,0.01327061653137207,0.0004184246063232422
photo_2025-05-30_18-20-18.jpg,1001010010010101001110110100011000101101111011101100010001011000011110110001001010011001100011111100011111101100001111100000011001111011000010010111000100111101101101001101001110110011110001101100101100001100010010010100100110100100101100101010010100110110,100001001101010110011011010101100010011110110001001010011001100011111100011111101100001111100000011001111011000010010111000100111101101101001101001110110011110001101100101100001100010010010100100110100100101100101010010100110110,False,True,True,True,93,0.02202463150024414,0.007666349411010742,0.013395071029663086,0.0009479522705078125
photo_2025-05-30_18-17-28.jpg,1011000011111001101011111110001110011001111111110100110011011010100011000000010010100110100000000100101111100001001100100111110111001100001101110011111000010010101101001000010101011011010010001010110010100101010000010011011001101011110011101101101100001001,1011000011111001101011111110001110011001111111110100110011011010100011000000010010100110100000000100101111100001001100100111110111001100001101110011111000010010101101001000010101011011010010001010110010100101010000010011011001101011110011101101101100001001,True,True,True,True,0,0.022691965103149414,0.00868082046508789,0.013605833053588867,0.0003898143768310547
photo_2025-05-30_18-18-44 (2).jpg,1110110110110011000100100110000100010101100101001100100111011000010110110110111000100101001100101010011011011101110110001010010111010000101010101010110101100100110110110101001000011011011011011010011011001001001001011011011100100101101101010101010101001000,101011011011001100010010011000010001000110110110111000100101001100101010011011011101110110001010010111010000101010101010110101100100110110110101001000011011011011011010011011001001001001011011011100100101101101010101010101001000,False,True,True,True,96,0.022774457931518555,0.007599592208862305,0.013925790786743164,0.0012331008911132812
photo_2025-05-30_18-19-05.jpg,1001010000000000100010111110111100011110101010110011110010110101011010000101010111110000010101111010000111010101010001111100101100011111100010101011110000100100111100000010110101100001101011010011001011011111111101101001100011011010000100000100101110110000,1001010000000000100010111110111100001110101010110011110110110101011010000101010111110000010101111010000111010101010001111100101100011111100010101011110000100100111100000010110101100001101011010011001011011111111101101001100011011010000100000100101110110000,True,True,True,True,2,0.021880149841308594,0.008208990097045898,0.013154268264770508,0.0005018711090087891
photo_2025-05-30_18-19-07 (2).jpg,1000001111000001101110000001011011110101111010110110101100011110100011010111000110100011100010111011110000110010110100111100010101001111000011100101000101100001101100001001111000001000111100011101011101000110001011011010101011010010100101011011000011101001,1000001111000001101110000001011011110101111010110110101100011110100011010111000110100011100010111011110000110010110100111100010101001111000011100101000101100001101100001001111000001000111100011101011101000110001011011010101011010010100101011011000011101001,True,True,True,True,0,0.021011829376220703,0.007707357406616211,0.01297450065612793,0.00031495094299316406
photo_2025-05-30_18-20-57.jpg,1001010111000011100001000101010011100010111000011101110100011100100111111000101111110010011101000110110111100011100000010000111101110000010110000001101010100010011011000111011111001101100010011111011001111000101100000110011010001001001011111001101111000001,1001010111000011100001000101010011100010111000011101110100011100100111111000101111110010011101000110110111100011100000010000111101110000010110000001101010100010001011000111011111001101100010011111011001111000111100000110011010001001001011111001101111000001,True,True,True,True,2,0.021314144134521484,0.0075228214263916016,0.013395547866821289,0.0003807544708251953
photo_2025-05-30_18-20-49.jpg,1110000010010100000011101010111110101111000001011001010101001010110000000101010110110100101111101001111100111010100100110001010011100100001111010011011000111000010000100111100011010110011010011111111000101011111111101001010100010010011100001001001010110101,1110000010010100000011101010111110101111000001011001010101001010110000000101010110110100101111101001111100111010100100110001010011100100001111010011011000111000010000100111100011010110011010011111111000101011111111101001010100010010011100001001001010110101,True,True,True,True,0,0.020539045333862305,0.006955385208129883,0.013244152069091797,0.0003228187561035156
photo_2025-05-30_18-19-38.jpg,1100000101000110101100011111110101100111001110010100100001100110010000111000110010001110111010011001110010001110110100110011110101100110110011111110110010011000100111011010001011110001000011000010001100001001010011011111101011011111100000000001100100001111,1100000101000110101100011111110101100111001110010100100001100110010000111000110010001110111010011001110010011110110100110011110101110110110011111110110010011000100111011010001011110001000011000010001100001001010011011111101001011101100000000001100100001111,True,True,True,True,4,0.02194690704345703,0.00816035270690918,0.013301610946655273,0.0004687309265136719
photo_2025-05-30_18-20-05.jpg,1110101101011010101010110100101001011001110101001110100110010011100011010010101001110101101001010010011001001100011010101101001011011001100101010100010010101010101001010010011010101011011101100101110011011001010101001001000101001001001101101010110110101010,1110101101011010101010110100101001011001110101001110100110010011100011010010101001110101001001010010011001001100011010101101001011011001100101010100010010101010101001010010011010101011011101100101110011011001010101001001100101001001001101101010110110101010,True,True,True,True,2,0.02068328857421875,0.00744938850402832,0.012906789779663086,0.00031185150146484375
photo_2025-05-30_18-19-58 (2).jpg,1000000011100110111110110011100011010101001000011000000011000111011110111001100111101100001101101001110001111010011110011000100101100010110001111001001100011010001111000111010111101010011100100101111110001000001100001000111110100111110110010001110000100100,1000000011100110111110110011100001010101001000011000000011000111011110111001100111101100001101101001110001111010011110011000100101100010110001100001001100011010001101000111010110101100011100100101111110001000001100001000111110100111110110010001110000100100,True,True,False,True,7,0.0211179256439209,0.007414817810058594,0.012899160385131836,0.0007886886596679688
photo_2025-05-30_18-19-41.jpg,1001100110001010100110011011111111101000000000000010011011101010001101100000010100000010111011010111111001001110001000100111010111111010001100101101010111101111111011100100000000010000101111110011101101011011000010011011000000110110100101011110011001101010,1001100110001010100110011011111111101000000000000010011011101010001101100000010100000010111011010111111001001110001000100111010111111110001100101101010111111111101011100100000000010000101101110011101101111011000010011011000000110110100101011110011001001010,True,True,True,True,6,0.021576642990112305,0.007975578308105469,0.013108015060424805,0.0004775524139404297
photo_2025-05-30_18-18-08 (3).jpg,1100001001100101011001110001001001111110101000100001010011101111101111011001110010101010101011010000010110010000101111110000000101111110000001110100111011111110000000111111101000010101111011000001111100001000100110010001001101100100110011010001100110110011,1100001001100101011001110001001001111110101000100001010011101111101111011001110010101010101011010000010110010000101111110000000101111110000001110100111011111110000000111111101000010101111011000001111100001000100110010001001101100100110011010001100110110011,True,True,True,True,0,0.020538330078125,0.007305145263671875,0.012908697128295898,0.0003097057342529297
photo_2025-05-30_18-20-22 (2).jpg,1111101011100010111010011010001011101000110110111010001100001111001001110000011011100110000111001000110001111000110011110011000010111100010100011100110101100011100101000110010011001101110001110001110101010011010110010000111011010101001110101000001101101000,1111101011100010111010011010001011101000110110111010001101001111001001110000011010100110000111001000110001111000110011110011000010111100010100011100110101100011100101000110010011001101110001110001110101010011010110010000111011010101001110101000001101101000,True,True,True,True,2,0.020656824111938477,0.006600618362426758,0.013617753982543945,0.00042319297790527344
photo_2025-05-30_18-21-13 (2).jpg,1111100001011010111011000101111100101010011000001010000011110000001001011011100111010001111100001000010110101111100111111000101111011010110000010000010110000001110101111100000000000110110001111011110110100001110100001010011110011111000001111011000101110110,1111100001011010111011000101111100101010011000001010000011110000001001011011100111010001111100001000010110101011100111111000101111011010110000010000010110000001110101111100000000000110110001111011110110100001110100001010011110011111000001111011001101110110,True,True,True,True,2,0.020331859588623047,0.006601810455322266,0.013401031494140625,0.0003135204315185547
photo_2025-05-30_18-20-26 (2).jpg,1100100011001000101100110011011010001111110010011111011001001110001010111110001100001001100100111000001011111100111111100000001110100001111111010111110110000000011000000001111101100011111000000001110010000100100111101001011110000000000110001111101111111010,1100100011001000101100110011011010001111110010011111011001001110001010111110001100001001100100111000001011111100111111100000001110100001111111010111110110000000011000000001111101100011111000000001110010000100100111101001011110000000000110001111101111111010,True,True,True,True,0,0.021466732025146484,0.007988452911376953,0.012982368469238281,0.0004801750183105469
photo_2025-05-30_18-18-24.jpg,1100100011101001011111011010111000011010000101100110000101111001000000011010010101000000010101101001100100110001011101011001011111110110001001000011000110011100111101011111100101011110011111010110011111011001101010100110010100101011011000101000101000100010,1100100011101001011111011010111000011010000101100110000101111001000000011010010101000000010101101001100100110001011101011001011111110110001001000011000110011100111101011111100101011110011111010110011111011001101010000110010100101011011001101000101000100010,True,True,True,True,2,0.022591352462768555,0.009088993072509766,0.013094425201416016,0.0003921985626220703
photo_2025-05-30_18-18-28 (2).jpg,1001010100000111101101010000011110101000101001101010001010111111010110110010100101101001111110101001010101000001111100000001010011000001111101001111111010011101000000000110001101111110101110101010000001011000100001111110011111110010000101001101010001111001,1001010000000111101101010000011110101000101001101010001010111111010110110010100101101001111110101001010101000001111100000001010011000001111101001111111010011101000000010110001101111110101110101010000001011000100001111110011111110010000101001101010001111001,True,True,True,True,2,0.02053523063659668,0.007147550582885742,0.012962102890014648,0.0004107952117919922
photo_2025-05-30_18-19-54.jpg,1011100111010011100011101010110000001110001101000110100101110011011010011000101110010110100001101001001111000100011010101011100101100100011100111001100101100110010010101010110010000101010111011101101110101010011001101001001110010100110101010001101100101010,1011100111010011100011101010110000001110001101000010100101110011011010011000101110010110100001001001001111000100011010101011100101100100011100111001100111100110010010101010111010000101010111011101101110101010011001101001001110010100110101010001101100101010,True,True,True,True,4,0.020603179931640625,0.007141828536987305,0.012858390808105469,0.0005884170532226562
photo_2025-05-30_18-20-06.jpg,1101010000110010110010101101111101110000100000100000110000101110011011101101101100001100001010110011111010011100111000000000001111001111101111100110100100000000001001111011111111001011000110000010010110111111011110100100000010100001011011101000111011100111,1101010000110010110010101101111101110000100000100000110000101110011011101101101100001100101010110011111010011100111000000000001111001111101111100110100100000000001001111011111111001011000010000010010110111111011110100100000010100001011011101000111011100111,True,True,True,True,2,0.021159887313842773,0.0075681209564208984,0.013262510299682617,0.0003142356872558594
photo_2025-05-30_18-17-21.jpg,1011110101110011111001101000111000110011011011011100110010110010110100101100111111010011001010011100001101100110110000000111000001100100100110101001000111001011110001011000110010011011011010110110110000100000001100010110111101100110000110110111100110000000,1011110101110011111001101000111000110011011011011100110010110010110100101100111111010011001010011100001101100110110000000111000001100100100110101001000111001011110001011000110010011011011010110110110000100000001100010110111101100110000110110111100110000000,True,True,True,True,0,0.0211637020111084,0.007324934005737305,0.013510465621948242,0.0003132820129394531
photo_2025-05-30_18-19-32.jpg,1100010100111010110100011100001111110101100111111000111000110100010010100000000101111100001100100100110001000110011110111000100100101000100000111110110101000000001110111110011101010011100101110011100101101111111110010001110000010011101101001011010000010111,1100010100111010110100011100001111110101100111111000111000110100010010100000000101111100001100100100110001000110011110111000100100101000100000111110110101000000001110111110011101010011100101111011100101101111111110010001110000010011101101001011010000010110,True,True,True,True,2,0.02059769630432129,0.007754802703857422,0.012398958206176758,0.00042748451232910156
photo_2025-05-30_18-20-36.jpg,1010000000010010001101010100011110100001011011010101011001011110100100110101111011001101001110011100010100111000110011001110010000110001111010100011101111010110001001111010100001100110110010111100011010011001001110001100011010011001101111000011001110011001,1010000000010010001101010100011110100001011111010101011001011110100100110101111011001101001110011100010100111000110011001110010000110001111010100011101111010110001001110010100001100110110010111100011010011001001110001100011010011001101111000011001110011001,True,True,True,True,2,0.02091240882873535,0.0074803829193115234,0.013098478317260742,0.0003185272216796875
photo_2025-05-30_18-19-52.jpg,1011110111011110100001100010110111100010010101111001010111010001110000100011101110111010100110001000101001011011101011010010000111000010100101000011011100011010111010111100001100011011010010010011010101111001011001000011000111111110010100000010001101010010,1011110111011110100001100010110111100010010101111001010111010001110000100011101110111010100110001000101001011011101011010010000111000010100101000011011100011010111010111100001100011011010010010011010101111001011001000011000111111110010100000010001101010010,True,True,True,True,0,0.02060389518737793,0.007251262664794922,0.012861490249633789,0.0004763603210449219
photo_2025-05-30_18-21-18 (2).jpg,1011110000111010011110001111100010111011110001111001000100001101100000111010011101111000100111101100100101110101100001110111111011110100100111000100101100000101110111001001011000010110000000001111001100011110010011111110100011000110010001010000111000100000,1011110000111010011110001111100010111011110001111001000100001101100000111010011101111000100111101100100101110101100001110111111011110100100111000100101100000101110111001001011000010110000000001111001100011110010011111110100011000110010001010000111000100000,True,True,True,True,0,0.02518606185913086,0.010174036026000977,0.014409780502319336,0.0005867481231689453
photo_2025-05-30_18-20-29.jpg,1101001111000110101000100001001110111101101110000000011111100100100100101111010011011100100100011100000111101100000111000010110010101111010011011010001101011000101111010001001111111111100100101010010001111010111001011100011010100001001001010001010000101011,1101001100000110101001100001001110111101111110000000011111100100100100101111010011011100100100011100000111101100000111000010110010101111010011011010001101011000101111010001001111111111100100101010010001111010111001011100011010100001001001010001010000001011,False,True,True,True,5,0.026900768280029297,0.00846242904663086,0.017681598663330078,0.0007393360137939453
photo_2025-05-30_18-18-25.jpg,1100111111010101101010010101111010010100001000011111000110010110101001110100010000001111011011110110101000110011111110000110011101000001100010010010111001101110101101011001101011100010011001111100101110001001000110110011000101010000010101100001010011100010,1100111111010101101010010101111010010100001000001111000110010110101001110100010000001111011011110110101000110011111110000110011101000001100010010010111001101110101101011001101011100010011001111100101110001001000110110011100101010000010101100001010011100010,True,True,True,True,2,0.02230238914489746,0.007798194885253906,0.01411747932434082,0.00036978721618652344
photo_2025-05-30_18-20-22.jpg,1100010011000000110111010101010001110100011010100010000111100000101001111110000010010110000101000001101101001110010001110011110001001101011010001000110110100011001011111001011000101110010110101101011011100111011111111100111000110110000010011011011101100101,1100010011000000110111010101010001110100011010100010000111100000101001111110000010010110000101000001101101001110010001110011110001001101011010001000110110100011001011111001011000101110010110101101011011100111011111111100111000110110000010011011011101100101,True,True,True,True,0,0.022611379623413086,0.008410930633544922,0.013522624969482422,0.0006616115570068359
photo_2025-05-30_18-20-20 (2).jpg,1100110011001001100100110011100000010011011001100001010110110000110100010010111100010111111010101111111110111011000011001010011011100111011100000110000001010010111110100100101110000010010010010111110001100111110000011010011101111101100100000000001100111110,1100110011001001100100110011100000010011011001100000010110110000110100010010111100010111111010101111111110111011000011001010011011100111011100000110000001010010111110100100101110000010010010010111110001100111110000011011011101111101100100000000001100111110,True,True,True,True,2,0.022336244583129883,0.008421182632446289,0.013194084167480469,0.0007045269012451172
photo_2025-05-30_18-21-22 (2).jpg,1100100100110011110010010001110100110011110001000011010010100011100111011010101111010010110101101110001011001001110011000000101100111111001101100100101101101111101000010111000010100101111110000011101111000100010110101110011010100101000000110111011000001000,1100100100110011110010010001110100110011110001000011010010100011100111011010101111010010110101101110001011001001110011000000101100111111001101100100101101101111101000010111000010100101111110000011101111000100010110101110011010100101000000110111011000001000,True,True,True,True,0,0.022432565689086914,0.0078046321868896484,0.014286994934082031,0.0003249645233154297
photo_2025-05-30_18-20-08 (2).jpg,1001000100010111000011101011101101001110110011000110001001000100111100110011011011110000011110110011100101101101101011000110110011101110000110110010011000110111100000000011111101111110000011100001111100000001110101111000001101101001111000001001000011110000,1001000100010111000011101011101101001110110010000110001001000100111100110011011011110000011110110011100101101101101011000110110011101110000110110010011000110111100000000011111101111110000011100001111100000001110101111000001101111001111000001001000011110000,True,True,True,True,2,0.022587299346923828,0.00716090202331543,0.015000104904174805,0.0004107952117919922
photo_2025-05-30_18-19-08 (2).jpg,1001010101000110110100000111110100010110000111010011101111000011110000011111111010001110000110110001110010011001011100001111011011101101000101111100111100001011001100001001001000110000111101100001101100110001101110010110111111000010011001001101001000110000,10010101010001101101000001111101000101100001110100111011110000111100000111111110100011100001101100011100100110010111000011110110111011010001011111001111000010110011000010010010001100001111011000000100001101100110001101110010110111111000010011001001101001000110000,True,True,False,True,31,0.023811817169189453,0.008645057678222656,0.014245033264160156,0.0009052753448486328
photo_2025-05-30_18-19-47.jpg,1111111000111001100111110000010010001100011101001111011000001011101111010111101011101000111101100111000000100000100000011101111111010000100010110100000111111101111100100010000111000001111010100110000001010110001100011010000001010001110110110110111110010100,1111111000111001100111110000010010001100011101001111011000001011101111010111001011101000111101100111000000100000100000011101111111010000100011110100000111111101111100100010000111000001111010100110000001010110001100011010000001010001110110110110111110010100,True,True,True,True,2,0.022524118423461914,0.008394718170166016,0.013577938079833984,0.0005359649658203125
photo_2025-05-30_18-17-20 (2).jpg,1110110100110000010110100110110011111111100000010001110001000110100101010110101101101011010101000001010110101000010110111101001001011010000110001011100010101101100001010011100001010010110101010111100010101110001111001110000110000111010100110100011110111101,11101001000100000101101001101100111111110000000100011100010001100000101100101010110101101101011010101000001010110101000010110111101001001011010000110001011100010101101100001010011100001010010110101010111100010101110001111001110000110000111010100110100011110111101,False,True,True,True,96,0.023698091506958008,0.008556365966796875,0.01458287239074707,0.00054168701171875
photo_2025-05-30_18-20-25 (2).jpg,1001010100000100110100011101100001000001000101001001011101101010001100011011111110001000011111010100111011001110011101101010111100000001110101010000110101111110110111111111000111111100110000101101100001101100010011100010101111001000000001110111000001000110,100101010000010011010001110110000100000100010100100101110110101000110001101111111000100001001101010000000001110101010000100101111110110111111111000111111100110000101101100001101100010011100010101111001000000001110111100001000110,True,False,True,True,65,0.023346900939941406,0.00815272331237793,0.014352798461914062,0.0008244514465332031
photo_2025-05-30_18-17-30.jpg,1100110001100100100000101111000010010101111100001011011110101011101101110000100100110000101011100010000001111100010001010110000001100110011101110100111100000111011111100000001111011111100110110011000000010010110000001101101000010110111101111010111111110001,1100110001100100100000101111000010010101111100001011011110101011101101110000100100110000101011100010000001111100010001010110000001100110011101110100111100000111011111100000001111011111100110110011000000010010110000001101101000010110111101111010111111110001,True,True,True,True,0,0.022436141967773438,0.008363485336303711,0.013343334197998047,0.000713348388671875
photo_2025-05-30_18-21-21.jpg,1101111000111100011010000110000100101011110000111010011110011110001001010000011111100100011111001111010000111000100111100010000011101000001011111000110011100001000111001011010111011000110001001001100011010110100111101100011011000001110111101011100110001100,1101111000111100011010000110000100101011110000111010011110011110001001010000011111100100011111001111010000111000100111100010000011101000001011111000110011100001000111001011010111011000110001001001110011010110100111101100011011000000110111101011100110001100,True,True,True,True,2,0.02059340476989746,0.007144451141357422,0.013125419616699219,0.0003082752227783203
photo_2025-05-30_18-19-46 (2).jpg,1110011001001100111001100110010011000110011010001000010011001101000011001011010100001001100110110111110110010011010100111010101000010111000111001110010011001101101101100100010110100100001010001100111111001001011000001001111101011111101110000101100111100011,1110011001001100111001100110010011000110011010001000010011001101000011001011010100001001100110110111110110010011010100111010101000010111000111001110010011001101101101100100010110100100001010001100111111001001011000001001111101011111101110000101100111100011,True,True,True,True,0,0.020882606506347656,0.0076372623443603516,0.01291966438293457,0.0003108978271484375
photo_2025-05-30_18-19-00.jpg,1010010100001000001101010101101110000011110101010101011001001001110101001011010111111101001011000010101101011010100100110001000110010110110001100011111010110111011011011011100100100011000010101010000101010010111111011110100111101000000101011000101010010110,1010010101001000001101010101101110000011110101010101011001001001110101001011010111111101001011000010101101011010100100110001000110010110110001100011111010110111011011011011100100100011000010001010000101010010111111011110100111101000000101011000101010010110,True,True,True,True,2,0.02068305015563965,0.0074198246002197266,0.012897014617919922,0.00035071372985839844
photo_2025-05-30_18-18-03.jpg,1110000101000101001101110011111000010010110110011100101011100101110011000011111000111011010110100100110011000111100001001010000111110011001100011101101001000110000001001100110001101011001110111111000000111000000100110111011000111100110001111010000110011011,1110000101000101001101110011111000010010110110011100101011100101110011000011111000111011010110100100110011000111100001001010000111110011001100011101101001000110000001001100110001101011001110111111000000111000000100110111011000111100110001111010000110011011,True,True,True,True,0,0.021616220474243164,0.006982326507568359,0.014296531677246094,0.0003228187561035156
photo_2025-05-30_18-17-29.jpg,1010010101101001010001100000111100010110110000111111110100110100010010010011111000101100110010001100101111100001100011100111100111001001100000111110000111100001110000011011111011001001100011011100001111000011100100100011011010110110000011111001100011010011,1010010101101001010001100000111100010110110000111111110100110100010010010011111000101100110010001100101111100001100011100111100111001001100000111110000111100001110000011011111011001001100011011100001111000011100100100011011010110110000011111001100011010011,True,True,True,True,0,0.023793458938598633,0.00943136215209961,0.01386713981628418,0.00048041343688964844
photo_2025-05-30_18-21-01.jpg,1111000010111000110000111000111010101111011000111000011101110001100011010101110000101000010101010100101101100011110011010110101000101100010101110110110010001001110010110100001011000011001010110001100110101011011001011000100110001100110101011101011100101011,1111000010111000110000111000111010101111011000111000011101110001100011010101110000101000010101010100101101100011110011010110101000101100010101110110110010001001110010110100001011000011001010110001100110101011011001011000100110001100110101011101011100101011,True,True,True,True,0,0.020654916763305664,0.007117033004760742,0.013202190399169922,0.00032019615173339844
photo_2025-05-30_18-20-21.jpg,1001001010000001000000011000001010111011010100111101010100101000000101011111111001010010101101110100110011000011010110100110001001100010101011010111101011100110011010101100011100110010011111110111001000110110001110110001010101111011001101010101001100010101,1001001010000001000000010000001010111011010100111101010100101000000101011111111001010010101101110100110011000011010110100110001001100010101011010111101011100110011010101100011100110010011111110111001000110110001110110001010101111011001111010101001100010101,True,True,True,True,2,0.020740509033203125,0.007317066192626953,0.013086795806884766,0.0003211498260498047
photo_2025-05-30_18-19-32 (2).jpg,1001000100011100101000001100101011100010011001101001111000110011010110111010100101011111001010011011111100000001011011011100111001100110111101101011100101110110100100011011100101010001100111010110101011100111100010110100010011011010000000110000100110100000,10010001000111001010000011001010111000100110011010011110001100110101101110101001010111110010100110111111000000010110110111001110011001101111011010111001011101101001000110111001010100011001110100000100110101011100111100010110100010011011010000000110000100110100000,True,True,False,True,32,0.022072553634643555,0.008220911026000977,0.01309061050415039,0.0007457733154296875
photo_2025-05-30_18-20-50.jpg,1001001100110000011010101100111000111101101101100111001001100011010010010100100000001001101001110010010010010101001001101101101011100111001001001100110000110100100110011101011011011100110110011100011001101001011101100110011010011001100110101101110010011011,1001001100110000011010101100111000111101101101100111001001100011010010010100100000001001101001110010010010010101001001101101101011100111001001001100110000110100100110011101011011011100110110011100011001101001011101100110011010011001100110101101110010011011,True,True,True,True,0,0.02075672149658203,0.0073473453521728516,0.012933731079101562,0.0004603862762451172
photo_2025-05-30_18-18-41 (2).jpg,1101111100111110001100110110011111001010000101101100110000111000011100111100001101101011011001101100100110010111001110011101111100110000000001011100111010110000100010000101101101101110001011110010001000000011100111100001100000110000111011110110001001010100,1101111100111110001100110110011111001010000101101100110000111000011100111100001101101011011001101100100110010111001110011101111100110000000001011100111010110000100010000101101101101110001011110010001000000011100111100001100000110000111011110110001001010100,True,True,True,True,0,0.02059197425842285,0.0072515010833740234,0.012933969497680664,0.00039076805114746094
photo_2025-05-30_18-18-21.jpg,1100010100001110110100000011000110001000111100010010111100001110010100001111001110111000100011001000010100111000010011101111011110111000110001001110010100111000100010101010100101110010110101111101010100101000101010101001110100011011010101101111110011101011,1100010100001110110100000011000110001000111100010010111100001110010100001111001110111000100011001000010100111000010011101111011110111000110001101110010100111000100010101010100101110010110101111101010100101000101010101001110100011011010101101111110011101001,True,True,True,True,2,0.021116971969604492,0.007852554321289062,0.012898683547973633,0.00035071372985839844
photo_2025-05-30_18-20-45.jpg,1110000001011100111000000101010110000101010101111010010100101111100001101010111011111110101111001001001000110011100110100100101000011011110110001111001001011101101010110111000110011001011010110111110010000001001000011110111101000100100001100101010001001010,1110000001011100111000000101010110000101010101111010010100101111100001101010111011111110101111001001001000110011100110100100101000011011110110001111001001011101101010110111000110011001011010110111110010000101000000011110111101000100100001100101010001001010,True,True,True,True,2,0.024428606033325195,0.007321596145629883,0.0162198543548584,0.000858306884765625
photo_2025-05-30_18-20-55 (2).jpg,1110101111000101101010010101101010110100001011010001011010001011111100001101000001010111100001011001101001011010110010010111010011001001010110100110000111000011100101110010101111001011000011010010111100000101011110001010110010001101110110101101011100000101,1110101111000101101010010101101010110100001011010001011010001011111100001101000001010111100001011001101001011010110010010111010011001001010110100110000111000011100101110010101111001011000011010010111100000101011110001010110010001101110110101101011100000101,True,True,True,True,0,0.026859521865844727,0.008501052856445312,0.01779341697692871,0.0005459785461425781
photo_2025-05-30_18-19-21.jpg,1100001000100010100111001001000100001010111111101100001000110001011110011000100111100111111010101000001011110101010011001010101011110101010100000001101110100100110001110010110001101101110110011101001111101010000101010001101101001010100011111101011100101001,1100001000100010100111001001000100001010111111101100001000110001011110011000100111100111111010101000001011110101010011001010101011110101010100000001101110100100110001110010110001101101110110011101001111101010000101010001101101001010100011111101011100101001,True,True,True,True,0,0.021601200103759766,0.007442951202392578,0.013649940490722656,0.0004916191101074219
photo_2025-05-30_18-20-11 (2).jpg,1000001001001111101001000011000010100001100001000111100000011001011111100000001001010111110010001000110111101010101100010111111100101010111111000110001001110111110011001010111111010011011011100111110110110001000111100001011011001110010100011100011010000100,1000001001001111101001000011000010100001100001000111100000011001011111100000001001010111110010001000110111101010101100010111111100101010111111000110001001110111110011001010111111010011011011100111110110110000001111100001011011001110010100011100011010000100,True,True,True,True,2,0.021317720413208008,0.007756948471069336,0.01305532455444336,0.0004904270172119141
photo_2025-05-30_18-17-20.jpg,1101010101000110100110100000111011100001101000000101010011110100101110101101110110101110010001110100011100110111110100111001001000101000011010101000110000100111111011110011011100000101110001101100010100011001101101001000101000010111110000101101100111010011,1101010101000111100110100000111011100001101000000101010011110100101110101101110110101110010001110100011100110111100100111001001000101000011010101000110000100111111011110011011100000101110001101100010100011001101101001000101000010111110000101101100111010011,True,True,True,True,2,0.02215719223022461,0.00877070426940918,0.012995243072509766,0.0003764629364013672
photo_2025-05-30_18-20-35.jpg,1011111101100010100111101001010011010010000001000110110101101011010001001011001101100010100110000110110000101000110000111110010001101011010111110100010110010011011100111101000001111010011001100101111101101100010001101111100000010110001111000011111100100100,1011111101100010100111101001010011010010000001000110110101101011010001001011001101100010100110000110110000101000110000111110010001101011010111110100010110010011011100111101000001111010011001100101111101101100010001101111100000010110001111000011111100100100,True,True,True,True,0,0.02256298065185547,0.007807016372680664,0.014162302017211914,0.0005757808685302734
photo_2025-05-30_18-19-45.jpg,1000000000011111101111110110010101110110101100000111100011101100000011001011000100010111000011101000001111110011100100011000111000111100100101000110100010111001010110100001101000011111000010110011011011000110010011111011000100111011001110001010101111101100,1000000000011111101111010110010101110110101100000111100011101100000011001011000100010111000011101000001111110011100100111000111000111100100101000110100010111001010110100001101000011111000010110011011011000110010011111011000100111011001110001010101111101100,True,True,True,True,2,0.02238750457763672,0.00826883316040039,0.013504505157470703,0.0005974769592285156
