Image Name,Computed Full Hash,Extracted Full Hash,WM Present (Top Left),WM Present (Top Right),WM Present (Bottom Left),WM Present (Bottom Right),Total Hamming Distance,E2E_time,Fingerprinting_time,wm_time,ECC_time
WhatsApp Image 2025-05-29 at 21.39.07 (1).jpeg,1100000001100110111111010010110100101010110111000010100001100011011011101001110101000100011011100100101110110001001111010010110100101011011010100101001001000101010101000100001110100110101111101110010000110111110101111010000001110010011001100111011011000001,1100000001100110111111010010110100101010110111000010100001100011011011101001110101000100011011100100101110110001001111010010110100101011011010100101001001000101010101000100001110100110101111101110010000110111110101111010000001110010011001100111011011000001,True,True,True,True,0,0.33597350120544434,0.08642864227294922,0.24894976615905762,0.0005686283111572266
WhatsApp Image 2025-05-29 at 21.30.53 (1).jpeg,1001010001000100101010111011100101010101111000100101101000011111001001011111001011110000100010110100111101010000111100001010111100011111010100111111000110001101110010000101001000110111101001111101100000011010110000110010011101111100110000000010000110011101,1001010001000100101010111011100101010101111000100101101000011111001001011110001011110000100010110100111101010000111100001010111100011111010100111111000110001101110010000101001000110111101001111101100000011010110001110010011101111100110000000010000110011101,True,True,True,True,2,0.044289588928222656,0.0208737850189209,0.022638559341430664,0.0007531642913818359
WhatsApp Image 2025-05-29 at 21.36.02.jpeg,1000101000000101001010000001111111000000010111110110011101111000111100000011100001000111110010100111010100101011100011100110000001110001001011101001110011111110110011001101100101110100001011001100011001010111001111010111011100100010110110011000100101101100,1000101000000101001010000001111111000000010111110110011101111000111100000011100001001111110010100111010100101011100011100110000001110001001011101001110011111110110011001101100101110100001011001100011001010111001111000111011100100010110110011000100101101100,True,True,True,True,2,0.038759708404541016,0.018666982650756836,0.01962423324584961,0.0004477500915527344
WhatsApp Image 2025-05-29 at 21.30.13 (1).jpeg,1011111010010100100100111001111000010011011010010001110011101010010010010001111000011111011110011111010010001001110010011001010001100010011011000010001001110110001111110000010001001111000011101000110011011000100010010111110111001001101110010010101111100011,1011111010010100100100111001111000010011011010010001110011101010010010010001111000011111011110011111010010001001110010011001010001100010011011000010001001110110001111110000010001001111000011101000110011011000100010010111110111001001101110010010101111100011,True,True,True,True,0,0.03682589530944824,0.0187833309173584,0.01726245880126953,0.0007610321044921875
WhatsApp Image 2025-05-29 at 21.33.59.jpeg,1001101111000000110000000011001111111100000110000011001101100000100011001101101111110111110000000100011000110110001010001001100000111000101100111101111111010110011100110011011110101100111111001011010001010000010110110111111101001001000111010010001001000111,1001101111000000110000000011001111111100000110000011001000100000100011011101101111110111110000000100011000110110001010001001100000111000101100111101111111010110011100110011011110101100111111001011010001010000010110110111111101001001000111110010001001000111,True,True,True,True,4,0.04854893684387207,0.022586822509765625,0.025518178939819336,0.00042438507080078125
WhatsApp Image 2025-05-29 at 21.37.07.jpeg,1000010001110110111110101010000111100001111101010101011100011010000110100000110100100101111100001101001110001010111110011101110101110110001101100010011001000010101000011101100101011110101101101111000000000010111000011100000100100110001101010011101001111110,1000010001110110111110101010000111100001111101000101011100011010000110100000110100100101111110001101001110001010111110011101110101110110001101100010011001000010101000011101100101011110101101101111000000000010111000011100000100100110001101010011101001111110,True,True,True,True,2,0.03853631019592285,0.02070450782775879,0.017186641693115234,0.0006251335144042969
WhatsApp Image 2025-05-29 at 21.33.16 (1).jpeg,1000010011001010110110010110010101100011001101100100110101011011000111001110101010000011001001011000011001010101111100001000101001110111000010100000111001110101100100001000111010101101101010101110011101110011011100101101111100111101101010001000110100110001,1000010011001010110110010110010101100011001101100100110101011011000111001110101010000011001001011000011001010101111100001000101001110111000010100010111001110101100100001000111010001101101010101110011101110011011100101101111100111101101010001000110100110001,True,True,True,True,2,0.03825855255126953,0.017668724060058594,0.020120620727539062,0.0004513263702392578
WhatsApp Image 2025-05-29 at 21.34.02 (1).jpeg,1101000110111001001000011110000011010111100000110011000100111001000011111001000001100000101110010111110000000100101010000101111110111010000110101101001110100100000001101011111111001110110010010111010010101110011111101100111101100011011001000010101101011001,1101000110111001001000011110000011010111100000110011000100111001000011111001000001100000101110010111110000000100101010000101111110111010000110101101001110100100000001101011111111001110110010010111010010101110011111101100111101100011011001000010101101011001,True,True,True,True,0,0.03611135482788086,0.01770639419555664,0.017943620681762695,0.0004439353942871094
WhatsApp Image 2025-05-29 at 21.39.11.jpeg,1110100010000100011110100001111000110101011110100011010111100000110001101001010010100001100001110000111101010010100001111011010101101000101011010010011111010100100001100111111111000111001111110010101010001010001000011011000110001111110111001000011110100011,1110100010000100011110100001111000100101011110100011010111100000110001101001010010100001100001110100111101010010100001111011010101101000101011010010011111010100100001100111111111000111001111110010101010001010001000011011000110001111110111001000011110100011,True,True,True,True,2,0.024668216705322266,0.00989675521850586,0.014299154281616211,0.00045490264892578125
WhatsApp Image 2025-05-29 at 21.34.52.jpeg,1011001110001101110001001101110010010001110111100010001001111001010010001001110000100011111100100100011111000111110110111000000110100110011011111100110110001011000101100111010100110110110011010100001100000011001101100100011011000101000100111101100100110110,1011001110001101110001001101110010010001110111100010001001111001010010001001110000100011111100100100011111000111110110111000000110100110011011111100110110001011000101100111010100110110110011010100001100000011001101100100011011000101000100111101100100110110,True,True,True,True,0,0.034667253494262695,0.018717527389526367,0.015445232391357422,0.00048732757568359375
WhatsApp Image 2025-05-29 at 21.36.40.jpeg,1101000011100101101101101001011100111011011011000100100011001010110010110011011100101101001100110010110001001100110101100100100110010010101101110011100010110010011011001101001010000101110011101100000001111101001111010010010100101101001110010100101100101010,1101000011100101101101101001011100111011011011000100100011001010110010110011011100101101001100110010110001001100110101100100100110010010101101110011100010110010011011001101001010000101110011101100000001111101001111010010010100101101001110010100101100101010,True,True,True,True,0,0.037201881408691406,0.01624894142150879,0.02044057846069336,0.0004942417144775391
WhatsApp Image 2025-05-29 at 21.39.00 (1).jpeg,1101100110011001100110011001100110100110000001110110011001001001001001111110000011001000110000111100111001100110110011110010010000110000111010001110000111100111100111110011001100011110011111100111000011100100011100111001100100100111000110010110010001100110,1101100110011001100110011001100110100110000001110110011001001001001001111110000011001000110000111100111001100110110011110010010000010000111010011110000111100111100111110011001100011110011111100111000011100100011100111001100100100111000110010110010001100110,True,True,True,True,2,0.028765439987182617,0.0124053955078125,0.015972614288330078,0.0003707408905029297
WhatsApp Image 2025-05-29 at 21.34.02.jpeg,1001000010100101111000110101101000101101010110101001010010100101011000100101101010001001010010101011011010100101011011100101101010001001011010101011011110100101011011100101101011001001010011101011010110110101011000100101001001001001010011101001110110110101,1001000010100101111000110101101000101101010110101001010010100101011000100101101010001001010010101011011010100101011011100101101010001001011010101011011110100101011011100101101011001001010011101011010110110101011000100101001001001001010011101001110110110101,True,True,True,True,0,0.03319716453552246,0.016396045684814453,0.016414165496826172,0.000370025634765625
WhatsApp Image 2025-05-29 at 21.38.08.jpeg,1000111111000011000011111100001101110000011111111111000000111100000000000001100000011111000000010001111111000011111001111100011111100000011110000111100001111100000111111111111110001111100001111100000000000111000000000001111101111101111000001111111001000000,1000111111000011000011111100001101110000011111111111000000111100000000000001100000011111000000010001111111000011111001111100011111100000011110000111100001111100000111111111111110001111100001111100000000000111000000000001111101111101111000001111111001000000,True,True,True,True,0,0.03737950325012207,0.017224550247192383,0.019748210906982422,0.00038933753967285156
WhatsApp Image 2025-05-29 at 21.30.12.jpeg,1010011111000010111010100101101010011001001011000110010010100111111001000001100111000001101111011100111101000001100011011000100010011001001111111100000010011100100000011111110010010111011011010010111000001011000011100110001110011110010001111001110011010101,1010011111000010111010100101101010011001001011000110010010100111111001000001100111000001101111011100111101000001100011011000100010011001001111111100000010011100100000011111110010010111011011010010111000001011000011100110001110011110010001111001110011010101,True,True,True,True,0,0.03261733055114746,0.016930103302001953,0.015272855758666992,0.000396728515625
WhatsApp Image 2025-05-29 at 21.37.37 (1).jpeg,1101100101001010011110001000110010001010101111010001111101001010000110101110000001100001011111110110011110000010100001101011010011001100010100001001101011010010001110011110010111111010000111100011001000111111011011000110010110110110100000111100010011000111,1101100101001010011110001000110010001010101111010001111101001010000110101110000001100001011111110110011110000010100001101011010011001100010100001001101011010010001110011110010111111010000111100011001000111111011011000110010110110110100000111100010011000111,True,True,True,True,0,0.03238558769226074,0.015494823455810547,0.01642322540283203,0.00045037269592285156
WhatsApp Image 2025-05-29 at 21.38.12.jpeg,1000011011010101011010110001010101101001010100000000111010001010100101110010111010010101111111111111000101001111110110101010011000010010000000110010110111010111000001011111010101010100001000111011101101100011111100100001110111010110100100001100000010110100,1000011011010101011010110001010101101001010100000000111010001010100111110010111010010101111111111111000101001111110110101010011000010010000000110010110101010111000001011111010101010100001000111011101101100011111100100001110111010110100100001100000010110100,True,True,True,True,2,0.04248666763305664,0.020470380783081055,0.0216064453125,0.00039124488830566406
WhatsApp Image 2025-05-29 at 21.37.43 (1).jpeg,1001010101010011010100000011111101000100111100000010011000111110000110011000000101001110110010110111001100110001000010001001100110101010110011110111100101111111111100010101101001011001001001110110011100100110010100010010100101100001111101110101110110101000,1001010101010011010100000011111101000100111100000010011000111110000110011000000101001110110010110111001100110001000010001001100110101010110011110111110101011111111100010101101001011001001001110110011100100110010100010010100101100000111101110101110110101100,True,True,True,True,4,0.03967118263244629,0.02320551872253418,0.01599717140197754,0.0004508495330810547
WhatsApp Image 2025-05-29 at 21.34.34.jpeg,1000000101100011100000111110100010110110100111001011111000110100110110011010000001001110100100110001010010011011110100010111000011001000110011000110110001001101001110100100111010000101111010100110001110110011010110100100111101011001111101010010011001110111,1000000101100011100000111110100010110110100111001011111000110100110110011010000001001110100100110001010010011011110100010111000011001000110011000110110001001101001110100100111010000101111010100110001010110011010110100100111101011001111101010110011001110111,True,True,True,True,2,0.034265756607055664,0.015634536743164062,0.018112659454345703,0.0005004405975341797
WhatsApp Image 2025-05-29 at 21.34.54 (1).jpeg,1011000110101111100100001001010010000111111111000101111000000100110111001011111001111101111100010101010010100011010101101111111100101010111011000011101001111111000010000010011101000010001001111010101000010101010100000001001100111100000100110000011100011011,1011000110101111100100001001010010000111111111000101111000000100110111001011111001111101111100010101010010100011010101101111111100101010111011000011101001111111000010000010011101000010001001111010101000010101010100000001001100111100000100110000011100011011,True,True,True,True,0,0.040053367614746094,0.024367570877075195,0.015294790267944336,0.0003726482391357422
WhatsApp Image 2025-05-29 at 21.33.56.jpeg,1001010110001100101000100111001101100000110011000001110110001100101101110011001111101000110011000100000011001110001101110011001110001111110110001110000001000110000110011010110110011111001100111100101011000110011110001100110100110101001110001000111111010011,1001010110001100101000100111001101100000110011000001110110001100101101110011001111101000110011000100000011001110001101110011001110001111110110001110000001000110000110011010110110011111001100111100101011000110011110001100110100010101001110101000111111010011,True,True,True,True,2,0.030365467071533203,0.014712095260620117,0.01526641845703125,0.000370025634765625
WhatsApp Image 2025-05-29 at 21.39.02.jpeg,1101111101000011000011101001001101101000000000000100101010101101101101001011011001110000101010101011111101011010111100111101001000101101110111010001011011011111111000110100010100010111000010000110101000000101001101010111100000100110011111011100001101000110,1101111101000011000011101001001101101000000000000100101010101101101101001011011001110000101010101011111101011010111100111101001000101101110111010001011011011111111000110100010100010111000010000110101000000101001101010111100000100110011111011100001101000110,True,True,True,True,0,0.023694753646850586,0.009517908096313477,0.013804435729980469,0.00035500526428222656
WhatsApp Image 2025-05-29 at 21.39.07.jpeg,1001101000010000110101011110111101001000011011001010011110011000011101001010100110101010110101101111011001001010100110100101000101010011010000110010100011011011110110110100110111010011011010110101110101100111011000011010100100101101001001000110001000101010,1001101000010000110101011110111101001000011011001010011110011000011101001010100110101010110101101111011001001010100110100101000101010011010000110010100011011011110110110100110111010011011010110101110101100111011000011010100100101101001001000110001000101010,True,True,True,True,0,0.025731325149536133,0.009752511978149414,0.015460968017578125,0.0004923343658447266
WhatsApp Image 2025-05-29 at 21.37.40 (1).jpeg,1110110110101101110100100101001010010101010110110001111010100110111110110101010010010101010110110110001010110111010011100101011011011000000010001001000101101001101110111100001111110011100010100000011100100101000011000110010110110001110100101100001110000010,1110110110101101110100100101001010010101010110110001111010100110111110110101010010010101010110110110001010110111010011100101011011011000000010001001000101101001101110111100001111110011100010100000011100100101000011000110010110110001110100101100001110000010,True,True,True,True,0,0.04315519332885742,0.02025008201599121,0.02249312400817871,0.0003943443298339844
WhatsApp Image 2025-05-29 at 21.39.25.jpeg,1100000001011111111100000000001100001111001000001101000111111110001111000001111110001001111000000011011001111101110011111001001000110000111011000110110010011011011110110110000010001110010011110011100111100001001001101100110001010001100100111100111001101100,1100000001011111111100000000001100001111001000001101000111111100001111000001111110001001111000000011011001111101110011111001001000110000111011000110110010011011011110110110000010001110010011110011100111100001001001101101110001010001100100111100111001101100,True,True,True,True,2,0.025676965713500977,0.011461973190307617,0.013840913772583008,0.00035691261291503906
WhatsApp Image 2025-05-29 at 21.39.28.jpeg,1111000011100001011100011100111001001111001110111001111000110000110011001000111010011011101100111101101100001011100110100011000000111100110011100110011001110000100011001000001110011001111011101001100100011000011000100111010010001011101000111001001001011110,1111000011100001011100011100111001001111001110111001111000110000110011001000111010011011101100111101101100001011100110100011000000111100110011100110011001110000100011001000001110011001111011101001100100011000011000100111010010001011101000111001001001011110,True,True,True,True,0,0.02384042739868164,0.009897708892822266,0.01343393325805664,0.0004887580871582031
WhatsApp Image 2025-05-29 at 21.36.11 (1).jpeg,1001011000011110101100101100111000100001110000011010010000111000111101000110000001100001010001111000011111000100100111111101010001111000011100001110100011101011101001111000111101001111100100111000110010111000111100011011100001110011100110010010001100111101,1001011000011110101100101100111000100001110000011010010000111000111101000110000001100001010001111000011111000100100111111101010001111000011100001110100011101011101001111000111101001111100100111100110010110000111100011011100001110011100110010010001100111101,True,True,True,True,2,0.02634119987487793,0.012428760528564453,0.013343095779418945,0.000553131103515625
WhatsApp Image 2025-05-29 at 21.36.38.jpeg,1110000110001100111011010010110001100101100011011010011100101001100100110011000101110011001100010011001100110001101000101101011011001100111001101100110011101100110011000100110011011100110001111100110011100110001100111011100100110010000110010111001100110000,1110000110001100111011010010110001100101100011011010011100101001100100110011000101110011001100010011001100110001101000101101011011001100111001101100110011101100110011000100110011011100110001111100110011100110001100111011100100110010000110010111001100110000,True,True,True,True,0,0.02779865264892578,0.012502193450927734,0.014934539794921875,0.0003466606140136719
WhatsApp Image 2025-05-29 at 21.30.43.jpeg,1110001011110010101100000011111000110010010000000110010100011001000011110101111001001100111000011100100111001111000111111011100010011111001000010011111001001100101100000101100110010110110100111100011010010110000101101001110011001001100111110001111001100011,1110001011110010101100000011111000110010010000000110010100011001000011110101111001001100111000011100100111001111000111111011100010011111001000010011111001001100101100000101100110010110110100111100011010010110000101101001110011001001100101111001111001100011,True,True,True,True,2,0.0324397087097168,0.01638031005859375,0.015622377395629883,0.00042057037353515625
WhatsApp Image 2025-05-29 at 21.35.30.jpeg,1001001001011011100000000111001101101001101001100111110000101100001111110000110110011111000111100100101101010010001001111101001000010000110100011111100011100111111011000011001001000111000110011111101100001101101110011100010000110100111100000001110000111101,1001001001011011100000000111001101101001101001100111110000101100001111110000110110011111000111100100101101010010001001111101001000010000110100011111100011100110111011000011001001000111000110011111101100001101101110011100010001110100111100000001110000111101,True,True,True,True,2,0.03111410140991211,0.015824317932128906,0.014859676361083984,0.00041413307189941406
WhatsApp Image 2025-05-29 at 21.32.48 (1).jpeg,1001010000000011001110110100101010110100000001010100100000011010100000000101000100000101111111111011101110000110010101010001111000110101111100010101010110000110111101111011110010000010101000011101111101010111011101011101101111111010101110011001000100010101,1001010000000011001110110100101010110100000001010100100000011010100000000101000100000101111111111011101110000110000101010001111010110101111100010101010110000110111101111011110010000010101000011101111101010111011101011101101111111010101110011001000100010101,True,True,True,True,2,0.03472757339477539,0.018802165985107422,0.0155487060546875,0.00036072731018066406
WhatsApp Image 2025-05-29 at 21.30.22.jpeg,1011111010111100011000100110011111000011010010000001111101100000110111001000011101011010001111001000111011110000011110011000000110011101000101100001000111011001110110001001000111001011100101101001100100111000101111110011001110001010011100111101101000100100,1011111010111100011000100110011111000011010010000001111101100000110111001000011101011010001111001000111011110000011110011000000110011101000101101001000111011001110110001001000111001011100101101001100100011000101111110011001110001010011100111101101000100100,True,True,True,True,2,0.02529120445251465,0.011126041412353516,0.013819456100463867,0.0003304481506347656
WhatsApp Image 2025-05-29 at 21.37.33.jpeg,1110011000010101111001010101010101101111111000100110101011101010010011000111010110001000111010110101101010000110010100111000001011111100100001101111010111001100000000010101111000000101010111001110110100011001001010101001100000000011111111001011101010000111,1110011000010101111001010111010101101111111000100110101011101010010011000111010110001000111010110101001010000110010100111000001011111100100001101111010111001100000000010101111000000101010111001110110100011001001010101001100000000011111111001011101010000111,True,True,True,True,2,0.034590959548950195,0.019177913665771484,0.014961481094360352,0.0004355907440185547
WhatsApp Image 2025-05-29 at 21.39.32.jpeg,1000011101010000010001101100110110010011000001011111110100110110011011001011010000001010110010110101001011001010111001010000111011111001101100011010011001111100010110001110001100010011001000111010110110011100111001110001011010100100111110011001101000100011,1000011101010000010001101100110110010011000001011111110100110110011011001011010000001010110010110101001011001010111001010000111011111001101100011010011001111100010110001110001100010011001000111010110110011100111001110001011010100100111110011001101000100011,True,True,True,True,0,0.03179788589477539,0.015882253646850586,0.015543222427368164,0.0003561973571777344
WhatsApp Image 2025-05-29 at 21.33.19.jpeg,1100100001101101111100101111011011110100100100110111100100011001111010110100110001000010110011001001011010000110001101000010001100100011001100111100101101010101110011001101010100011100100011011011010101101110001101110110101011100101000100101010010100010001,1100101001101101111100101110011011110100100100110111100100011001111010110100110001000010110011001001011010000110001101000010001100100011001100111100101101010101110011001101010100011100100011011011010101101110001101110110101011100101000100101010010100010001,True,True,True,True,2,0.03949165344238281,0.021218061447143555,0.017683029174804688,0.0003631114959716797
WhatsApp Image 2025-05-29 at 21.39.09.jpeg,1111001110010111000111111111111011000001011000111101100000011000101111100000000011000101100000001100000011111001110010001000111111000011000010110111010101110000100011110111000000101110110001111000110101011001100110011100010111000000111101110110011000101110,1111001110010111000111111111111011000001011000011101100000011000101111100000010011000101100000001100000011111001110010001000111111000011000010110011010101110000100011110111010000101110110001111000110101011001100110011100010111000000111101110110011000101110,True,True,True,True,4,0.03754401206970215,0.021224498748779297,0.015809059143066406,0.0004940032958984375
WhatsApp Image 2025-05-29 at 21.38.15.jpeg,1000111101001101101011010111111000110100111100101110010100101101100100111000101100111100101100011001111100100100110101000001010101010100110100100011010010000101110010101101100010010010101001001101110010100111001100110001000011101100110101101010101010010110,1000111101001101101011010111111000110100111100101110010100101101100100111000101100111100101100011001111100100100110101000001010101010100110100100011010010000101110010101101100010010010101001001101110010100111001100110001000011101000110101101010101010010111,True,True,True,True,2,0.02390313148498535,0.009917020797729492,0.013567686080932617,0.0004019737243652344
WhatsApp Image 2025-05-29 at 21.34.03.jpeg,1000001100001100111110001101001001010100111101101010100101111100011111100010001111010110001100011000001011111000010011010010110110110101001111001011001110100100001111010010110011001000010101010011011011010010010011110001001011100111001110010000011111010100,1000001100001100111110001101001001010100110101101010100101111100011111100010001111010110001100011000001011111000010011010010110110110101001111001011001110100100001111010010110011001000010101010011011011010010010011110001001011100111001110010100011111010100,True,True,True,True,2,0.03104710578918457,0.014809846878051758,0.01586294174194336,0.00035762786865234375
WhatsApp Image 2025-05-29 at 21.35.01 (1).jpeg,1000110010110001100011101010010100110001110010010101111011000001111100010011110000110110111001001111100110010001010010111001000111001001010110110101101101001101011111000100001001010101101111011101110101010010110011000101101000110011010100100010000001101110,1000110010110001100011101010010100110001110010010101111011000001111100010011110000110110111001001111100110010001010010111001000111001001010110110101101101001101011111000100001001010101101111011101110101010010110011000101101000110011010100100010000001101110,True,True,True,True,0,0.030486106872558594,0.01521611213684082,0.014908075332641602,0.00034618377685546875
WhatsApp Image 2025-05-29 at 21.30.56 (1).jpeg,1000001001011001110011000100010110110111011010110101100011101111001011001110001110010110111011010101100100101111101011001000011000000011111001111000100110010100110000001100110000000000001111100010110110001001110001001100110010011001111111110100110110110101,1000001001011001110011000100010110110111011010110101100011101111001011001110001110010110111011010101100100101111101011001000011000000011111001111000100110010100110000001100110000000000001111100010110110001001110001001100110010011001111111110100110110110101,True,True,True,True,0,0.03325653076171875,0.01750659942626953,0.015298604965209961,0.00043487548828125
WhatsApp Image 2025-05-29 at 21.39.35 (1).jpeg,1000110110001001010010000001010101010101011000010011011111101110100010101110110101100010000000011011011101010100100111001111111101011010100111100100101110000001101100111111000110111000011110100110110010101011011000110000101101011011000101010100110011000010,1000110110001001010010100001010101010101011000010011011111101110100010101110110101100010000000011011011101010100100111001111111101011010100111100100101110000000101100111111000110111000011110100110110010101011011000110000101101011011000101010100110011000010,True,True,True,True,2,0.03398609161376953,0.018590688705444336,0.014951705932617188,0.0004284381866455078
WhatsApp Image 2025-05-29 at 21.34.58.jpeg,1001010010010010100001001010011111111001100011010010011001010010000011110001111111110001110000100001100000111011001101011100101011011000001110010000011110001111111110011011001100101100100111011000011101100111011110011100100010000110011101000100111110001001,1001010010010010100001001010011111111001100011010010011001010010000011110001111111110001110000100001100000111011001101011100101011011000001110010000011110001111111100011111001100101100100111011000011101100111011110011100100010000110011101000100111110001001,True,True,True,True,2,0.035746097564697266,0.020357370376586914,0.014928102493286133,0.00044417381286621094
WhatsApp Image 2025-05-29 at 21.33.28.jpeg,1010111100100000101111111100000000010010110111011100000000111111110101000110101010110110110100001000000100011111100100011110110101111110110100000100011100010011001100010010010100111110010110001100110110000111100100011011111111010010010110101100110100000101,1010111100100000101111111100000000010010110111011100000000111111110101000110101010110110110100001000000100011111100100011110110101111110110100000100011100010011001100010010010100111110010110001100110110000111100100011011111111010010010110101100110100000101,True,True,True,True,0,0.03474855422973633,0.01801323890686035,0.016299009323120117,0.0004203319549560547
WhatsApp Image 2025-05-29 at 21.33.23 (1).jpeg,1101001100110000100000100011000011101100110011111100110111001110111110011100111110110011010100101001110011110001101101101000000000110111001101100010010110011111101100001100110010100000011100001000010110011101100000011110110010101101101001101111100000100001,1101001100110000100000100011000011101100110011111100110111001110111110011100111110110011010100101001110011110001101101101000000000110111001101100010010110011111101100001100110010100000011100001000010110011101100000011110110010101101101001101111100000100001,True,True,True,True,0,0.03619980812072754,0.01981496810913086,0.01586294174194336,0.0005059242248535156
WhatsApp Image 2025-05-29 at 21.34.31 (1).jpeg,1000011001100010111110101001011000001101111110101110111000010001001101100101111011000111100111000100100000101110110001101100001000100111101111011011100011001111011110011001100000101100111100011101001000101001001010111110011000110011000010101000110000100101,1000011001100010111110101001011000001101111110101110111000010001001101100101111011000111100111000100100000101110110001101100001000100111101111011011100011001111011110011001100000111100101100011101001000111001001000111110011000111011000010101000100000100101,True,True,True,True,6,0.034508705139160156,0.019147396087646484,0.014903545379638672,0.00044155120849609375
WhatsApp Image 2025-05-29 at 21.35.38 (1).jpeg,1100001010001010111010101010001010001011011101010001100101010101111100110101010111110011011111100000011001000010101101001100101011110100110011100001011110011110101001010011001110110100101100110100010110100110000101010010011010110101001001001110000010101101,1100001010001010111010101010001010001011011101010001100101010101111100110101010111110011011111100000011001000010101101001100101011110100110011100001011110011110101001010011001110110100101100110100010110100110000101010010011010110101001001001110000010101101,True,True,True,True,0,0.03354024887084961,0.018266677856445312,0.014781475067138672,0.0004763603210449219
WhatsApp Image 2025-05-29 at 21.35.41 (1).jpeg,1101011101110101110010001000001000001000100010100001011101111101100011000010001011101000100011110101011101111101100101101110000011101101111101110111100010001101000101101110000010000111011101110110100010001111000100100111000110010111011100001110100010001010,1101011101110101110010001000001000001000100010100001011101111101100011000010001011101000100011110101011101111101100101101110000011101101111101110111100010001101000101101110000010000111011101110110100010001111000100100111000110010111011100001110100010001010,True,True,True,True,0,0.03159594535827637,0.01499629020690918,0.016238689422607422,0.0003452301025390625
WhatsApp Image 2025-05-29 at 21.33.23.jpeg,1101001110101000111101000011011000111100001111110010001110011100110110110010101010101011000100101111001100000000110000110000001010001101111000101111011111100011011110111000101000011001101100110000001100111010000001110011110111111110000000101110000011100101,1101001110101000111101000011011000111100001111110010001110011100110110110010101010101011000100101111001100000000110000110000001010001101111000101111011111100011011110111000101000011001101100110000001100111010000001110011110111111110000000101110000011100101,True,True,True,True,0,0.032796382904052734,0.01748490333557129,0.01495814323425293,0.0003383159637451172
WhatsApp Image 2025-05-29 at 21.36.41.jpeg,1100000001111100011000000111011000110111100011101001101110000001001001111001100011111011001111010000011110110001000111100111111111101000011000110001010010000000001110001111001101100011011001111001100010000011101100111111010110011001011011000001001011001011,1100000001111100011000000111011000110111100011101001101110000000001001111001100011111011001111010000011110110001000111100111111111101000011000110001010010000000001110001111001101100011011001111001100010100011101100111111010110011001011011000001001011001011,True,True,True,True,2,0.03368258476257324,0.01827406883239746,0.014982223510742188,0.0004105567932128906
WhatsApp Image 2025-05-29 at 21.33.20 (1).jpeg,1100101010001010110110001111010110110101000101010110010110101110000011010100000011010010011111100001101010000011100111011111010101010110000101010110110001100010100101110001110101000011111111000001000000000010110110011001101101101100101011101011011111110000,1100101010001010110110000111010110110101000101010110010110101110000011010100000011010010011111100001101010000011100111011111010101010110000101010110110001100010100101110001110101000011111111000001000000000010110110011011101101101100101011101011011111110000,True,True,True,True,2,0.03378796577453613,0.017818927764892578,0.015599966049194336,0.0003521442413330078
WhatsApp Image 2025-05-29 at 21.32.13 (1).jpeg,1000111001100111100100011000100100101101100100000001101001101110111110000110101000100001000000011111011111001001000011101111110110101111001101001001111001100111111100000100110100001110101000011111001010101001010011011111101000010000110001000110111011010101,1000111001100111100100011000100100101101100100000001101001101110111110000110101000100001000000011111011111001001000011101111110110101111001101001001111001100111111100000100110100001110101000011111001010101001010011011111101000010000110001000110111011010101,True,True,True,True,0,0.031845808029174805,0.016508817672729492,0.014979124069213867,0.0003421306610107422
WhatsApp Image 2025-05-29 at 21.36.11.jpeg,1000101111110100001000000000111000110101000010100100111111111001111110000000000101100101101101111100000110110100001111100000001001001100111111100011100111001001101001110101001110010110101001011011011101101100100010101001010101011001101100110100101101110010,1000101111110100001000000000111000110101000010100100111111111001111110000000000101100101101101111100000110110100001111100000001011001100111111100011100111001001001001110101001110010110101001011011011101101100100010101001010101011001101100110100101101110010,True,True,True,True,2,0.03487277030944824,0.019191980361938477,0.015182018280029297,0.0004832744598388672
WhatsApp Image 2025-05-29 at 21.32.20 (1).jpeg,1001011110011000001011101101110110010000011010111110101100101100100001001110111011101010000100001011011010111000011010011111110110010110000000001100111101110010011100001100111011010110101001111100100011011001000100010110011000100110100110101101100000110100,1001011110010000001001101101111110010000011011111110101100101100100001001110111001101010001001001011011010111000011010010111010010010110000000001100111101110010011100001100111011010110101001111100100011011001000100010110011000100110100110101101100000110100,False,False,True,True,11,0.035817623138427734,0.019800186157226562,0.01517796516418457,0.0008230209350585938
WhatsApp Image 2025-05-29 at 21.32.09.jpeg,1101110001101110111110111001100110100010010100010101111100100011111001000100110000011010110011100010000100111001110101111011000100111010010111101000010011000101110100110011101000111001011101111000000011000011110101100110110000101001100101101000000110011001,1101110001101110111110111001100110100010010100010101111100100011111001000100110000011010110011100010000100111001110101111011000100111010010111101000010011000101110100110011101000111001011101111000000011000011110101100110110000101001100101101000000110011001,True,True,True,True,0,0.03445005416870117,0.017544984817504883,0.016530513763427734,0.00035858154296875
WhatsApp Image 2025-05-29 at 21.36.39.jpeg,1001000010100110111100100011100001101011010111011100110101000111000111011101001011001101001010010011010010111001101001011010110101100101001001010100110011100101010010010110011100101001110110100111000100001000001100011101110000110110110011011111110000010101,1001000010100110111100100011100001101011010111011100110101000111000111011101001011001101001010010011010010111001101001011010110101100101001001010100110011100101010010010110011100101001110110100111000100001000001100011101110000110110110011011111110000010101,True,True,True,True,0,0.030669212341308594,0.015265703201293945,0.015047788619995117,0.00033926963806152344
WhatsApp Image 2025-05-29 at 21.39.53 (1).jpeg,1101101100100110110110110110010011100100110110110110010011011011111011001001101110011011010110011001101101101101101100100110110000100100011001000010110110110110100010010011001100011001100110010000011011011001001001101100100000100011001101100011001100100100,1101101100100110110110110110010011100100110110110110010011011011111011001001101110011011010110011001101101101101101100100110110000100100011001000010110110110110100010010011001100011001100110010000011011011001001001101100100000100011001101100011001100100100,True,True,True,True,0,0.029353618621826172,0.014273405075073242,0.014671802520751953,0.0003921985626220703
WhatsApp Image 2025-05-29 at 21.39.11 (1).jpeg,1100111011000111011110000011111110100011100000001011011101000001010010001000000010001000001111111101111110111011111101111100110000111000001011001001010100010011110000011100110001001100001100111110001001011011001100100010111111111101110001001100110011000000,1100111011000111011110000011111110100011100000001011011101000001010010001000000010001000001111111101111110111011111101111100110100111000001011001001010100010011110000011100110001001100001100111110001001011011001100100010101111111101110001001100110011000000,True,True,True,True,2,0.0346989631652832,0.018637895584106445,0.015569925308227539,0.0004737377166748047
WhatsApp Image 2025-05-29 at 21.36.10.jpeg,1101100100110011100011101110001000011110110011010001100110100100100001001110000111100011110110001110001111101000010001110100010011110001100011000011110001100001000111101010101000010001110100111011100011110011111010011110110011110010100101001001110000111010,1101100100110011100011101110001000011110110011010001100110100100100001001110000111100011110110001110001111101000010001110100010011110001100011000011110001100001000111101010101000010001110100111011100011110011111010011110110011110010100101001001110000111010,True,True,True,True,0,0.03328442573547363,0.017037630081176758,0.015622615814208984,0.0006072521209716797
WhatsApp Image 2025-05-29 at 21.30.54 (1).jpeg,1100111000010000110011001000101011110100110010011111100111010001101111010011100110111111101110010011111101100110000011110011011110000111111001101000000111000110010000001110000101111000001000001011100000011000100111100001010001101111000001100110111110000011,1100111000010000110011001000101011110100110010011111100111010001101111010011100110111111101110010011111111100110000011110011011110000111111001101000000111000110010000001110000101111000001000001011100000001000100111100001010001101111000001100110111110000011,True,True,True,True,2,0.042028188705444336,0.019258975982666016,0.02198314666748047,0.0007662773132324219
WhatsApp Image 2025-05-29 at 21.39.12 (1).jpeg,1000111010101010101011001100111000101001010010110011101100101001101101101011000001010010101100100111001100111001011010010011001110101100001110011001100001011010101110001100111000111100101011001100010010110110000111100100101010011011010010111011011100100001,1000111010101010101011001100111000101001010010110011101100101001101101101011000001010010101100100111001100111001011010010011001110101100001110011001100001011110101110001100111000111100101011001100010010110110000111100100101010011011010010110011011100100001,True,True,True,True,2,0.03468775749206543,0.0183408260345459,0.015928268432617188,0.0004019737243652344
WhatsApp Image 2025-05-29 at 21.38.13 (1).jpeg,1111111010000000111010101010000010000001011111011000010101011111000111011001000001011111111000100101001010101000011100001001011100101101011101100110001111111000110101011000101000010100001110111010111100000001010010101101110110011100001111111001110100100100,1111111010000000111010101010000010000001011111011000010101011111000111011001000001011111111000100101001010101000011100001001011100101101011101100110001111011000110101011000101000010100001110111010111100000001010010101101110110011100001111111001110101100100,True,True,True,True,2,0.03704094886779785,0.019679546356201172,0.016865253448486328,0.0004742145538330078
WhatsApp Image 2025-05-29 at 21.39.55 (1).jpeg,1110101000001111111101011011001000110001111110101001001011101101000100111000010111001101110101100101011000001100110011100101001010001010011101010011000110011010100110000100001111010111010110001000100110000110011101100001100111011101100010001000111001110101,1110101000001111111101011011001000110001111110101001001011101101000100111000010111001101110101100101011000001100110011100101001010001010011101010011000110011010100110000100001111010111010110001000100110000110011101100001100111011101100010001000111001110101,True,True,True,True,0,0.02967095375061035,0.010792732238769531,0.018370628356933594,0.0004892349243164062
WhatsApp Image 2025-05-29 at 21.39.57 (1).jpeg,1111100101101110110011000001000100111111111111110011000000001000001000111011010000011110011011001001100011011011000011111100100000001100001101101100111110110110001000000010010101100110010111110110011011011000100110011011011110011001001111001100100100100001,1111100101101110110011000001000100111111111111110011000000001000001000111011010000011110011011001001100011011011000011111100100000001100001101101100111110110110001000000010010101100110010111110110011011011000100110011011011110011001001111001100100100100001,True,True,True,True,0,0.029314517974853516,0.013210296630859375,0.01569056510925293,0.0003962516784667969
WhatsApp Image 2025-05-29 at 21.39.50.jpeg,1001001111001010000001100011111100111111011101000110010111001010001111001000011101001010101111001001101100100011011000001100100001001011001011000100110101101010010011111000010010000101001110001100110110110011101101000111011101111100101010110011001011001100,1001001111001010000001100011111100111111011101000110010111001010001111001000011101001010101111001001101100100011011000001100100001001011001011000100110101101010010011111000010010000101001110001100110110110011101101000111011101111100101010110011001011001100,True,True,True,True,0,0.03782057762145996,0.01652836799621582,0.020893573760986328,0.0003821849822998047
WhatsApp Image 2025-05-29 at 21.37.38.jpeg,1101000010100101110001001101001100101111001111110110011010001110010100001100111110010001011100111010100001111111010010100001011100010010001110010001000111101100111111001110111011101111011100110010001100010001101000001000110001100000010010100101001101110011,1101000010100101110001001101001100101111001111110110011010001110010100001100111110010001011100111010100001111111010000100001111100010010001110010001000111101100111111001110111011101111011100110010001100010001101000001000110001100000010010100101001101110011,True,True,True,True,2,0.051886558532714844,0.017815351486206055,0.03362131118774414,0.0004305839538574219
WhatsApp Image 2025-05-29 at 21.34.00.jpeg,1010101111110101111010100111010011001011010011011000100001001111100101101010111010001101110000101001000001101011011001101101110001001001010010111111001000110111001001100101001000101101101001001001011001011010001100010100110111110011010010100111001000001001,1010101111110101111010100111010011001011010011011000100001001111100101101010111010001101110000101001000001101011011001101101110001001001010010111111001000110111001001100101001000101101101001001001011001011010001100010100110111110011010010100111001000001001,True,True,True,True,0,0.029523134231567383,0.01390695571899414,0.01524209976196289,0.0003571510314941406
WhatsApp Image 2025-05-29 at 21.33.18 (1).jpeg,1100000101011110110001001011100001111011011000101110101100000110101111000001110101110000100001101110111110000011011010000001101000011110101010000011001111100000111001111101101011001011011100010001111010101110001100000001111011000011011001010100111000001111,1100000101011110110001001011100001111011011000101110101100000110101111000001110101110000100001101110111111000011011010000001101000011110101010000011001111100000111001110101101011001011011100010001111010101110001100000001111011000011111001010100011000001111,True,True,True,True,4,0.036714792251586914,0.018496990203857422,0.01778125762939453,0.00041985511779785156
WhatsApp Image 2025-05-29 at 21.37.15 (1).jpeg,1110111001001101110010010011001011000001111110101011011010001101001101111010000101001100101000010110110000011101001010010111100011111001010001101001001110110000010010110011000001111100100111010010110011001011111001100010111100100011101001001101100010110100,1110111001001101110010010011001011000001111110101011011010001101001101111010000101001100101000010110110000011101001010010111100011111001010011101001001110110000010010110011000001111100100111010010110011001001111001100010111100100011101001001101100010110100,True,True,True,True,2,0.035883426666259766,0.01956486701965332,0.015799760818481445,0.0005030632019042969
WhatsApp Image 2025-05-29 at 21.33.55.jpeg,1101010010010001100011001001010110000111010011110000011110110010111000100111111010110101000101000010001101000101011010011110010010011001010011110110000000000001101111011111000111111011001100010111000011111000101011101001100100011101100100001111101001111100,1101010010010001100011001001010110000111010011110000011110010010111000100111111010110101000101000010001101000101011010011110010010011001110011110110100000010001101110011111000111111011001100010111000011111000101011101001100100011101100100001111101001111100,True,True,False,True,5,0.03780341148376465,0.021942138671875,0.015091657638549805,0.0007536411285400391
WhatsApp Image 2025-05-29 at 21.36.07 (1).jpeg,1001010100001101100001100011110100111101101001010011100111000101001011001110110001001100110001110110110011001011010011011011110001100101000111101100010110001100100101001100000110010111011010010001001111100111100110111010001011000011001100100001001111110010,1001010100001101100001100011110100111101101001010011100111000101001011001110110001001100110001110110110011001011010011011011110001100101000111101100010110001100100101001100000110010111011010010001001111100111100110111010001011000011001100100001001111110010,True,True,True,True,0,0.040019989013671875,0.02425980567932129,0.015194416046142578,0.0005502700805664062
WhatsApp Image 2025-05-29 at 21.39.02 (1).jpeg,1001011010101010010010010101101111101101101010011001001010010010110101010110110101101010100101000101101101001000010010011011010001001010000010110101101001100100011010010111011101001001100111010110100100011110010001011100011000101001111010110110101011101110,1001011010101010010010010101101111101101101010011001001010010010110101010110110101101010100101000101101101001000010010011011010001001010000010110101101001100100011010010111011101001001100111010110100100011110010001011100011000101001111010110110101011101110,True,True,True,True,0,0.038832902908325195,0.02072763442993164,0.017726898193359375,0.00036215782165527344
WhatsApp Image 2025-05-29 at 21.39.00.jpeg,1011110000111000111010010110100101010110110100101110000110100101000101100101101011111011100001111001011001111000010110110000111010011100011011010000000110111000110110100110000110000101100111101101100011100011001001010001110100110001111001010110001010010011,1011110000111000111010010110100101010110110100101110000110100101000101100101101011111011100001111001011001111000010110110000111010011100011011010000000110111000110110100110000110000101100111101101100011100011001001010001110100110001111001010110001010010011,True,True,True,True,0,0.0234067440032959,0.009426593780517578,0.013545989990234375,0.00041794776916503906
WhatsApp Image 2025-05-29 at 21.39.31 (1).jpeg,1001111010111100111000010111100011100000011000111110010100010101111001011110001101111000110100101010000100101011100010010100011100100000100011110011000110000110110000110001110011100011100111001111011101011100001000111001110010011111011101001011101000101000,1001111010111100111000010111100011100000011000111110010100010101111001011110001101111000110100101010000100001011100010010100011100100000100011110011000110000110110000110001110011100011100111001011011101011100001100111001110010011111011111001011101000101000,True,True,True,True,4,0.024351835250854492,0.010201454162597656,0.013733148574829102,0.0004017353057861328
WhatsApp Image 2025-05-29 at 21.30.43 (1).jpeg,1001010110101101100001010010011111101010010000101101100001001100110011011001101111010111110100100101001001101110011100100101100100111101110110100000110110100110000000111011001000110001100100100011100111001010001011000110010000001111001111011000011110011111,1001010110101101100001010010011111101010010000101101100001001100110011011001101111010111110100100101001001101110011100100101100100111101110110100000110110100110000000111011001000110001100100100011100111001010001011000110010000001111001111011000011110011111,True,True,True,True,0,0.030925750732421875,0.015342950820922852,0.015121221542358398,0.00044608116149902344
WhatsApp Image 2025-05-29 at 21.34.31.jpeg,1001000001001011100110000111101110001000110110110101100100011001100010111111000111011000100010010110111110111011100110001000101000101110110110000011001001011011110011100101000100110001000101011100110111101110011100110110001001001111011010101010010001010010,1001000001001011100110000111101110001000110110110101100100011001100010111111000111011000100010010110111110111011100110001000101000101110110110000011001001011011110011100101000100110001000101011100110111101110011100110110001001001111011010101010010001010010,True,True,True,True,0,0.04030632972717285,0.024388790130615234,0.01519775390625,0.0007035732269287109
WhatsApp Image 2025-05-29 at 21.37.08.jpeg,1100000000011110100010001110110111100111110010011111000101100110100000111111001101101100101110000001110010100111101110010000100000100110011100001010011010000111001110011011100110110011111000101100110000010100000110001100111101111011001010011001001001110111,1100000000011110100010001110110111100111110010011111000101100110100000111111001101101100101110000001110010100111101110010000100000100110011100001010011010000111001110011011100110110011111000101100110000010100000110001100111101111011001010011001001001110111,True,True,True,True,0,0.02947998046875,0.014188766479492188,0.01493978500366211,0.0003361701965332031
WhatsApp Image 2025-05-29 at 21.30.23 (1).jpeg,1001010100111010100101101101011100101010010001000010110100111000001101001100001101111011100001000100101010011001110010100111111011001111001000100101111010001101000111100000011000011010001110110011001011111000111100111100101001110011100001110110011010010101,1001010100111010100101101101011100101010010001000010110100111000001101001100001101111011100001000100101010011001110010100111111011001111001000100101111010001101000111100000011000011010001110110011001011111000111100111100101001110011100001110110011010010101,True,True,True,True,0,0.03289198875427246,0.016540050506591797,0.015899658203125,0.00043654441833496094
WhatsApp Image 2025-05-29 at 21.34.24.jpeg,1000001100111110100001011000100111001001110000000111001011110111010101010011110101101001110110001110111001100010100101010011110100011010000111100110101011000011100101010110110101111010001001110110101010011000100001010101011000101101001011011001110100101000,1000001100111110100001011000100111001001110000000111001011110111010101010011110101101001110110001110111001100010100101010011110100011010000111100110101011000011100101010110110101111010001001110110101010011000100001010101011000101101001011011001110100101000,True,True,True,True,0,0.03266334533691406,0.01712322235107422,0.015117406845092773,0.0004069805145263672
WhatsApp Image 2025-05-29 at 21.39.36 (1).jpeg,1110110100001101100000110001011101010110001100100010101001010111001110011100110100100101001010110011001101110100110111000111111000111010011111100111010110011100110011001011100011000110011111000101110010010010001011101011100011000100010100000100011000110010,1110110100001101100000110001011101010110001100100010101001010111001110011100110100100101001010110011001101110100110111000111111000111010011111100111010110011100110011001011100011000110011111000101110010010010001011101011100011000100010100000100011000110010,True,True,True,True,0,0.02383899688720703,0.009917259216308594,0.01357722282409668,0.0003294944763183594
WhatsApp Image 2025-05-29 at 21.37.13.jpeg,1110100001110110100101110000001110110011001100011000100011111011111011011101100110111001000001101100010001101110000110001100110001011001101010000010010100010011110101001011111010000001110000011111101001001110101111100011001111100001101101100100011000001101,1110100001110110100101110000001110110011001100011000100011111011111011011101100110111001000001101100010001101110000110001100110001011001101010000010010100010011110101001011111010000001110000011111101001001110101111100011001111100001101101100100011000001101,True,True,True,True,0,0.033089399337768555,0.017159700393676758,0.015559196472167969,0.0003552436828613281
WhatsApp Image 2025-05-29 at 21.35.04 (1).jpeg,1101001001010110011001111011101100011101011000000011101100000110101101101001100110000010111010110100100001101110110000011100011101111001001111010010100111100010101101001001111100111000011011100101101100010000100011010111100010001110100000010110010011011110,1101001001010110011001111011101100011101011000000011101100000110101101101001100110000010111010110100100001101110110000011100011101111001001111010010100111100010101101001001111100111000011011100101101100010000100011010111100010001110100000010110010011011110,True,True,True,True,0,0.028524160385131836,0.013597488403320312,0.01456141471862793,0.0003497600555419922
WhatsApp Image 2025-05-29 at 21.39.24 (1).jpeg,1000000101111110100110000011111100011110100110010000111101001011101010010110011011110100001101111001111110000110100110011101101010110100100000011010011101100101101110000111010011010100011100111010000100001011001110011001001010011100110000010110001001101001,1000000101111110100110000011111100011110100110010000111101001011101010010110011011110100001101111001111110000110100110011101101010110100100000011010011101100101101110000111010011010100011100111010000100001011001110011001001010011100110000010110001001101001,True,True,True,True,0,0.03405880928039551,0.018080472946166992,0.01537775993347168,0.0005846023559570312
WhatsApp Image 2025-05-29 at 21.30.55 (1).jpeg,1100010100000001110101000011001000101011000100111100010100000111011110101010010111101011110001011101110010100100010110111100100101001100011110010101001011011101100011111111010101101100001001101001011110001001001011001111011001010010001011101011111000000001,1100010100000001110101000011001000101011010100111100010100000111011110101010010111101011110000011101110010100100010110111100100101001100011110010101001011011101100011111111010101101100001001101001011110001001001011001111011001010010001011101011111000000001,True,True,True,True,2,0.030100107192993164,0.014551639556884766,0.015175104141235352,0.0003573894500732422
WhatsApp Image 2025-05-29 at 21.39.58.jpeg,1010111111000000101101000010011011010000001011111101001010110101100000111101010010001111110100101101001100001011110010110000111110001011010011011100110100101100110011110011110010011101001101001000110110110100011111001001000001100000110110000110110011000011,1010111111000000101101000010011011010000001011111101001010110101100000111101010010001111110100101101001100001011110010110000111110001011010011011100110100101100110011110011110010011101001101001000110110110100011111001001000001100000110110000110110011000011,True,True,True,True,0,0.023293018341064453,0.009307861328125,0.013633489608764648,0.000335693359375
WhatsApp Image 2025-05-29 at 21.33.21.jpeg,1000001000101010001110100111011000110101111111010010100010100101110000001101011100101110000111001100101100010100110100110101001010100100010100010101111011010010001100011111000101111101101111001100001100000111011100110010101010001110010110101101101011100110,1000001000101010001110100111011000110101111111010010100010100101110000001101011100101110000111001100101100010100110100110101001010100100010100010101111011010010001100011111000101111101101111001100001100000111011100110010101010001110010110101101101011100110,True,True,True,True,0,0.033539772033691406,0.01769113540649414,0.015465497970581055,0.00036644935607910156
WhatsApp Image 2025-05-29 at 21.39.33.jpeg,1000101000111101110101000111001111010011100001100011100101010001100101010001101000001010101101010000011101000010010111011001100001100010100001111111010101111000010100111111001110001101001101100001010011101001100110000101110101101011001001101111100110101110,1000101000111101110101000111001111010011100001100011100101010001100101010001101000001010101101010000011101000010010111011001100001100010100001111111010101111000010100111111001110001111001101100001010011101001100110000101010101101011001001101111100110101110,True,True,True,True,2,0.03104543685913086,0.015494108200073242,0.015189647674560547,0.0003457069396972656
WhatsApp Image 2025-05-29 at 21.33.53.jpeg,1000100101001011101101001011010001010110110101101010100101101001110101101101010000110110100101101100100101001001011101001011010000101100100110101110100101101001001101101011011010010001010100101110101101101001000101001001011010001011000010100111101101101101,1000100101001011101101001011010001010110110101101010100101101001110101101101010000110110100101101100100101001001011101001011010000101100100110101110100101101001001101101011011010010001010100101110101101101001000101001001011010001011000010100111101101101101,True,True,True,True,0,0.0320742130279541,0.016507625579833984,0.015198707580566406,0.0003521442413330078
WhatsApp Image 2025-05-29 at 21.37.35 (1).jpeg,1101010110010001100010010010101100101110110101001101011100100101111110110001011000101101010110101101001011101100001011000100011010010111101000011110100010110100010101110110101111000000101010000010010000010101100000111101101001111000111101111001111100001010,1101010110010001100010010010101100101110110101001101011100100101111110110001011000101101010110101101001011101100001011000100011010010111101000011110100010110100010101110110101111000000101010000010010000010101100000111101101001111000111101111001111100001010,True,True,True,True,0,0.02961874008178711,0.013933420181274414,0.015322685241699219,0.00034737586975097656
WhatsApp Image 2025-05-29 at 21.32.08.jpeg,1010110110001100111001111111010100011000110110101011011101011000110110001010111001100011011000101000110101100101011010001000101010010110011100110001110010001001101000000010011001011101111110010010010100101101010000101100011010110111011110010000011000110111,10101101100011001110011011110101000110001101101010110111010110001101100010101110011000110110001010001101111001010110100010001010100101100111001100011101100010011010000000100110010111011111100100100101001011010100001010000110101101110111100100000110001101110000010,True,True,True,False,4,0.03447556495666504,0.01876688003540039,0.015166521072387695,0.0005266666412353516
WhatsApp Image 2025-05-29 at 21.35.33.jpeg,1100110011011101010110001100100100110011001110011110011000110011001011001100011010011001000011100110001100110111000100110111001111100110110001100011110010011000110011100011000101110011000001111001100100001100011001100101110000011100111011011100011011001001,1100110011011101010110001100100100110011001110011110011000110011001011001100011010011001000011100110001100110111000100110111001111100110110001100011110010011100110011100011000101110011000001111001100100001100011001100101110000011100111011011100011010001001,True,True,True,True,2,0.036759138107299805,0.020029544830322266,0.01614546775817871,0.0005688667297363281
WhatsApp Image 2025-05-29 at 21.35.31.jpeg,1001000000100110111010101001101111001010010110010101100100100110110011001011111000110011011011010101001101011001101000100101101001111010101001100100110010110101000100100110011101011011111010110010010110100100100101011001001010010100110110101010010110101010,1001000000100110111010101001101111001010010110010101100100100110110011001011111000110011011011010101001101011001101000100101101001111010101001100100110010110101000100100110011101011011111010110010010110100100100101011001001010010100110110101010010110101010,True,True,True,True,0,0.02872753143310547,0.014410972595214844,0.013923406600952148,0.00037789344787597656
WhatsApp Image 2025-05-29 at 21.35.36.jpeg,1000110011100100110111100011000111011010001100011010011001001001001110110101011000111001110011001001001100111001101110110011011000001100110011011100100110011001101101101101011001011001001000000110001111000100101110010110011001011100110000010110001111010011,1000110011100100110111100011000111011010001100011010011001001001001110110101011000111001110011001001001100111001101110110011011000001100110011011100100110011001101101101101011001011001001000000110001111000100101110010110011001011100110000010110001111010011,True,True,True,True,0,0.032523155212402344,0.016513347625732422,0.01549673080444336,0.0004968643188476562
WhatsApp Image 2025-05-29 at 21.39.03.jpeg,1001110100011101110001101010111100001001011010000010111110000000001010011000111101101001011011100110100100101110110110011010110100001101111101000110110011110010100001010010001111010110010011100111100010110110011101111001011010000101100110100001001000110010,1001110100011101110001101010111100001001011010000010111110000000001010011000111101101001011011100110100100101110110110011010110100001101111101000110110011110010100001010010001111010110010011100111100010110110011101111001011010000101100110100001001000110010,True,True,True,True,0,0.02466583251953125,0.01076054573059082,0.013548851013183594,0.0003414154052734375
WhatsApp Image 2025-05-29 at 21.33.51 (1).jpeg,1100110011100111010011001001000111011011000110100100001111010110011110010110111110001001100101110011001001100011010000110110011000100100110110011111101000100101011011111001011010110000000010011000111001100110001000111000101100011100100111011100011100100110,1100110011100111010011001001000111011011000110100100001111010110011110010110110110001001100101110011001001101011010000110110011000100100110110011111101000100101011011111001011010110000000010011000111001100110001000111000101100011100100111011100011100100110,True,True,True,True,2,0.04215049743652344,0.020135164260864258,0.02127361297607422,0.0007162094116210938
WhatsApp Image 2025-05-29 at 21.34.35 (1).jpeg,1001110100101010101101000010111101110000000010110110101011111100110000001011010000100101011010111110101101010000000100101001011001101100101110111100101101101001001100100101100110101100100101100101101110010111010100100110101110001101100110010010100100110110,1001110100101010101101000010111101110000000010110110101011111100110000001011010000100101011010111110101101010000000100101001011001101100101110111100101101101001001100100101100110101101100101100101101110010101010100100110101110001101100110010010100100110110,True,True,True,True,2,0.0324091911315918,0.016791343688964844,0.015254735946655273,0.00034737586975097656
WhatsApp Image 2025-05-29 at 21.38.59 (1).jpeg,1010100001110111110011100001110110010111111000111100110000111000000010011110100100101000111110001111111100000110110110100111000001001000000111100111100001100000100011111101101011000011100001101111111000010011001011001001011000010010010111111000011110010010,1010100001110111110011100001110110010111111000111100110000111000000010011110100100101000111110001111111100000110110110100111000001001000000111100111100001100000100011111101101011000011100001101111111000010011001011001001011000010010010111111000011110010010,True,True,True,True,0,0.023445844650268555,0.00967097282409668,0.013430595397949219,0.00032830238342285156
WhatsApp Image 2025-05-29 at 21.39.01.jpeg,1010010110101111101011000010110111111110010100111111000011010110111100001101101011110011010100001100101101100011110010110100100010101001001010000100101101100000110010111010010110001001101000010100101111100000010001010010011010001101100011111000101110100110,1010010110101111101011000010110111111110010100111111000011010110111100001101101011110011010100001100101101100011110010110100100010101001001010000100101101100000110010111010010110001001101000010100101111100000010001010010011010001101100011111000101110100110,True,True,True,True,0,0.023203611373901367,0.009430408477783203,0.013432025909423828,0.0003261566162109375
WhatsApp Image 2025-05-29 at 21.39.30 (1).jpeg,1011011001001001110010010111011011001101011111011001011011100000001101101100001010100101011100100011000011101101000110011010100000001111000101111000110110011000010010110100111011000010111101011000010010111000010010111010011111100001001111011000100100111011,1011011001001001110010010111011011001101011111011001011011100000001101101100001010100101011100100011000011101101000110011010100000001111000101111000110110011000010010110100111011000010111101011000010010111000010010111010011111100001001111011000100100111011,True,True,True,True,0,0.028954267501831055,0.013846158981323242,0.01475071907043457,0.0003418922424316406
WhatsApp Image 2025-05-29 at 21.33.57 (1).jpeg,1000000010000100101000110111101101011100110100000111011110100100101011000000111001010000111111111010001101111110010011100000100011011000000001010010110101111011101111011000010001000110011000000011001101111111011011011011001010011001101000011100111011011110,1000000010000100101000110111101101011100110100000111011110000100101011000000111001010000111111111010001101111110010011110000100011011000000001010010110101111011101111011000010001000110011000000011001101111111011011011011001010011001101000011100111011011110,True,True,True,True,2,0.029305696487426758,0.01472020149230957,0.014171600341796875,0.00039768218994140625
WhatsApp Image 2025-05-29 at 21.34.23 (1).jpeg,1110110001010101110100111010001111101001000010000000011011010111101111001000111001000011010001000010111110000001010101001110100001111010111110011011100101011101010001001011110110101111101110010010111000010101100110111110110110011000101000000110000110100000,1110110001010101110100111010001111101001010010000000011011010111101111001000111001000011010001000010111110000001010101001110100001111010111110011011100101011101010001001011110110101111101110010010111000010101100110111110110110011000101000000100000110100000,True,True,True,True,2,0.0307161808013916,0.01529240608215332,0.015056848526000977,0.0003514289855957031
WhatsApp Image 2025-05-29 at 21.32.47 (1).jpeg,1100000111001001110000011010010100011111011110100101110000100001111100000000010011000001100011111000001111011110000111101110011101011110111000010000100001100000111001000110101010011011110001101001111100110100010010111001001101101101111011000011011011101011,1100000111001001110000011010010100011111011110100101110000100001111100000000010011000001100011111000001111011110000111101110011101011110111000010000100001100000111001000110101010011011110001101001111100110100010010111001001101101101111011000011011011101011,True,True,True,True,0,0.030521392822265625,0.015033483505249023,0.014931678771972656,0.0005407333374023438
WhatsApp Image 2025-05-29 at 21.34.55 (1).jpeg,1101110001100001100000111101000010111011001111101111111010000101011010101001110000000001001000110111001111100111110001010101100010011100010001110011111000011000111000000111100001000011111100010001111000111001101111000100011011100110010111111000100101011000,1101110001100001100000101101000010111011001111101111111110000101011010101001110000000001001000110111001111100111110001010101100010011100010001110011111000011000111000000111100001000011111100010001111000111001101111000100011011100110010111111000100101011000,True,True,True,True,2,0.03250265121459961,0.017362356185913086,0.014788389205932617,0.000335693359375
WhatsApp Image 2025-05-29 at 21.35.03.jpeg,1101010010100001110010100001011000101110101001011111010011101010011110000001000101000010111101001011110000011110000101111010100111111110111111010000000110010000111101100100101000011100011011110110011110011100110111001110011000111001000010000000101111000011,1101010010100001110010100001011000101110101001011111010011101010011110000001000101000010111101001011110000011110000101111010100111111110111111010000000110010000111101100100101000011100011011110110011110011100110111001110011000111001000010000000101111000011,True,True,True,True,0,0.035086631774902344,0.01856851577758789,0.01614999771118164,0.00035190582275390625
WhatsApp Image 2025-05-29 at 21.36.13.jpeg,1001000100010111000011101011101101001110110010000110001001000100111100110011011011110000011110110011100101101101101011000110110011101110000110110010011000110111100000000011111101111110000011100001111100000001110101111000001101111001111000001001000011110000,1001000100010111000011101011101101001110110010000110001001000100111100110011011011110000011110110011100101101101101011000110110011101110000110110010011000110111100000000011111101111110000011100001111100000001110101111000001101111001111000001001000011110000,True,True,True,True,0,0.027814865112304688,0.01244211196899414,0.015014410018920898,0.0003421306610107422
WhatsApp Image 2025-05-29 at 21.33.24 (1).jpeg,1100110001001010101100110001000100110010100001010110110010111010010110100110010010011001100101111010001001101000001011100100011000001100011010001010100110110011101111100001100110011100101101000000011011111111000010110011011111011010110011011001111111111000,1100110001001010101100110001000100110010100001010110110010111010010110100110010010011001100101111010001001101000001011100100011000001100011010001010100110110011101111100001100110011100101101000000011011111111000010110011011111011010110011011001111111111000,True,True,True,True,0,0.03452801704406738,0.018388986587524414,0.015761137008666992,0.00036072731018066406
WhatsApp Image 2025-05-29 at 21.34.58 (1).jpeg,1000000011011110010111110100011001111000101100000110010100100111011000110101010100101000110010100101010000011110101001111010100100111011010111100111100000100111011110111101110110001110110110001001010000100110011010110001101010010100111000100110001110101001,1000000011011110010111110100011001111000101100000110010100100111011000110101010100101000110010100101010000011110101001111010100100111011010111100111100000100111011110111101110110001110110110001001010000100110011010110001101010010100111000100110001110101001,True,True,True,True,0,0.032961368560791016,0.017625093460083008,0.01497793197631836,0.0003426074981689453
WhatsApp Image 2025-05-29 at 21.38.14 (1).jpeg,1100010011000001110110000001110010011110001100111000000011111110010010010000100100111101111110100110001000101111100101100010000101101001111111010011011110000011110011010000000011011110100001110110100111100010001101101000010110111101010010111100111010000111,1100010011000001110110000001110010011110001100111000000011111110010010010000100100111101111110100110001000101111100101100010000101101001111111010011011110000011110011010000000011011110100001110110100111100010001101101000010110111101010010111100111010000111,True,True,True,True,0,0.023221731185913086,0.009343624114990234,0.013534069061279297,0.00032901763916015625
WhatsApp Image 2025-05-29 at 21.34.29 (1).jpeg,1000011110110000100110000100111100100010100110011111010101110001110011100110011000011000000111110011000110011000111001100111011011100101011000110001100011001101100110010011100011000111100100110111001011000101010110001110110010001100111011011110000111010010,1000011110110000100110000100111100100000100110011111010101110001110011100110011000011000000111110011000110011000111001100111011011100101011000110001100011001101100110010011100011000111100100110111001011000101011110001110110010001100111011011110000111010010,True,True,True,True,2,0.030704975128173828,0.015132904052734375,0.015207052230834961,0.00034880638122558594
WhatsApp Image 2025-05-29 at 21.35.07 (1).jpeg,1001010110000001110001101101010100000010110100100001000110100011011001100011001111111110000001001111100111001000000011010100100110000010001101101111001010110111101101111011000100101100101111000111100001011101101010100001010101101111101010010110101111001110,1001010110000001110001101101010100000010110101100001000110100011011001100011001111111110000001001111100111001000010011010100100110000010001101101111001010110111101001101011000100101100101111000111100001011101101010100001010101101111101010010110101111001110,True,True,True,True,4,0.03157448768615723,0.016080856323242188,0.015015840530395508,0.00046133995056152344
WhatsApp Image 2025-05-29 at 21.32.12 (1).jpeg,1111001001010011110101000110110001010010101110010000100111010011111001001110110100110110010100011000111001111010101100110111001000010101110011100110110011001101010011000101001100100010001001010001001111100111110011001101110111000001110010010010011000001110,1111001001010011110101000110110001010010101110010000100111010011111001001110110100110110010100011000111001111010101100110111001000010101110010100110110011001101010011000101001100100010001001010001001111100111110011001101110111000001110010010010011010001110,True,True,True,True,2,0.028860807418823242,0.013394594192504883,0.014974594116210938,0.0004754066467285156
WhatsApp Image 2025-05-29 at 21.34.25.jpeg,1100110110011001001010001000110110110001001100011011101001000111001000111010011100100011010000110111100010110110001001000000111001101110010110001010110011100101010001100101111010000111011010010001100001101011110101110110111001001010011110100001100110111111,1100110110011001001010001000110110110001001100011011101001000111001000111010011100100011010000110111100010110110001001000000111001101110010110001010110011100101010001100101111010000111011010010001100001101011110101110110111001001010011110100001100110111111,True,True,True,True,0,0.034157514572143555,0.01860976219177246,0.015036344528198242,0.0004954338073730469
WhatsApp Image 2025-05-29 at 21.30.21.jpeg,1100000100001100110001110001000011001100111100111001110001111011001100100011100111110011110011000000011000110011110011011001111000011000111100001100110001110001011001101100011101100110011001101111001100011110100110011011000101110100001110011001101001001001,1100000100001100110001110001000011001100111100111001110001111011001100100011100111110011110011000000111000110011110011011001111000011000111100001100110001110001011001101100011101100110011001101111011100011110100100010011001100110101001110011001101001000001,True,True,True,False,8,0.035210371017456055,0.017279386520385742,0.01728963851928711,0.0006253719329833984
WhatsApp Image 2025-05-29 at 21.37.40.jpeg,1010000001100101000000000011111011010111101100100011111101001000111111110001001010100111001001100001100010011101110000111111001010101001111011101101110010011011100001101100011000001000010111110100010110101001110101001111000101001011000111011110010001100010,1010000001100101000000000011111011010111101100100011111101001000111111110001001010100111001001100001100010011101110000111111001010101001111011101101110010011011100001101100011000001000010111110100010110101001110101001111000101001011000111011110010001100010,True,True,True,True,0,0.03491544723510742,0.019299745559692383,0.01511836051940918,0.00048089027404785156
WhatsApp Image 2025-05-29 at 21.34.03 (1).jpeg,1000011111110100100001111111110010001011101110000000100110010011000010011000001100110010001110011000011001101100110001000110011000111001110011111100011110111101100101111111000010101001010010111000010001001111000110001011000001111001101110011110001101100011,1000011111110100100001111111110010001011101110000000100110010011000010011000001100110010001110011000011001101100110001000110011000111001110011111100011110111101100101111111000010101001010010111000010001001111000110011111000001111001101110011110001101100011,True,True,True,False,2,0.0338749885559082,0.01755237579345703,0.015607833862304688,0.000698089599609375
WhatsApp Image 2025-05-29 at 21.39.12.jpeg,1000111110111101100000010101010110110100010100101001001010101000101000110100101010001010000010101000011100101111100011110111110011001000011101100110100010110101010111001011000100001001110110010111110011010011001101000000111101011011110010111011011000101011,1000111010111101100000010101010110110100010100101001001010101000101000110100101010001010100010101000011100101111100011110111110011001000011101100110100010110101010111001011000100001001110110010111110011010011001101000000111101011011110010111011011000101011,True,True,True,True,2,0.024048328399658203,0.010091543197631836,0.013611078262329102,0.00033020973205566406
WhatsApp Image 2025-05-29 at 21.36.06 (1).jpeg,1001010000110110100101110101001001001011000101011011010010001101000011101100101110101100110001011001010100011011010110010101100001011010101101101100011011011111101101010100010010111001101100000100100101101011100111010010010011011010010001000111001010111101,1001010000110110100101110101001001001011000101011011010010001101000011101100101110101100110001011001010100011011010110010101100001011010101101101100011011011111101101010100010010111001101100000100100101101011100111010010010011011010010001000111001010111101,True,True,True,True,0,0.031772613525390625,0.016263484954833984,0.015140295028686523,0.00035309791564941406
WhatsApp Image 2025-05-29 at 21.34.32.jpeg,1111101100001011100000011101110000010110001100010111111000100011011000010101110000100001111010111001111010000110100010000101111000101001011100010110011110100011001100101001111000011011010110001101100100101011010011001111011111100110110101100111011000001000,1111101100001011100100011101110000010110001100010111111000100011011000010101110000100001110010111001111010000110100010000101111000101001011100010110011110100011001100101001111000011011010110001101100100101011010011001111011111100110110101100111011000001000,True,True,True,True,2,0.0354464054107666,0.019587278366088867,0.015396356582641602,0.0004467964172363281
WhatsApp Image 2025-05-29 at 21.37.30.jpeg,1001101100010011010010011011000000110111100011011000111011001001010010000110011010100011000001110011110011010000110100010001111101101111101001001101000011110011000011101011011111000101010011000010101010011000111111000110110100001011111100101100011100010111,1001101100010011010010011011000000110111100011011000111011001001010010000110011010100011000001110011110011011000110100010001111101101111101001001101000011110011000011101011011111000101010011000010101010011000111101000110110100001011111100101100011100010111,True,True,True,True,2,0.03440499305725098,0.017802000045776367,0.016244173049926758,0.00034332275390625
WhatsApp Image 2025-05-29 at 21.36.01.jpeg,1001010101100010110010101001100100111001011011000010011001101001100101100001101100101101110100100110111110000011110010110010110101100100011100000110001011100011001100111011001101111000110011110110011001100001100010110000110001101011100001110110011101110010,1001010101100010110010101001100100111001011011000010011001101001100101100001101100101101110100100110111111000011110010110010110101100100011100000110001011100011001100111011001001111000110011110110011001100001100010110000110001101011100001110110111001110010,True,True,True,True,4,0.03342914581298828,0.017778873443603516,0.015195846557617188,0.0004382133483886719
WhatsApp Image 2025-05-29 at 21.30.48.jpeg,1010000101101011100111010111111100100100100001000011011011111111111100100100001001000010011111100011111011000010110000001011111101101111101000000010100000111111110011011110000001100010000011111001101011111000100100100100001111010110011110000000111000010001,1010000101101011100111010111111100100100100001000011011011111111111100100100001001000010010111100011111011000010110000001011111101101111101000000010100000111111110011011110000001100010000011111001101011111000100100100100001111010110011110000000111000010011,True,True,True,True,2,0.030094385147094727,0.014571189880371094,0.015126705169677734,0.00037980079650878906
WhatsApp Image 2025-05-29 at 21.30.42.jpeg,1110101011100101100101000101101011000101010111000110100111001101000111101011100101000010011000100010000111001101100111110001110010011110001100110111000111100001011100110110111010001111000111100010010010011001110110111110001011100100001000010011001010010100,1110101011100101100101000101101011000101010111000110100111001101000111101011100101000010011000100010000111001101100011110001110010011110001100110111000111100001011100110110111010001111000111100010010010011001110110111110001111100100001000010011001010010100,True,True,True,True,2,0.0342404842376709,0.018501758575439453,0.015298843383789062,0.0004241466522216797
WhatsApp Image 2025-05-29 at 21.33.57.jpeg,1111000000100111100000011100000001101111101010000000111111111111000111111111111110000010000101110110111110000000111110101000000000111000001111111110000101111010010100000100110001010001110110101000111101110000100011011111010100100001100010001011001100101011,1111000000100111100000011100000001101111101010000000111111111111000111111111111110000010000001110110111110000000111110101000000000111000001111111110000101111010010100000100110001010001110110101000111101110000100011011111010101100001100010001011001100101011,True,True,True,True,2,0.037886619567871094,0.020171642303466797,0.01734328269958496,0.00035643577575683594
WhatsApp Image 2025-05-29 at 21.37.08 (1).jpeg,1101000001000110101011100111111000000110011110000101000110010111001110001101011110000110010110011101011000101000011101011110111101110101010010111001100110101001011010100010100101100100001011111001010111011010100000011101001001101110000001010011110000011101,1101000001000110101011100110111000000110011110000101000110010111001110001101011110000110010110011101011000101000011101011110111101110101010010111001100110101001011010100010100101100100001011111001010111011010100000011101001001101110001001010011110000011101,True,True,True,True,2,0.02850198745727539,0.013199090957641602,0.014950752258300781,0.0003364086151123047
WhatsApp Image 2025-05-29 at 21.37.36.jpeg,1110111110010100000101001010110011010000101110001100011110010101001100010110010000011001011110101000011110000001001100111110010100100001011100001100001101000011111010110100000011110110111101101100001111110011111100011010001001111100001010101101101101001011,1110111110010100000101001010110011010000101110001100011110010101001100010110010000011001011110101000011110000001001100111110010100100001011100001100001101000011111010110100000011110110111101101100001111110011111100011010001001111100001010101101101101001011,True,True,True,True,0,0.03205060958862305,0.016779184341430664,0.014916658401489258,0.000339508056640625
WhatsApp Image 2025-05-29 at 21.37.42.jpeg,1100010100001111100010110111000000111100101111111010111111000001001001000011101100100011100001011100000001100110010111010010100100111011000101111010111111101100010101101001001111100101111111011110100100001010000100010011010000100110010001011100000110011011,1100010100001111100010110111000000111100101111111010111111000001001001000011101100100011100001011100000001100110010111010010100100111011000101111010111111101100010101101001001111100101111111011110100100001010000100010011010000100110010001011100000110011011,True,True,True,True,0,0.03171730041503906,0.016724348068237305,0.014481782913208008,0.0004956722259521484
WhatsApp Image 2025-05-29 at 21.38.13.jpeg,1000001100011100100011000110001001001110011011011110000100010100001111001010001100011110110011011000111110010000111001111011101111010010110000000011100111101100010011011011001010010011010101100110100101101101001111001001010110010111110110100100001111100001,1000001100011100100011000110001001001110011011011110000100010100001111001010001100011110110011011000111110010000111001111011101111010010110000000011100111101100010011011011001010010011010101100110100101101101001111001001010110010111110110100100001111100001,True,True,True,True,0,0.029483556747436523,0.014612436294555664,0.014518499374389648,0.00033736228942871094
WhatsApp Image 2025-05-29 at 21.33.52 (1).jpeg,1100010101010011110010110010100110101101101111001011010001010011110010101010000110101101110101000111001001001101000101001001001000110000110110010101101100100110001001011001001101011000100110111101010101100110110000011010101011011111100000011010101101101101,1100010101010011110010110010100110101101101111001011010001010011110010101010000110101101110101000111001001001101000101001011001000110000110110010101101100100110001001011001001001011000100110111101010101100110110000011010101011011111100000011010101101101101,True,True,True,True,2,0.032356977462768555,0.016986370086669922,0.014947652816772461,0.0004074573516845703
WhatsApp Image 2025-05-29 at 21.38.08 (1).jpeg,1110011011110100101110000010010111111000011110001011001111111001110101000000110111100011000001101000100101010100001101100001100101101101111110001100110101110100100100100000010000000111000011000001101001001001101011101111000101111011111100111101001001000111,1110011011110100101110000010010111111000011110001011001111111001110101000000110111100011000001101000100101010100001101100001100101101101111110001100110101110100100100100000010000000111000011000001101001001001101011101111000101111011111100111101001001000111,True,True,True,True,0,0.032622337341308594,0.017425537109375,0.014849424362182617,0.00033283233642578125
WhatsApp Image 2025-05-29 at 21.36.29.jpeg,1111000000010100110000011010101111001000110010110000101101000101011101000010111000000011011001000100001111110001011111000001101111010000000111111101110001011000001011110100000011010000101101111010111111111100111001100111110100011111101110110110000000011100,1111000000010100110000011010101111001000110010110000101101000101011101000010111000000011011001000100001111110001011111000001101111010000000111111101110001011000001011110100000011010000101101111010111111111100111001100111110100011111101110110110000000011100,True,True,True,True,0,0.030355215072631836,0.01505899429321289,0.014810562133789062,0.00047087669372558594
WhatsApp Image 2025-05-29 at 21.33.58 (1).jpeg,1101111001011010011001011000010111110011110001001001111001011000011000011000010101111111100110001111001100110011100110100011001011111001001000110110001000110010101001100011000001110010011000110010000001100111011101100011001110111011000110011101100110100001,1101111001011010011001011000010111110011110001001001111001011000011000011000010101111111100100001111001100110011100110100011001011111001001000110110001000110010101001100011000001110110011000110010000001100111011101100011001110111011000110011101100110100001,True,True,True,True,2,0.03452801704406738,0.018010616302490234,0.016086339950561523,0.00041556358337402344
WhatsApp Image 2025-05-29 at 21.36.34 (1).jpeg,1001111110111010100010001010001001101001010101010101110101110110101000100010000000101101001101100110101101110101010011010011011110000110001000101001110000100011110101101010011010011100111100101100000001011101100011010111011111011010100010001001110100101011,1001111111111010100010001010001001101001010101010101110101110110101000100010000000101100001101100110101101110101010011010011011110000110001000101001110000100011110101101010011010011100111100101100000001011101100011010111011111011010100010001001110100101011,True,True,True,True,2,0.04695463180541992,0.027117013931274414,0.0193178653717041,0.0005016326904296875
WhatsApp Image 2025-05-29 at 21.32.52 (1).jpeg,1001010011100101101010110000001001100000000011010001000001110111011011111001101010010110110001011110110001110010011000100000111100011100001111111010010111111010011001111100010100011000000001011110011001111010100001111111110100111001111100010111111000000000,1001010011100101101010110000001001100000000011010011000001110111011011111001101010010110110001011110110001110010011000100000111100011100001111111010010111111010011001111100010100011000000001011110011001111010100001111111110100111001111100010111101000000000,True,True,True,True,2,0.03429126739501953,0.017849206924438477,0.01603841781616211,0.00038552284240722656
WhatsApp Image 2025-05-29 at 21.32.53 (1).jpeg,1110001011111100111110101111100101011000000000111001100010000111101011000000011100000111111100000010010011110100100001010100011100111001100111001101101100001111110000110111100001110000100011100001111100001100001111011011101000000101111100101010111001010011,1110001011111100111110101111100101011000000000111001100010000111101011000000011100000111111100000010010011110100100001010100011100111001100111001101101100001111110000110111100001110000100011100001111100001100001111011011101000000101111100101010111001010011,True,True,True,True,0,0.03607964515686035,0.019186973571777344,0.016515731811523438,0.0003592967987060547
WhatsApp Image 2025-05-29 at 21.39.34 (1).jpeg,1011101011000100101111011100001011110101010000101001011110101101000100101001010001011010100100111011101000011011110110110111001101110001101010100010101111010100011100000010110110111100000001011111011100110101011100010001100000100011110011010100000001010011,1011101011000100101111011100001011110101010000101001011110101101000100101001010001011010100101111011101000011011110110110101001101110001101010100010101111010100011100000010110110111100000001011111011100110101011100010001100000100011110011010100000001010011,True,True,True,True,2,0.02467203140258789,0.009861946105957031,0.014369726181030273,0.000423431396484375
WhatsApp Image 2025-05-29 at 21.30.16.jpeg,1011100111101010111110101010000000001110111011000000001001101110011000111001001110110101010000110011000111101000001000011111100010111001110010111011100110101011100110001011100100100000111010010110011001101101001100110101110110000001010001110011000101010111,1011100111101010111110101010000000001110111011000000001001101110011000111001001110110101010000110011000111101000001000011111100010111001110010111011100110101011100110001011100100100000111010010110011001101101001100110101110110000001010001110011000101010111,True,True,True,True,0,0.0304415225982666,0.014741659164428711,0.015314817428588867,0.00036787986755371094
WhatsApp Image 2025-05-29 at 21.34.01.jpeg,1100011010010111110011000001010111001101100101101101100100010001111100110001000001110001001010101011100101100000111010110110010110001111011101001100111101111101100001000110010001010001111010100111000100101100001100100010110000001011111011110100110011101001,1100011010010111110011000001010111001101100101101101100100010001111100110001000001110001001010101011100101100000111010110110010110001111011101001100111101111101100001000110010001010001111010100111000100101100001100100010110000001011111011110100110011101001,True,True,True,True,0,0.03302741050720215,0.016752004623413086,0.015896320343017578,0.0003628730773925781
WhatsApp Image 2025-05-29 at 21.37.31.jpeg,1000001001001001111010011011010101111110101110100001101111000001100000011011100110100100010110100101011100100100010011011001000010010010101101010011011011100110010011010101111101011101101010100011001011001110001001110010101101100110101110011001100101000110,1000001001001001111010011011010101111110101110100001101111000001100000011011100110100100010110100101011100100100010011011001000010010010101101010011011011100110010011010101111101011101101010100011001011001110001001110010101101100110101110011001100101000110,True,True,True,True,0,0.03295111656188965,0.017405986785888672,0.015179157257080078,0.0003495216369628906
WhatsApp Image 2025-05-29 at 21.37.06.jpeg,1001001100010010101001011010010001110010011010111000011011011010001001111011010011011011001010011100111001011010100100010110001111011100111010010110101100010100011001011000001110011010101010111001001001010100110110010110111011001100111000110110010100010101,1001001100010010101001011010010001110010011010111000011011011010001001111011010011011011001010011100111001011010100100010110001111011100111010010110101100010100011001011000001110011010101010111001001001010100110110010110111011001100111000110110010100010101,True,True,True,True,0,0.03702902793884277,0.0195925235748291,0.01691913604736328,0.0005002021789550781
WhatsApp Image 2025-05-29 at 21.32.10 (1).jpeg,1111101000001011110011011110110110100100110101100001001010100101101111111001101001111110010000100001000001010001111010011101110101011000000011000110011100110010000000010111100100110100100001111011101111101000010101001101111010010011001000011110101011011000,1111101000001011110011011110110110100100110101100001001010100101101111111001101001111110010000100001000000010001111010011101110101011000000011000110011100110011000000010111100100110100100001111011101111101000010101001101111010010011001000011110101011011000,True,True,True,True,2,0.03972268104553223,0.022003173828125,0.017332077026367188,0.00037026405334472656
WhatsApp Image 2025-05-29 at 21.36.42 (1).jpeg,1101000101011111110010011010000110110100101101101001001101001001001001001001011001100101101010011100101101010011110101101011011000110101010010001011101011010101011001001010101011101101010101001101101010101001010111010011101001100010010101011010001010001000,1101000101011111110010011010000110110100101101101001001101001001001001001001011001100101101010011100101101010011110101101011011000110101010010001011101011010101011001001010101011101101010101001101101010101001010111010011101001100010010101011010001010001000,True,True,True,True,0,0.03981733322143555,0.017459630966186523,0.02175450325012207,0.0005853176116943359
WhatsApp Image 2025-05-29 at 21.34.53.jpeg,1001000100000010110011001000100001110011111111100011101111111111000011111111100101100000001000001111000000000000111111101111010001010111111111110000001110010011000100001110011011011000000100010111110000000000101001111011111010111001100111111001010001100100,1001000100000010110011001000100001110011111111100011101111111111000011111111100101100000001000001111000000000000111111101111010001010111111111110000001110010011000000001110011011011000000100010111110001000000101001111011111010111001100111111001010001100100,True,True,True,True,2,0.03217005729675293,0.015091896057128906,0.016599178314208984,0.0004601478576660156
WhatsApp Image 2025-05-29 at 21.30.14 (1).jpeg,1101010111010101101001100010001000101110001010101101010011011100110110111101110100101100000000100001000000100011110100111111010100101111010011001000110000001010110001001111011101111011111101010011001000001010100011000000101101111100110101011111010100110010,1101010111010101101000100010001000101110001010101101010011011100110110111101110100101100000000100001000000100011110100111111010100101111010011001000110000001010110101001111011101111011111101010011001000001010100011000000101101111100110101011111010100110010,True,True,True,True,2,0.03389549255371094,0.014891862869262695,0.018273115158081055,0.0007128715515136719
WhatsApp Image 2025-05-29 at 21.32.16.jpeg,1010000100101010011000000000010001011010110111000110101000000101110111011100000101101100011111111001011010010110010110111111111000100100000101001100100101001100101011101000011010011011101000110110110010011001011011011110000111000010011110101101111100101110,1010000100101010011000000000010001011010110111000110101000000101110111011100000101101100011111111001011010010110010110111111111000100100000101001100100101001100101011101000011010011011101000110110110010011001011011011110000111000010011110101101111100101110,True,True,True,True,0,0.04009842872619629,0.021113157272338867,0.018346548080444336,0.000621795654296875
WhatsApp Image 2025-05-29 at 21.30.10.jpeg,1101010010101010010011100011010110001011011100000111110100001110100000011011101001111101101100111000001100000000110000000010111000111111101111001110010011000010001001100001111111001001111111010111000000010010100011110110111011010110011110110100101100110000,1101010010101010010011100011010110001011011100000111110100001110100000011011101001111101101100111000001100000000110000000010111000111111101111001110010011000010001001100001111111001001111111010111000000010010100011110110111011010110011110110100101100110000,True,True,True,True,0,0.03744912147521973,0.021674633026123047,0.015286445617675781,0.0004725456237792969
WhatsApp Image 2025-05-29 at 21.39.30.jpeg,1001000111001100100100110001100011100110011100111110110011000111111010111000110010111110000110001011010001101011101111011011001100100011011001001100101011001100010010001011100001001001101000111100010101101110101101010001100011100010010100011001101001100110,1001000111001100100100110001100011100110011100111110110011000111111010111000110010111110000110001011010001101011101111011011001100100011011011001100101011001100010011101011100001001001101000111100010101101110101101010001100011100010010100011001101001100110,True,True,False,True,3,0.037802934646606445,0.021469831466674805,0.015666723251342773,0.0006501674652099609
WhatsApp Image 2025-05-29 at 21.33.29.jpeg,1101110111010100110010010100011100110101001011000010010011110111010110000110000000110111100000111010011110000110100101100011100011000100111010110100110110100110010110001010111000011011011010011001111110011101110110001011011001110010011010010100000010010011,1101110111010100110010010100011100110101001011000010010011110111010110000110000000110111100000111010011110000110100101100011100011000100111010110100110010100110010110101010111000011011011010011001111110011101110110001011011001110010011010010100000010010011,True,True,True,True,2,0.03319740295410156,0.016998291015625,0.01576399803161621,0.00041937828063964844
WhatsApp Image 2025-05-29 at 21.32.59.jpeg,1101000101100000100111100000011100111110000011001110000011101001000011010110011100011011000111111011000111011100100000110100011011010110111100110111100101111000011010101000000001101101011100101001111100100100100110011100010001111011011011001111011000010001,1101000101100000100111100000011100111110000011001110000011101001000011010110011100011011000111111011000111011100100000110100011011010110111100110111100101111000011010101000000001101101011100101001111100100100100110011100010001111011011011001111011000010001,True,True,True,True,0,0.03635859489440918,0.02108144760131836,0.014926671981811523,0.000335693359375
WhatsApp Image 2025-05-29 at 21.37.04.jpeg,1000000111100001001000001100000001111100110000001100111110101100000011111100111001000101101100111111100110011101000010010011101110100010011011101111100011101001101001110000110111111001000011001101110001111010001000110011000101111110000010110011001101100011,1000000111100001001000001100000001111100110000001100111110101100000011111100111001010101101110111111100110011100000010010101001110100010011011101111100011101001101001110000110111111001000011001101110001111010001000110011000101111110000010110011001101100011,True,False,True,True,6,0.037038326263427734,0.02212357521057129,0.014232158660888672,0.0006668567657470703
WhatsApp Image 2025-05-29 at 21.30.20.jpeg,1101010100100111111001011101110000111110001001100011010000111101001101111100001000111110000111010101010111101010001110101000011110100101010110000010010100101001001101001011011011101001100010100010100000101101100001010101010011111011001010101101101000100101,1101010100100111111001011101110000111110001001100011010000111101001101111100001000111110000111010101010111101010001110101000011110100101010110000010010100101001001101001011011011101001100010100010100000101101100001010101010011111011001010101101101000100101,True,True,True,True,0,0.030432701110839844,0.015091657638549805,0.014969825744628906,0.0003554821014404297
WhatsApp Image 2025-05-29 at 21.34.55.jpeg,1011111101111101000100001101001000101011000000111100001101001100110001100111111111111011100100010110110011010010100011001010011111000110000111100110010010010110010000001111111101101110011011010011111000001101000011000110011010001001100010111000100101100000,1011111101111101000100001101001000101011000000111100001101001100110001100111111111111011100100010110110011010010100011001010011111000110000111100110010010010110010000001111011101101111011011010011111000001101000011000110011010001001100010111000100101100000,True,True,True,True,2,0.04454231262207031,0.01712822914123535,0.026788711547851562,0.0005984306335449219
WhatsApp Image 2025-05-29 at 21.39.10.jpeg,1110101000001111101101011010100011110000011110001001001011000001100001011100011001111000100101011000011100001001110110100111001010010101100000110110100111001011100101100010011111000011011011010001110011000011011000010110111101110110110011011000101101100110,1110101000001111101101011010100011110000011110001001001011000001100001011100011001111000100101011000011100001001110110100111001010010101100000110110100111000011100101100010011111001011011011010001110011000011011000010110111101110110110011011000101101100110,True,True,True,True,2,0.024498939514160156,0.010315895080566406,0.013802528381347656,0.0003638267517089844
WhatsApp Image 2025-05-29 at 21.30.44 (1).jpeg,1100110001000101101100110000110110110111010111010010011001110101101001001101101101011001001100011010111111110010010010111110110001100101011010010100001001111011010001010010010000010111111000010001000101001010100110001011001001010101011001101000100110111110,1100110001000101101100110000110110110111010111010010011001110101101001001101101101011001001100011010111111110010010010111110110001100101011010010100001001111011010001010010010000010111111001010001000101001010100110001011001001010101011001101000100110111100,True,True,True,True,2,0.033759355545043945,0.018220901489257812,0.014997243881225586,0.0005249977111816406
WhatsApp Image 2025-05-29 at 21.39.59.jpeg,1100001011010111001010010010100100111111000000100110010001111100001101001001111101101101111000011111001011010110110010110110101110110110010010010011000000111101100110111000010011010010001100001101100000111010001001101011000011100001100110011101100011110011,1100001011010111001010010010100100111111000000100110010001111100001101001001111101101101111000011111001011010110110010110110101110111110010010010011000000111101100110111000010011010010001100001101100000110010001001101011000011100001100110011101100011110011,True,True,True,True,2,0.023416996002197266,0.00964665412902832,0.013432502746582031,0.0003228187561035156
WhatsApp Image 2025-05-29 at 21.32.15.jpeg,1100001100000111101001001110010010011011000001110001101111001001001100100000011001111001100100011110011101010110101000111101000010011100010100110110100111100000011000000101111000001001111100111110110011011110101110110110001110111000111110001100100100101110,1100001100000111101001001110010010011011000001110001101111001001001100100000011001111001100100011110011101010110101000111101000010011100010100110110100111100000011000000101111000001001111100111110110011011110101110110110001110111000111110001100100100101110,True,True,True,True,0,0.03452157974243164,0.018149852752685547,0.015855789184570312,0.0004994869232177734
WhatsApp Image 2025-05-29 at 21.37.04 (1).jpeg,1111101101001111011100111110111101000100000000110000010010010000100011010011000000101100011101001000101011111011100100101101111101111011000000010111111100001011100101110000010011101000011001101110000011111010011001011011000010010110110011000001111101001101,1111101101001111011100111100111101000100000000110000010010010000100011010011000000101100011101001000101011111011100100101101111101111011000000010111111100001011100101110000010111101000011001101110000011111010011001011011000010010110110011000001111101001101,True,True,True,True,2,0.043588876724243164,0.02538776397705078,0.01774454116821289,0.00043964385986328125
WhatsApp Image 2025-05-29 at 21.39.05.jpeg,1101111110010001011111111111001000100110101101100100011111011111101100111101100000111100100000000000101100110001100001101100100100101100011100100011110110110100110110110111101110010011011001100001000000111001011001101000110011101100100000011001001100010000,1101111110010001011111111111001000100110101101100100011111011111101100111101100000111100100000000000101100110001100001101100100100101100011100100011110110110100110110110111101110010011011001100001000000111001011001101000110011101100100000011001001100010000,True,True,True,True,0,0.024506092071533203,0.010422706604003906,0.013725519180297852,0.0003414154052734375
WhatsApp Image 2025-05-29 at 21.32.20.jpeg,1011000011000011110011100110011011001111001111000011000111010001010011001100001110010011000011101100011001101100010111000111000100110001110001111100110110001100110111110011100101110010011010100110110011000110110100110011000000111000100110011100110011000011,1011000011000011110011100110011011001111001111000011000111010001010011001100001110010011000011101100011001101100010111000111000100110001110001111100110110001100110111110011100101110010011010100110110011000110110100110011000000111000100110011100110011000011,True,True,True,True,0,0.032071590423583984,0.015632152557373047,0.015849828720092773,0.0005738735198974609
WhatsApp Image 2025-05-29 at 21.30.11.jpeg,1001000100010000100000010001010111001011111000110010110001110110001101111000100100111011001010001010110010110111110001001100110101010110010011101010111100110100101100011011101101011000110010010010011101101100110100111010011001001110101110110011011100001001,1001000100010000100000010001010111001011111000110010110001110110001101111000100100111011001010001010110010110011110001001100110101010110010011101010111100110100101100011011101101011000110010010010011101101100110100111010011001001110101110110011011101001001,True,True,True,True,2,0.03145313262939453,0.015637636184692383,0.015441656112670898,0.0003571510314941406
WhatsApp Image 2025-05-29 at 21.37.11 (1).jpeg,1000110000011100100000100011111011010011001101110011000011101101101000001110110011001010110100000100111000110011011101011010000001001001110101101011111001010100001011101011010101001110101001001000010100101110001101010111110101101100001111011010101001011110,1000110000011100100000100011111011010011001101110011000011101101101000001110110011001010110100000100111000110011011101011010000001001001110101101011111001010100001011101011010101001110101001001000010100101110001101010111110101101100001111011010101001011110,True,True,True,True,0,0.03844857215881348,0.021062374114990234,0.017008066177368164,0.00036215782165527344
WhatsApp Image 2025-05-29 at 21.38.59.jpeg,1001001110001001101100001110110011011101010100100101010111110011101000100011010111001011011000011010001010011100000110110100111011001011111000111110110011000101001110110010111000100010010101011100110011111001101111010000000101011000010100001110010010110001,1001001110001001101100001110110011011101010100100101010111110011101000100011010111001011011000011010001010011100000110110100111011001011111000111110110011000101001110110010111000100010010101011100110011111001101111010000000001011000010100101110010010110001,True,True,True,True,2,0.03803253173828125,0.021524667739868164,0.016065120697021484,0.0004267692565917969
WhatsApp Image 2025-05-29 at 21.36.40 (1).jpeg,1100011111111000011000111011100000111100000001110011110001000111110000100111100000111100010001110011100000001111110001110011100011100011111100000100111010100010110000111001110001100011111000010001111010000011101100011100011101001010111001111001110001000111,1100011111111000011000111011100000111100000001110011110001000111110000100111100000111100010001110011100000001111110001110011100011100011111100000100111010100010110000111001110001100011111000010001111010000011101100011100011101001010111001111001110001000111,True,True,True,True,0,0.028937578201293945,0.013392448425292969,0.015184879302978516,0.0003447532653808594
WhatsApp Image 2025-05-29 at 21.38.17.jpeg,1010010101101010110100111001000001011101101110100110011101001110110111011001000101010100100101101111111000001010111111100001010000101100011011000100001110110110001011100101010111001100010011001000000111110110001110000111100001000011110110001110000011011010,1010010101101000110100111001000001011101101110100110011101001110110111011001000101010100100101101111111000001010111111100001010000101100011011000100001110110110001011101101010111001100010011001000000111110110001110000111100001000011110110001110000011011010,True,True,True,True,2,0.03497171401977539,0.0184018611907959,0.016070842742919922,0.00048232078552246094
WhatsApp Image 2025-05-29 at 21.34.33 (1).jpeg,1100110110100101001110100101001001100111101111011001111111000110011000000011001101011001111001000011111000011001111001011000010001000110001011111110100011110000100110010000001011000100100011110110001011100111110011000111000110010001101100101101111000001101,1100110110100101001110100101001001100111101111011001111111000110011000000011001101011001111001000011111000011001111001011000010001000110001011111110100011110000100110010000001011000100100011110110001011100111110011000111000110010001101100101101111000001101,True,True,True,True,0,0.03190135955810547,0.0165255069732666,0.014853954315185547,0.0005066394805908203
WhatsApp Image 2025-05-29 at 21.30.41.jpeg,1001011101100011101001001101111100011010110111100110101110110101001001011000010111010110011001000001101001101001001100011000100110111100100110100110111001110010011011101110010010010010110110100010000111111000010011001001010011011010000001110011001101100100,1001011101100011101001001101111100011010110111100110101110110101001001011000010111010110011001000001101001101001001100011000100110111100100110100110110001110010011011101110010010010010110110100010000111111000011011001001010011011010000001110011001101100100,True,True,True,True,2,0.031145095825195312,0.016125917434692383,0.014667510986328125,0.0003364086151123047
WhatsApp Image 2025-05-29 at 21.37.32.jpeg,1001010100110000011011011101100001111011010010010000101100001110000010010001101111100100011100010111111000001000101101010010101010001101101001010010000011010110001110001101111111011110100110101000100110110001100110001100011011001111101010010011011111101110,1001010100110000011011011101100001111011010010010000101100001110000010010001101111100100011100010111011000001000101101010010101010001101101001010010000011010110001110001101111111011110100110101000100110010001100110001100011011001011101010011001011110101100,True,True,True,False,7,0.03130173683166504,0.015481710433959961,0.015058279037475586,0.0007467269897460938
WhatsApp Image 2025-05-29 at 21.38.18 (1).jpeg,1010001011111011000101111111110100111001010001101111011001000000001110010011101110110101100100011000100000111110110111000000011011001001001110111110110110011001110010110111011011001111000000011000111001000100001001000100100110110010110101110010110000000011,1010001011111011000101111111110100111001010001101111011001000000001110010011101110110101100100011000100000111110110111000000011011001001001110111110110110011001110010110111011011001111000000011000111001000100001001000100100110110010110101110010110000000011,True,True,True,True,0,0.02459406852722168,0.010740280151367188,0.013464927673339844,0.0003731250762939453
WhatsApp Image 2025-05-29 at 21.32.14 (1).jpeg,1101010110011000110101000100101000010111011000111011001100110010010100111011111111011011100000110110100000110001011001110111110000100101100001110111010011101101010101100111100010000110010001111011001101100000101100000010110010010011101001111100001010110001,1101010110011000110101000100101000010111011000111011001100110010010100111011111111011011100000110110100000110001011001110111110000100101100001110111010011101101010101100111100010000110010001111011001101100000101100000010110010011011101001111100000010110001,True,True,True,True,2,0.02858877182006836,0.01323390007019043,0.014930009841918945,0.00040912628173828125
WhatsApp Image 2025-05-29 at 21.35.40.jpeg,1001011000101101111001100011100101100011010011100001001101000110100101101101001110011001110110010010000101100011000001100110001001011011010010101111100110000110111111001000000011111110000000010111110110100111111010000110111111000010011101110001000001011110,1001011000101101111001100011100101100011010011100001001101000110100101101101001110011001110110010010000101100011000001100110001001011011010010101111100110000110111111001000000011111110000000010111110110100111111010000110111111000010011101110001000001011110,True,True,True,True,0,0.029853343963623047,0.014368772506713867,0.015123128890991211,0.00034499168395996094
WhatsApp Image 2025-05-29 at 21.39.56.jpeg,1001011001101011000010100100110000101001010011000011011100101010011100011010110111111111101101011100000000110101110111010001010010000001101011100111110010010000100011101111011111111100000010001100111111001110011100000000000110101101111111110100000010011000,1001011001101011000010100100110000101001010001000011011100101010011100011010110111111111101101011100000000110101110111010001010011000001101011100111110010010000100011101111011111111100000010001100111111001110011100000000000110101101111111110100000010011000,True,True,True,True,2,0.02348160743713379,0.00973367691040039,0.01340341567993164,0.00032901763916015625
WhatsApp Image 2025-05-29 at 21.34.29.jpeg,1000011100011100010101101110000000111100111000111011001110001110110001110011100001011100011110011011011001100011110000011100011100111110000110011000000100111000011011101110000110011100000101110100011111101010001010011010001100010110000110011110100111101100,1000011100011100010101101110000000111100111000111011001110001110110001110011100001011100011110011011011001100011110000011100011100111110000110011000000100111000011011101110000110011100000101110100011111101010001010011010001100010110000110011110100111101100,True,True,True,True,0,0.03092503547668457,0.015494346618652344,0.015066862106323242,0.0003485679626464844
WhatsApp Image 2025-05-29 at 21.36.43.jpeg,1100010100001111110000011011000001011011000010101011111001101111100011001001100011011001110000100011101110100100100001011110010001100011111000011100101100001001110111011001101110011100110001000111000100101101001011110000100111011110011001111001001001110010,1100010100001111110000011011000001011011000010101011111001101111100011001001100011011001110000100011101110100100100001011110010001100011111000011100101100001001110111011001101110011100110001000111000100101101001011110000100111011110011001111001001001110010,True,True,True,True,0,0.030260086059570312,0.014980554580688477,0.014924287796020508,0.00033974647521972656
WhatsApp Image 2025-05-29 at 21.32.10.jpeg,1000001011000010010110101011001110010001011011010110011001110011010011100011100010110100011010000001111000011001110000110011100100110101000100110011001110010010111101100111100100100111000011001100001110001110101110001011100100011101110111001111100011001111,1000001011000010010110101011001110010001011011010110011001110011010011100011100010110100011010000001111000011001110000110011100100110101000110110011001110010010111101100111100100100111000011001100001110001110101110001011100100011101110011001111100011001111,True,True,True,True,2,0.030367374420166016,0.014985799789428711,0.015015363693237305,0.0003504753112792969
WhatsApp Image 2025-05-29 at 21.37.14.jpeg,1100100101101001110100110110000011010010011000011001110001111100001101110001100010010010011011001101100010010010011001001100100000110011000011000000110010011011100011011001011101110111110011001111011101111000110111011101001100110111110011000000011110111000,1100100101101001110100110110000011010010011000011001110001111100001101110001100010010010011011001101100010010010011001001100100000110011000011000000110010011011100011011001011101110111110011001111011100111000110111011101001100110111110011000000011111111000,True,True,True,True,2,0.034244537353515625,0.01881098747253418,0.015000343322753906,0.00041747093200683594
WhatsApp Image 2025-05-29 at 21.30.17 (1).jpeg,1100100110011101011000100100111011110100101111000010001100100010111111011111100010010000100010010101101001010001100001000010111000101001010110100100010000111111101100110010111011111011100100001001000111100011011111001110100111000010101101010010111001110100,1100100110011101011000100100111011110100101111000010001100100010111111011111100010010000100010010101101001010001100001000010111000101001010110100100010000111111101100110010111011111011100100001001000111100011011111001110100111000010101101010010111001110100,True,True,True,True,0,0.028989076614379883,0.013761281967163086,0.014867782592773438,0.00034427642822265625
WhatsApp Image 2025-05-29 at 21.30.19 (1).jpeg,1001010011011101110010111110011001111001001110011111110000000101000000110101111000001110111100011111010100001001000010011011000011001010110101100001010100101111001010011010000001011010110101101011010010010011000001010110111111011110111100001001000010011110,1001010011011101110010111110011001111001001110011111110000000101000000110101111000001110111100011111010100001001000010011011000011001010110101100001010100101111001010011010000001011010110101101011010010010011000001010110111111011110111100001001000010011110,True,True,True,True,0,0.03280949592590332,0.017467975616455078,0.014918804168701172,0.0004069805145263672
WhatsApp Image 2025-05-29 at 21.36.36 (1).jpeg,1011110010000101111000111001100001000011111110101001110001101111100101000010010101101100110100111110110011010011010000110010110011000011011110000001001001100011100100110010001000111100110000111001010100101101011000111101100111101000110110100100001101111100,1011110010000101111000111001100001000011111110101001110001101111100101000010010101101100110100111110110011010011010000110010110011000011010110000001001001100011100100110010001000111100110000111001010100101101011000111101100111101000110110110100001101111100,True,True,True,True,2,0.03504180908203125,0.019094467163085938,0.015484333038330078,0.00044727325439453125
WhatsApp Image 2025-05-29 at 21.37.07 (1).jpeg,1100110011101111001110111000110000010001011100111100110010000000000100001101110111011100000000110011001111011100110011100010001100111001110111001100110000010111011100111011001011000100000101110111110111001100100000000001011101111111101100011000000000111111,1100110011101111001110111000110000010001011100111100110010000000000100001101110111011100000000110011001111011100110011100010001100111001110111001100110000010111011100111011001011000100000101110111110111001100100000000001011101111111101100011000000000111111,True,True,True,True,0,0.037349700927734375,0.021384477615356445,0.015503168106079102,0.00044608116149902344
WhatsApp Image 2025-05-29 at 21.33.20.jpeg,1001111110110011101011111111000111101100010111110011110000101100001000000100010011001101000101010101101110011011101000110101000000110001001001010110100001001110001110000001110110100101101001011010101011111011010000110110000110110011000111001110110000100110,1001111110110011101011111111000111101100010111110011110000101100001000000100010011001101000101010101101110011011101000110101000000110001001001010110100001001110001110000001110110100101101001011010101011111011010000110110000110110011000111001110110000100110,True,True,True,True,0,0.03663301467895508,0.021220684051513672,0.01497650146484375,0.00041937828063964844
WhatsApp Image 2025-05-29 at 21.35.31 (1).jpeg,1101000101000100110101011101101111110101010011101011101101001110010000001000111101111010001011100010101111011101001010010101010010000111100101001100000111100100011110110011010001110011111000000111101000111100011111001000110100001100101011001000000100000111,1101000101000100110101011101101111110101010011101011101101001110010000001000111101111010001011100010101111011101001010010101010010000111100101001100000111100100011110110011010001110011111000000111101000111100011111001000110100001100101011001000000100000111,True,True,True,True,0,0.032706499099731445,0.017264604568481445,0.015010833740234375,0.0004150867462158203
WhatsApp Image 2025-05-29 at 21.34.53 (1).jpeg,1101001000100110010111011101011010100000110110010110011000110011100110110010011000011000110011101001001001011001111001100001101110101000110101000011000110110110100101110011001110011110111001010101100110101010001100110101100101000110010001110101010011100110,1101001000100110010111011101011010100000110110010110011000110011100110110010011000011000110011101001001001011001111001100001101110101000110101000011000110110110100101110011001110011110111001010101100110101010001100110101100101000110010001110101010011100110,True,True,True,True,0,0.032904863357543945,0.01722407341003418,0.015226125717163086,0.00043845176696777344
WhatsApp Image 2025-05-29 at 21.32.52.jpeg,1100001011010010101110011101010010000010110111011101101101100011111010111011010010100100101010100010010001101101001101010010110000110101101101100011010110111011011001001100101101000010110000101011000100011100110010110000100111101011011000001010101001110011,1100001011010010101110011101010010000010100111011101101101100011111010111011010010100100101010100011010001101101001101010010110000110101101101100011010110111011011001001100101101000010110000101011000100011100110010110000100111101011011000001010101001110011,True,True,True,True,2,0.031002521514892578,0.01574087142944336,0.014753341674804688,0.0004923343658447266
WhatsApp Image 2025-05-29 at 21.37.34.jpeg,1010011000110111100011111001111101000000011111011110001100100110011011001001000000111001001100011100100011111110011001011011100001100001100110110011110001001001110001011110100000100111101000110110101100110000100110001111011011001100001100100000111100001111,1010011000110111100011111001111101000000011111011110001100100110011011001001000000111001001100011100100011111110011001011011100001100001100110110011110001001001110001011110100000100111101000110110101100110000100110001111011011001100001100100000111100001111,True,True,True,True,0,0.031389713287353516,0.015911579132080078,0.015106678009033203,0.0003554821014404297
WhatsApp Image 2025-05-29 at 21.35.32 (1).jpeg,1010000111001011101101100110010110010110100111000100101100001111100000010100101101001100001111011101111000110101101011011001011011001110001101100001010011011001100011110111001111011100110010011000000100110101000010000100011100110101101000001001100111101110,1010000111001011101101100110010110010110100111000100101100001111100000010100101101001100001111011101111000110101101011011001011011001110001101100001010011011001100011110111001111011100110010011000000100110101000010000100011100110101101000001001100111101110,True,True,True,True,0,0.03286480903625488,0.017487049102783203,0.015016317367553711,0.0003445148468017578
WhatsApp Image 2025-05-29 at 21.37.44 (1).jpeg,1100100101011001110010010011100110010010001001010001111000001101011011000100100110011100111011101001011100100001111100001100011011001111010110000011100100100011011110011001100110011010001101001011000010111100011011000000110101101101110110111011101100100011,1100100101011001110010010011100110010010001001010001111000001101011011000100100110011100111011101001011100100001111100001100011011001111010110000011100100100011011010011001100110011010001101001011000010111100011011100000110101101101110110111011101100100011,True,True,True,True,2,0.030206918716430664,0.014105796813964844,0.015642404556274414,0.0004425048828125
WhatsApp Image 2025-05-29 at 21.34.26.jpeg,1100010011111110100101001001100110111111100000010100101011110010100000111101111000100111100011010000110100101111000100010001111100010111100001000001101101000110000100110010001100111001011001000100101101011100010011110111011001101001011001110100111101100101,1100010011111110100101001001100110111111100000010100101011110010100000111101111000100111100011010000110100101111000100010001111100010111100001000001101101000110000100110010001100111001011101000100101101011100010011110111011001101001011001110100011101100101,True,True,True,True,2,0.03508329391479492,0.019350528717041016,0.015125274658203125,0.0005915164947509766
WhatsApp Image 2025-05-29 at 21.37.12.jpeg,1111111000101100011111110000010010000011111101110100000001001011100110101001110100101011111101010101001101000010011100000111111001101000101011011000100000100101110000110001011111001111101100001100010000111010010010111100001100011011110001011010111111000000,1111111000101100111111110000010010000001111111110100000001001011100110101001110100101011111101010101001101000010011100000111111001101000101011011000100000100101110000110001011111001111101100001100010000111010010010111100001100010011110001011010111111000000,True,True,True,True,4,0.03532075881958008,0.019821882247924805,0.015045881271362305,0.0004367828369140625
WhatsApp Image 2025-05-29 at 21.39.10 (1).jpeg,1000001000000101111101010010101100101011110101100111001010101001011110010100101011010110101101010010110100011011101101001010011001100000111010001101101110010010101001011010010110111110010011010110001110110100010110011010100010010110110010111100000101100100,1000001000000101111101010010101100101011110101100111001010101001011110010100101011010110101101010010110100011011101101001010011001100000111010001101101110010010101001011010010110111110010011010110001110110100010110011010100010010110110010111100000101100100,True,True,True,True,0,0.03529238700866699,0.0189664363861084,0.01595139503479004,0.0003578662872314453
WhatsApp Image 2025-05-29 at 21.37.35.jpeg,1010100000111110100000000011101011000111010000001111001100000001011110101000111101001110101001001000010111110000100011010111110001111110111110110000001101001001111100101010111101101110101111101000000100110010001111010101000011010111110011111000100010000011,1010100000111110100000000011101011000111010000001111001100000001011110101000111101001110101001001000010011110000100011010111110001111110111110110000001101001001111100101010111101101110101111101000000100110010001111010101010011010111110011111000100010000011,True,True,True,True,2,0.0331721305847168,0.017835140228271484,0.01498270034790039,0.0003376007080078125
WhatsApp Image 2025-05-29 at 21.30.54.jpeg,1011100100011001111011110000111101011011101100100011010110011000000011000000011010011101001101110010110111011000000110110000010011111111101001110000111010010000110100110010110100011110101001000000111001011011101001000111000100011111111010010000111001010110,1011100100011001111011110010111101011011101100100011010110011000000011000000011010011101001101110010110111011000000110110000010011111111101001110000111010010000110100110010110100011110101001000000111001011011101001000111000100011111111010010000111001000110,True,True,True,True,2,0.03740739822387695,0.021887779235839844,0.015071868896484375,0.0004317760467529297
WhatsApp Image 2025-05-29 at 21.36.35 (1).jpeg,1011101011111111101101011110110110000000110101011001101101000010100101001010101011011010001111100100100000010101000111001001011011011111000011110101011110010110011001000101100110001000111011000110000011000111000011010000000101010100110101100001011101001111,10111010111111111011010111101101100000001101010110011011010000101001010010101010110110100011111001001000000101010001110010010110110111110000011101010110100101100110010001011001000000001110110000001110110000011000111000011010000000101010100110101100001011101001111,True,True,False,True,38,0.040300607681274414,0.023130416870117188,0.016557931900024414,0.0005953311920166016
WhatsApp Image 2025-05-29 at 21.39.53.jpeg,1000101000011110101011111110000100100001011100011110010100000100000001111000111011011100101110001000111010101001100111000010010111011110100101000001100011010010100110100110100011011010110111101001100011110010001101111100101010011000010111101101111101100001,1000101000011110101011111110000100100001011100011110010100000100000001111000111011011100101110001000111010101011100111000010010111011110100101000001100011010010100110100110100011011010110110101001100011110010001101111100101010011000010111101101111101100001,True,True,True,True,2,0.025158166885375977,0.011255741119384766,0.013553142547607422,0.0003337860107421875
WhatsApp Image 2025-05-29 at 21.30.15 (1).jpeg,1001001001001000111110011101011111011001111001110100111010010010111001000111000111100011011101000110101100111100111000110101100111000110000000111110100000110001001110101001011011011110100011101110010100000001000001100010110010010001110101100000001111101011,1001001001001000111110011101011111011001111001110100111010010010111001000111000111100011011101000110101100111100111000110101100111000110000000111110100000110001001110101001011011011110100011101110010100000001000001100010110010010001110101100000001111101011,True,True,True,True,0,0.03878617286682129,0.023148536682128906,0.014989137649536133,0.0006327629089355469
WhatsApp Image 2025-05-29 at 21.39.01 (1).jpeg,1101010001010111110001011011011110100001010011000110101110010111000111000111001100000000111011110100000110001100110110110011101110001101111100110001011011001100001000001101010101101011001101011110111010100101110101101100000010110001001010000011011001100010,1101010001010111110001011011011110100001010011000010101110010111000111000111001100000000111011110100000110001100110110110011101110001101111100110001011011001100001000001101010101111011001101011110111010100101110101101100000010110001001010000011011001100010,True,True,True,True,2,0.033332109451293945,0.01800990104675293,0.014895439147949219,0.00041103363037109375
WhatsApp Image 2025-05-29 at 21.35.42.jpeg,1101000011111111110111111100000010011011100000111110000000111101101011111000011001100001110001100110100001111001000011111010100001001000010100010101001111111110010111100001110000010101110000101001010010001111000011011000111011100111001000011100100100101101,1101000011111111110111111100000010011011100000111110000000111101101011111000011001100001110001100110100001111001000011111010100001001000010100010101001111111110010111100001110000010101110000101001010010001111000011011000111011100111001000011100100100101101,True,True,True,True,0,0.037103891372680664,0.02078533172607422,0.015841007232666016,0.0004627704620361328
WhatsApp Image 2025-05-29 at 21.30.09.jpeg,1001000000011001100110001100101111000100011001101100011001100110111001100111011011100010001110011111100110001001110100011001100011110000110011000111110001001100111110100110011001101100001000111011111000110011100101110001100100011101000110001101011110001100,1001000000011001100110001100101111000100011001101100011001100110111001100111011011100010001110011111100110001001110100011001100011110000110011000111110001001100111110100110011001101100001100111011111000110011100101110001100100011101000110001101011100001100,True,True,True,True,2,0.03150796890258789,0.016109228134155273,0.015045166015625,0.00033783912658691406
WhatsApp Image 2025-05-29 at 21.39.26.jpeg,1111101000111110111000110101001011011110010101101010010101101010011011000101001001001110101001010010010111100001111111000101010000000111100001010011000010011100100100111001100011010001010110100001101101010011000110110010101110111001011010110000101110100101,1111101000111110111000110101001011011110010101101010010101101010011011000101001001001110101001010010010111100001111111000101010000000111100001010011000010011100100100111001100011010001010110100001101101010011000110110010101110111001011010110000101110100101,True,True,True,True,0,0.023212909698486328,0.009233474731445312,0.013638019561767578,0.0003266334533691406
WhatsApp Image 2025-05-29 at 21.32.23 (1).jpeg,1100110010011001101001100001000000011011000100100111101101001110110101100100110011000101011001110010000111101111001110100111011011001010100000100100010010001001001101010111111111111101010100101100101011010000000010101010010000110110101011011111010101101011,1100110010011001101001100001000000011011000100100111101101001110110101100100110011000101011001110010000111101111001110100111011011001010100000100100010010001001001101010111111111111101010100101100101011010000000010101010010000110110101011011111010101101011,True,True,True,True,0,0.0338435173034668,0.0181734561920166,0.015305519104003906,0.00034928321838378906
WhatsApp Image 2025-05-29 at 21.36.14 (1).jpeg,1011111001101101010110100100110001111110010011011101010010001011110001001101001011111100100110111100000011010110001011000111100011011011000001100100001000100101001000111111101111010111000100011101011001011011101010111011000000000100011001000011101010001010,1011111001101101010110100100110001111110010011011101010010001011110001001101011011111100100110111100000011010110001011000111100011011011000001100100001000100101001000111111101111010111000100011101010001011011101010111011000000000100011001000011101010001010,True,True,True,True,2,0.032179832458496094,0.01749587059020996,0.014261960983276367,0.0004067420959472656
WhatsApp Image 2025-05-29 at 21.39.52.jpeg,1011110101101001111000000101101011000101101101011100101010010101110101111001101000101010010101110101101001111001100101010010100011011011011100001000100001100101100110011010101101011001010101011010110010010111011011001010001001000100100001100010010111010110,1011110101101001111000000101101011000101101101011100101010010101110101111001101000101010010101110101101001111001100101010010100011011011011100001000100001100101100110011010101101011001010101011010110010010111011011001010001001000100100001100010010111010110,True,True,True,True,0,0.023928165435791016,0.010029315948486328,0.013555049896240234,0.0003287792205810547
WhatsApp Image 2025-05-29 at 21.35.04.jpeg,1100000000001010011111001011101000111110000100110111111100001110101101001111110000110011100111111100110111010100111100001110010001001011000100111110001000100001001101001100110010101111100111110011011111010110000110001100011101001100101100011000001000000001,1100000000001010011111001011101000111110000100110111111100001110101101001111110000110011100111111100110111010100111100001110010001001011000100111110001000100001001101000100110010101111100111110011011111010110000110001100011101001100101100111000001000000001,True,True,True,True,2,0.03422808647155762,0.01863551139831543,0.015152692794799805,0.00042438507080078125
WhatsApp Image 2025-05-29 at 21.30.24.jpeg,1001001100110000101101010011010011011100010010010100101011000001001011101011110011110011111110100010110100001110001010000100100111010011011110010010101010110001011011001000011111011010000000110011010011110101011001111001110011001001110010111000111101001001,1001001100110000101101010011010011011100010010010100101011000001001011101011110011110011111110100010110100001110001010000100100111010011011110010010101010110001011011001000011111011010000000110011010011110101011001111001110011001001110010111000111101001001,True,True,True,True,0,0.031919240951538086,0.016455650329589844,0.015095233917236328,0.00035262107849121094
WhatsApp Image 2025-05-29 at 21.30.22 (1).jpeg,1001001110101000010100001010111011100100010011100001111100011010100101001110011010100101011000011011001100110001110111001001100000001001110001000100101110101001011011110110101001011101011101001101101001101101011000101001101000101110110101000110111010011110,1001001110101000010100001010111011100100010011100001111100011010100101001110011010100101011000011011001100110001110111001001100000001001110001000100101110101001011011110110101001011101011101001101101001101101011000101001101000101110110101000110111010011110,True,True,True,True,0,0.033464670181274414,0.01702404022216797,0.015932559967041016,0.0004932880401611328
WhatsApp Image 2025-05-29 at 21.39.38.jpeg,1100100101111111010011001111111111111110100000010000100000110010100000000111110000010011100001001000110111000010011110111000011011101000000101011011000001111101011100001101110010100000100110110011011000010011111011110001000001110110011111111110011001110000,1100100101111111010011001111111111111110100000010000100000110010100000000111110000010011100001001000110111000010011110111000011011101000000101011011000001111101011100001101110010100000100110110011011000010011111011110001000001110110011111111110011001110000,True,True,True,True,0,0.039304494857788086,0.02245473861694336,0.01647782325744629,0.0003559589385986328
WhatsApp Image 2025-05-29 at 21.39.32 (1).jpeg,1001111101011011111110101110010001100100001101001011001001001011111000001101001110001001101011001000011101001101110110100011010010101101010011000101110010010011110110100011010011010110000011110100101010100011010010100011100010001101000110110101111010100100,1001111101011011111110101110010001100100001101001011001001001011111000001101001110001001101011001000011101001101110110100011010010101101010011000101110010010011110110100011010011010110000011110100101010100011010010100011100010001101000110110101111010100100,True,True,True,True,0,0.023908138275146484,0.010057687759399414,0.013505697250366211,0.0003294944763183594
WhatsApp Image 2025-05-29 at 21.32.51 (1).jpeg,1001000111100001101000111011010001001001010100101001010111000101001011010000110110101010001001000010110101010110110101100101001010010101011001101001000111011001110101001110101111001110101111001111000011101111101011011100100111010111001000010100011101000100,1001000111100001101000111011010001001001010100101001010111000101001011010000110110101010001001000010110101010110110101100101001010010101011001101001000111011001110101001110101111001110101111001111000011101111101011011100100111010111001000010100011101000100,True,True,True,True,0,0.0323331356048584,0.017026185989379883,0.014945745468139648,0.0003459453582763672
WhatsApp Image 2025-05-29 at 21.37.39.jpeg,1110010110000110100001001101011110101110110010101111100011011011010100010100100110011011001001011010000100111100010110100010011000011100001101101011110101100010110001111001011011011101101000000011111001011101101101000001100011100001100000010110101001111001,1110010110000110100001011101011110101110100010101111100011011011010100010100100110011011001001011010000100111100010110100010011000011100001101101011110101100010110001111001011011011101101000000011111001011101101101000001100011100001100000010110101001111001,True,True,True,True,2,0.03576993942260742,0.019444942474365234,0.015810489654541016,0.0004992485046386719
WhatsApp Image 2025-05-29 at 21.38.17 (1).jpeg,1110100001011010011010000001111001100001111010001010010110100001011100101000011111100001100001010101001101111010110000111001011010010111101001011110100010011010100111110000011011111010010110101000010110100111011110100000110010000101110011011110001000111110,1110100001011010011010000001111001100001111010001010010110100001011100101000011111100001100001010101001101111010110000111001011010010111101001011110101010011010100111110000011011111010010110101000010110100111011110100000110010000101110011010110001000111110,True,True,True,True,2,0.02389812469482422,0.009987354278564453,0.01352381706237793,0.0003712177276611328
WhatsApp Image 2025-05-29 at 21.32.54 (1).jpeg,1001001111100100100110101001010010011000010111110110100011001010100100000101100010010111001101101001011000100111001100111000000110100110111100100011011010110100011001100011101101101111010001111000110011000001011100000111111011110100100111100001110011100101,1001001111100100100110101001010010011000010111110110100011001010100100000101100010010111001101101001011000100111001100111000000110100110111100100011011010110100011001100011101101101111010001111000110011000001011100000111111011110100100111100001110011100101,True,True,True,True,0,0.034558773040771484,0.018756389617919922,0.015369892120361328,0.0004169940948486328
WhatsApp Image 2025-05-29 at 21.33.00 (1).jpeg,1011101001101001101000011001011001000101110011100010101001101101101110011001001111010100011010100100111011101100001000111101011010111001101011111101110000010001011010101111000010100111010001100001001100100011010110000001100111101100111000101000001101100101,1011101001101001101000011001011001000101110011100010101001101101101110011001001111010100011010100100111011001100001000111101011010111001101011111101110000010001011010101111100010100111010001100001001100100011010110000001100111101100111000101000001101100101,True,True,True,True,2,0.02695631980895996,0.012033700942993164,0.014438629150390625,0.0004680156707763672
WhatsApp Image 2025-05-29 at 21.30.51 (1).jpeg,1000010110101000010000001011100010111100110011110100000100100101111110001101001011000001010010011111111011110010100101001100111101101111010100101101010010111100101010011010000001011110001001101000100110100101011011100000011010011101111011000100111110010101,1000010110101000010000001011100010111100110011110100000100100101111110001101001011000001010010011111111011110010100101001100111101101111010100101101010010111100101010011010000001011110001001101000100110100101011011100000011010011101111011000100111110010101,True,True,True,True,0,0.0369725227355957,0.02124333381652832,0.015190601348876953,0.000522613525390625
WhatsApp Image 2025-05-29 at 21.35.37.jpeg,1000000000011111101111010110010101110110100100000111100011101100000011001011000100010111000011101000001111110011100100111000111000111100100101100110100010111001010100100001101000011111000010110011011011000110110011111011000100111011001110001010101111101100,1000000000011111101111010110010101110110100100000111100011101100000011001011000100010111000011101000001111110011100100111000111000111100100101100110100010111001010100100001101000011111000010110011011011000110110011111011000100111011001110001010101111101100,True,True,True,True,0,0.03461027145385742,0.019044160842895508,0.015194416046142578,0.0003552436828613281
WhatsApp Image 2025-05-29 at 21.30.23.jpeg,1001010101000010110010001111000101100110010011110011011010101001001000010111110110001101101110010010101110000010111111100001110011100010101111011100111010111100000010101000100001001110001100001000000111000101101010101010111111111101110011000000011110001110,1001010101000010110010001111000101100110010011110011011010101001001000010111110110001101101110010010101110000010111111100001110011100010101111011100111010111100000010101000100001001110001100001000000111000101101010101010111111111101110011000000011110001110,True,True,True,True,0,0.03647589683532715,0.020957231521606445,0.015150308609008789,0.00035309791564941406
WhatsApp Image 2025-05-29 at 21.37.16 (1).jpeg,1000100101111101100111101111000100110111100001101110000100001110100001000101100101101110010110000110110110100111101100011010011010011011010100100001101101011001011011001000100110010110101100100100011100110111001000111011110110010001100010001100110110001010,1000100101111101100111101111000100110111100001101110000100001111100001000101100101101110010110000110110110100111101100011010011010011011010100100001101101011001011011001000100110000110101100100100011100110111001000111011110110010001100010001100110110001010,True,True,True,True,2,0.03398847579956055,0.01825571060180664,0.01518869400024414,0.0005283355712890625
WhatsApp Image 2025-05-29 at 21.36.10 (1).jpeg,1010001100110111001001110011001111000100101000010011100110010001110100011001100000001110110011001011001100100110111100110011001000001101110111011101110110011001011000100100111010001100011001100110011110110011001110110000100110011001100111000111001111001100,1010001100110111001001110011001111000100101000010011100110010001110100011001100000001110110011001011001100110110111100110011001000001101110111011101110110011001011000100100111010001100011001100110011110110011001110110000100110011001100111000011001111001100,True,True,True,True,2,0.03304457664489746,0.01638054847717285,0.01629161834716797,0.0003566741943359375
WhatsApp Image 2025-05-29 at 21.36.32.jpeg,1011101110110110110001000101101101101011101101001010110001001011010100011011011001101100010010011101001110100010000011000100100111110011111001001000100101001011001001001011000111011011010111100010010011100001100100110001111101101100111000010010001110000111,1011101110110110110001000101101101101011101101001010110001001011010100011011011001101100010010011101001110100010000011000100100111110011101001001000100101001011001001001011000111011011010111110010010011100001100100110001111101101100111000010010001110000111,True,True,True,True,2,0.03483939170837402,0.019408226013183594,0.014993429183959961,0.00042247772216796875
WhatsApp Image 2025-05-29 at 21.34.56.jpeg,1000001001111000001101100100010100110101010111001001011111101010011100001011011111001101011101011100111100000100110110100001100000111011011000010010000101111000111001101100111101001100100010101100100111110001000111010001010101010010001111100011011011011001,1000001001111000001101100100010100110101010111001001011111101010011100001011011111001101011101011100111100000100110110100001100000111011011000010010000101111000111001101100111101001100100010101100100111110001000111010001010101010010001111100011011011011001,True,True,True,True,0,0.03477311134338379,0.01938605308532715,0.014963626861572266,0.0004086494445800781
WhatsApp Image 2025-05-29 at 21.30.52 (1).jpeg,1001011010011111000101101001110110000011100011001100011011001100010001100100110000110011101011001010000110100110011111100110011000011010001101111100000110001001011010011100111001001110011001101001000110111101001110010011011101101100011000100011001011110011,1001011010011111000101101001110110000011100011001100011011001100010001100100110000110011101011001010000110100110011111100110011000011010001101111100000110001001011010011100111001001110011001101001000110111101001110010011011101101100011000100011001011110011,True,True,True,True,0,0.029401063919067383,0.014123916625976562,0.01491856575012207,0.0003428459167480469
WhatsApp Image 2025-05-29 at 21.30.49.jpeg,1110010001100111110001110001100000111000110101001100011011100110001111000001100011110000110000101110000111100110110000110100110000001111100011101100110011101101110001011000101011110001110011000011111110001101111000100011100011000011100010110001111100110010,1110010001100111110001110001100000111000110101001100011011100110001111000001100011110000110000101110000111100110110000110100110000001111100011101100110011101101110001011000101011110001110011000011111110001101111000100011100011000011100010110001111100110010,True,True,True,True,0,0.03171205520629883,0.016355514526367188,0.014997720718383789,0.0003440380096435547
WhatsApp Image 2025-05-29 at 21.37.32 (1).jpeg,1111111010100000011111111010100011111111101010011111111110100000011110101000000111101000000001010111000000010101010111010101011101101100010101011010011001010111010011011001001111110111010100011001011000000111000111001000101010100010000000100111011000000100,1111111011100000011111111010100011111111101010011111111110100000011110101000000111101000000001010111000000010101010111010101011101101100010101011010011001010111010011011001001111110111000100011001011000000111000111001000111010100010000000100111011000000000,True,True,True,True,4,0.03311467170715332,0.016801118850708008,0.015953540802001953,0.00034427642822265625
WhatsApp Image 2025-05-29 at 21.39.13 (1).jpeg,1000111000011101100111101011100011110001011100110001011100101010111100101000111000010000101001011101111000111000100010010111010101011100100111101100100011110101110011110100101011001000110100010100101101010010011111000100100101100010010011000101111001100010,1000111000011101100111101011100011110001011100110001011100101010111100101010111000010000101001011101111000111000100010010111010101011100100111101100100011110101110011110100101011001000110100010100101101010010011011000100100101100010010011000101111001100010,True,True,True,True,2,0.02509164810180664,0.011125326156616211,0.013623237609863281,0.0003273487091064453
WhatsApp Image 2025-05-29 at 21.33.54 (1).jpeg,1100000000000101010010110100100000111111111111001111010010100011101101011111101000110010110111010100101100000011100110100001000111110000011011100000110111101001000110001011000111110100110101100110101101010111000111110011100111010000110100001110000100001101,1100000000000101010010110100100000111111111111001111010010100011101101011111101000110010110111010100101100000011100110100001000111110000011011100000110111101001000110001011000111110100110101100110101101010111000111110011100111010000110100001110000100001101,True,True,True,True,0,0.03332233428955078,0.017653226852416992,0.015233039855957031,0.00042057037353515625
WhatsApp Image 2025-05-29 at 21.34.56 (1).jpeg,1001010100101110100100110111110000011010110100011110110010110011011000010100011010000111110011100110100100001010110110010001100000100111101111010110111011100011011001110011010010000000110011100110010110110001110011111001100101100100101101101000001100100110,1001010100101110100100110111110000011010110101011110110010110011011000010100011010000111110011100110100100001010110100010001100000100111101111010110111011100011011001110011010010000000110011100110010110110001110011111001100101100100101101101000001100100110,True,True,True,True,2,0.028333425521850586,0.012905597686767578,0.015063762664794922,0.00034737586975097656
WhatsApp Image 2025-05-29 at 21.32.58.jpeg,1010110100100111110011011000010110110110110110000010001111010101111100000101011111000010000001011100101110101100001100011110111100101000110001111111110100110111001110110011100001100001110000101100000010110101000101011011100100000111100110101000010010100011,1010110100100111110011011000010110110110110110000010001111010101111100000101011111000010000001011100101110101100001100011110111100101000110001111111110100110111001110110011100001100001110000101100000010110101000101011011100100000111100110101000010010100011,True,True,True,True,0,0.0352635383605957,0.019700288772583008,0.015189409255981445,0.00035762786865234375
WhatsApp Image 2025-05-29 at 21.33.24.jpeg,1101100000001100100010110010001010000111110100111111011111011110011010010101110000101000000101111101101000100011010010111010100010001111100000000001000010100011011100101110101111111101001111001101010000011010001010110101011100111111011101011101010000001100,1101100000001100100010110010001010000111110100111111011111011110011010010101110010101000000101111101101000100011010010111010100010001111100000000001000010100011011100101110101111111101001011001101010000011010001010110101011100111111011101011101010000001100,True,True,True,True,2,0.031225204467773438,0.015361547470092773,0.01544499397277832,0.0004019737243652344
WhatsApp Image 2025-05-29 at 21.32.47.jpeg,1110111101000010110010100011100111010100101111111111011011001110111100101000010110000101010101101111001110100001100000010111011001111001000011011101110000101000001010010111111001111010101010010101010001000110001010101001010110000100110000001101011000100011,1110111101000010110010100011100111010100101111111111011011001110111100101000010110000101010101101111001110100001100000010111011001111001000011011101110000101000001010010111111001111010101010010101010001000110001010101001010110000100110000001101011000100011,True,True,True,True,0,0.04203939437866211,0.024460554122924805,0.017200469970703125,0.0003616809844970703
WhatsApp Image 2025-05-29 at 21.30.47.jpeg,1011110011100110100111000100010111000001010000010110001100110001001000111001011100110111110011100101110011001111100111001010010101100100001100110110000000011011010000011011110111011011101011001100101111000110001001110100001001100110000000110101100011111111,1011110011100110100111000100010111000011010100010110001100110001001000111001011100110111110011100001110011001111100111001010010101100100001100110110000000011011010000011011110011011011101011001100101111000110001001110100001001100110000000110101100011111111,True,True,True,True,4,0.02542734146118164,0.010590553283691406,0.014474153518676758,0.00034618377685546875
WhatsApp Image 2025-05-29 at 21.39.31.jpeg,1000111101001110001111011111101010110100101100000110011010000101111100000101100000010110100010111100101100100001110100000100101100011001001111101110100011001101100110011111100101100010010011011001100111011001001001000011111111111001001111011000001001100000,1000111101001110001111011111101010110100101100000110011010000101111100000101100000010110100010111100101100100001110100000100101100011001001111101110100011001101100110011111100101100010010011011001100111011001001001000011111111111001001111011000001001100000,True,True,True,True,0,0.025983810424804688,0.010357379913330078,0.015255451202392578,0.0003535747528076172
WhatsApp Image 2025-05-29 at 21.30.50 (1).jpeg,1001000000110110100000101011001011000010110110011110000101010101111001100010011010000111001110110100101010101001110110011000010001111010101011000000011101111011100001110100111111001011101101100111010010010110001101001010110111001100001010111100101100101100,1001000000110110100000101011001011000010110110011110000101010110111001100010011010000111001110110100101110101001110110011000010001111010101111000000011101111011100001110100111111001010101101100111010010010110001101001010110111001100001010111100101100100100,True,True,True,True,6,0.03490114212036133,0.017447471618652344,0.01706528663635254,0.0003712177276611328
WhatsApp Image 2025-05-29 at 21.34.22 (1).jpeg,1101011110000000100000010001100101000011001111101111010110011111100101110101100011001011110000000010110010000111101000100111111111011000111111001100010010100011001011100100001101110010001000011000110110110011111001100101100001111000001010111001010110111100,1101011110000000100000010001100101000011001111101111010110011111100101110101100011001011110000000010110010000111101000100111111111011000111111001100010010100011001011100100001101110010001000011000110110110011111001100101100001111000001010111001010110111100,True,True,True,True,0,0.03213953971862793,0.015665769577026367,0.01592278480529785,0.0005347728729248047
WhatsApp Image 2025-05-29 at 21.30.46 (1).jpeg,1001101010100001110001010101111100110000111100001011111010011011000001111101111101111000111011100100000001110001000001110000111010010000110000010001101000111010111111011000011000000111111100110010010111111001011010110101111101011000001010101000100111000001,1001101010100001110001010101111100110000111100001011111010011011000001111101111101111000111011100100000001110001000001110000111010010000110000010001101000111010111111011000011000000111111100110010010111111001011010110101111101011000001010101000100111000001,True,True,True,True,0,0.035616159439086914,0.016866207122802734,0.018309593200683594,0.0004227161407470703
WhatsApp Image 2025-05-29 at 21.33.54.jpeg,1100010011010000001100011011000000011110011010101000011011111100001110000011000010001110100111110001101100111111001110110000110001011100111000101010001000110001011100011101100110000000110011010010010011110011111101101110111001111010101101000011111001110001,1100010011010000001100011011000000011110011010101000011011111100001110000011000010001110100111110001101100111111001110110000110001011100111000101010001000110001011100011101100110000000110011010010010011110011111101101110111001111010101101000011111001110001,True,True,True,True,0,0.03830456733703613,0.021691083908081055,0.01603078842163086,0.0005664825439453125
WhatsApp Image 2025-05-29 at 21.33.19 (1).jpeg,1110000011000100000111110011101000111011111111111100000001000010101011100001010110111101101111000100011000100011100010101100101011111001000111000111111101110101100000001100001110110011101111000100011100111010110010001100000110000000010101000111011100110110,1110000011000100000111110011101000111011111111111100000001000010101011100001010110111101101111000100011000100011100010101100101011111001000111000111111101110101100000001100001110110011101111000100011100111010110010001100000110000000010101000111011100110110,True,True,True,True,0,0.030780553817749023,0.014492034912109375,0.015840530395507812,0.0004317760467529297
WhatsApp Image 2025-05-29 at 21.32.59 (1).jpeg,1101111001100111110101110101100101100011100111000110000011100110100110001111000110011110000110011000011100100000011001111000011001101001110001101001100001101011100111100111100110100110100110000110001110000110011010010000011101111001001000011001110011110010,1101111001100111110101110101100101100011100111000110000011100110100110001111000110011110000110011000011100100000011001111000011001101001110001101001100001101011100111100111100110100110100110000110001110000110011010010000011101111001001000011001110011110010,True,True,True,True,0,0.03173995018005371,0.015113353729248047,0.016211986541748047,0.0003933906555175781
WhatsApp Image 2025-05-29 at 21.38.14.jpeg,1100000110111110001101101110001101101010000110010110101110011000001110111110001001001101000111100010111001101110110000100011111001101001100111010110100010111101010000001101110100011001011100010010110000111000001110000111101101010100110011010010010011100100,1100000110111110001101101110001101101010000110010110101110011000001110111110001001001101000111100010111001101110110000100011111001101001100111010110100010111101010000001101110100011001011100010010110000111000001110000111101101010100110011010010010011100100,True,True,True,True,0,0.03291153907775879,0.01729273796081543,0.015206575393676758,0.0003955364227294922
WhatsApp Image 2025-05-29 at 21.36.41 (1).jpeg,1100110001100010110001000110000011110001110100000111000111110001011110011000000111111110001000001111111100110001111011110001100001111111100000110011101111100011100011001100011001000110011001111000100110011100010000100000111010011001000111111010010001001111,1100110001100010110001000110000011110001110100000111000111110001011110011000000111111110001000001111111100110001111011110001100001111111100000110011101111100011100111001100011001000110011000111000100110011100010000100000111010011001000111111010010001001111,True,True,True,True,2,0.03292560577392578,0.01720595359802246,0.015342950820922852,0.00036025047302246094
WhatsApp Image 2025-05-29 at 21.30.51.jpeg,1001101000100001100101100110100101101110001010001001011011010100111001100101110011001011010000111100100011001101011110100110010001001001111101101100110001100011111001011011001011100010100111001001000111001010010011001010010111101101101101011010010100011001,1001101000100001100101100110100101101110001010001001011011010100111001100101110011001011010000111100100011001101011110100110010011001011011101101100110001100011111000011011001011100010100111001001000111001010010011001010010111101101101101011010010100011001,True,True,True,True,4,0.03571677207946777,0.01974320411682129,0.015548229217529297,0.00040912628173828125
WhatsApp Image 2025-05-29 at 21.39.57.jpeg,1101011000001011000001100111100001101010010100001000011000100000110001111110001111110000110110110111101110000011100110011111111101100001000110111000011100100001110001111111110011011100110011000011101000011000010001101101111011000010000011110101001100101101,1101011000001011000001100111100001101010011100001000011000100000110001111110001111110000110110110111101110000011100110011111111101100001000110111000011100100001110001111111110011011100110011000011101000011000010000101101111011000010000011110101001100101101,True,True,True,True,2,0.02400040626525879,0.009903669357299805,0.013742685317993164,0.00033783912658691406
WhatsApp Image 2025-05-29 at 21.30.45 (1).jpeg,1011100010001110110101100100111100011110000010110010100011100010101101110110010111001110000000010000100111111111101101000110010001010010101000111100111100011011101111000100010000010011111110001010101110100111110001010001110001001100111010010011100111010000,1011100010000110110101100100111100011110000010110010100011100010101101110110010111001110000000010000100111111111101101000110010001010010101000111100111100011011101111000100010000010011111110001010101110100111110101010001110001001100111010010011100011010010,True,True,True,True,4,0.03153848648071289,0.01562643051147461,0.015470504760742188,0.00042510032653808594
WhatsApp Image 2025-05-29 at 21.33.22.jpeg,1001110101101010110011000111111110011100011000001001100100111011100001100100010000010111101111111100100110011001011101100100111011001000100100010111100010010011011001100100010000111101101100101000100001011011011111000110100010000011001100100111011110011001,1001110101101010110011000111111110011100011000001001100100111011100001100100010000010111101111111100100110011001011101100100111011001000100100000111100010010011011001100100010000111101101100101000100001011011011111000110100010000011001101100111011110011001,True,True,True,True,2,0.034243106842041016,0.018860816955566406,0.015030145645141602,0.000335693359375
WhatsApp Image 2025-05-29 at 21.34.57.jpeg,1010101110101001100010110101011011010111011011001101001001110110101001001010101110000100101101010010010011110011001010000101001001011000010100011101100100001001010110001100110001110000110001000110001011010110100001101110101110000110111010110110011111111101,1010101110101001100010110101011011010111011011001101001001110110101001001010101110000100101101010010010011110011001010000101001001011000010100011101100100001001010110001100110001110000110001000110001011010110100001101110101110000110111010110110011111111101,True,True,True,True,0,0.028989076614379883,0.013213396072387695,0.015343666076660156,0.0004162788391113281
WhatsApp Image 2025-05-29 at 21.33.29 (1).jpeg,1010010110000111101101100111001000001001100110011110011110100111010110100111100001011001101011010111010011010110000011100000100111110110111101010100110111100110110000100000110110111101111100100100000101100110101100100001100100001101011001100110000010001001,1010010110000111101101100111001000001001100110011110011110100111010110100111100001011001101011010111010011010110000011100000100111110110111101010100110110100110110000100000110110111101111100100100100101100110101100100001100100001101011001100110000010001001,True,True,True,True,2,0.032172203063964844,0.015316486358642578,0.01642584800720215,0.0004143714904785156
WhatsApp Image 2025-05-29 at 21.39.56 (1).jpeg,1011110000010000100111100010110011000010010111111110000101111111001101101001000110010011110000010010100111000000111111001110011001101100011111110000011100111101000100110001100001111100001001001111111010000000110100111100101101000001111001111110010001110000,1011110000010000100111100010110011000010010111111110000101111111001101101001000110010011110000010010100111000000111111001110011001101100011111110000011100111101000100110001100001111100001001001111111010000000110100111100101101000001111001111110010001110000,True,True,True,True,0,0.031239748001098633,0.015003442764282227,0.015874385833740234,0.0003457069396972656
WhatsApp Image 2025-05-29 at 21.36.35.jpeg,1001110100100010011010101101010101100100100111010011110001100010001110010111001110000111100111111110010011001001110111010110001001101011001001000011000011001011000001101101111101001001101011001001001001110010111001001110101101011011000111010010010000010110,1001110100100010111010101101010101100100100111010011110001100010001110010111000110000111100111111110010011001001110111010110001001101011001001000011000011001011000001101101111101001001101011001001001001110010111001001110101101011011000111010010010000010110,True,True,True,True,2,0.04406452178955078,0.025054216384887695,0.017863035202026367,0.0007748603820800781
WhatsApp Image 2025-05-29 at 21.37.38 (1).jpeg,1100010110001100110001010000100011001101011100001000100111110100100111011110100100111011111100001010001110100111100100100110100000111100001000110001111010001110100111101000111111000000100010111101000110011111100110101001110100111000000100110001110101110111,1100010110001100110001010000100011001101011100001000100111110100100111011110100100111011111100001010001110100111100100100110100000111100001000110001111010001110100111101000111111000000100010111101000110011111100110101001110100111000000100110001110101110111,True,True,True,True,0,0.042656660079956055,0.02634906768798828,0.015667200088500977,0.0006239414215087891
WhatsApp Image 2025-05-29 at 21.36.32 (1).jpeg,1100001111111100100101011101111100111100000001111001111011100101101111000000010010000111101111001001001110000111110000001100011111100011100001010111000011111001000011001111100101101100011001100110011001000001001000110011111011001011001000110110110000000001,1100001111111100100101011101111100111100000001111001111011100101101111000000010010000111101111001001001110000111110000001100011111100011100001010111000011111001000011001111100101101100011001100110011001000001001000110011111011001011001000110110110000000001,True,True,True,True,0,0.03390002250671387,0.017850637435913086,0.015675783157348633,0.0003571510314941406
WhatsApp Image 2025-05-29 at 21.36.31.jpeg,1010011100100101110100001101101010101101110110000011011000100101000000000111111110110100000011110111100111001001011100000011010001000111000011111001100010011010101001110111010001011101110000000100101000011110101100111111111001011001100001100111001001101101,1010011100100101110100001101101010101101110110000011011000100101000000000111111110110100000011110111100111001001011100000011010001000111000011111001100010011010101001110111010001011101110000000100101000011110101100111111111001011001100001100111001001101101,True,True,True,True,0,0.032781124114990234,0.01716303825378418,0.015060901641845703,0.0005414485931396484
WhatsApp Image 2025-05-29 at 21.35.43.jpeg,1011000011001110111110011000011010000001111000010110011001111011010010100000000101001111110110001110110000111000100110010101100001100101000110010001111011100011111100010100111000100011010110111100011010010110000110010011110110111101110000111110011000110100,1011000011001110111110011000011010000001111000010110011001111011010010100000000101001111110110001110110000111000100110010101100001100101000110010001111011100011111100010100111000100011010110111100011010010110000110010011110110111101110000111110011000110100,True,True,True,True,0,0.0337066650390625,0.016860246658325195,0.016334056854248047,0.0004956722259521484
WhatsApp Image 2025-05-29 at 21.33.52.jpeg,1100001111010110110100100011100010010101101101010100110001101010001010011010110100011111000100101111000010001100110111100111001111101001101011000000101001001011010001111111110000000111100111111011000100010001110011010110000010011000011101110100010001110101,1100001111010110110100100011100010010101101101010100110001101010001010011010110100011111000100101111000010001100110111100111001111101001101011000000101001001011010001111111110000000111100111111011000100010001110011010110000010011000011101110100010001110101,True,True,True,True,0,0.03299760818481445,0.015738725662231445,0.01665043830871582,0.0005927085876464844
WhatsApp Image 2025-05-29 at 21.33.49.jpeg,1100110010100100111001000101011000010100011011010110101010100101110001000001011011111011000101010011000000111101000101110101101111101011101101111010010001110101001110111010111100010100100100101111100000101011110011100100011010010001000100100101011001101001,1100110010100100111001000101011000010100011011010110101010100101110001000001011011111011000101010011000000111101000101110101101111101011101101111010010001110101001110111010111100010100101100101111100000101011110011100100011010010001000100100101011000101001,True,True,True,True,2,0.03248119354248047,0.017306804656982422,0.014814138412475586,0.0003437995910644531
WhatsApp Image 2025-05-29 at 21.32.17.jpeg,1000110011000110100101100111000101100110011010011100110011000011010010001011011101100111110011000110111101100111100111000110011010011000110001010011001100111000110010110010110111010110111001101010011101110010101010110001100010010011000110010010010100010100,1000110011000110100101100111000101100110011010011100110011000011010010001011011101100111110011000110111101100111100111000110011010011001110001010011001100111000110010110010110111010110011001101010011101110010101010110001100010010011000110010010010100010100,True,True,True,True,2,0.03394317626953125,0.018496036529541016,0.014889240264892578,0.0005426406860351562
WhatsApp Image 2025-05-29 at 21.36.43 (1).jpeg,1000111000111011011000001010000100101001111100101001101101011100001100001010110101000001110001101100110111000110100110101110111100110011010110010101001010111111100011000001100110011101011100100111001110100101100001100100101110001000010111000111000110100111,1000111000111011011000001010000100101001111100101001101101011100001100001010110101000001110001101100110111000110100110101110111100110011010110010101001010111101100011000001100110011101011100100111001111100101100001100100101110001000010111000111000110100111,True,True,True,True,2,0.040924072265625,0.018720626831054688,0.021710872650146484,0.00047469139099121094
WhatsApp Image 2025-05-29 at 21.35.07.jpeg,1101011011101101111001011011010011000101011101101010001001111011011011000111010111100000100000010110011000111111101111000010000101100010010011100001000000111001100010110100010001111001101011000110110111111001011011001000001101000100001101101100110101110000,1101111011101101111001011011010011000101011101101010001001111011011011000111010111100000100000010110011000111111101111000010000101100010010011100001000000110001100010110100010001111001101011000110110111111001011011001000001101000100001101101100110101110000,True,True,True,True,2,0.035350799560546875,0.018970012664794922,0.01587677001953125,0.0004885196685791016
WhatsApp Image 2025-05-29 at 21.33.30.jpeg,1101000000001100100111111110111100110101011011110110010001111011110010110110010100100001001100011001010101011000010110010001101101110001100000111010011010010001000111101100100010100111010010100000111001000110011000111100010100101111010011110110001111101100,1101000000001100100111111110111100110101011011110110010001111011110010110110010100100001001100011001010101011000010110010001101101110001100000111010011010010001000111101100100010100111010010100000111001000110011000111100010100101111010011110110001111101100,True,True,True,True,0,0.03528428077697754,0.017515897750854492,0.01739192008972168,0.0003600120544433594
WhatsApp Image 2025-05-29 at 21.37.03 (1).jpeg,1100110101110011110010000110101000110011011110011111000100101011100110100110111000011110010010100100010011111000011100011001100111111100001100111000110001100110010000001100011010100001101110011100100110100011010111001010001010011111111100000010001100110101,1100110101110011110010000110101000110011011110011111000100101011100110100110111000011110010010100100010011111000011100011001100111111100001100111000110001100110010000001100011010100001101110011100100110100011010111001010001010011111111100000010001100110101,True,True,True,True,0,0.041753530502319336,0.025022029876708984,0.016269683837890625,0.00044536590576171875
WhatsApp Image 2025-05-29 at 21.33.51.jpeg,1000111100000000011000001100101110101111001000001100111110111100100100101111111110011101001001001110000001010111111011100000000111100000100001011001100010100000100101001111101100110111111110100110100101101011001111100000100011001001101001000101101111111100,1000111100000000011000001100101110101111001000001100111110111100100100101111111110011101001001001110000001010111111011100000000111100000100001011001100010100000100101001111101100110111111110100110100101101011001111100000100011001001101001000101101111111100,True,True,True,True,0,0.03156328201293945,0.015547990798950195,0.015636682510375977,0.00036144256591796875
WhatsApp Image 2025-05-29 at 21.39.54.jpeg,1001111011111110000111001110111001110000111011010001001111111111000101111001000010010100001001001011010100100110111011010010001011101100001010110110101001101111001000110110110000000010010010101011001011011000101101101000000001111100000100110110011011010010,1001111011111110000111001110111001110000111011010001001111111111000101111001000010010100001001001011010100100110111011010010001011101100001010110110101001101111001000110110110000000010010010101011001011011000101101101000000001111100000100110110011011010010,True,True,True,True,0,0.03485989570617676,0.019288301467895508,0.015192031860351562,0.0003631114959716797
WhatsApp Image 2025-05-29 at 21.37.39 (1).jpeg,1110101011010101101101100101101111111111100101100001100110101001100011000111001100110100000100110010010000000000111100101111100100110111011010111010000110010110100000110011000111000100000000101010100111100001011100111111010011100010100011101110111001110000,1110101011010101101101100101101111111111100101100001100110101001100011000111001100110100000100110010010000000000111100101111100100110111011010111010000110010110100000110011000111000100000000101010100111100001011100111111010011100010100011101110111001110000,True,True,True,True,0,0.03495383262634277,0.017998456954956055,0.016589641571044922,0.00034928321838378906
WhatsApp Image 2025-05-29 at 21.36.36.jpeg,1010011110001101010011110000110011011010110100100000100011100010110010001110011110100110111110111010000101001000010011111010110011000111100100101011010011000100001000110100101101110011101000011001001110101101101100110101011010001001011100100111000101111001,1010011110001101010011110000110011011010110100100000100011100010110010001110011110100110111110111010000101001000010011111010110011000111100100101011010011000100001000110100101101110011101000011001001110101101101100110101011010001001011100100111000101111001,True,True,True,True,0,0.03267979621887207,0.01619267463684082,0.016047239303588867,0.0004246234893798828
WhatsApp Image 2025-05-29 at 21.32.16 (1).jpeg,1000100110100000100001111011000111000011100101100101000011111110001000000111111100110111010011111101110001001100100010000110100001000100011110000101101001111110000010101011111010100111010001011101011111100001010110100010001100111011010110110010110000111110,1000100110100000100001111011000111000011100101100101000011111110001000000111111100110111010011111101110001001100100010000110100001000100011110000101101001111110000010101011111010100111010001011101011111100001010110100010001100111011010110110010110000111110,True,True,True,True,0,0.029776573181152344,0.014475822448730469,0.014872074127197266,0.00041294097900390625
WhatsApp Image 2025-05-29 at 21.33.53 (1).jpeg,1001001000011110000110110110010010110110011100001011110101010011011110011000100111100110001100110001110011000100011010010001011011101001001001001001110011101010011101100001100111101001100101011001001101101100011001100001101111000000110011101011001110111001,1001001000011110000110110110010010110110011100001011110101010011011110011000100111100110001100110001110011000100011010010001011011101001001001001001110011101010011101100001100111101001100101011001001101101100011001100001101111000000110011101011001110111001,True,True,True,True,0,0.03366494178771973,0.018290996551513672,0.014959335327148438,0.0003986358642578125
WhatsApp Image 2025-05-29 at 21.37.10.jpeg,1100001101001000100001101101100000011110110011100100100110010110101001111001001001110011011000101111101010000110111011000001110011110100000010010101101110101011011010010011010011101100010111001111011000001111110100111010100111101001000100001010110100001110,1100001101001000100001101101100000011110110011100100100110010110101001111001001001110011011000101111101010000110111011000001110011110100000010010101101110101011011010010011010011101101010111001111011000001111110100111010100111101001000100001010110100000110,True,True,True,True,2,0.038190603256225586,0.022019386291503906,0.01567864418029785,0.000476837158203125
WhatsApp Image 2025-05-29 at 21.35.05 (1).jpeg,1111001100110011000110011001100000100110110011001110011001100011010110011001100110110011001100110001100110011000111101100110011000100110001110001101100111000101101110110011100101010011011001101010011001100011010011001000110010011001110111010000101100111000,1111001100110011000110011001100000100110110011001110011001100011010110011001100110110011001100110001100110011000111101100110011000100110001110001101100111000101101110110011100101010011011001101010011001100011010011001000110010011001110111010000101100111000,True,True,True,True,0,0.031655311584472656,0.015335559844970703,0.01596808433532715,0.0003361701965332031
WhatsApp Image 2025-05-29 at 21.33.59 (1).jpeg,1100011010011001111101101001100111110100100110011011100100011010101000010010001010100100110011001010011010111001101110110001000101110001000101111101011011101111011110101000010110101010000101111000000101011110001000001111100100000001101001010000011110110111,1100011010011001111101101001100111110100100110011011100100011010101000010010001010100100110011001010011010111001101110110001000101110001000101111101011011101111011110101000010110101010000101111000000101011110001000001111100100000001101001010000011110110111,True,True,True,True,0,0.0287778377532959,0.014247417449951172,0.014141321182250977,0.00037384033203125
WhatsApp Image 2025-05-29 at 21.30.19.jpeg,1100100001011100101101100110111100100111110011111100100010000010000101100011001000110011001000111101000110001101110011000011100110010011001111110110011011011110000101001101001011000011011110000010110011001101001010001001011110011000011110111110100010001101,1100100001011100101101100110111100100111110011111100100010000010000101100011001000110011001000111101000110001101110011000011100110010011001111110110011011011110000101001101001011000011011110000010110001001101001010001001011110011100011110111110100010001101,True,True,True,True,2,0.03741788864135742,0.02143716812133789,0.01557612419128418,0.00038886070251464844
WhatsApp Image 2025-05-29 at 21.32.55 (1).jpeg,1111000100101011010011100011011110010100011011010100101100001110100110010011010101100110001000101100000001001100001111100110010111001001110110000101101110011101011000001110000100111110001110111100111011000110111100011000011000001110000110011011010110110011,1111000100101011010011100011011110010100011011010100101100001110100110110011010101100110001000101100000001001100001111100110010111001001110110000101101110011101011000001110000100111110001110111100101011000110111100011000011000001110000110011011010110110011,True,True,True,True,2,0.03289055824279785,0.017784595489501953,0.014758586883544922,0.000331878662109375
WhatsApp Image 2025-05-29 at 21.39.06 (1).jpeg,1001010011100100011000000110010001101001011110001001010010011010011001101101101101101101110110010101110110101001100110110010100110011011011001100111001100100110100110010010110100110100101100110110010010010110011001001110100100100111010110111001011010010100,1001010011100100011000000110010001101001011110001001010010011010011001101101101101101101110110010101110110101001100110110010100110011011011001100011011100100110100110010010110100110100101100110110010010010110011001001110100100100111010110111001011010010100,True,True,True,True,2,0.032103776931762695,0.016956806182861328,0.01480412483215332,0.00032711029052734375
WhatsApp Image 2025-05-29 at 21.34.59.jpeg,1100011010011000110111010000010111110001011001111111001011111010001101010110000000101110001110100110111111010100000011010000001010001001010001110000100101100101111010110111000010101110011110011101111000010010100000100100011011111100110101010111110010010001,1100011010011000110111010000010111110001011001111111001011111010001101010110000000101110001110100110111111010100000011010000000010001001010001110000100101110101111010110111000010101110011110011101111000010010100000100100011011111100110101010111110010010001,True,True,True,True,2,0.03719186782836914,0.02053666114807129,0.016173839569091797,0.0004658699035644531
WhatsApp Image 2025-05-29 at 21.37.15.jpeg,1001010010011100101001100111011010001001110011010111001101010101111000110101000111000011110010011000011010001111001011100011101001011001100101101000100110110101110101100000100101101001100110110110101100111100011010000011100110010001011100101101001001100101,1001010010011100101001100111011010001001110011010111001101010101111000110101000111000011110010011000011010001111001011100011101001011001100101101000100110110101110101100000100101101001100110110110101100111100011010000011100110010001011100101101001001100101,True,True,True,True,0,0.032109737396240234,0.016794919967651367,0.014966011047363281,0.0003330707550048828
WhatsApp Image 2025-05-29 at 21.30.48 (1).jpeg,1001010001111000110101100111100101100111100011110100101110001110011001100111011101101100111010010010110110110011101100010001001111000011100001100011001111000101100100010111100101101110011000101011000101110010100001110010010000010010110011000100101010011001,1001010001111000110101100111100101100111100011110100101110001110011001100111011101101100111010010010110110110011101100010001001111000011100001100011001111000101100100010111100101101110011000101011000101110010100001110010010000010010110011000100101010011001,True,True,True,True,0,0.0322270393371582,0.01595783233642578,0.015920162200927734,0.0003333091735839844
WhatsApp Image 2025-05-29 at 21.35.42 (1).jpeg,1001100110010100100110001001100101100100011110110110001101110011011010110011001110100100110001000110011010100101101001001010011001011110110011001010010011001101100010011001100101011011100110101001010011010010011110100011001110010001011010110110111010011001,1001100110010100100110001001100101100100011010110110001100110011011010110011001110100100110001000110011010100101101001001010011001011110110011001010010011001101100110011011100101011011100110001001010011010010011110110011001110010001011010110110111010011001,True,True,True,True,6,0.03282785415649414,0.016960620880126953,0.015514612197875977,0.0003364086151123047
WhatsApp Image 2025-05-29 at 21.35.34 (1).jpeg,1010011110111101001011011011111000100111001001100011001011001111111001001101100101010010001100001011100110000000111001100011111110001111000001110101011111000000010110001110001101001001000110011010000100100111101001101110001100001100100110010011010111010110,1010011110111101001011011011111000100111001001100011001011001111111001001101100101010010001100001011100110000000111001100011111110001111000001110101011111000000010110001110001101001001000110011010000100100111101001101110001100001100100110010011010111010110,True,True,True,True,0,0.031170129776000977,0.01600027084350586,0.01482081413269043,0.00033283233642578125
WhatsApp Image 2025-05-29 at 21.33.27.jpeg,1100110011001110110100111011000011010101000100111010001001010101101110101101100010100101011110110010010010100110001001110111101100001100110000011110110110000100111110010001100011001100010011011101001101001010110010011111101100010111011000110011100010100000,1100110011001110110100111011000011010101000100111010001001110101101110101101100010100101011100110010010010100110001001110111101100001100110000011110111110000100111110010001100011101101110011011101001101001010110010011111101100010111011000110011100010100000,True,True,False,True,6,0.03982686996459961,0.02355337142944336,0.01565074920654297,0.000606536865234375
WhatsApp Image 2025-05-29 at 21.36.13 (1).jpeg,1001110100010000100111010001100111111111000010001110011001001100001001110011100011110110001100100011011010100100001110100111110111010101011010010010100101101001110110110011000110000100011110010001101010110101110100001110110000010100101011011001101101110001,1001110100010000100111010001100111111111000010001110011001001100001001110011100011110110001100100011011010100100001110100111110111010101011010010010100101101001110110110011000110000100011110010001101010110101110100001110110000010100101011011001101101110001,True,True,True,True,0,0.03539156913757324,0.02002882957458496,0.015010595321655273,0.0003361701965332031
WhatsApp Image 2025-05-29 at 21.39.36.jpeg,1110010010001100101111010111100111110010011100101101011011000110010100111100100110101001110011011000111100110101110010110110111110011100101111000010100000110000111100011111001000011101100100000000110011000001011100001110001100000000110011101110010001000111,1110010010001100101111010111100111110010011100101101011011000110010100111100100110101001110011011000111100110101110010110110111110011100101111000010100000110000111100011111001000011101100100000000110011000001011100001110001100000000110011101110010001000111,True,True,True,True,0,0.023549795150756836,0.009741544723510742,0.0134735107421875,0.00031948089599609375
WhatsApp Image 2025-05-29 at 21.33.00.jpeg,1100011101000011110000111001110100011000100111001010100000000001101100001110001001100000011110011110100001110010011111100011000011011110010001101111000011000000011011000111100011011000001111111100001110001111101101111001101111000001111011101100101011010011,1100011101000011110000111001110100011000100111001010100000000001101100001110001001100000011110011110100001110010011111100011000011011110010001101111000011000000011011000111100011011000001111111100001110001111101101111001101111000001111011101100101011010011,True,True,True,True,0,0.04258227348327637,0.026558637619018555,0.015605926513671875,0.00040221214294433594
WhatsApp Image 2025-05-29 at 21.35.32.jpeg,1001001101100011100111000111000101001100011010011010011011101100010010110011100011100001100000100111001100001010110100010011101000100011100111011001111011001110000011001110011000111100110010111100001100011111001101111111011111000010000110000110001110010110,1001001101100011100111000111000101001100011010011010011011101100010010110011100011100001100000100111001100001010110100010011101000100011100111011001111011001110000011001110011000111100110010111100001100011111001101111111011111000010000110000110001110010110,True,True,True,True,0,0.03682303428649902,0.01973581314086914,0.016557693481445312,0.0005049705505371094
WhatsApp Image 2025-05-29 at 21.32.58 (1).jpeg,1001110001100101101110000110000100110110101100101001001111100011001011000110100011010111101000110110101111011100101101110011001010010010110110000110110110000001100101100100000101101001111110011001011000110010011010100101100111010001001010011010111001010011,1001110001100101101110000110000100110110101100101001001111100011001011000110100011010111101000110110101111011100101101110011001010010010110110000110110110000001100101100100000101101001111110011001011000110010011010100101100111010001001010011010111001010011,True,True,True,True,0,0.031191110610961914,0.015841245651245117,0.014998912811279297,0.0003349781036376953
WhatsApp Image 2025-05-29 at 21.33.56 (1).jpeg,1101000100010000110001011111001111110110011000001010100001000001010010001000111111010111001111011000111111000001111001100110000001110100001111110001100100001111001100101101011101100110111100011100110011111000111011000101011010111010000000110011001000111001,1101000100010000110001011111101111110110011000001010100001000001010010001000111111010111001111011000011111000001111001100110000001110100001111110001100100001111001100101101011101100110111100011100110011111000111011000101011010111010000000110011001000111001,True,True,True,True,2,0.03235936164855957,0.01712942123413086,0.014807462692260742,0.0004067420959472656
WhatsApp Image 2025-05-29 at 21.39.51 (1).jpeg,1011110100000100110001101111101100111111000100111001000000001110010001101111100111111111000000000000000001111111101111110001001011000001110010000010101001111101100101010000101011001111111101000110100000101011000101101101111010000011011100000110110110001101,1011110100000100110001101111101100111111000100111001000000001110010001101111100111111111000000000000000001111111101111110001001011000001110010000010101001111101100101010000101011001111111101000110100000101011000101101101111010000011011100000110110110001101,True,True,True,True,0,0.03277277946472168,0.01733851432800293,0.014925718307495117,0.0004930496215820312
WhatsApp Image 2025-05-29 at 21.34.23.jpeg,1010101000010100110110101101010110010101010101100111010101101011101010111110101100101100000101101101000101010100000111110110101011000110101010110010100101000101111001100110101000010000100000111011111101111000110110000101010101101010101000010000011100110011,1010101000010100110110101101010110010101010101100111010101101011101010111110101100101100000101101101000101010100000111110110101011000110101010110010100101000101111001100110101000010000100000111011111101111000110110000101010101101010101000010000011100110011,True,True,True,True,0,0.0346066951751709,0.018187284469604492,0.015933990478515625,0.000469207763671875
WhatsApp Image 2025-05-29 at 21.39.27 (1).jpeg,1110000000110110001001001010000101110010110011001111111101111010011001101110110100110000111100010111110011001100111011011101001000110001110011001000001110001111110100011001110010010011010111000100000100001000100110000110110011001110011100111011101011000001,1110000000110110001001001010000101110010110011001111111101111010011001101110110100110000111100010111110011001100111011011101001000110001110011001000001110001111110100011001110010010011010111000100000100001000100110000110110011001110011100111011101011000001,True,True,True,True,0,0.0609285831451416,0.017372608184814453,0.04304695129394531,0.0004889965057373047
WhatsApp Image 2025-05-29 at 21.36.06.jpeg,1011111111010110010111111100000100111100111100001000100011111100100001100101100001110000011001001100010001110111101110111000000101010111101010110100010011111011011110000100110010111011101000000010010111110000000100000101111011010000000011001110110111001100,1011111111010110010111111100000100111100111100001000100011111100100001110101100001110000011001001100010001110111101110111000000101010111101010110100010011111011010110000100110010111011101000000010010111110000000100000101111011010000000011001110110111001100,True,True,True,True,2,0.0633542537689209,0.019145727157592773,0.043561458587646484,0.0006275177001953125
WhatsApp Image 2025-05-29 at 21.32.53.jpeg,1100101001011011000010110111001100010101101101100111101100110010100110010001101000100100110011010110010011001101111101101100110111101010010101001000010101101101000101010010011001001011000100101011010100101011001111011011010001000100110101001010010101101011,1100101001011011000010110111001100010101101101100111101100110010100110010001101000100100110011010110010011001101111101101100110111101010010101011000010101101101000101010010011000001011000100101001010100101011001111011011010101000100110101001010010101101011,True,True,True,True,4,0.045171499252319336,0.020315885543823242,0.024438858032226562,0.0003962516784667969
WhatsApp Image 2025-05-29 at 21.38.07 (1).jpeg,1011111110101011110101111000110011101010010001001110100001110001101101010000001000100001111100111001010011101011100111100001111111001101110100000011000011100011111010110100011000100001100111000010100100111111101101000100110000010010111110011101000000101000,1011111110101011110101111000110011101010010001001110100001110001101101010000001000100001111100111001010011101011100111100001111111001101110100000011000011100011111010110100011000100001100111000010100100111111101101000100110000010010111110011101000000101000,True,True,True,True,0,0.04128289222717285,0.024126291275024414,0.01670360565185547,0.0004360675811767578
WhatsApp Image 2025-05-29 at 21.39.25 (1).jpeg,1001000110010010001010010100100100100101001101101011010110110100110001100100110000101110000100100010110101101101101100001110011001101110010110101100110100110101001101100110110101110000110100110101001110001001110110110010111011011010001101110011101111010000,1001000110010010001010010100100100100101001101101011010110110100110001100100110000101110000100100010110101101101101100001110011001101110010110101100111100110101001101100110110101110000110100110101001110001001110110110010111011011010001101110001101111010000,True,True,True,True,2,0.034681081771850586,0.0187225341796875,0.015552997589111328,0.0003864765167236328
WhatsApp Image 2025-05-29 at 21.39.27.jpeg,1111010001111100101110000111100010101110110001101001101111001001000101100000111111001001111010110001000100100001000100110000110110100011000111100110100110000010101010010000010100011011100111100110111111100100100100111101101101101101010110011001001110010010,1111010001111100101110000111100010101110111001101001101111001000000101100000111111001001111010110001000100100001000100110000110110100011000111100110100110000010101010010000010100011011100111100110111111100100100100111101101101101101010110011001001110010010,True,True,True,True,2,0.03190803527832031,0.016489267349243164,0.014706611633300781,0.0006959438323974609
WhatsApp Image 2025-05-29 at 21.32.46.jpeg,1000111110000110100111111000011111011010000000011100110000111001001000000111100101110010011110101111001101100110111110011110000001101100110111001011010011111100000000000111110010000001011100111111011010110000010001011101101010111010011110010001000000101100,1000111110000110100111111000011111011010000000011100110000111001001000000111100101110010011111101111001101100110111110011110000001101100110111001011000011111100000000000111110010000001011100111111011010110000010001011101101010111010011110010001000000101100,True,True,True,True,2,0.0339205265045166,0.01812291145324707,0.015343189239501953,0.00043392181396484375
WhatsApp Image 2025-05-29 at 21.36.31 (1).jpeg,1100010001010111111001111110100110010011111001001001100011011110110110110011001001011001010100010001100010101010001110110011100011100011000000111000110011110100101010111010001000111101000001000100001011111101101010000010111000110001011000011100111101010111,1100010001010111111001111110100110010011111001001001110011001110110110110011001001011001010100010001100010101010001110110011100011100011000000111000110011110100101011111010001000111101000001000100001011111101101010000010111000110001011000011100111100010111,True,True,True,True,4,0.03155088424682617,0.016542434692382812,0.014583826065063477,0.000408172607421875
WhatsApp Image 2025-05-29 at 21.38.04.jpeg,1001011001110001111000011100101010101001100001110100101000111100010100010110100100110001111000110010011101011101111011101110110010111001010001100100001100011001100011000010100010110100111101100110010110011010011110100011111111010010010001001000110010111001,1001011001110001111000011100101010101001100001110100101000111100010100110110000100110001111000110010011101011101111011101110110010111001010001100100001100011001100011000010100010110100111101100110010110011010011110100011111111010010010001001000110010111001,True,True,True,True,2,0.03264760971069336,0.016942977905273438,0.01532888412475586,0.0003578662872314453
WhatsApp Image 2025-05-29 at 21.39.35.jpeg,1001111000011110101000010011001001111001011100111110011110000110001101011101001010000110100110101001111010101111100110100011101110110010101111111001100001100111100001010001011110011101011001110001111100000010000000011000011010001110000000101000111100100110,1001111000011110101000010011001001111001011100111110011110000110001101011101001010000110100110101001111010101111100110100011101110110010101111111001100001100111100001010001011110011101011001110001111100000010001000011000011010001110000000101000111100100100,True,True,True,True,2,0.024669408798217773,0.010538816452026367,0.013788461685180664,0.0003268718719482422
WhatsApp Image 2025-05-29 at 21.36.05 (1).jpeg,1001010000100101100101011010000101100001001110110111000101101010001011110000010110001110100001011101100010111011100100000111101010010111011001011010111110010101011000011010110101001010011110100101111001000110110101101101010100011000101101011101101000110010,1001010000100101100101011010000101100001001110110111000101101010001011110000010110001110100001011101100010111011100100000101101010010111011001011010110110010101011000011011111101001010011110100101111001000110110101101101010100011000101101011101101000110010,True,True,False,True,4,0.03555464744567871,0.019562482833862305,0.015154123306274414,0.0008220672607421875
WhatsApp Image 2025-05-29 at 21.36.33 (1).jpeg,1010101110010100100001100101001110010000001111011101101001101101110001101011001111001001101010110101100101101000011100000101001101010010110100101011011011000110100101011000110111011001101010010111000001111010001101111100100010100110110010011010100100110010,1010101110010100100001100101001110010000001111011101101001101101110001101011001111001001101010110101100101101000011100000101001101010010110100101011011011000110100101011000110111011001101010010111000001111010001101111100100010100110110010011010100100110010,True,True,True,True,0,0.031126022338867188,0.015526294708251953,0.015240669250488281,0.0003418922424316406
WhatsApp Image 2025-05-29 at 21.33.18.jpeg,1110000001111000111001001110011111001101100011101001011100011000101101000110000110011000011011011001011010010110011011001001010011011011011000011010001101000110100101000011101001011001011010011100101001111010111011101011001110011101101001010001101101000000,1110000001111000111001001110001111001101100011101001011100011000101101000110000110011000011011011001011010010110011011001001010011011011011000011010001101000110100101000111101001011001011010011100101001111010111011101011001110011101101001010001101101000000,True,True,True,True,2,0.04267716407775879,0.02596449851989746,0.016035079956054688,0.0006608963012695312
WhatsApp Image 2025-05-29 at 21.37.14 (1).jpeg,1011010010100000010110100100100101101001110010101011010110011110001010101011010101000111011110110000011011100101001011011100011001111000001010000101001001010101000011100111100010001110101011011011110111011110101100110001001110000111100100111000111110000001,1011010010100000010110100100000101101001110010101011010110011110001010101011010101000111011110110000011011100101001011011100011001111000011010001101101000110111010011100111110010001111101011001011110111011110101100110001001110000111100100111000111110000001,True,True,False,True,11,0.03870439529418945,0.02317643165588379,0.014865636825561523,0.0006458759307861328
WhatsApp Image 2025-05-29 at 21.39.34.jpeg,1100001101011111001111001010010001101011011100011000010001001110111110011001110101000011111000101101100000011101100111110010001100100101110010000100000100011111101111110010001111111000110011000000010010110001000111101100111011101100000110011001001101100010,1100001101011111001111001010010001101011011100011000010001001110111110011001110101000011111000101101100000011101100111110010001100100101110010000100000100011111101111110010001111111000110011000000010010110001000111101100111011101100000110011001001101100010,True,True,True,True,0,0.030778884887695312,0.015495777130126953,0.014924287796020508,0.0003418922424316406
WhatsApp Image 2025-05-29 at 21.34.22.jpeg,1010100000011010100101000011010010010101101100101110000000111101110110101110000111001011000010101010010101001000010000011110001101000110110011111011110100111101111101011101001001110110000111110011111110100010000000101101100001101011110101001010000000111111,1010100101011010100101000111000110010101101100101111100000111101110110101110000111001011000010101010010101001000010000011110001101000110110011111011010100111101111101011101001001110110000111110011111110100010000000101101100001101011110101001010000000111111,False,True,True,True,8,0.039728403091430664,0.023142576217651367,0.015728473663330078,0.0008411407470703125
WhatsApp Image 2025-05-29 at 21.34.01 (1).jpeg,1001010001001101100001000010010001101011001101100111011101001010000110101000110100101101001101111011011101110011010100101000110101101001110111011011010000110011100100100111010101101001110010000010011010011001100100100111011011001001010011100110010111001101,1001010001001101100001000010010001101011001101100111011101001010000110101000110100101101001101111011011101110011010100101000110101101001110111011011010000110011100100100111010101101001110010000010011010011001100100100111011011001001010011100110010111001101,True,True,True,True,0,0.030730247497558594,0.015584468841552734,0.014805078506469727,0.0003249645233154297
WhatsApp Image 2025-05-29 at 21.32.23.jpeg,1101111100100000011110011100000011100000010110010110011100011011000011101110110000111000011111010110111110101111101111001000011001100101000111000100111001111110001100011000001101111100110000101010011000000000111100100010010101001001101100110011001100111011,1101111100100000011110011100000011100000010110010110011100011011000011101110110000111000011111010110111110101111101111001000011001100101000111000100111001111110001100011000001101111100110000101010011000000000111100100010010101001001101100110011001100111011,True,True,True,True,0,0.040764808654785156,0.02390909194946289,0.016372203826904297,0.0004673004150390625
WhatsApp Image 2025-05-29 at 21.35.00 (1).jpeg,1110000011000011100111111101100010011001000001100101111001001101011010001001101101100001011101101011011011001100110111011001100110011011010011010110010010010011011001010010011010100010011011011001101011011000011011001100101010011001001100110110011000100100,1110000011000011100111111101100010011001000001100101111001001101111010001001101101100001011101101011011011001100110110011001100110011011010011010110010010010011011001010010011010100010011011011001101011011000011011001100101010011001001100110110011000100100,True,True,True,True,2,0.030354022979736328,0.014714241027832031,0.015288114547729492,0.0003345012664794922
WhatsApp Image 2025-05-29 at 21.32.51.jpeg,1100010001111001111010100001100110011100011000101110011001100001110111111101010011101100001100001100111111000100110011001110111011000110100001001100010111100010110011001101110111000110000000101101010010001100111110000110001111000110100101111100000100001110,1100010001111001111010100001100110011100011000101110011001100001110011111101010011101100001100001100111111000100110011001110111011000110100001001100010111100010110011001101110111000110000000101101010010001100111110000110001111000110100101111100000101001110,True,True,True,True,2,0.03713274002075195,0.021834611892700195,0.014897823333740234,0.00038433074951171875
WhatsApp Image 2025-05-29 at 21.36.09.jpeg,1010010110000101001101101011101111000101000001101100010110001111010010101010100100101010001001010011110101100111011101011000001110100110111000111011011100110100110101101001000010010110100110101101011110011001110010110101100111000010000110101001101000011001,1010010110000101001101101011101111000101000001101100010110001111010010101010100100101010001001010011110101100111011101011000001110100110111000111011011000110100110101101001000010010110100110101101011110011001110010110101100111000010000110101101101000011001,True,True,True,True,2,0.03865218162536621,0.023244619369506836,0.014806985855102539,0.000576019287109375
WhatsApp Image 2025-05-29 at 21.30.20 (1).jpeg,1001101001010011110110100000001101100101101011111010111111011011010110000000100010100000000111111000001111111111010111110110000010100101000000010101100000011111011011000111110110100110111100001001001110010010110010010000011100100110000011111001100101011110,1001101001010011110110100000001101100101101011111010111111011011010110000000100010100000000111111000001111111111010111110110000010100101000000010101100000011111011011000111110110100110111100001001001110010010110010010000011100100110000011111001100101011110,True,True,True,True,0,0.03205585479736328,0.015208721160888672,0.01639556884765625,0.0004341602325439453
WhatsApp Image 2025-05-29 at 21.33.22 (1).jpeg,1010111101000000100000011111111111111100010001100110001001110001011000110011101111001010010101001100000000110100101110100011010100010100101011100100101111110111100111101001100010001100101001101111100100100100000100001011110101011101100011111100101101000100,1010111101000000100000011111111111111100010001100110001001110001011000110011101111001010010101001100000000110100101110100011010100010100101011100100101110110111100111101001101010001100101001101111100100100100000100001011110101011101010011111100101101000100,True,True,True,True,4,0.03243708610534668,0.016754150390625,0.015249490737915039,0.00041747093200683594
WhatsApp Image 2025-05-29 at 21.35.06 (1).jpeg,1001001000110001100011100001001010011011110001000001010010100101011101001011010000110101110001100011001101001011101110110101100010100101001100101110010111101010011011011010101000110101001011110010110001101110001110111100101001101001101100101110101001010011,1001001000110001100011100001001010011011110001000001010010100101011101001011010000110101110001100011001101001011101110110101100010100101001100101110010111101010011011011010101000110101001011110010110001101110001110111100101001101001101100101110101001010011,True,True,True,True,0,0.03468060493469238,0.019203662872314453,0.015014171600341797,0.0004470348358154297
WhatsApp Image 2025-05-29 at 21.32.48.jpeg,1101100010011001010011011010101011110010011100111010011101100110000110001000110011100111010101010000100010101010111101110101010100000100101000101111111101010101100001001010011001111111110110001000000000010101001111111011101011000010010101010011110010101000,1101100010011001010011011010101011110010011100111010011101100110000110001000110011100111010101010000100010101010111101110101010100000100101000101111111101010101100001001010011001111111110110001000000000010101001111111011101011000010010101010011110010101000,True,True,True,True,0,0.027635574340820312,0.011987447738647461,0.015296697616577148,0.00033545494079589844
WhatsApp Image 2025-05-29 at 21.30.52.jpeg,1011110101000101100111110000010101000010001100111110100111111110001110101110110001011000010011111110011101010001100010100001000111010000100011110111111110100110000101101010001011010101000100001001010100111101001000000110011100101011100000111010111010100101,1011110101000101100111110000000101000010001100111110100110111110001110101110110001011000010011111110011101010001100010100001000111010000100011110111111110100110000101101010001011010101000011001001010100111101001000000110011100101011110000111010111010100101,True,True,False,True,6,0.03126263618469238,0.015900135040283203,0.014816999435424805,0.0005290508270263672
WhatsApp Image 2025-05-29 at 21.32.54.jpeg,1100010001000100110101001110110010010011000100110010101100010011000011001110111001101011111011011110110100001001000001001001001100011010110100100101001101111010111000110110110110100100101011010000101110011011100110001110010011111011011001101011001100011001,1100010001000100110101001110110010010011000100110010101100010011000011001110111001101011111011011110110100001001000001001001001100011010110100000101001101111010111010111110110110100100101011010000101110011011100110001110010011111011011001101011001100011001,True,True,False,True,3,0.032308101654052734,0.01670384407043457,0.014969587326049805,0.0006198883056640625
WhatsApp Image 2025-05-29 at 21.35.35 (1).jpeg,1001011000111010100000100001100011001000011010000101100011101101011011001101011001111100111111111011011000011011011110100101010001011011001011011101011000000000110011011001001010101111110000011111110011000001011110110110000000110000111001001011001100110010,1001011000111010100000100001100011001000011010000101100011101101011011001101011001111100111111111011011000011011011110100101010001011011001011011101011000000000110011011001001010101111110000011111110011000001011110110110000000110000111001001011001100110010,True,True,True,True,0,0.028357982635498047,0.013735771179199219,0.01413106918334961,0.0004749298095703125
WhatsApp Image 2025-05-29 at 21.35.39 (1).jpeg,1101000100010110111110010010011100011000101101110010011110001001101001100010110100001001001111101111101011111010110100001000100100100001010110010111011111011000111101100000001000110010011001111001100111001100110110011000010000011000110110110110001101111010,1101000100010110111110010010011100011000101101110010011110001001101001100010110100001001001111101111101011111010110100001000100100100001010110010111011111011000111101100000001000110010011001111001100111001100110110011000010000011000110110110110001101111010,True,True,True,True,0,0.03325843811035156,0.01803278923034668,0.014813899993896484,0.0003962516784667969
WhatsApp Image 2025-05-29 at 21.34.57 (1).jpeg,1011111110011001110110000100010011011000000111000010111011100111110100010000000010110101100110110000101010011100000001001111111110101100011001011111001100000000010111111111111100001011110011011100000110010000001111111011111000110010001100111100000001001010,1011111110011001110110000100010011011000000111000010111011100111110100010000000010110101100110110000101010011100000001101111111110101100011001011111001100000000010111111111111100001011110011011100000110010000001111011011111000110010001100111100000001001010,True,True,True,True,2,0.031636714935302734,0.016374588012695312,0.014806032180786133,0.0004398822784423828
WhatsApp Image 2025-05-29 at 21.30.18 (1).jpeg,1000110101011100110101010100110011010101100000101011100110110010100111010011001101100100101000111110000010100011111010001100010101111001011011011001100000100100101010010011011110000110001111100110011100110101000101101010101110110100111001101011010011000100,1000110101011100110101010100110011010101100000101011100110110010100111010011001101100100101000111110000010100011111010001100010101111001011011011001100000100100101010010011011110000110001111100110011100110101000101101010101110110100111001101011010011000100,True,True,True,True,0,0.031055212020874023,0.015930891036987305,0.01477670669555664,0.000331878662109375
WhatsApp Image 2025-05-29 at 21.34.54.jpeg,1000000001100001100000111000110000100000001111000111000001100011111110000010110010111000000111101111110000000001000111100000001101111111100001001110011111000001000111111110000011111111110000001110001111110000000111111101110011101111001101101000001111111111,1000000001100001100000111000110000100000001111000111000011100011111110000010110010111000000111101111110000000001000111100000001101111111000001001110011111000001000111111110000011111111110000001110001111110000000111111101110011101111001101101000001111111111,True,True,True,True,2,0.03379011154174805,0.017722606658935547,0.015642881393432617,0.000408172607421875
WhatsApp Image 2025-05-29 at 21.30.46.jpeg,1101110111000111111001100001110010000111010100000110000010000111111100000011101011000110101100011001100110111011000111110011000010011101001001100001100101001000011011100011100110010101010010100111101111011110100001011001001011011011000101100001110011101100,1101110111000111111001100001110010000111010100000110000010000111111100000011101011000110101100011001100110111011000011110011000010011101001001100001100101001000011011100011100110010101010010100111101111011110100001011001001011011011000101101001110011101100,True,True,True,True,2,0.029244422912597656,0.014014720916748047,0.014883279800415039,0.0003294944763183594
WhatsApp Image 2025-05-29 at 21.33.17 (1).jpeg,1100110010001101110001000011011100100000101101111000110110001001110001100000011111001000111111001101110011100000110001111000011011001101100111001101100010111100111101001111100101100111011000100110111101010000111011000101010011001000010101010000101001010101,1100110010001101110001000011011100100000101101111000110110001001110001100000011111001000111111001101110011100000110001111000011011001101100111001101100010111100111101001111100101100111011000100110111101010000111011000101010011001000010101010000101001010101,True,True,True,True,0,0.037111520767211914,0.021718740463256836,0.015030860900878906,0.0003457069396972656
WhatsApp Image 2025-05-29 at 21.37.36 (1).jpeg,1001000101000101110001001100000001110110011001110010110011001010100100010100110011100010100011001100100010011110100100001001011001100011101001001110011101000011100111001100111100111110011101110010011101111001100011101110010001011100111100100011111001110110,1000000101100101110001001100000001110010011001110010110011001010100110010100110011110110100011001100100010011110100100001011011001100011101001001110011101000011100111001100111100111110011101110010011101111001100011101110010001011100111100100011111001110110,False,False,True,True,7,0.02890610694885254,0.013202428817749023,0.014902830123901367,0.0007848739624023438
WhatsApp Image 2025-05-29 at 21.32.15 (1).jpeg,1100010000010100111101001001000001100101100000000011010110000000001111011000000010011110011101000001111011010010000111100011010110011010101101110000100011111111011000001110111110000011111111111100000110101101111001111010100100100101101011011111010110101001,1100010000010100111101001001000001100101100000000011010110000000001111011000000010011110011101000001111011010010000111100011010110011010101101110000100011111111011000001110111110000011111111111100000110101101111001111010100100100101101011011111010110101001,True,True,True,True,0,0.03293776512145996,0.01760244369506836,0.014840841293334961,0.00047898292541503906
WhatsApp Image 2025-05-29 at 21.37.41.jpeg,1101100000010100110111000001000011010000100110000011101100110000001110110000111011010100100010001000001001110010001010010111011111110101111011101000101010111000000011110111001111110011100111010010110110101100001110110011010011010000110101110110110110101011,1101100000010100110111000001000011010000100110000011101100110000001110110000111011010100100010001010001001110010001010010111011111110101110011101000101010111000000011110111001111110011100111010010110110101100001110110011010011010000110101110110110110101011,True,True,True,True,2,0.0312347412109375,0.015743255615234375,0.01495671272277832,0.000518798828125
WhatsApp Image 2025-05-29 at 21.33.17.jpeg,1111110110111111000110001111110010110101000000000011011000010100010010100111100000110011010010011001110010100100010110110100101010011101100110110101101010110111100000111101101100111101011001101110011011000100010011100100110000110100110010001101100010011000,1111110110111111000110001111110010110101000000000011011000010100010010100111100000110011010010011001110010100100010110110100101010011101100110110101101010110111100000111101101100111101011001101110011011000100010011110100110000110100110010001101100010010000,True,True,True,True,2,0.03284502029418945,0.016972064971923828,0.015530586242675781,0.00032639503479003906
WhatsApp Image 2025-05-29 at 21.33.58.jpeg,1000111111001001101101011110110001101100101100010110010000000110100100100101001110001010010011010110110110111110111011001011111110001010010100010101000011100100100000000110011010100100101011011001110111111000001111000111101111000100010100001000101110001111,1000111111001001101101011110110001101100101000010110010000000110100100100101001010011010010011010110110110111110111011001011111110001010010100010101000011110100100000000110011010100100101011011001110111111000001111000111101111000100010100001000101110001111,True,True,True,True,4,0.03754258155822754,0.02129054069519043,0.015815019607543945,0.0004200935363769531
WhatsApp Image 2025-05-29 at 21.38.06.jpeg,1000111000001110000011101001110010100111001100001101011111000101001111000111101101010101001011010011001000101011010111010011000111111000101010000111010111111010001101001110010001110100010000011010001100111100000101010110101110110011100101001010000101011011,1000111000001100000011101001110010100111001100001101011111000101001111001111101101010101001011010011001000101011010111010011000111111000101010000111010111111010001101001110010001110100010000011010001100111100000101010110101110110011100101001010000101011011,True,True,True,True,2,0.03455853462219238,0.01844310760498047,0.015616655349731445,0.0004820823669433594
WhatsApp Image 2025-05-29 at 21.30.17.jpeg,1010001101101011110100010011010110110100010110001111111010010010111000110101011010000100101101011111111110100001010101010110100101101010001100100111000000111111010110000001011100110101011001000001011001101010001110100110111100110101000001010011111000001000,1010001101101011110100010011010110110100010110001111111010010010111000110101011010000100101101011111111110100001010101010110100101101010001100100111000000111111010110000001011100110101011001000001011001101010001110100110111100110101000001010011111000001000,True,True,True,True,0,0.034398794174194336,0.018549680709838867,0.015395402908325195,0.00043702125549316406
WhatsApp Image 2025-05-29 at 21.37.45.jpeg,1000010111001100100110000110100001100111101000010110011011110011100111001001010110010011100111110110111000010110000110000100011010010110000111101000110000110010011011101001011001111011000011011001011100111010100111011100011101001100010100000110111110001011,1000010111001100100110000110100001100111101000010110011011110011100111001001010110010011100111110110111000010110000110000100011010010110000111101000110000110010011011101001011001111011000011011001011100111010100111011100011101001100010100000110111110001011,True,True,True,True,0,0.02877187728881836,0.013306856155395508,0.015105247497558594,0.00034308433532714844
WhatsApp Image 2025-05-29 at 21.36.44.jpeg,1110001100001000100110111011110011001001001000100110010011110011011001001100100110110011010011110110011001100110100010010001100000011001100110011110010011001101010110011111011111000110011001100111001110001100101110011011001101000110001100001100011110011001,1110001100001000100110111011110011001001001000100110010011110011011001001100100110110011010011110110011001100110100010010001100000011001100110011110010011001101010110011111011111000110011001100111001110001100101110011011001101000110001100001100011110011001,True,True,True,True,0,0.03399205207824707,0.018611907958984375,0.01501607894897461,0.0003466606140136719
WhatsApp Image 2025-05-29 at 21.37.37.jpeg,1000101101111110111000011000001100001001100010010111101001011110111100000000011111011000100110111000000110000101100100111110110010110001110100100000101111011101101000011100010101110100101000011111101001011010010010110110111011110001100001011011010110000101,1000101101111110111000011000001100001001100010010111101001011110111100000000011111011000000110111100000110100101100100110110100010110001110100100000101111011101101000011100010101110000101000011111101001011010010010110110111011110001110001011011010110000101,True,False,True,True,7,0.034623146057128906,0.01944112777709961,0.014488458633422852,0.0006775856018066406
WhatsApp Image 2025-05-29 at 21.35.02.jpeg,1001110001100001100101001010001111100111000011101001100101011000001001010001101011001110001110000011011000111000110001110001110001100110001110001100111100011000011001110001100010010111000110100110011110011110100111100101111001100101100111101001111100011110,1001110001100001100101001010001111100111000011101001100101011000001001010001101011001111001110000011011000111000110001110001110001100110001110001100111100011000011001110001100010010111000110100110011110011110100111100101111001100101100011101001111100011110,True,True,True,True,2,0.02899169921875,0.013386964797973633,0.015106678009033203,0.00048160552978515625
WhatsApp Image 2025-05-29 at 21.37.03.jpeg,1110101011000100111111010110101000011011001010111010001010010101011001001011010100010010011101101000010000000000101010010101111100110011001100110100111010101110011001011001011110110111010100011000110011100110010001111001100111111011011010010100110010000100,1110101011000100111111010110101000011011001010111010001010010101011001001011010100010010011101101000010000000000101010010101111100110011001100110100111010101110011001011001011110110111010100011000110011100110010001111001100111111011011010010100110010000100,True,True,True,True,0,0.031325340270996094,0.016083240509033203,0.014800786972045898,0.0004258155822753906
WhatsApp Image 2025-05-29 at 21.38.07.jpeg,1000110100011111100000100100101111101000011010110101111000110011101000110001010011101000100110000101010010101100010101010110111011101011010100111110010010110101101001100010110101100011000110101000011000110011101100011010100101001100011110101101010101010101,1000110100011110100000100100101111101000011110110101111000110011101000110001010011101000100110000101010010101100010101010110111011101011010100111110010010110101101001100010110101100011000110101000011000110011101100011010100101001100011110101101010101010101,True,True,True,True,2,0.029810428619384766,0.01475214958190918,0.014714241027832031,0.00032806396484375
WhatsApp Image 2025-05-29 at 21.35.01.jpeg,1111000011110101100011010000101010100011000011001110010100100101110111101111001010010011000111100010110101101101000100011011010001010010011010110110110010010001000101010111010000001110110001100110001110011011111100010110000111101000110000111101001011011110,1111000011110101100011010000101010100011000011001110010100100101110111101111001010010011000111100010110101101101000100011011010001010010011010110110110010010001000101010111010000001110110001100110001110011011111100010110000111101000110000111101001011011110,True,True,True,True,0,0.029871463775634766,0.015377044677734375,0.014110565185546875,0.0003688335418701172
WhatsApp Image 2025-05-29 at 21.30.15.jpeg,1100010101010100101111001010101100101010100101010000100101111010110101101010110011110100100001010000110101011000110010101010111111110110100100100011110110101011010000010111101010111110010101010010101010010010110000111010110100011000110010101101010100001010,1100010101010100101111001010101100101010100101010000100101111010110101101010110001110100100001010000110101011010110010101010111111110110100100100011110110101011010000010111101010111110010101010010101010010010110000111010110100011000110010101101010100001010,True,True,True,True,2,0.03116774559020996,0.015824317932128906,0.014990806579589844,0.00033664703369140625
WhatsApp Image 2025-05-29 at 21.37.10 (1).jpeg,1111001110010000100111111001100100110001100111111001001001111101001010000111000011100110110010001101111101100110111001011000011001000110100111011011100110111011010100001000011011101100011000000001101010101000111100100011100000100110101001111010100101001010,1111001110010000100111111001100100110001100111111001001001111101001010000111000011100110110010001101111101100110111001011000011001000110100111011011100110111011010100001000011011101100011000000001101010101000111100100011100000100110101001111010100101001010,True,True,True,True,0,0.030447006225585938,0.015250205993652344,0.01484227180480957,0.0003387928009033203
WhatsApp Image 2025-05-29 at 21.34.25 (1).jpeg,1100010100110000100101100001010101101010011011000110110110000001110100101001011000100011011010010110110010010001110101101001011001110001011010010111100010110111111011111001001001010001011011010010111010010110001011011011101101000010110000010011111000111110,1100010100110000100101100001010101101010011011000110110110000001110100101001011000100011011010010110110010010001110101101001011001110001011010010111100010110111111011111001001001010001011011010010111010010110001011011011101101000010110000010011111000111110,True,True,True,True,0,0.026743173599243164,0.01248788833618164,0.013781070709228516,0.00045871734619140625
WhatsApp Image 2025-05-29 at 21.36.30.jpeg,1000011000011001101110011110011011000110000110011011100111100100110001110001101101111000110110101110010110100111100110100111100111100101100011100001111001110000001000111000110101011100010110111000001110100000010010000011111100110101110000010000111000011110,1000011000011001101110011110011011000110000110011011100111100100110001110001101101111000110110101110010110100111100110100111100111100101100011100001111001110000001000111000110101011100010110111000001110100000010010000011111100110101110000010000111000011110,True,True,True,True,0,0.03467392921447754,0.018496036529541016,0.015824079513549805,0.0003376007080078125
WhatsApp Image 2025-05-29 at 21.39.51.jpeg,1001010011101110011000110001000110011001000110010000011111110010111110000000011100000110101011000100100101010000111101101111111101101001000100000101110011001111101000111111111001001101000100001010001011111111010110101011001000100101111011011001101000000110,1001010011101110011000110001000110011001000110010000011111110010111110000000011100000110101011000100100101010000111101101111111101101001000100000101110011001111101000111111111001001101000100001010001011111111010110101011001000100101111011011001101000000110,True,True,True,True,0,0.030521869659423828,0.015446662902832031,0.014721870422363281,0.00033736228942871094
WhatsApp Image 2025-05-29 at 21.37.43.jpeg,1100000001011010111101110100110100011001111101100110010010000101010111110110010110100000001100101011111110001001100000100111111010011100000000100111111111011010000110000001110101000011111000000010100110111101110000101001011011111110000010101111100010001101,1100000001011010111101110100110100011001111101100110010010000101010111110110010110100000001100101011111110001001100000100111111010011100000000100111111111011010000110000001111101000011111000000010100110111101110000101001011011111010000010101111100010001101,True,True,True,True,2,0.033567190170288086,0.018393516540527344,0.014699697494506836,0.00045800209045410156
WhatsApp Image 2025-05-29 at 21.36.00.jpeg,1111111000000111100000000101011010000101111010101101011110100001100110011001110101111110000111010010100111011010011110001001100001100001111110101111001001000001000101101010111111000100000010111000111101000111010110111010001010101000000101010111000001111010,1111111000000111100000000101011010000101111010101101011110100001100110011001110101111110000111010010100111011010011110001001100001100001111110101111001001000001000101101010111111000100000010111000111101000111010110111010001010101000000101010111000001111010,True,True,True,True,0,0.03386402130126953,0.016915321350097656,0.016526222229003906,0.00040531158447265625
WhatsApp Image 2025-05-29 at 21.33.15.jpeg,1000000101000110111011100001100100111010000101010100000111101010100101000011100011101010100101110101101010101000100001011101001001101000001101011111101010001111100101011110100001100101001110101101100011011101101001101010101001101111100100011001100101010111,1000000101000110111011100001100100111010000101010100000111101010100101000011100011101010100101110101101010101000100001011101001001101000001101011111101010001111100101011110100001101101001100101101100011011101101001101010101001101111100100011001100101010111,True,True,True,True,2,0.028333187103271484,0.013115882873535156,0.01486968994140625,0.0003314018249511719
WhatsApp Image 2025-05-29 at 21.35.00.jpeg,1010011001110101110101110011001101011001100110110010110001011101111101110100011010000001001001100110100000101001001011101101100111010001100101000100100101100000101001110110101111010100000001100100101111110100001110010100101110100110101110010110100010111100,1010011001110101110101110011001101011001100110110010110001011101111101110100011010000001101001100110100000001001001011101101100111010001100101000100100101100000101001111100101111010100000001100100101111110100001110010100101110100110101110010110100010111100,True,True,True,True,4,0.03329610824584961,0.017957448959350586,0.014895200729370117,0.0004279613494873047
WhatsApp Image 2025-05-29 at 21.39.05 (1).jpeg,1111000110100111101100001111100101000110011001011110100100110100000101011001101111001110000011010001000100111000110001100100111000111001110001001100011111011011110011100011100110001001110000100110111000101100000110011100001111100110010001110101101101100001,1111000110100111101100001111100101000110011001011110100100110100000101011001101111001110000011010001000100111000110001100000111000111001110001001100011111011011110011100011100110001001110000100110111000101100000110011101001111100110010001110101101101100001,True,True,True,True,2,0.03197813034057617,0.016973495483398438,0.014658927917480469,0.00033020973205566406
WhatsApp Image 2025-05-29 at 21.30.11 (1).jpeg,1100100001110111110100101101011101110110110111110011110010110111000111111011110100111101110011010011100011001101011001100001111111100000000000111001000011000000110001000001100011000110001111100010001100001110111000000011101111000100100110001100000010011100,1100100011110111110100101101011101110110110111110011110010110111000111111011010100111101110011010011100011001101011001100001111111100000000000111001000011000000110001000001100011000110001111100010001100001110111000000011101111000100100110001100000010011100,True,True,True,True,2,0.0284421443939209,0.014081716537475586,0.014018535614013672,0.00032639503479003906
WhatsApp Image 2025-05-29 at 21.33.55 (1).jpeg,1000010001100010001101001011011101101001100110011100011011011001001111000111100101001101111000011111001001010110100111100010111001100111011100100001100110000110011101110011001100101001111110000001100011100011111100011011010011001100110010001000001101001001,1000010001100010001101001011011101101001100110011100011011011001001111000111100101001101111000011111001001010110100111100010111001100111011100100001100110000110011101110011001100101001111110000001100011100011111100011011010011001100110010001000001101001001,True,True,True,True,0,0.03264641761779785,0.01704692840576172,0.014898300170898438,0.0006859302520751953
WhatsApp Image 2025-05-29 at 21.32.56 (1).jpeg,1100001010101000110000010000011001111100110110010110100010001101000001110111011101000000010110101100001110000101110101000110100001110100110010100010111100110101111010011110110101010011111110010001011001011111111010001001011011111111100000000011001111101000,1100001010101000110000010000011001111100110110010110100010001101000001110111011101100000010110101100001110000101110101000110100001110100110010100010011100110101111010011110110101010011111110010001011001011111111010001001011011111111100000000011001111101000,True,True,True,True,2,0.03158450126647949,0.016551494598388672,0.01468205451965332,0.0003342628479003906
WhatsApp Image 2025-05-29 at 21.35.05.jpeg,1010110101100110101111110101001011110011000100011100011010101101100100001111111100010001000110011101010001010110111011101100001111111010101111010000000000100011000001000100101001011101010101100010101110110101001010101000000110100011011000100101110101101110,1010110101100110101111110101001011110011000100011100011010101101100100001111111100010001000110011101010001010110111011101100001111111010101111010000000000100011000001000100101001011101010101100010101110110101001010101000000110100011011000100101110101101110,True,True,True,True,0,0.0370173454284668,0.020891904830932617,0.015641212463378906,0.00046896934509277344
WhatsApp Image 2025-05-29 at 21.36.15 (1).jpeg,1010110000111100111100101100000000010011011011011101111000110011100101101101101001000010011010011111000110001100001000100110110101101001001001100100011110110000100010001011001111110110100010011001101101001110101100001101111111100110011110010010010011001100,1010110000111100111100101100000000010011011011011101111000110011100101101101101001000010011010011111000110001100001000100110110101101001001001100100011110110000100010001011001111110110100010011001101101001110101100001101111111100110011110010010010011001100,True,True,True,True,0,0.029020071029663086,0.01468205451965332,0.013998746871948242,0.00032401084899902344
WhatsApp Image 2025-05-29 at 21.36.04.jpeg,1011001100111100100011111100111111111110111010100111011100110010010001000110111110000000101100011111000001000000111111011100000011001101000010100010110001101101010100000011110000111000001010111001000101010110010011010000101000101110011011111111001110010001,101100110011110010001111110011111111111011101010011101110011001001000100011011111000000010110001111100000100000011111101110000001100110100001010001011000110110101010000001111000011110000101011100100010101011001001101000010100000,True,True,True,False,2,0.03378105163574219,0.01825857162475586,0.014760017395019531,0.0007472038269042969
WhatsApp Image 2025-05-29 at 21.34.33.jpeg,1000001101100101111100100001001010101111100111001000111111101101100110000110101101111000100000001110000000001110011101110110010011101111110010001000011100111011001100010001010010001010011000011100000011100011010111111100101001001111100111101110010000110101,1000001101100101111100100001001010101111100111001000111111101101100110000110101101111000100000001110000000001110011101110110010011101111110010001000011100111011001100010001010010001010011000011100000011100011010111111100101001001111100111101110010000110101,True,True,True,True,0,0.032236337661743164,0.016850948333740234,0.014949560165405273,0.0004200935363769531
WhatsApp Image 2025-05-29 at 21.35.43 (1).jpeg,1000010011100010111110110001100100110011000110011010001010110010000110000100110110101100010011100111001111111010111001100100001110101100010110101001001010000101100101101111010001101011001011010100011101100101111000011111001000001110011001111010011100010101,1000010011100010111110110001100100110011000110011010001010110010000110000100110110101100010011100111001111111010111001100100001110101100010110101001001010000101100101101111010001101011001011010100011101100101111000011111001000001110011001111010011100010101,True,True,True,True,0,0.028702974319458008,0.013194084167480469,0.015147924423217773,0.00034546852111816406
WhatsApp Image 2025-05-29 at 21.34.00 (1).jpeg,1001010111111101000001111010101101101010100100000011010000101010001001011111100000110100101000001100010111110000100110101011011011010010000101011010101011111100100010100101010111111100110101100000001111011000110111101001000111000001011110110001011110011100,1001010111111101000001111010101101101010100100000011010000101010001001011111100000110100101000001100010111110000100110101011011011010010000101011010101011111100101010100101000111111100110101100000001111011000110111101001000111000001011110110001011110011100,True,True,True,True,2,0.042890310287475586,0.0256350040435791,0.016794919967651367,0.0004436969757080078
WhatsApp Image 2025-05-29 at 21.36.38 (1).jpeg,1001110011000110011110011000111011100011000110010001111000110111011100101110011000100111000111101101100001101001110110011000110110101110001111000110000011110010011100110000111110100110011010000110010011000101010011001001010010011001001110010101000110010011,1001110011000110011110011000111011100011000110010001111000110111011100101110011000100111000111101101100001101001110110011000110110101110001111000110000011110010011100110000111110100110011010000110010011000101010011001001010010011001001110010101000110010011,True,True,True,True,0,0.028334856033325195,0.013208627700805664,0.01477956771850586,0.0003311634063720703
WhatsApp Image 2025-05-29 at 21.32.19 (1).jpeg,1011001000000111100100000001111110001100110110100110101000111101110001111000011101111001010001111001000111110010000010010101011001100000011010001010011001001101011100110110001010110110101100110110100110111001001011001001100111011110100111001100111100100010,1011001000000111100100000001111110001100110110100110101000111101110001111000010101111001010001111001000111110010000010010101011001100000011010001010011001001101011100110110001110110110101100110110100110111001001001001001100111011110100111001100101100100010,True,True,True,False,4,0.03417706489562988,0.018728256225585938,0.01483154296875,0.0006015300750732422
WhatsApp Image 2025-05-29 at 21.38.10.jpeg,1011011000101111111000100100110010100000110011001010101111011101100111010001100101011000111011000111100101001010010000011011110100001111110100100011010000001101101000001011000011100011110001110000011100001010101110101011111101111011010100000011100100101011,1011011000101111111000100100110010100000110011001010101111011101100111010001100101011000111011000111100101001010010000011011110100001111110100100011010000001101101000001011000011100011110001110000011100001010101110101011111101111011010100000011100100101011,True,True,True,True,0,0.029503345489501953,0.014799118041992188,0.014157295227050781,0.0005307197570800781
WhatsApp Image 2025-05-29 at 21.30.12 (1).jpeg,1010101110111100000000110111100001001011101001011011000011001100111100101101011001011100110110010001011110100110111101010000100001101101111111010011101101010011100100000101010111101010100101010011110000101101000100111010101110000001000010110110000010101010,1010101110111100000000110111100001001011001001111011000011001100111100101101011001011100110110110001011110100110111101010000100001101101111111010011101101010011100100000101010111101010100101010011110000101101000100111010101110000001000010110010000010101010,True,True,True,True,4,0.033638715744018555,0.018590211868286133,0.014704227447509766,0.0003285408020019531
WhatsApp Image 2025-05-29 at 21.36.14.jpeg,1100110111001101111011001101110111101101110010011000110011001100000111001110000000001100000010110101110010100110110011001010011011001110000110111000111101101001111011110100000010010011010110110100010000110001000000101001101111101010110000111010110100010011,1100110111001101111011001101110110101101110010011000110011001100000111001110000000001100000010110101110010100110110011001010011011001111000110111000111101101001111011110100000010010011010110110100010000110001000000101001101111101010110000111010110100010011,True,True,True,True,2,0.03441643714904785,0.01926898956298828,0.014728069305419922,0.0004029273986816406
WhatsApp Image 2025-05-29 at 21.33.01.jpeg,1101111000111110101100101111110000111010111000110110000011100000001010110001100101000011011100110110110011000010011001000011011101100101001001110110111101101110010001100101101011001110110101101100010011110000100011010000110101001101011000010000101101001010,1101111000111110101100101111110000111010111000110110000011100000001010110001100101000011011100110110110011000010011001000011011101100101001001110110111101101110010001100101101011001110110101101100010011110000100011010000110101001101011000010000101101001010,True,True,True,True,0,0.03306698799133301,0.0179593563079834,0.014752388000488281,0.00033783912658691406
WhatsApp Image 2025-05-29 at 21.33.50.jpeg,1100100001000110001100100100001110000000111101110110110000000110001111010011110110001001101100011100001001110010011000111110000001111000110000001111110110010101000111000011011110011110000110010100101111111011111001100111111100110000101001111001000011111001,1100100001000110001100100100001110000000111101110110110000000110001111010011110110001001101100011100001001110010011000111110000001111000110000001111110110010101000111000011011110011110000110010100101111111011111001100111111100110000101001111001000011111001,True,True,True,True,0,0.03359079360961914,0.01763296127319336,0.01560211181640625,0.0003390312194824219
WhatsApp Image 2025-05-29 at 21.38.15 (1).jpeg,1011101111001100011000111000110010010101111010010011101100110100110100010011000100010101101110011100011000001111101110101010100011110001001011000001101111000001100001011110001100100010100011101101101010010000111000100001011011001111111010111000100011011011,1011101111001100011000111000110010010101111010010011101100110100110100010011000100010101101110011100011000001111101110101010100011110001001011000001101111000001100001011110001100100010100011101101101010010000111000100001011011001111111010111000100011011011,True,True,True,True,0,0.03674674034118652,0.021582365036010742,0.014748096466064453,0.000400543212890625
WhatsApp Image 2025-05-29 at 21.30.56.jpeg,1011011110110001111100000100111001001110010001100100110110111001001100101001001111110110010011101101000111100001000011001001110011101110000111100111000011111001000000111100010110011001001100101110111000001111010001001001000011100011011000100011111100001011,1011011110110001111100000100111001001110010001100100110110111001001100101001001111110110010011101101000111100001000011001001110011101110000111100111000011111001000000111100010110011001001100101110111000001111010001001001000011100011011000100011111100001011,True,True,True,True,0,0.031414031982421875,0.016227245330810547,0.014830589294433594,0.00033974647521972656
WhatsApp Image 2025-05-29 at 21.39.08 (1).jpeg,1010110101001011001101010111110100100000111101111011011010111010011101101101001010111111111101001001001001111101100010000011011111010111110001000011100011010010100000100010111110101011010011110100100001100010001000110000100111101010001010000000001101100000,1010110101001011001101010111110100100000111101111011011010111010011101101101001010111111111101001001001001111101100010000011011111010111110001000011100011010010100000100010111110101011010011110100100001100010001000110000100111101010001010000000001101100000,True,True,True,True,0,0.02388167381286621,0.010106325149536133,0.01343083381652832,0.00032901763916015625
WhatsApp Image 2025-05-29 at 21.38.12 (1).jpeg,1010010010010110110010000001111100101000110110010110011100110010110110110011100010010011000110110100000110000011111110011010110011110011101000011001101101111000000110011010011010010011010110010111011010100110100111001010011011001000011001110110011001101001,1010010010010110110010000001111100101000110110010110011100110010110110110011100010010011000110110100000110000011111010011010110011110011101000011001101101111000000110011010011010010011010110010111011010100110100111001010011011001000011011110110011001101001,True,True,True,True,2,0.03425240516662598,0.01862025260925293,0.015273571014404297,0.0003428459167480469
WhatsApp Image 2025-05-29 at 21.36.01 (1).jpeg,1000110010000011010000101100011001101001010000100101001101111110001111100110001010011100101110010011001000010011011011110101000100100011110101000011111110101100001001011001110100110100101101111110111001100000001001110110110001111011001110101010100100111001,1000110010000011010000101100011001101001010000100101001101111110000111100110001010011100101110010011001000010011111011110101000100100011110101000011111110101100001001011001110100110100101101111110111001100000001001110110110001111011001110101010100100111001,True,True,True,True,2,0.03278374671936035,0.017691850662231445,0.014745235443115234,0.00032973289489746094
WhatsApp Image 2025-05-29 at 21.33.28 (1).jpeg,1000100101000010100001011010001010000101001011011110100000000111110000101101001011110010111101100110110000011001010100011010000111010001111001100011111101110110001111100011100011010110110000010000111111010110011010111001010001111110000111000000011101111111,1000101101000010100001011010001010000101001011011110100000000111110000101101001011110010111101100110110000011001010100011010000111010001111001100011111101110110001111100011100011010110110000010000111111000110011010111001010001111110000111000000011101111111,True,True,True,True,2,0.03388571739196777,0.018657207489013672,0.014787912368774414,0.0004241466522216797
WhatsApp Image 2025-05-29 at 21.32.09 (1).jpeg,1010101001110000110101010110110001001101101111011111101101010011001101100110011111001000110011101110010111011000011100100010000000110011010001100100101111001011100001001101010001000010001011001011010000110000011011000011011010010110111011110100101111001001,1010101001110000110101010110110001001101101111011111101101010011001101100110011111001000110011101110010111011000011100100010000000110011010001100100101111001011100001001101010001000010001011001011010000110000011011000011011010010110111011110100101111001001,True,True,True,True,0,0.029712915420532227,0.01459956169128418,0.014764070510864258,0.0003325939178466797
WhatsApp Image 2025-05-29 at 21.38.03.jpeg,1111000011100100100111111101100101111000110001110100000011000100111101011000111111100001010001000010011111101000110111111000111110111100001100010011111111111110010010000010100011000000101100100011011111001100001000010001000011100100101111100011111100000000,1111000011100100100111111101100101111000110001110100000011000100111101011000111111100001010001000010011111101000110111111000111110111100001100010011111111111110010010000010100011000000101100100011011111001100001000010000100011100100101111100011111100000000,True,True,True,True,2,0.030073165893554688,0.015239953994750977,0.014494895935058594,0.0003223419189453125
WhatsApp Image 2025-05-29 at 21.30.53.jpeg,1011110001101011010110110110010100000011011000111011110010111011111100011100110001000110000011010100100001100100101101001001110011111001100110000001000111000111010010110001111010111010001100001100011100111100011100011010001001001011100110110010100011110110,1011110001101011010110110110010100000011011000111011110010111011111100011100110001000110000011010100100001100100101101001001110011111001100110000001000111000111010010110001111010111010001100001100011100111100011100011010001001001111100110110010100011100110,True,True,True,True,2,0.029692411422729492,0.014874696731567383,0.014471054077148438,0.0003311634063720703
WhatsApp Image 2025-05-29 at 21.39.55.jpeg,1110111000101101000000010000110111000000000111010110111000010101000000010000110101111111000011110011111110101001000111111000000011010001001010101011000011011111101001100101001000110001001000000001101110101010001111111011111100011110110111010001011111010111,1110111000101101000000010000110111000000000111010110111000000101000000010000110101111111100011110011111110101001000111111000000011010001001010101011000011011111101001100101001000110001001000000001101110101010001111111011111100011110110111010001011111010111,True,True,True,True,2,0.03582310676574707,0.020133018493652344,0.015247344970703125,0.00042724609375
WhatsApp Image 2025-05-29 at 21.32.57.jpeg,1101000100011000111110011000110010000100011001101100111001110011100011101100011111101001000001100011100111001110110100010011100000110011100110001000011100110001111000110100011010011001101001111110110011011011100111001100110000000110011100111111000100101001,1101000100010000111110011000010010100101011001101100111001100110100011101100011111101001010001100111000011000110110100010011100000110011100110001000011100110001111000110100011010011001101001111110110011011011100111001100110000000110011100111111000100101001,False,False,True,True,12,0.033574581146240234,0.017772436141967773,0.014896869659423828,0.0008897781372070312
WhatsApp Image 2025-05-29 at 21.35.33 (1).jpeg,1011111110010000111111111011000101000000111100111011001000100111101110110001111001010110000011001001100000110110111110010011001111000000111110010000010011001001110001101111100111000011110011100010011000110110011110000000011101100100000110011110000000111100,1011111110010000111111111011000101000000111100111011001000100111101110110001111001010110000011001001100000110110111110010011001111000000111110010000010011001001110001101111100111000011110011100010011000110110011110000000011101100100000110011110000000111100,True,True,True,True,0,0.032953739166259766,0.01605534553527832,0.016331195831298828,0.0005509853363037109
WhatsApp Image 2025-05-29 at 21.30.42 (1).jpeg,1100010010010000100001011111100100010010101101100011110011010001110011001011100111100110100000100100001100011010111000011001000011100100100111010110001111011110111000110110111011101101110111000011110111101110111000011100101111100100011010000010000000100011,1100010010010000100001011111100100010010101101100011110011010001110011001011100111100110100000100100001100011010111000011001000011100100100111010110001111011110111000110110111011101101110111000011110111101110111000011100101111100100011010000010000000100011,True,True,True,True,0,0.033258914947509766,0.017795562744140625,0.01506185531616211,0.0003848075866699219
WhatsApp Image 2025-05-29 at 21.39.08.jpeg,1000100000101100011001000010101100110101111010011100100001011010110001100001110101101001100000110111011000010011001111111010100010110101100111100011110011100101110010110000111010001110001100110110100110101110001101001100110001101010110011011100111001110000,1000100000101100011001000010101100110101111010011100100001011010110001100001110101101001100000110111011000010011001111111010100010110101100111100011110011100101110010110000111010001110001100110110100110101110001101001100110001101010110011011100111001110000,True,True,True,True,0,0.024003982543945312,0.010073661804199219,0.013592720031738281,0.0003218650817871094
WhatsApp Image 2025-05-29 at 21.30.55.jpeg,1101100000101101110010111010110110001011101001010010110111100110001111001011110011010010010100100000010001110000000001011001100111000101110010000011000011100111001001110101111001001001111100001111000000011001110111101000111111011101110101001110000000101111,1101100000101101110010111010110110001011101001010010110111100110001111001011110011010010010100100000010001110000000001011001100111000101110010000011000011100111001001110101111001001001111100001111000000011001110111101000111111011101110101001110000000101111,True,True,True,True,0,0.031827449798583984,0.016539335250854492,0.014832258224487305,0.0004391670227050781
WhatsApp Image 2025-05-29 at 21.30.16 (1).jpeg,1011100010001001001100010110101011101110100100001001110010111111110011101100010101101001001011001001011111110000011011001001001111001101101101100101101000001100111101010110011011000011010100000100101011100111101000100100100010100110101100111100011001000110,1011100010001001001100010110101011101110100100001001110010111111110011101101010101101001001011001001011111110000011011001000001111001101101101100101101000001100111101010110011011000011010100000100101011100111101000100100100010100110101100111100011001000110,True,True,True,True,2,0.03774237632751465,0.021600008010864258,0.01564645767211914,0.0004799365997314453
WhatsApp Image 2025-05-29 at 21.37.06 (1).jpeg,1001011010010100110101001001010001011000100101010010101010010101111001010101011010010101110101101000100010111010001010101011011001111111100101101111010010010110100000001010110110011101001011011111110100011100010100000111011000000001010101111000111100101110,1001011010010100110101001001010001011000100101010010101010010101111001010101011010010101110101101000100010111010001010101011011001111111100101101111010010010110100000001010110110011101001011011111110100011100010100000111011000000001010101111000111100101110,True,True,True,True,0,0.03106212615966797,0.01546788215637207,0.015244245529174805,0.0003345012664794922
WhatsApp Image 2025-05-29 at 21.38.05 (1).jpeg,1000000010111010100011111001010100001101000101111111000001000000100000111100011110001101110110011111111110000110100000111100100111000000100111101000111100010111001011100001011011001111100010100000011110100110111000010100000111011110110000010011111110101111,1000000010111010100011111001010100001101000101111111000001000000100000111100011110001101110110011111111110000110100000111100100111000000100111101000111100010111001011100001011011001111100010100000001110100110111000010100000111011110111000010011111110101111,True,True,True,True,2,0.034644126892089844,0.019149065017700195,0.01506352424621582,0.0004150867462158203
WhatsApp Image 2025-05-29 at 21.32.11.jpeg,1101100101100101101000001001111000100111100110010101100001100111110110011001111010100111010010010000000010110111010110011000011011100111011000011010001011011000110101001011011000011101010010010110011000011000110110001001011100100111111000000111111101101010,1101100101100101101000001001111000100111100110010101100001100111110110011001111010100111010010010000000010110111010110011000011011100111011001011010001011011000110101001011011100011111010010000110011000011000110110001001011100100111111000000111111001101010,True,True,False,True,5,0.03574967384338379,0.02015519142150879,0.014858484268188477,0.0007202625274658203
WhatsApp Image 2025-05-29 at 21.38.16.jpeg,1000101101011011111101001100010111110100001001101011001011010001110100101101001101011001101011011100001101001100100010110011001011001101010010010110110110000011110011000010000111000110001011011000110001000111001001100011110001110111000111101100100100110110,1000101101011011111101001100010111110100001001101011001011010001110100101101001101011001101011011100001101001100100010110011001011001101010010010110110110000011110011000010000111000110001011011000110001000111001001100011110001110111000111101100100100110110,True,True,True,True,0,0.023908376693725586,0.010178089141845703,0.013400554656982422,0.0003142356872558594
WhatsApp Image 2025-05-29 at 21.36.44 (1).jpeg,1100101010100010101001010101010110110101010111100101101010101010100000010101010100111101110101001100000100101010001111011000001111001010000101001011110100101101100001011110101001111010010000101000110110110101111100100010010101011110010110101110000101101110,1100101010100010101001010101010110110101010111100101101010101010100000010101010100111101110101001100000100101010001111011000001111001010000101001011110100101101100001011110101001111010010000101000110110110101111100100010010101011110010110101110000100111110,True,True,True,True,2,0.027158260345458984,0.012011051177978516,0.014799118041992188,0.0003330707550048828
WhatsApp Image 2025-05-29 at 21.32.50.jpeg,1000100110001011100111001100001101111100110001100101101101010000110001101100011100110001101010001011101000101101001011100011101000110101110101100000011001110011110001110110011010010011101101000110001101110001111010011011010110111000110010110000011001000011,1000100110001011100111001100001101111100110001100101101101010000110001101100011100110001101010001011101000101101001011100011101000110101110101100000011001110011110001110110011010010011101101000110001101110001111010011011010110111000110010110000011001000011,True,True,True,True,0,0.030940771102905273,0.01573920249938965,0.014787912368774414,0.0003974437713623047
WhatsApp Image 2025-05-29 at 21.34.28.jpeg,1001110111011011100101001100111011011011000110010110101100100100111011001001000011000100110011100110000001001100011001110011111100110001000100110111101110110011110010010110010010110001100011011101110011110000011000011011001000101100011011100000111001001001,1001110111011011100101001100111011011011000110010110101100100110111011001001000011000100110011100110000001001100011001110011011100110001000100110111101110110011110010010110010010110001100011011101110111110000011000011011001000101100011001100000111001001001,True,True,True,True,4,0.030489206314086914,0.01521921157836914,0.01491689682006836,0.0003368854522705078
WhatsApp Image 2025-05-29 at 21.39.38 (1).jpeg,1010001100001101111101000111010010001111000000011100000100101100100111101111100111010001101011010011011101110001100010111100011011100000101001000011100001000011011011010001001000111110100111011100101011010110111100100010100000100111111001101101110010011001,1010001100001101111101000111010010001111000000011100000100101100100111101111100111010001101011010011011101110001100010111100011011100000101001000011100001000011011011010000001000111110100111011100101011010110111100100010100100100111111001101101110010011001,True,True,True,True,2,0.03251290321350098,0.017534732818603516,0.014631032943725586,0.00033092498779296875
WhatsApp Image 2025-05-29 at 21.33.16.jpeg,1100011111001111101001000111110010110000011110011100001110001111110111000011110010011000111010011001000110000111010011110011100101001000111000110001100010001110000100111111011111110111000100000010110000110000101010011100011010100011100111001101001000110001,1100011111001111101001000111110010110000011110011100001110001111110111000011110010011000111010011001000110000111010011110011100101001000111000110001100010001110000100111111011111110111000100000010110000110000101010011100011010100011100111001101001000110001,True,True,True,True,0,0.03675270080566406,0.021685123443603516,0.014710187911987305,0.0003418922424316406
WhatsApp Image 2025-05-29 at 21.30.44.jpeg,1011110011100000110101110000110000001111001100111011010011000011000000110100110000110100101100100100101011001011111111011111010111011010110100111100011101101110000100110000001000101111100010011111110011110001111010001111000011000000001101100001001100001011,1011110011100000110101110000110000001111001100111011010011000001000000110100110000110100101100100100101011001011111111011111010111011010110100111100011101101110000100110000001000101111100010011111110011110001111011001111000011000000001101100001001100001011,True,True,True,True,2,0.033458709716796875,0.017243623733520508,0.015777111053466797,0.00042247772216796875
WhatsApp Image 2025-05-29 at 21.34.30.jpeg,1101010100001101110110010100011011001101011100000110111101011100001011010111110100010000110101010101100011000100111011011100011011100010110111010010011000111001000110001011000001001001110011110110010011000111011101101000100010011010000010111001110000110111,11010001000011011101100101000110110000101101011111010001000011010101010110001100010011101101110001101110001011011101001001100011100100010110110011000111011101101000100010011010000010111001110000110111,False,True,False,True,87,0.03622317314147949,0.01996469497680664,0.014930963516235352,0.0013129711151123047
WhatsApp Image 2025-05-29 at 21.37.44.jpeg,1111101001000100111010101011001100000000101111111100011111001000100111000000001000011100010111011011100011101011101100001101110010010001110000011001011110000110100110110001110110110110001111011101001001110001010010101111000001011011011000110100101000100111,1111101001000100111010101011001100000000101111111100011111001000100111000000001000011100010111011011100011101011101100001101110010010001110000011001011110000110100110110001110110110110001111011101001001110001010010101111000001011011011000110100101000100111,True,True,True,True,0,0.034705400466918945,0.01841568946838379,0.015933752059936523,0.0003399848937988281
WhatsApp Image 2025-05-29 at 21.34.26 (1).jpeg,1001010001100110000011100111111101101011000110011001011010010000001011001001111101101100011011111100011011100110001101110011110101101001000010011100011011000011001101111001111101101001000000011000111001100110001101000011011001101001000110001000100111011010,1001010001100110000011100111111101101011000110011001011010010000001011001001111101101100011011111100011011100110001101110011110101101001000010011100011011000011001101111001111101101001000000011000111001100110001101000011011001101001000110001000100111011010,True,True,True,True,0,0.03138113021850586,0.016209840774536133,0.014826536178588867,0.0003294944763183594
WhatsApp Image 2025-05-29 at 21.37.02.jpeg,1100110101010011110010100110101000110011011110011111000100101011100110100100111000011110010010100100010111111000011100011001100111111100001100111000110001100110010000001100011010100001001110011100100110100011010111000110001010011111111100000010001100110111,1100110101010011110010100110101000110011011110011111000100101011100110100100111000011110010010100100010111111000011100011001100111111100001100111000110001100110010000001100011010100001001110011100100110100011010111000110001010011111111100000010001100110111,True,True,True,True,0,0.03859090805053711,0.023186922073364258,0.014918088912963867,0.0004696846008300781
WhatsApp Image 2025-05-29 at 21.37.33 (1).jpeg,1100000111011111110011001100111100111110011001100011011000101010000111100001100011010001100100011011000110011001110011001100110001101100011011100010011101110110100110100001110011011010101100010011000110001011011101011001110101000100001011110010000101100010,1100000111011111110011001100111100111110011001100011011000101010000111100001100011010001100100011011000110011001110011001100110001101100011011100010011101110110100110100001110011011010001100010011000110001011011101011001110101000100001011110010000101101010,True,True,True,True,2,0.029947757720947266,0.014319181442260742,0.015206336975097656,0.0004062652587890625
WhatsApp Image 2025-05-29 at 21.32.11 (1).jpeg,1001101011000111100000010101011101100011110110001110000101100011110111000010101001111000110110100100011010111101010001001000001100111100010000011101011110010110110011111001100100111000000010101100111100000010110001111111100000110110001011111100110010000111,1001101011000111100000010101011101100011110110001110000101100011110111000010101001111000110110100100011010111101010001001000001100111100010000011101011110010110110011111001100100111000000010101100111100000010110001111111100000110110001011111100110010000111,True,True,True,True,0,0.033786773681640625,0.018667221069335938,0.014702320098876953,0.00040149688720703125
WhatsApp Image 2025-05-29 at 21.36.12 (1).jpeg,1000011100100001110000001101111100010001101111000010111111100010110100010000111100011101101110001100111001001011001010011001110111010111011100100010101010001101110001111110010000111000001010001100010000010111010011101110110010111011100010110101010001110010,1000011100100001110000001101111100010001101111000010111111100010110100010000111100011101101110001100111001001011001010011001110111010111011100100010101010001101110001111110010000111000001010001100010000010111010011101110110010111011100010110101010001110010,True,True,True,True,0,0.03371834754943848,0.01861572265625,0.014684915542602539,0.0004010200500488281
WhatsApp Image 2025-05-29 at 21.34.34 (1).jpeg,1000111110000101111000101111100110111100101110001000001100100110011001001010100000011100011100110110001101000100111101011001000010001110001110111011101111011001100010011110111001000110000011100011001011100111101001011001100111011101100000101010011001001100,1000111110000101111000101111100110111100101110001000001100100110011001001010100000011100011100110110001101000100111101011001000010001110001110111011101111011001100010011110111001000110000011100011001011100111101001011001100111011101100000101010011001001100,True,True,True,True,0,0.03345346450805664,0.01841139793395996,0.014696836471557617,0.0003287792205810547
WhatsApp Image 2025-05-29 at 21.39.03 (1).jpeg,1000000101011111000111101000010100011011111000000111101001010100011110110000011100101001000111101100110100111110110011000011100011001001010010010010010011001101011010010110100110110110011001000110100110100110001100110110011000110001101111011101101101110010,1000000101011111000111101000010100011011111000000111101001010100011110110000011100101001000111101100110100111110110011000011100011001001010010010010010011001101011010010110100110110110011001000110100110100110001100110110011000110001101111011101101101110010,True,True,True,True,0,0.023400068283081055,0.009524106979370117,0.013542413711547852,0.00031757354736328125
WhatsApp Image 2025-05-29 at 21.30.24 (1).jpeg,1111010101100011110001011010111000010010000110011011111111011110000011010110110111010110010001111010001100101010111001010100001000011010011101010011001010110001100011111000111011000100100100000111000111110011100111010101100101000100000010011010001101001110,1111010101100011110001011010111000010010000110011011111111011110000011010110110111010010010001111010001100101010111001010100001000011010011101010011001010110011100011111000111011000100100100000111000111110011100111010101100101000100000010011010001101001110,True,True,True,True,2,0.03191709518432617,0.016833782196044922,0.014732122421264648,0.00033545494079589844
WhatsApp Image 2025-05-29 at 21.33.30 (1).jpeg,1001010100000111010110101111101010111110010101001001110101100001010111100010001100110001110001011001100011100110100100101010101000101110100100110110100100011010100110110100111010010000100101001111010110110110011010010011100111001001011010101010011001010011,1001010100000111010110101111101010101110010101001001110101100001010111100010001100110001110001011001100011100110100100101010101000101110100100110110100100011010100110111100111010010000100101001111010110110110011010010011100111001001011010101010011001010011,True,True,True,True,2,0.030562877655029297,0.01543116569519043,0.014739990234375,0.00037598609924316406
WhatsApp Image 2025-05-29 at 21.34.21 (1).jpeg,1000101011010111110011011010110100111001000101101001010100101111100001001101101101001010011100111011000100101100010101011001101001000100010001101001111010100001011000010101001101011011010011000101010010101010101011010101100111111010001101010001011011011010,1000101011010111110011011010110100111001000101101001010100101111100001001101101101001010011100111011000100101100010101011001101001000100010001101001111010100001011000010101001101011011010011000101010010101010101011010101100111111010001101010001011011011010,True,True,True,True,0,0.02857375144958496,0.013285636901855469,0.014933586120605469,0.0003380775451660156
WhatsApp Image 2025-05-29 at 21.36.34.jpeg,1001100110011001100000101010111000101010101010100101111111110101000100001011101110010001000010100101000101111011010010010001000100101100111110110110100100011011101001000111000101011001100111110010010100111001110101001110011101010110100011101101011011100000,1001100110011001100000101010111000101010101010100101111111110101000100001011101110010001000010100101000101111011010010010001000100101100111110110110100100011011101001000111000101011011100111110010010100111001110101001110011101010110100011101001011011100000,True,True,True,True,2,0.03217291831970215,0.017003297805786133,0.01481938362121582,0.00033402442932128906
WhatsApp Image 2025-05-29 at 21.32.22 (1).jpeg,1100111100010111111100001101100000100100111100010100111100000111111100001001100000000111111100111011010110001110000010000011110011001110011100010001010111001110100001011011011000111011001000010100001001100111110111011101111000110011000100000010111100100111,1100111100010111111100001101100000100100111100010100111100000111111100001001100000000111111100111011010110001110000010000011110011001110011100010001010111001110100001011011011000111011001010010100001001100111110111001101111000110011000100000010111100100111,True,True,True,True,2,0.02877068519592285,0.013574838638305664,0.01485133171081543,0.0003285408020019531
WhatsApp Image 2025-05-29 at 21.37.30 (1).jpeg,1100000000000101101110000101010110111010110111110100001011011111000101001101011110010101100101110011010100010111110001010101011100101101011001110000100101111111101010010100101011000000010010100011111110001101111101001010110110000001100010111000000000001111,1100000000000101101110000101010110111010110111110100001011011111000101001101011110010101100101110011010100010111110001010101011100101101011001110000100101111111101010010100101011000000010010100011111110001101111101001010110110000001100010111000000000001111,True,True,True,True,0,0.02754068374633789,0.012281656265258789,0.01483011245727539,0.0004127025604248047
WhatsApp Image 2025-05-29 at 21.37.05 (1).jpeg,1100000000011000111110000010011001110010011001010110011101001111100011010001111110011100101110010011101110000111011101100100010011111110111011001111100111011000011000000111001001000001111001100001001011000111000001111000110100010011000110110010011101110001,1100000000011000111110000010011001110010011001010110011101001111100011010001111110011100101110010011101110000111011101100100010011111110111011001111100111011000011000010011001001000001111001100001001011000111000001111000110100010011000110110010011101110001,True,True,True,True,2,0.03828620910644531,0.020750761032104492,0.017168521881103516,0.0003497600555419922
WhatsApp Image 2025-05-29 at 21.32.12.jpeg,1110011000000000100110011101111001100110011111110011100110001000000011000110000101110011000111011111110011100110001101110011000100001010110001101010000000110001110101101000110000101111111000110101010011111100101010000011111011010110100000010010101111110101,1110011000000000100110011101110101100110011111110011100110001000000011000110000101110011000111011111110011100110001101110011100100001010110001100010000000110001110101101000110000101111111000110101010011111000101010000011111011010110100000010010111111110101,True,True,True,True,6,0.02986001968383789,0.01448369026184082,0.015023946762084961,0.00033545494079589844
WhatsApp Image 2025-05-29 at 21.39.39.jpeg,1001110101010101011000111110001100001011000010100000101001111110001010001010000100111101010011110111110100001110100100001111100101111101111100001111100000001110111110111111100010011110111000011000001111100101110000100000010000000111111100100000101101000011,1001110101010101011000111010001100001011000010100000101001111110001010001010000100111101010011110111110100001110110100001111100101111101111100001111100000001110111110111111100010011110111000011000001111100101110000100000010000000111111100100000101101000011,True,True,True,True,2,0.02456188201904297,0.010722160339355469,0.013485431671142578,0.00033855438232421875
WhatsApp Image 2025-05-29 at 21.36.30 (1).jpeg,1010001000011110100111010010100001110001111001010110101101011011000111101011100000001011011001001000111000011010111100010011111100000011111001000011111001000010111111111001110010101110000111010000110001101010111110011010111111000000000101010001011001100010,1010001000011110100111010010100001110001111001010110101101011011000111101011100000001011011001001000111000011010111100010011111100000011111101000011111001000010111111111001110010101110000111010000110001101010111110011010111011000000000101010001011001100010,True,True,True,True,2,0.030829191207885742,0.015938758850097656,0.014477968215942383,0.00039649009704589844
WhatsApp Image 2025-05-29 at 21.39.28 (1).jpeg,1000000101011001100100000110110001001001111010010100111111111001000001011111110010100111110000011011101000100000011010100100000000111010101010111000011110010111001101001000111111010010110110111011110010100110110101110110000100110110100110110100100101110010,1000000101011001100100000110110001001001111010010100111111111001000001011111110010100111110000011011101000100000011010100100000000111000101010111000011110010111001101001000111111010010110110111011110010100110110101110110000100111110100110110100100101110010,True,True,True,True,2,0.03638172149658203,0.021203041076660156,0.014689922332763672,0.0004725456237792969
WhatsApp Image 2025-05-29 at 21.33.21 (1).jpeg,1000001111000011100001111001001101001010010110101101101001010011001100011110000111001001011110010110001111011010100001001101011000100111001110010110001011000110010100101111000111001001000111001001100100110111011101100101111001001100110101010011001100101101,1000001111000011100001111001001101001010010110101101101001010011001100011110000111001001011110010110001111011010100001001101011000100111001110010110001011000110010100101111000111001001000111001001100100110111011101100101111011001100110101010011001100100101,True,True,True,True,2,0.030779361724853516,0.015349864959716797,0.015073060989379883,0.0003402233123779297
WhatsApp Image 2025-05-29 at 21.39.52 (1).jpeg,1110110101001100011001010101010100110101111100010111010010100101001100101100100000100000100100101101011100110001110101111100111010000101100101100111001110011001100011101100101011010110010001100111011000011010110011111101100110010110000011101000101010000011,1110110101001100011001010101010100110101111100010111010010100101001100101100100000100000100100101101011100110001110101111100111010000101100101100111001110001001100011101100101011010110010001100111011000011010110011111101100110010110000011101000101011000011,True,True,True,True,2,0.02467656135559082,0.011001348495483398,0.013341903686523438,0.0003173351287841797
WhatsApp Image 2025-05-29 at 21.39.09 (1).jpeg,1100111101010000101101101110110111010111010010111000001101100100100001001010001011001010001111100011001010101110011000001011000101110001001000100111100011011010111010010001001101110011000010011010100110011101110110010110101110010111001101101010011000001101,1100111101010000101101101110110111010111010010111000001101100100100001001010001011001010001111100011001010101110011000001011000101110001001000100111100011011010111010010001001101110011000010011010100110011101110110010110101110010110001101111010011000001101,True,True,True,True,2,0.04316067695617676,0.02588367462158203,0.01667952537536621,0.0005815029144287109
WhatsApp Image 2025-05-29 at 21.36.05.jpeg,1100110101111010111100001010110110010001100001000011111001000001101100000111110110101101000101000100111010000101011010101010010110110010101000110100101010101000111111010100101000010101000010100011011111011011110011010101001101011110110111001110000110000101,1100110101111010111100001010111110010001100001000011111001000001101100000111110110101101000101000100111000000101011010101010010110110010101000110100101010101000111111010100101000010101000010100011011111011011110011010101001101011110110111001110000110000101,True,True,True,True,2,0.030730009078979492,0.016256093978881836,0.014019966125488281,0.00043845176696777344
WhatsApp Image 2025-05-29 at 21.30.50.jpeg,1100100110111110111000101001111011100111110100111100101011100001101001001101000101001000110011100111110000111000110010001101011000100011010011111001110111101110011010100001101010100001100100011000010010000101000011010011110101100000001010011111111000010011,1100100110111110111000101001111011100111110100111100101011100001101001001101000101001000110011100111110000111000110010001101011000100011010011111001110111101110011010100001101010100001100100011000010010000101000011010011110101100000001010011111111000010011,True,True,True,True,0,0.032514095306396484,0.017375469207763672,0.014747858047485352,0.0003752708435058594
WhatsApp Image 2025-05-29 at 21.32.21.jpeg,1000000000001011110100001111110001000111100001000111011111110011001111110111101010011001100111100110110110000101111001001111100011011000001001110101000100000010001100001001111101011100010001011101110000100001011000101111100010110001100111001101111101001100,1000000000001011110100001111110001000111100001000111011111110011001111110111101010011001100111100110111110000101111001001111100011011000001000110101000100000010001100001001111101011100010001011101110000100001011000101011100010110001100111001111111101001100,True,True,True,True,4,0.02940845489501953,0.01478266716003418,0.014215469360351562,0.00039458274841308594
WhatsApp Image 2025-05-29 at 21.35.35.jpeg,1100101101001001100110011001001001100011001101100110011011001001001001001101101110011101100001000111001001100100111010100110001110010001110001101101001100100110110110011011010000101010010100111010110011011011011101001011001100111010011011000011000101110110,1100101101001001100110011001001001100011001101100110011011001001001001001101101110011101100001000111001001100100111010100110001110010001110001101101001100100110110110011011010000101010010100111010110011011011011101001011001100111010011011000011000101110110,True,True,True,True,0,0.030797243118286133,0.015560150146484375,0.014879226684570312,0.0003418922424316406
WhatsApp Image 2025-05-29 at 21.33.25.jpeg,1101001011001101100110001111000000011011010011110001101001001011100111100101000101000010000111000110110101111100111000110110111100111001001010111101001111000001110011001101000100000011011100010101001001101001001111001111101011100101001100101001100100100101,1101001011001101100110001111000000011011010011110001111001001011100111100101000101000010000111000110110101111100101000110110111100111001001010111101001111000001110011001101000100000011011100010101001001101001001111001111101011100101001100101001100100100101,True,True,True,True,2,0.03178739547729492,0.016373872756958008,0.014826297760009766,0.0005710124969482422
WhatsApp Image 2025-05-29 at 21.35.39.jpeg,1010101111111101010110110010111001110110100000100000001010110010000100000000101111100011001011011001110011110001011010010010000010000100111101001011100101111110000111000001000000111010101101000100111101011010100111101000100111000110111010011110011111101011,1010101111111101010110110010111101110110100000100000001010110010000100000000101111100011001011011001110011110001011010010000000010000100111101001011100101111110000111000001000000111010101101000100111101011010100111101000100111000110111010011110011111101011,True,True,True,True,2,0.03661179542541504,0.019996166229248047,0.016260147094726562,0.0003390312194824219
WhatsApp Image 2025-05-29 at 21.39.49.jpeg,1111101000010101101011111110110110100001011000101000011110111111110101111000100110010110000111111001111010101111100110101010000000000000000101011001101010010000000111110100001011010000000100001010100001110000101010101111000111011101011100001101110101101011,1111101000010101101011111110111110100001011000101000011110111111110101111000100110010110000111111001111010101111100110101010000000000000000101011001101010010000000111110100001011010000000100001010100001110000001010101111000111011101011100001101110101101011,True,True,True,True,2,0.023675918579101562,0.009994029998779297,0.013346195220947266,0.0003199577331542969
WhatsApp Image 2025-05-29 at 21.33.26.jpeg,1100100110000000001010001101010101001110010001011000000001011110011101111010111110011010101010000011010110000011110111010101011000111100110011101100001000010100011101001001100111000010010101000001110011011010111110110110011000011001101110111110011101011110,1100100110000000001010001101010101001110010001011000000001011110011101111010111110011010101010000011010110000011110111010101011000111100110011001100001000010100011101001001100111000010010101010001110011011010111110110110011000011001101110111110011101011110,True,True,True,True,2,0.0343785285949707,0.017703533172607422,0.016313552856445312,0.0003447532653808594
WhatsApp Image 2025-05-29 at 21.35.30 (1).jpeg,1011001100110000100000110011001100001100111010111010110011001100001101001100110001011011010011001101010100111111101101011011001110101000001100111000101101101001011100111010010001110001101101011001010101011011001001011001110000101000011001001100101011100110,1011001100110000100000110011001100001100111010111010110011001100001101001100110001011011010011001101010100111111101101011011001110101000001100111000101101101001011100111010010001110001101101011001010101011011001001011001110000101000011001001100101011100110,True,True,True,True,0,0.0313873291015625,0.016191720962524414,0.014760494232177734,0.0004191398620605469
WhatsApp Image 2025-05-29 at 21.39.29 (1).jpeg,1011100010100110100001010111100000111110001101011100000100001000001111001011000101111001100011101001111001110001100111010000110011100011110100000011110010101101100000110100101010010110001101011001100101011110011001001011011111011001111010001110011001010011,1011100010100110100001010111100000111110011101011100000100001000001111001011000101111001100011101001111001110001100111010000110001100011110100000011110010101101100000110100101010010110001101011001100101011110011001001011011111011001111010001110011001010011,True,True,True,True,2,0.023140907287597656,0.009462594985961914,0.01334691047668457,0.000316619873046875
WhatsApp Image 2025-05-29 at 21.37.42 (1).jpeg,1000101000110110110010100101011110101010100010011100101101111101110010010110101010000110110100111010111100010101101010110011010111010001111001000010000010101001110101101001101110100110100001110101001100100001111000010110110101010100100111000011011100001001,1000101000110110110010100101011110101010100010011100101101111101110010010110101010000110110100111010111100010101101010110011010111010001111001000010000010101001110101101001101110100110100001110101001100100001111000010110110101010100100111000011011100001001,True,True,True,True,0,0.03301525115966797,0.016927480697631836,0.01572442054748535,0.000347137451171875
WhatsApp Image 2025-05-29 at 21.37.09 (1).jpeg,1100001101100111000111001011011000110100100100010110001111011000110000110110111100111100011011111101000111010000001100110001100001001111001011111110001001110010001110011001100011100001000011010000111011101110011111000111001010100011010111010001110000010100,1100001101100111000111001011011000110100100100010110001111011000110000110110111100111100011011111101000111010000001100110001100001001111001011111110001001110010001110011001100011100001000011010000111011101110011111000111001010100011010111010001110000010100,True,True,True,True,0,0.030721187591552734,0.015524148941040039,0.01484537124633789,0.00033473968505859375
WhatsApp Image 2025-05-29 at 21.34.59 (1).jpeg,1001010100101101110010011100110010010001001100111010100100110100011011011000001001001011110010110100110001001101010001010110111001110010100110011001000010110110100100111101100010111111101000011001100110110110110011011100110001001100100110110100110011100101,1001010100101101110010011100110010010001001100111110100100110100011011011000001001001011110010110100110001001101010001010110111001110010100110011001000010110110100100111101100010111111101000011000100110110110110011011100110001001100100110110100110011100101,True,True,True,True,2,0.03435635566711426,0.01908111572265625,0.014786005020141602,0.0004734992980957031
WhatsApp Image 2025-05-29 at 21.36.37 (1).jpeg,1101111101000101001101001001100000111011000011100110100111100101000001101011000111011011000010100111011000100101110011001111101001110011010011111000100100111001000111110001001000110001110110110011011001100001110011001100110100111011100101001000000000111110,1101111101000101001101001001100000111011000011100110100111100101000001101011000111011011000010100111011000100101110011001111101001110011010011111000100100111001000111110001001000110001110110110011011001100001110011001100110100111011100101001000000000111110,True,True,True,True,0,0.036141157150268555,0.020901918411254883,0.014775276184082031,0.00044846534729003906
WhatsApp Image 2025-05-29 at 21.38.09.jpeg,1100011111111000011110111000000101110000001111100110001001111011001010001101111100100011111000001000011101110101100011110100101000100101100000100011010011000111010111001001101000111110001111100010010011010101001110001111100001110010010101001001100111110000,1100011111111000011110111000000101110000001111100110001001111011001010001101111100100011111000001000011101110101100011110100101000100101100000100011010011000111010111000001101000111110001111100010010011010101001110001111100001110010011101001001100111110000,True,True,True,True,2,0.023908615112304688,0.010162830352783203,0.013349056243896484,0.00038123130798339844
WhatsApp Image 2025-05-29 at 21.38.11.jpeg,1000011010000010000101110110010101100011011110111110011011011011110110001110000101011010001000001101010110100100110010001100001010001000001111000111001010101100101000000010011100001000101011100010110110011111001111011001111101011101101011110010110101011101,1000011010000010000101110110010101100011011110111110011011011011110110001110000101011010001000001101010110100100110010001100001010001000001111000111001010101100101000000010011100001000101011100010110110011111001111011001111101011101101011110010110101011101,True,True,True,True,0,0.032338857650756836,0.017168045043945312,0.014812469482421875,0.00034165382385253906
WhatsApp Image 2025-05-29 at 21.36.33.jpeg,1101100100010010111100001011100100011111111101011011100110000000011001111110111111011111110111010010001011001010010001110101111110101110000000100010001100110010010111001000000000110010000101111000100011101100001000000011110101000100111111011010101110101000,1101100100010010111100001011100100011111111101011011100110000000011001111110111111011111110111010010001011001010010001110101111110101110000000100010001100110010010111001000000000110010000101111000100011101100001000000011110101000100111111011010101110101000,True,True,True,True,0,0.053218841552734375,0.02164936065673828,0.030995845794677734,0.0005471706390380859
WhatsApp Image 2025-05-29 at 21.32.56.jpeg,1010101100011100000011010011110000001101001101100100100110011000011001101001100111001100110110011101100011000110011100001100111001000110110011011101100101100111010110010110011001100111001011011001111000011001100100100111010110010110101001101001011010011010,1010101100011100000011110011110000001101001101100100100110011000011001101001100111001100110110011101100011000110011100001100111001000110110011011101100101100111010110010110011001100111001011011001111000011001100100100111000110010110101001101001011010011010,True,True,True,True,2,0.03323984146118164,0.015942096710205078,0.01683211326599121,0.0004489421844482422
WhatsApp Image 2025-05-29 at 21.35.06.jpeg,1010010011010001010010110010101000101001011101000111010010011011011011110011010100011001101010001110101011010110110101010010101101001010011101010011010111010010000110101010110111100101010100101001010010100111010110110101110000100101101100110001101001100100,1010010011010001010010110010101000101001011101000111010010011011011011110011010100011001101010001110101011010110110101010010101101001010011101010011010111010010000110101010110111100101010100101001010010100111010110110101110000100101101100110001101001100100,True,True,True,True,0,0.027240991592407227,0.012551069259643555,0.01428675651550293,0.0003871917724609375
WhatsApp Image 2025-05-29 at 21.37.41 (1).jpeg,1110110010000101100110001100101000000000100001110100100001110011110000111110011110010110001100010011110011110011111111010011110011000111001000000000101101100111001100011110100010000010100111111100010001110011001111111011011001110001100011101000011110101001,1110110010000101100110001100101000000000100001110100100001110011110000110110011110010110001100010011110011110011111111010011110011000111001000000000101101100111001100011110100010000110100111111100010001110011001111111011011001110001100011101000011110101001,True,True,True,True,2,0.030060291290283203,0.01489567756652832,0.014818906784057617,0.00032901763916015625
WhatsApp Image 2025-05-29 at 21.30.21 (1).jpeg,1111110101000101110000001111010011001010001101101001111110000000001001001001000111101101110100010100000010101111101111111110010010010101001001101111110000010001000010001101100001111010001101101001011001101111100111111110110001001000000101100111101110010000,1111110101000101110000001111010011001010001101101001111110000000001001001001000111101101110100010100000010101111101111111110010010010001001011100111110000010001001010001101100001111010001101101001011001101111100111111110110001001000000101100111101110010000,True,True,False,True,4,0.033995628356933594,0.01840686798095703,0.014902591705322266,0.0006697177886962891
WhatsApp Image 2025-05-29 at 21.34.21.jpeg,1010111100110001110101100100010001010100110001101001110110110011010010000001110011100111000100000111001001100111111111010111111000011110001000001101100111010000100010011001011101011000111110001000110111011011010001111000110000111000011001011110001010000111,10101111001100011101011001000100010101001100011010011101101100110100100000011100111001110001000001110010011001111111110101111110000111100010000011011001110100001000100110010111010110001111100010001101110110110100011110001100001110000110010111100010100001110000010,True,True,True,False,0,0.037191152572631836,0.021152973175048828,0.015523433685302734,0.0004994869232177734
WhatsApp Image 2025-05-29 at 21.36.08.jpeg,1101011100010100000101110000000011011010011000100111010000010001100011000010010101101101101010110011011101101001100001001011100011110011011100110000001001101110011110001111011101101010111110001101100110001111010110100100010011000111100111000001010111110011,11010111000101000001011100000000110110100110001001110100000100011000110010100101011011011010101100110111011010011000010010111000111100110111001100000010011011100111100011110111011010101111100011011001100011110101001001000100110001111001110000010101111100110000010,True,True,True,False,2,0.03168916702270508,0.01647782325744629,0.014698505401611328,0.0004975795745849609
WhatsApp Image 2025-05-29 at 21.38.11 (1).jpeg,1100100001001110010101011010000111110001001100011001001101001110110100111001000110101000111001010010111001111011100111000010011000101110111011000011110111000110100110101011010100001010000110100000011100110111011010111100110000100011011001011011010101100011,1100100001001110010101011010000111110001001100011001001101001110110100111001000110101000111001010010111001111011100111000010011000101110111011000011110111000110100110101011010100001010000110100000011100110111011010111100110000100011011001011011010101100011,True,True,True,True,0,0.025211095809936523,0.011545658111572266,0.013328313827514648,0.0003218650817871094
WhatsApp Image 2025-05-29 at 21.38.18.jpeg,1011011000001100111100000111100011001011111000111101100000000010011001111011010000100111111101111111100000001011001101110000111101100001101000000001100111110000000100111111111111111110100010111100110000000000100001100010011111100111111111000000011000011000,1011011000001100111100000111100011001011111000111101100000000010011001111011010000100111111101111111100000001011001101110000111101100001101000000001100111110000000100111111111111111110100010111100110000000000100001100010011111100111111111000000011000011000,True,True,True,True,0,0.03008103370666504,0.015053749084472656,0.014677762985229492,0.0003337860107421875
WhatsApp Image 2025-05-29 at 21.36.09 (1).jpeg,1000101110001100100011100011100101011000001110000011001111001010100000101110011111100111001101011110110110011001100111010101100001010010011101101101001000100011011100010111001110100101100011011000110010011100100111100100110101101011010100100100110010110010,1000101110001100100011100011100101011000001110000011001111001010100000101110011111100111001101011110110110011001100111010101100001010010011101101101001000100011011100010111001110100101100011011000110010011100100111100100110101101011010100100100110010110010,True,True,True,True,0,0.024985790252685547,0.01100468635559082,0.013646841049194336,0.0003192424774169922
WhatsApp Image 2025-05-29 at 21.36.03 (1).jpeg,1100111101100011111010100110101110110011010011001001001101100110101011000100111110101101100010011011100100111000100111000101111101101000110010010100001001110000010000100011011100010001110001100011011000101100101010100010001010011010111100111001110011011001,1100111101100011111010100110101110110011010011001001001101100110101011000100111110101101100010011011100100111000100111000101111101101000110010010100001001110000010000100011011100010001110001100011011000101100101010100010001010011010111100111001110011011001,True,True,True,True,0,0.031211137771606445,0.0159146785736084,0.014951705932617188,0.0003287792205810547
WhatsApp Image 2025-05-29 at 21.37.11.jpeg,1100010001000100110101001110110010010011000100110010101100010011000011001110111001101011111011011110110100011001000001001001001100011010110100100101001101111010111000110110110110100100101011010000101110010011100110001110010011111011011001101011001100011001,1100010001000100110101001110110010010011000100110010101100010011000011001110111001101011111011011110110100011001000001001001001100011010110100100101001101110010111000110110110110100100101011010000101110011011100110001110010011111011011001101011001100011001,True,True,True,True,2,0.03225398063659668,0.01677989959716797,0.014901161193847656,0.0005576610565185547
WhatsApp Image 2025-05-29 at 21.35.44.jpeg,1110001001110101000111011010110011110010011000000010101010011111110100010010110011000101101110000001100100101110010101010101101100011001011001101101011010000000010101010011101000100111010101001111101111101001101100001000101100001101011101011010001011011101,1110001001110101000111011010110011110010011000000010101010011111110100010010110011000101101110000001100100101110010101010101101100011001011001101101011010001000010101010011101000100111010101001111101111101001101100001000001100001101011101011010001011011101,True,True,True,True,2,0.035790443420410156,0.02077794075012207,0.01466512680053711,0.0003304481506347656
WhatsApp Image 2025-05-29 at 21.33.27 (1).jpeg,1100010010001011110010111011111101101010110100000100111100101001010011011110100001110110001100100011001100011110101101110011000010110100101110010010111100001111011011110000100111001100010000100001100011010101101100100011110011000010110110001001101011001001,1100010010001011110010111011111101101010110100000100111100101001010011011110100001110110001100100011001100011110101101110011000010110100101110010010111100001111011011110000100111001100010000100001100011010101101100100011110011000010110110001001101011001001,True,True,True,True,0,0.031226634979248047,0.016130924224853516,0.014746427536010742,0.0003330707550048828
WhatsApp Image 2025-05-29 at 21.39.37 (1).jpeg,1001110000010100000011111110101101111001110000110111001010111100011001011000011101101010110101010110011000011000110010110001111101101010011100000110100100011110110010110110001100100110001111000100100101100010011001100110111001001110000001001110011001101011,1001110000010100000011111110101101111001010000110111001010111100011001011000011101101010110101010110011000011000110010110001111101101010011100000110100100011110110010110110001100100110001111000100100101100010011001100111111001001110000001001110011001101011,True,True,True,True,2,0.023674488067626953,0.010025739669799805,0.01331019401550293,0.00032329559326171875
WhatsApp Image 2025-05-29 at 21.30.18.jpeg,1101000000011001110111111110010000001100111001100110000000000011100111111111100101100000000001110111100011101110110111111011001001100000010111110101000001100000100111111011000011100000000111111111100101000000000111101111111111100000100000000011101101011101,1101000000011001110111111110010000001100111001100110000000000011100111111111100101100000000001110111100011101110110111111011001001100000010111110101000001100000100111111011000011100000000111111111100101000000000111101111111111100000100000000011101101011101,True,True,True,True,0,0.028903722763061523,0.013713598251342773,0.014841556549072266,0.0003333091735839844
WhatsApp Image 2025-05-29 at 21.36.42.jpeg,1011010010011011100001011010011011011100000110111101001101100000010100110000111110000110011001001010000111111001111100110010110101110010010011100001100001001001101011100111001011011000100011010000010010111100010111111111001101111100000101101010011000011001,1011010010011011100001011010011011011100000110111101001101100000010100110000111110000110011001001010000111111001111100110010110101110010010011100001100001001001101011100111001011011000100011010000010010111100010111111111001101111100000101101010011000011001,True,True,True,True,0,0.032002925872802734,0.01691889762878418,0.014688253402709961,0.0003795623779296875
WhatsApp Image 2025-05-29 at 21.34.27.jpeg,1000001011101000000010101010101010110000001111111111000101100100000101001001010010000110100111110111101101010100011010001000010010100011011001110001001101010110010101001010110111111101011001000000100101000100101010110110110110111111010111111110110010100111,1000001011101000000010101010101010110000001111111111000101100100100101001000010010000110100111110111101101010100011010001000010010100011011001110001001101010110010101001010110111111101011001000000100101000100101010110110110110111111010111111110110010100111,True,True,True,True,2,0.03082728385925293,0.015749692916870117,0.014725685119628906,0.0003349781036376953
WhatsApp Image 2025-05-29 at 21.39.26 (1).jpeg,1010010011100011000110110011001110011001100111010111100010001100110000100101101001001111100100010011000010011110000000011011110111011111100000100100110001110101110100100110001111001111111000110011001100000101111011011011111101100011100001000001001000111010,1010010011100011000110110011001110011001100111010111100010001100110000100101101001001111100100010011000010011110000000011011110111011111100000100100110001110101110100100110001111001111111000110011001100000101111011011011111101100011100001000001001000111010,True,True,True,True,0,0.02994513511657715,0.014780282974243164,0.014736652374267578,0.00041222572326660156
WhatsApp Image 2025-05-29 at 21.39.14.jpeg,1010110001001000110101010000010111000010100000110010000111110110010011010111000000101110110010011001111101100101110001100011011010110001100110110110100111100101001101101110100101001011001000101011010110010011100110001001110111100100000101100111101101101011,1010110001001000110101010000010111000010100000110010000111110110010011010111000000101110110010011001111101100101110001100011011010110001100110110110100111100101001101101110100101001011001000101011010110010011100110001001110111100100000101100111101101101011,True,True,True,True,0,0.03165245056152344,0.01619720458984375,0.015054464340209961,0.00038433074951171875
WhatsApp Image 2025-05-29 at 21.37.12 (1).jpeg,1000010010110101111110111100111001101000111000100101000110101101100011100101011111101011110010100101000010100101100111000101010010101011000110100101001111100000001101100101001010101101010001011110001010111110000101001100000001111101011101001000111000011110,1000010010110101111110111100111001101000111000100101000110101101100011100101011111101011110010100101000010100101100111000101010010101011000110100101001111100000001101100101001010101101010001011110001010111110000101001100000001111101011101001000111000011110,True,True,True,True,0,0.03350830078125,0.0173647403717041,0.015694141387939453,0.0004336833953857422
WhatsApp Image 2025-05-29 at 21.30.13.jpeg,1100000001001000011100101011010000111111100000110010110111011111001001110111110010010000011000101101000010110100010011111000010001101001111110011100110101011110101001000010111011110000101000001011101010001000111000001111110101011111110001110111100100010010,1100000001001000011100101011010000111111100000110010110111011111001001110111110010010000011000101101000010110100010011111000010001101001111110011100110101011110101001000010111011110000101000001011101010001000111000001111110101011111110001110111100100010010,True,True,True,True,0,0.030879974365234375,0.01551508903503418,0.014893054962158203,0.0004563331604003906
WhatsApp Image 2025-05-29 at 21.32.49 (1).jpeg,1100010010000111100001010111010000101010100011101010110001110001111010010100011110011000011001100011011000110001100101101001110110011001100010100100011101011101000000111000001111000011011110111111100111100000000111100011111110001001110110011111000110011100,1100010010000011100001010111010000101010100011101010110001110001111010010100011111011000011001100011011000110001100101101001110110011001100011100100011001011101000000111000001111000011011110111111100111100000000111100011111110001001110100011111000110011101,True,True,True,True,6,0.03113245964050293,0.016199350357055664,0.014514923095703125,0.00040221214294433594
WhatsApp Image 2025-05-29 at 21.36.07.jpeg,1000010010010010000100100100100110011011011011000001001001101101111011011011111001101101100100101001011001001001011010011011010000101101101100101101001001001101000100100110110111101101101101100101101001001001001011001001011011010100110110110010001011101111,1010010000011010001100101100110110011011011011000001001011101110111011011011111001101101100100101001011001001001011010011011010000101101101100101101001001001101000100100110110111101101101101100101101001001001001011001001011011010100110110110010001011101111,False,True,True,True,9,0.03291606903076172,0.017348766326904297,0.014766693115234375,0.0007846355438232422
WhatsApp Image 2025-05-29 at 21.38.04 (1).jpeg,1011100100000100101011010110100100011001111111100101100001110100000011000000011110110011100010110011011001110011001001000111010001000010111110110011001100011101000001100010110110011111010001001111101010101011010100010111001001011011001011011111010011110000,10111001000001001010110101101001000110011111111001011000011101000000110000000111101100111000101100110110011100110010010001110100000000001000010111110110011001101011101000001100010110110011111010001001111101010101011010100010111001000011011001011011111010011110000,True,False,True,True,69,0.027438879013061523,0.01288747787475586,0.013952970504760742,0.0005815029144287109
WhatsApp Image 2025-05-29 at 21.35.03 (1).jpeg,1000000001010001100001000011001100110110011000101011110110100101010110011000111001001101101001101101001011011011001101100110011100110110010011010100111111100111001011011101101110000001111001000011001001011001010011010011110011100110000100111011001100000111,1000000001010001100001000011001100110110011000101011110110100101010110011100110001001101101001101101001011011011001101100110011100110110010011010100111111100111001011011101101110000001111001000011001001011001010011010011110011100110000100111011001100000111,True,True,True,True,2,0.03229784965515137,0.01658487319946289,0.015131235122680664,0.0005657672882080078
WhatsApp Image 2025-05-29 at 21.39.24.jpeg,1010101010101011010000101011101111000001010101011001011101001100111000000100001100110101100111111000011100011110001111001110000011110100000000011100001111111111100001011101010000011111101000111011010101110010011010010100010011010010110001010010110010011011,1010101010101011010000101011101111000001010101011001011101001100111000000100001100110101100111111000011100011110001111001110000011110100000000011100001111111111100001011101010000011111101000111011010101110010011010010100010011010010110001010010110010011011,True,True,True,True,0,0.037518978118896484,0.017724275588989258,0.01934814453125,0.00042939186096191406
WhatsApp Image 2025-05-29 at 21.30.45.jpeg,1100011110110001001011000001100101110110110110011100001101101001011010011101010010000101101001000011111010001011010110111111010100100010010100001010000111001011011111000001100011111001101111110011001010010100110010111001100001110010000010101011011010011100,1100011110110001001011000001100101110110110110011100001101101001011010011101010010000101101001000011111010001011010110111111010100100010010100001010000111001011011111000001100011111001101111110011001010010100110010111001100001110010000010101011011010011100,True,True,True,True,0,0.030473947525024414,0.015259027481079102,0.014860153198242188,0.00033855438232421875
WhatsApp Image 2025-05-29 at 21.35.34.jpeg,1110000000000010100111011111001000011111111111000110000000001010011101111111011000011110001100011100100111001110111011111111000000100010000101111111001100100000000010001110100011110100100011110010001111110000000010110000111111111100111100101000010110011001,1110000000000010100111011111001000011111111111000110000000001010011101111111011000011110001100011100100111001110111011111111000000100010000101111111001100100000000010001110100011110100100011110010001111110000000010110000111111111100111100101000010110011001,True,True,True,True,0,0.028877735137939453,0.014549493789672852,0.01399087905883789,0.00032210350036621094
WhatsApp Image 2025-05-29 at 21.35.37 (1).jpeg,1001010110001100100111100110111011001101111100111101100011110011111001101100110001111000011001100010110100010011011010101001100101101000010101011100110110010110001010000101100100000101001010000110000111000001001001001101101101101100110110110101100010010111,1001010110001100100111100110111011001101111100111101100011110011111001101100110001111000011001100010110100010011011010101001100101101000010101011100110110010110001010000101100100000101001010000110000111000001001001001101101101101100110110110101100010010111,True,True,True,True,0,0.03156542778015137,0.016308307647705078,0.014908552169799805,0.0003333091735839844
WhatsApp Image 2025-05-29 at 21.39.54 (1).jpeg,1100111010100001100010100000100011101000110101111110000101010111101111001101010000100101000111000001011010111011101101010101001110010100100010100011010100100001100100111110100111010110110010111001100110011001000000111010100011110001100101011111101010010111,1100111010100001100010100000100011101000110101111110000101010111101111001101010000100101000111000001011010111011101101010101001110010100100010100011010100100001100100111110100111010110110010111001100110011001000000111010100011110001100101011111101010010111,True,True,True,True,0,0.02471184730529785,0.010859489440917969,0.013362884521484375,0.0004744529724121094
WhatsApp Image 2025-05-29 at 21.32.19.jpeg,1111001001100100111101101101111100001001001000100100110111011011110011011001100001110010110110010010001010011100101100110010011011100101000110101100100100100111011100001101100100001000101001111011000011001101010011010010011000011001000111010100111011111010,1111001001100100111101101101111100001001001000100100110111011011110011011001100001110010110110010010001010011100101100110010011011100101000110101100100100100111011100001101100100001000101001111011000011001101010011010010011000011001000111010100111011111010,True,True,True,True,0,0.028712034225463867,0.01359868049621582,0.014771461486816406,0.0003266334533691406
WhatsApp Image 2025-05-29 at 21.37.05.jpeg,1110001010101000101111010101010101011111111101110110100000101011101001010100000001010011101010100011100010011111100011010100010101000110101000101010001101010101000100010011101001110000101111101011100001010101010111010110101010101110001001011100011110010001,1110001010101000101111010101010101011111111101110110100000101011101001010100000001010011101010101011100010011111100011010100000101000110101000101010001101010101000100010011101001110000101111101011100001010101010111010110101010101110001001011100011110010001,True,True,True,True,2,0.03162097930908203,0.015423297882080078,0.015848159790039062,0.0003330707550048828
WhatsApp Image 2025-05-29 at 21.35.29.jpeg,1010001011011010110001100100001011101101001001000110000100101100110100001011101110110111111110101010101011110101101101000100111010111110101001001001100100001000110001110110110011011001000100111001000000010011001110101111010110010100000100110001111111010010,1010001011011010110001100100001011101101001001000110000100101100110100001011101110110111111110101010101011110101101101000100111010111110101001001001100100001000110001110110110011011001000100111001000000010011001110101111010110010100000100110001111111010010,True,True,True,True,0,0.035605430603027344,0.020358562469482422,0.01470637321472168,0.0005252361297607422
WhatsApp Image 2025-05-29 at 21.33.48.jpeg,1010011001000111111001100011100100100011001001101000010011001100100110001101110011011100011001100010011100110001011001101111001011101101010011000101100100100011100010101111011010110100001010010110001110100011101011001101110011011010101101101010100101001001,1010011001000111111001100011100100100011001001101000010011001100100110001101110011011100011001100010011100110001011001101111001011101101010011000101100100100011000010101111011010110100001010010110001110100011101011001101110011011011101101101010100101001001,True,True,True,True,2,0.03173971176147461,0.015679121017456055,0.015704631805419922,0.000339508056640625
WhatsApp Image 2025-05-29 at 21.37.16.jpeg,1001011110001100101000001111110010011110100000000100001000101001001111111111111001111000010000000010001000101101101110011101101001111001010010010010111101110101011110010101011001101001011010100010000011010011100011110000011001111011010101110110000011011110,1001011110001100101000001111110010011110100000000100001000101000001111111111111001111000010000000010001000101101101110011101101001111001010010010010111101110101011110010111011001101001011010100010000011010011100011110000011001111011010101110110000011011110,True,True,True,True,2,0.03405451774597168,0.018642663955688477,0.014966964721679688,0.0004291534423828125
WhatsApp Image 2025-05-29 at 21.39.04.jpeg,1110101010000101111000100001100010001101100001110000011111111000100110000010011111110101111110001001010001110111001111001000110010010010011110000110100000000111111011101101100101110100001001111000011101000001110110111011100101101101010101100001110010101000,1110101010000101111000100001100010001101100001110000011111111000100110000010011111110101111110001001010001110111001111001000110010010010011110000110100000000111111011101101100101110100001001111000011101000001110110111011100101101101010101100001110010101000,True,True,True,True,0,0.038935184478759766,0.022289514541625977,0.016200542449951172,0.0004296302795410156
WhatsApp Image 2025-05-29 at 21.37.17.jpeg,1101101101011010001011111110010110001000100001111011100010100111000000100111100001000100010111101101010001000011011101001111101001011110110111010000110001000101101010010010011111100001001001000111011011010100000101101110101100110011001010111000101100111001,1101101101011010001011111110010110001000100001111011100010100111000000100111100001000100000111101101010001000011111101001111101001011110110111010000110001000101101010010010011111100001001001000111011011010100000101101110101100110011001010111000101100111001,True,True,True,True,2,0.03315472602844238,0.01727461814880371,0.015526771545410156,0.00033664703369140625
WhatsApp Image 2025-05-29 at 21.32.21 (1).jpeg,1101111101100001110001110001111001100000101111100011100001100010110001111110110101100111100110011001100001000011001101110101111101100111000011011001100110100100001100001111000000000000110000101101101100011110011000000011110100011000011001111001111110010110,1101111101100001110001110001111001100000101111100011100001100010110001111110110101100111100110011001100001000011001101110101111101100111000011011001100110100100001100001111000000000000110000101101101100011110011000000011110100011000011001111001111110010110,True,True,True,True,0,0.02773904800415039,0.012556314468383789,0.014841318130493164,0.0003254413604736328
WhatsApp Image 2025-05-29 at 21.30.14.jpeg,1001010111001101101100100110011100100110011111110010110011001100111010011001100101011011100110110001011000110010000101001111011011100101100100011110110100000000001010110111011010001010010111111000001010011000011001001010000001111101001001100001110101101110,1001010111001101101100100110011100100110011111110010110011001100111010011001100101011011100110110001011000110010000101001111011011100101100100011110110100000000001010110111011010001010010111111000001010011000011001001010000001111101001001100001110101101110,True,True,True,True,0,0.02975320816040039,0.014453887939453125,0.014951944351196289,0.0003314018249511719
WhatsApp Image 2025-05-29 at 21.35.41.jpeg,1111011000110011101010001101001001101010110111100110110000011101110110001101100101011101001100110001110111100110100100100110100011000011101000000111010011101000011011011100001100111001110111010000000111010110110001010000111010000011100010100011011110001100,1111011000110011101010001101001001101010110111100110110000011101110110001101100101011101001100110001110111100110100100100110100011000011101000000111010011101000011011011100000100111001110111010000000111010110110001010000111010000011100010100011111110001100,True,True,True,True,2,0.033136606216430664,0.017008543014526367,0.015785694122314453,0.0003256797790527344
WhatsApp Image 2025-05-29 at 21.38.09 (1).jpeg,1011101110000100011010010001011011000110011110110011011011011001110001001110110110010110011000111001001100110011110010011011100010010100111011101100101001110110010011011011101100110100110011000110111001000100001101110000100100011010000100100110000100110011,1011101110000100011010010001011011000110011110110011011011011001110001001110110110010110011000111001001100110011110010011011100010010100111011101100101001110110010011011011101100110100110011000110111001000100001101110000100100011010000100100110000100110011,True,True,True,True,0,0.03843951225280762,0.02155160903930664,0.01641058921813965,0.00046133995056152344
WhatsApp Image 2025-05-29 at 21.32.55.jpeg,1101011010101000100100001010111110010000010101111100011011100000011000000001111101101000000111110011100011110001110100100011010111011110100001110110111100000001011001111000000110011001101000011001010011101000101111101110010011000111011110000110110101111010,1101011010101000100100001010111110010000010101111100011011100000011000000001111101101000000111110011100011110001110100100011010111011110100001110110111100000001011001111000000110011001101000011001010011101000101111101110010011000111011110000110110101111010,True,True,True,True,0,0.03757977485656738,0.02072286605834961,0.01649761199951172,0.0003421306610107422
WhatsApp Image 2025-05-29 at 21.30.47 (1).jpeg,1010001001001111100111010011000001001111101000100010001001011101001011000101101001010111111000110011101000101001111000011001110000001101100001001001111001011010111100110010111111110001111110001000100011001001001001010100000010010110001111101111100010111111,1010001001001111100111010011000001001111101000100010001001011101001011000101101001010111110000110011101000101001111000011001110000001101100001001001111001011010111100110010111111110001111110001000100011001001001001010100001010010110001111101111100010111111,True,True,True,True,2,0.03560042381286621,0.019505023956298828,0.015738248825073242,0.00034117698669433594
WhatsApp Image 2025-05-29 at 21.36.15.jpeg,1011111110001011111010000111111010101000011110101011000100000000011010000001110110101111111000101110100101001011011100000101100000011111101010110110101110101111100001001101001010111011100001011000011011100000100101101101011010001111100000111101000010000000,1011111110001011111010000111111010101000011110101011000100000000011010000001110110101111111000101110100101001011011100000101100000011111101000110110101110101111100001001101001010111011100001011000011011100000100111101101011010001111100000111101000010000000,True,True,True,True,2,0.034844398498535156,0.019491195678710938,0.014847040176391602,0.0004897117614746094
WhatsApp Image 2025-05-29 at 21.32.18.jpeg,1001101001001000100110110100000010000100010100110010011010010111001011110111011011011110010111001100101000011000000001110010011011110101100111011100001110011001001011110110011010110001000001101010011110011011011110000110111101010001101111011000011010110001,1001101001001000100110110101000010000100010100110010011010010111001011110111010011011110010111001100101000011000000001110010011011110101100111011100001110011001001011110110011010110001000001101010011110011011011110000110111101010001101111011000011010110001,True,True,True,True,2,0.03218674659729004,0.017006397247314453,0.014764785766601562,0.00039887428283691406
WhatsApp Image 2025-05-29 at 21.33.26 (1).jpeg,1100011010001001000000101101111001111001110011000011111011000000101100001011011010100101101010011100101001011011011011100011110100011001111011011110001100000011100111000110010100101101100110000111001101010000000111101101101011001010010110010011110011100001,1100011010001001000000101101111001111001110011000011111011000000101100001011011010100101101010011100101001011011011011100011110110011001111011011110001100000011100111000110010100101101100110000111001101000000000111101101101011001010010110010011110011100001,True,True,True,True,2,0.03128647804260254,0.016112327575683594,0.014820337295532227,0.0003371238708496094
WhatsApp Image 2025-05-29 at 21.37.09.jpeg,1111010010000011010000101100110011101001110110011101011110011001100010010110011000101100110000111101011010001101111010000111001000011111110000101001011000101101011011011110000101000101100111000011001001001011100110011110010001101100110000011101001001110011,1111010010000011010000101100110011101001110110011101011110011001100010010110011000101100110000111101011010001101111010000111001000011111110000101001011000101101011011011110000101000101100111000011001001001011100110011110010001101100110000011101001001110011,True,True,True,True,0,0.03830432891845703,0.023046493530273438,0.014742136001586914,0.00049591064453125
WhatsApp Image 2025-05-29 at 21.36.08 (1).jpeg,1000100100010110001010001101011000111110011100000001101101011110010010010000001110000100101110100011111111111110011010110010000111011101010111110111010110111000111000000001110110001101011001010111011000000000100101101111110110011001010110010100101000010011,1000100100010110001010001101011000111110011100000001101101011110010010010000001110010100101110100011111111111110011010110010000111011101010111110111010010111000111000000001110110001101011001010111011000000000100101101111110110011001010110010100101000010011,True,True,True,True,2,0.03251004219055176,0.016123294830322266,0.015962600708007812,0.000408172607421875
WhatsApp Image 2025-05-29 at 21.32.13.jpeg,1110010110010110101001110011100001100000010000110001101101111001101000101001011000011110001111000111011110011011010000100110010100100100100110100011011001101101110110100110000110000100111001101100100011100100111110011000011001011011011011101000011111011100,1110010110010110101001110011100001100000010000110001101101111001101000101001011000011110101111000111011110011011010000100110010100100100100110100011011001101101110110100110000110000100111001101100100011100100111110011000011001001011011011101000011111011100,True,True,True,True,2,0.027786970138549805,0.013213396072387695,0.014120817184448242,0.0004367828369140625
WhatsApp Image 2025-05-29 at 21.33.50 (1).jpeg,1010111111011011110010110111101010001001010100011010100100010001010010101011000110010110011010111010010101001011001010110110000101010110111001010100110110110100010101111110010011010010100010001110000100101110111010011000110010101011010101001011010110001000,1010111111011011110010110111101010001001010100011010100100010001010010101011000110010110011010111010010101001011001010110110000101010110110001010100110110110100010101111110010011010010100010001110001100101110111010011000110110101011011101001111010111001000,True,True,True,False,6,0.032715797424316406,0.01690077781677246,0.015136957168579102,0.0006620883941650391
WhatsApp Image 2025-05-29 at 21.39.50 (1).jpeg,1000000100011010100001101101010010010110011001110001000110100011000110101000110001111011100111001001100100111011011011010010101110001100011001010101100111110110011010111001111001100110000110101010011101011000001100100110000101011110111010010101110010100111,1000000100011010100001101101010010010110011001110001000110100011000110101000110001111011100111001001100100111011011011010010101110001100011001010101100111110110011010111001111001100110000110101010011101011000001100100110000101011110111010010101110010100111,True,True,True,True,0,0.04613089561462402,0.028433799743652344,0.017254352569580078,0.00042510032653808594
WhatsApp Image 2025-05-29 at 21.35.44 (1).jpeg,1100000011011110011011101111100100110111001000011101001100001100001000000001111000111101110100110110110011000111100110100011010010011001101000001001001101010111010110010110101101111000000011111001010001111100110011111100000001100111000110011010001001101101,1100000011011110011011101111100100110111001000011101001100001100001000000001111000111101110100110110110011000111100110100011010010011001101000001001001101010111010110010110101101111000000011111001010001111100110011111100000001100111000110011010001001101101,True,True,True,True,0,0.035170793533325195,0.01986980438232422,0.014886140823364258,0.00039958953857421875
WhatsApp Image 2025-05-29 at 21.32.50 (1).jpeg,1010101011100101101010110110101001110001000100010010101110100111100010100010111011010000100101010101011010010110010101111110001010110111010100011011010010011100010111101011011001001010110010010010001101110011101000010110001110010100011001100101010010011110,1010101011100101101010110110101001110001000100010010101110100111100010100010111011010000100101010101011010010110010101111110001010110111010100011011010010011100010111101011011001001010110010010010001101110011101000010110001110010100011001100101010010011110,True,True,True,True,0,0.0318911075592041,0.016644716262817383,0.014893293380737305,0.00033736228942871094
WhatsApp Image 2025-05-29 at 21.32.46 (1).jpeg,1010100010110100100100010011010101010111010010110011101100001011001010011011010011011001101000001001101010101011101101010111001100110101010111000100101101011101111010110000010101010101101001000001001010101010011010110110101011100101010110110100100011010101,1010100010110100100100010011010101010111010010110011101100001011001010011011010011011000101000001001101110101011101101010111001100110101010111000100101101011101111010110000010101010101101001000001001010101010011010110110101011100101010110110100100011010101,True,True,True,True,2,0.030332565307617188,0.015047311782836914,0.014859199523925781,0.00041031837463378906
WhatsApp Image 2025-05-29 at 21.39.37.jpeg,1000011111100000111111111111111000001000000110011110111011100110001100001111111111110001000000010111011001101111110001000000000010111000100001111111000000000111101100110110010001010011001110101100010000011001011111001000111110111000111001000010001100111000,1000011111100000111111111111111000001100000110011110111011100110001100001101111111110001000000010111011001100111110001000000000010111000100001111111000000000111101100110110010001010011001110101100010000011001011111001000111110111000111001010010001100111000,True,True,True,True,4,0.03294825553894043,0.01777362823486328,0.014755964279174805,0.0004024505615234375
WhatsApp Image 2025-05-29 at 21.32.18 (1).jpeg,1011111011000100111001100100110010000111001110110001010100110011000000010011001110011101100101001011100010010101010110011011111001011010110010001101001001101101011001110110001001101101000111110010010110111000011001001110000110111010110101010011001100010100,1011111011000100111001100100110010000111001110110001010100110011000000010011001110011101100101001011100010010101010110011011111001011010110010001101001001101101011001110110001001101101000111110010010110111000011001001110000110111010110101010011001100010100,True,True,True,True,0,0.03593134880065918,0.020064353942871094,0.015417337417602539,0.0004336833953857422
WhatsApp Image 2025-05-29 at 21.36.03.jpeg,1001010100001010011010101001010110010101010010101110111010100101110110100100101101110101100001001110101100001011011111000101010001101110101010101111000110100010110100010000010101111110010110111110010110010101010000010110101001010000100101110111001000110101,100101010000101001101010100101011001010101001010111011101010010111011010010010110111010110100100111010110000101101111100010001000110111010101000111100011011000011011110010110010101010000010110101001010000100101110111001000110101,True,True,False,True,32,0.036975860595703125,0.02150726318359375,0.014570474624633789,0.0008826255798339844
WhatsApp Image 2025-05-29 at 21.37.02 (1).jpeg,1100010000000100011010001101110000110110001110011001011110011101000010011110110011001101000110001110011001101001111110100111000101111001010011100111100110101111000011111101100000000111001011100100000010110011111100001100111001111000010010001111111000010100,1100010000000100011010001101110000110110001110011001011110011101000010011110110011001101000110001110011001101001111110100111000101111001010011100111100110101111000011111101100000000111001011100100000010110011111100001100111001111000010010001111111000010100,True,True,True,True,0,0.03127455711364746,0.015727519989013672,0.015186309814453125,0.0003445148468017578
WhatsApp Image 2025-05-29 at 21.39.29.jpeg,1111000011010110101101000110100101101011000010111011011011000111011001011000111010011010010010101010011100011100100011100010110100100110100110000111110010000111100001100110100110010101110101100101100001100101001100011100111011011000101001111100001100111000,1111000011010110101101000110100101101011000010111011011011000111011001011000111010011010010010101010011100011100100011100010110100100110100110000111110010000111100001100110100110010101110101100101100001100101001100011100111011011000101001111100001100111000,True,True,True,True,0,0.023326635360717773,0.00933074951171875,0.013577461242675781,0.0004036426544189453
WhatsApp Image 2025-05-29 at 21.38.10 (1).jpeg,1110011110101010001111011001010000110000011100111100111000010100100100111001010001110001111011111100111000010011001101110011100010110001100011101000111001000111101010000111000100110011100011001000110001000111001110101111001111000111000011001000100011100111,1110011110101010001111011001010000110000011100111100111000010100100100111001010001110001111011111100111000010011001101110011100010110001100011101000111001000111101010000111000100110011100011001000110001000111001110101111001111000111000011001000100011100111,True,True,True,True,0,0.03844952583312988,0.02234482765197754,0.01574563980102539,0.0003426074981689453
WhatsApp Image 2025-05-29 at 21.34.35.jpeg,1000010101010100111000000100100001000011010001110011110001111011100101010111110011000110110101100111010100011011000111100100110011001101011100101111001010001110000110010100001100010100011110001110101110011101101101001100011101011011001100010000110111011100,1000010101010100111000000100100001000011010001110011110001111011100101010111110011000110110101100111010100011011000111100101110011001101011100101111001010001100000110010100001100010100011110001110101110011101101101001100011101011011001100010000110111011100,True,True,True,True,2,0.030805349349975586,0.015585660934448242,0.014799118041992188,0.00040531158447265625
WhatsApp Image 2025-05-29 at 21.38.16 (1).jpeg,1100111101001111111010010100001100111100001111000011011000101101011100001001111100111100101101001001001101000001100101101111010001110001011101100011010010011111110010000101100010010110001101001100100111000010001101100111110010100010110110001001100001110010,1100111101001111111010010100001100111100001111000011011000101101011100001001111100111100101101001001001101000001100101101111010001110001011001100011010010011111110010000111100010010110001101001100100111000010001101100111110010100010110110001001100001110010,True,True,True,True,2,0.0228879451751709,0.009264945983886719,0.013286352157592773,0.0003209114074707031
WhatsApp Image 2025-05-29 at 21.35.38.jpeg,1001011001010111000100100011010011001010101001000111000100101011011100111111101110010101010010011100110111111110110010011011101001101100110111110110010011010101001010111010011000101010101011100100100000100010101101000000000010110101000010010111101000101011,1001011001010111000100100011010011001010101001000111000100101011011100111111101110010101010010011100110111111111110010011011101001101100110111110110010011010101001010111010011000101010101011100100100000100000101101000000100010110101000010000111101000101011,True,True,True,True,4,0.030710697174072266,0.015467405319213867,0.014814615249633789,0.00041294097900390625
WhatsApp Image 2025-05-29 at 21.35.36 (1).jpeg,1000100010111110001001001111010110010100001100011001100100110010101001110100001110010110110111011001100000110110100011100101001110011100010011011010100100100101101011100110100110111011000010010011101110101110101101001010111001110000111001000101001111000110,1000100010110110001001001111010110010100001100011001100100110010101001110100001110010110110111011001100000110110100011100101001110011100010011011010100100100101101011100110100110111011000010010011101110101110111101001010111001110000111001000101001111000110,True,True,True,True,2,0.03433728218078613,0.019930124282836914,0.013913869857788086,0.00047779083251953125
WhatsApp Image 2025-05-29 at 21.34.28 (1).jpeg,1100011000111000000111100111000100111000100001111111001111001110001110011000110011001100010001101101001001110110010001110100000110001000001100110111011111001101110010110011000010110001100101110000101011001100011100011010000011011110111001101011000111001111,1100011000111000000111100111000100111000100001111111001111001110001110011000110011001100010001101101001001110110010001110100000110001000001100110111011111001101110010110011000010110001100101110000101011001100011100011010000011011110111001101011000111001111,True,True,True,True,0,0.028398513793945312,0.013324260711669922,0.014726638793945312,0.0003311634063720703
WhatsApp Image 2025-05-29 at 21.32.49.jpeg,1000110101100010001111111110001101110001101100101101111000000011100001011011000101110000101101110011100110110101100101100010011000110011011001110001010001111000101010110101001111111100001100010011111111100010110100101011011100110110001010000000001010000001,10001101011000100011111111100011011100011011001011011110000000111000010110110001011100001011011100111001101101011001011000100110001100110110011100010100011110001010101101000011111111000011000000000100011111111100010110101101011011100110110001010000100001010000001,True,True,False,True,28,0.03539919853210449,0.01996922492980957,0.014653921127319336,0.0007603168487548828
WhatsApp Image 2025-05-29 at 21.39.58 (1).jpeg,1001010001010010110111110001000000100001001011111001000111001011011011001111101100000100101111100010011101000000111100010010111011110100110000001101100001011011001101010000100101101000100011101000100101111111010001101110011110101001100001111111111101000101,1001010001010010110111110001000000100001001011111001000111001011011011001111101100000100101111100010011101000000111100010010111011110100110000001101100001011011001101010000100101101000100011101000100101111111010001101110001110101001101001111111111101000101,True,True,True,True,2,0.03875899314880371,0.023778915405273438,0.014632940292358398,0.00033092498779296875
WhatsApp Image 2025-05-29 at 21.36.12.jpeg,1001011011110000110100100001111011111101101101101010110110110001000010010010111100101000001110010110001001101001110111100110001011011011100011100101000110000110010100011011111011001000001110111100011001110000011001100100000000111101110010001011000111001110,100101101111000011010010000111101111110110110110101011011011000100001001001011110010100000111001011000100110100111011110011000101101101110001110010100011000011001010001101111101100100000111011110001100111000001100110010000000011,True,True,True,False,0,0.03398871421813965,0.01855778694152832,0.014627456665039062,0.0007891654968261719
WhatsApp Image 2025-05-29 at 21.37.34 (1).jpeg,1110011001000111000010110111111010011001101111001101010100011000011101101110101100000010111101110101100111000000010011110010101100100110000111110111001100011001000111101110100000001000100111000110000111001010101100111110001110111100001001111010100001000001,1110011001000111000010110111111010011001101111001101010100011000011101101110101100000010111101110101100111000000010011110010101100100110000111110111001100111001000111101110100000001000100111000100000111001010101100111110001110111100001001111010100001000001,True,True,True,True,2,0.035874128341674805,0.019867420196533203,0.015557050704956055,0.0004336833953857422
WhatsApp Image 2025-05-29 at 21.39.06.jpeg,1011111110111101111100000011000011110000000000001100101101011011010010011111111111101101101011001000011111110110110101101000001000000111110000110010010010000011110011000001110110011101100010010000010001101111011101100010110010001000110111011100100001100100,1011111110111101111100000011000011110000000000001100101101011011010010011111111111101101101001001000011111110110110101101000001000000111110000110010010010000011110011000001110110011101100010010000010001101111011101100010110010001000110111011100100001110100,True,True,True,True,2,0.023756980895996094,0.009763956069946289,0.013659477233886719,0.0003178119659423828
WhatsApp Image 2025-05-29 at 21.36.04 (1).jpeg,1001011100110010000110101001100100101010110101000010110101010010001111010110101000111101011001010111110110101001111111001010010111010101001101011101010010100010100101001011010111010010101100101001101011110100100100100011000110011011100011001000001101010100,1001011100100010000110101001100100101010110101000010110101010010001111010110101000111101011001010111110110101001111111001010010111010101001101011101010010100010100101001011010111010010101100101001101011110100100100110011000110011011100011001000001101010100,True,True,True,True,2,0.0324249267578125,0.016224384307861328,0.015846729278564453,0.0003376007080078125
WhatsApp Image 2025-05-29 at 21.34.32 (1).jpeg,1000100100101010110000011010001000010110110001011011111001011101110101000111100111101100000101111110101101010110011000010111101010001101101111101110100101100001001111000001101110000010101111010011001111100100100001110000001001110011001001100100010011111000,1000100100101010110000011010001000010110110001011011111001011101110101000111100111101100000101111110101101010110011000010111101010001101101111101110100101100001001111000001101110000010101111010011001111100100100001110000001001110011001001100100010111110000,True,True,True,True,2,0.030969858169555664,0.015656471252441406,0.01491546630859375,0.00038170814514160156
WhatsApp Image 2025-05-29 at 21.34.24 (1).jpeg,1001000110010101010111111110001001101000000111110110110101011100001111000010110001100100101111010011001111010001001100100111001001110010110010100011001101101001001100110011010110110011110001001100101100101100011001000011010011000011101100001101101100110011,1001000110010101010111111110001001101000000111110110110101111100001111000010110001100100101111010011001111010001001100100111001001110010110010100011001101101001001100110010010110110011110001001100101100101100011001100011010011000011101100001001101100110011,True,True,True,True,4,0.032381534576416016,0.01693892478942871,0.014905691146850586,0.0005209445953369141
WhatsApp Image 2025-05-29 at 21.34.30 (1).jpeg,1111101111000110000001000111001111011000001111010010111111000010111000111011000100011000010111111100010111100010001100100001110010001001000010110011100110000101110001100101001011110011001011010001110000010110111000111100101100011111011001011100001110011010,1111101111000110000001000111001111011000001111010010111111000010111000111011000100011000010111111100010111100010001100100001110010001001000010110011100110000101110001100101001011110011001011010001110000010110111000111100101100011111011001011100001110011010,True,True,True,True,0,0.02791571617126465,0.012821674346923828,0.014744997024536133,0.0003330707550048828
WhatsApp Image 2025-05-29 at 21.32.14.jpeg,1001011100101111100100110010111110010011010001100110111011000000101101101010000111000101110011100011001110110100110100100011010100101100111101000011001110011000110100100011100000111100111001100001101010001111110000001101111011100101011010000011000010110101,1001011100101111100100110010111110010011010001100110111011000000101101101010000111000101110011100011001110110100110100100011010100101100111101000011001110011000110100100011100000111100111001100001101010001111110000001101111011100101011010000011000010110101,True,True,True,True,0,0.03339648246765137,0.018226146697998047,0.014729022979736328,0.0004260540008544922
WhatsApp Image 2025-05-29 at 21.39.13.jpeg,1001000110101110000110001011010101101110000001101011010101010010101100011101100101101111011010100110101001001101100011011000010111001000111100100011110110100011101101011010110101100010110111011101101100010010100100100110001000100100110111100100100010011100,1001000110101110000110001011010101101110000001101011010001010010101100011101101101101111011010100110101001001101100011011000010111001000111100100011110110100011101101011010110101100010110111011101101100010010100100100110001000100100110111100100100010011100,True,True,True,True,2,0.0297396183013916,0.01465916633605957,0.014730453491210938,0.0003337860107421875
WhatsApp Image 2025-05-29 at 21.36.37.jpeg,1101011001110011100110001010001111110101101011111110010110001110111001011001110011100111001010001011111110110000000011111110000100001011010000110011100001100001001010000101001100000010010100110100000101101011101010000011011110100000010111101010110110100111,1101011001110011100110000010001111110101101011111110010110001110111001011001110011100111001010001011111110110000000011111111000100001011010000110011100001100001001010000101001100000010010100110100000101101011101010000011011110100000010111101010110110100111,True,True,True,True,2,0.03068852424621582,0.015454292297363281,0.014891624450683594,0.00032639503479003906
WhatsApp Image 2025-05-29 at 21.38.05.jpeg,1100010010010000100001011111100100010010101101100011110110010001110011001011100111100110100000100100001100011010111000011001000011100100100111010110001111011110111000110010111011101101110111000011110111101011111000011100101101100110011010000010000100100011,1100010010010000100001011111100100010010101101100011110110010001110011001011100111100110100000100100001100010010111000011001000011100100100111010110001111011110111000110110111011101101110111000011110111101011111000011100101101100110011010000010000100100011,True,True,True,True,2,0.03288602828979492,0.017781734466552734,0.014759063720703125,0.00032973289489746094
WhatsApp Image 2025-05-29 at 21.32.22.jpeg,1110110101000001100001010101110110011111010100110001111110101000011010000101110001111111110000101010000111101011001000101010110110000110001111011100101001111000110101001100010000111001110101111101100100101011010001111000010001000100011101000110100001011010,1110110101000001100001010101010110011111010100110001111110101000011010000101110001111111110000101010000111101011001000101010110110000110001111011100101001111000110101001100010000111001110101111101100110101011010001111000010001000100011101000110100001011010,True,True,True,True,2,0.03403210639953613,0.018808364868164062,0.014782905578613281,0.00042557716369628906
WhatsApp Image 2025-05-29 at 21.34.36.jpeg,1000001101011001010111001000000010000111110011001110001000011111100011011010011101001001110010000001001001101010110001110011011110111100100111011101100111011000010011011000111010100010010101110110011010110011100111010111001101001000100111000011011001101010,1000001101011001010111001000000010000111110011001111001000011111100011011010011101001001110010000001001001101010110001110011011111111100100111011101100101011000010011010010011010100010010101110110011010110011100111010110001101001000100111000011011001101010,True,True,False,True,7,0.03161001205444336,0.01612997055053711,0.014824628829956055,0.0006396770477294922
