Image Name,Computed Full Hash,Extracted Full Hash,WM Present (Top Left),WM Present (Top Right),WM Present (Bottom Left),WM Present (Bottom Right),Total Hamming Distance,E2E_time,Fingerprinting_time,wm_time,ECC_time
WhatsApp Image 2025-05-29 at 16.33.35 (1).jpeg,1010011111000010111010100101101010011001001011000110010010100110111001000001100111000001101111011100111101000001100011011000100010011001001111111100000011011100100000011111110010010111011011010010111000001011000011100111001010011110010001111001110011010101,1010011111000010111010100101101010011001001011000110010010100111111001000001100111000001101111011100111101000001100011011000100010011001001111111100000010011100100000011111110010010111011011010010111000001011000011100110001110011110010001111001110011010101,True,True,True,True,4,0.03173637390136719,0.016233444213867188,0.015137434005737305,0.0003490447998046875
WhatsApp Image 2025-05-29 at 16.45.57.jpeg,1101000010011011111000000111101111011110010101101011111001000110001000111100010010011001110110110001101100010101000011000101101111010110011100100010011001100001110001111100010110011100001110000100100100110001110111000010100100011010001010011110011101001111,101010100010101011010100011100100000011011101110100011010010011110100110101010011111001110000111110110110100101100011110001110010101110001100111010011000110000100000111100111011101100111101000110100001011110111001101011010110010,False,False,False,False,91,0.035343170166015625,0.018706321716308594,0.015263080596923828,0.0013585090637207031
WhatsApp Image 2025-05-29 at 20.44.57.jpeg,1000010100101011011001001100110010110011111101001101111001001010010011100100110100000100101111010010010011101010111010111101000010011011000100011010010011001110010110000111101000010011011011001100100110001001111001111111000110101110000101110001011001110010,1000011101010000010001101100110110010011000001011111110100110110111011001011010000001011110010110101001101000010111001110010111011111001101100011010011001111100010110001110001100010011001000110010110100011100111011110001011010100100111111011011101010100011,True,False,True,False,109,0.03679013252258301,0.019005775451660156,0.016922473907470703,0.000843048095703125
WhatsApp Image 2025-05-29 at 20.43.36 (1).jpeg,1110110100001101100010110101001101010110001100101000001001110111001100010100110110100101001010111011001000110101110101000111111011010010011101101101000011011000110010101111100011000011011110001100110111000010100010111110100010001111010000011100111100100000,0100110100001101000000100001011100010100011100100011001011010111001010111110100110100101011010110111110101110001110010111100111000111010111111100111010110011100010011000011101110000110011101000101110010010010001111101001100111000100010100000100011000110011,False,False,False,False,88,0.03852486610412598,0.022653818130493164,0.014634847640991211,0.0012161731719970703
WhatsApp Image 2025-05-29 at 16.45.56 (1).jpeg,1001000100010111000011101011101101001110110010000100110001000100111100010011011011110000011110110011100101111101101011110100110011101110110110100000011011110111100010000011111101011100000010000001111100000001111101110000000001111011111000001001000011111000,1001000010000111100011101011101101001110110011000110001001000100111100110011011011110000011110110011100101101101101011000110110011101110000110110010011000110111100000000011111101111110000011100001111100000001110101111000001101111001111000001001000011110000,False,True,True,True,31,0.030353069305419922,0.013811349868774414,0.015952110290527344,0.0005705356597900391
WhatsApp Image 2025-05-29 at 16.41.46 (1).jpeg,1001001110100111111001100000011011010100001111110101101100111110001010101011011101010100111011100010110011001100111111001101110110000111110110001110000010111001110001111101000001110000001100010001111100000000011111000000011100111100011000100001110000100001,010000001000000010101000110100011110101010001000111111011111000010000011110000100000110100101001101110110010111111011000111101100110001111100111000101001101110011101011110111111100001001100100011110011001001000111111000011110000011110101111001111000,False,False,False,False,129,0.021059751510620117,0.00935673713684082,0.010491371154785156,0.0011932849884033203
WhatsApp Image 2025-05-29 at 20.41.53 (1).jpeg,1101010010110100001010110100101101110011100000110001000011110001000011000111111011111111000001011011001110011000110001001010001001101100010011010001101110100111111100010001001001101111110011001001100001101111101100111011000001001101100011100011010001101001,11010001110000010000101011100011111011100101101111000010100111001011100011000011110011111111001001100100111011101011000100000000011001010111111010100001001111001001011110010111001101110111101011011100111010010010100010110,False,True,False,False,109,0.029455184936523438,0.012625455856323242,0.015407800674438477,0.0014035701751708984
WhatsApp Image 2025-05-29 at 20.44.08 (1).jpeg,1111111100010101100100000101000011111000010101001100111100111111100100000000010010100011110111001001011011111111110001111000000000010110100001100100110100111110110011010101111000001001110100000110000100001110110001111000110111011101101110010011100010010011,101010100100111011011110110101000001010111100100101111101111000001010010110001001001010010110010111000010111011101110111100001111111010010010010000100001011010010100101100000110111000000110101100110111111000010111011001000100010101001101001110000010011111000001010010111,False,False,False,False,141,0.024655580520629883,0.01023101806640625,0.01325845718383789,0.0011472702026367188
WhatsApp Image 2025-05-29 at 16.44.34 (1).jpeg,1001010100101110110100110000110001011010110100010110110011110011011010010100011010010010110011100110000100101010110110110001100101100101101011010110010001100111011001110011010111010011110001100110010100110001110011011001100101100100101101101001001100100100,10010101001011101001001101111100000110101101010111101100101100110110000101000110100001111100111001101001000010101101000100011000101001111011010101101110111000010110010000111110100010001010001000100000110010110110001110011111001100101100100101101101000001100100110,True,True,False,True,76,0.029619216918945312,0.013334035873413086,0.015717744827270508,0.0005488395690917969
WhatsApp Image 2025-05-29 at 20.43.26 (1).jpeg,1001001000111001111001010100101010101100100001001001101010011101010110110110001100110100111010110010011111010100111011101110101010111001010011110101001100010101110011000110101010111100111001010011011110011010011010100011001011000001010001011000010000101000,1001011001110001111000011100101010101001100001110100101000111100010100110110000100110001111000110010011101011101111011101110110010111001010001100100001100011001100011000010100010110100111101100110010100011010111110100011111111010010010001001000110110110001,True,True,True,False,56,0.03231453895568848,0.016470909118652344,0.015274286270141602,0.0005524158477783203
WhatsApp Image 2025-05-29 at 16.34.14.jpeg,1111000011110010111100001011011000100010000001000100110001111011000111111101100101011111000010001101001011100110001101111011000010011111001100110011110010001100101110001101100110011110010100100100101001100110010110100100110001001001001011110001011100110011,1110001011110010101100000011111000110010010000000110010100011001000011010101011001100100111101011100100111001111000111111101010010011011001000001011110001010100101000000101101010110010110100011100011010010110000101101001110011001001100101111001111001100011,True,False,False,True,88,0.03360557556152344,0.016716718673706055,0.016026735305786133,0.0008454322814941406
WhatsApp Image 2025-05-29 at 20.41.58 (1).jpeg,1001010001100100111001100011100001001011010011001100100100000111001101011001001011110001001010010011011010110001101101011010110101100101101101010110100100110001011000110011010000101111011010101101110001101000110000001101110000011110110111011111010011010101,100110001010011001110010001000000110101101011101100011011110011100111101110100100100110100101000001101001011100110000100100110010110010100100101010011001110010101001001011001110010100111011010011100010010000000110001110111000011,False,False,True,False,68,0.03249621391296387,0.01586318016052246,0.01543283462524414,0.0011827945709228516
WhatsApp Image 2025-05-29 at 16.43.01 (1).jpeg,1111100110000101011010100000010110000000000100100011101110001101000000010010100101101111100001100110111001111011100111111001000000011111101011101101000101000111101001010111101011000100110011110010110001100001001111101111100001110010010011010011101010011011,1100000110110001001000010110001011010111110100110011100000110100000110100001111100100000110000010111001011110111010000110101101101110000100000001101011111111101110110010010111010010101110011111101100111101100011011001000010101101011001,False,False,False,True,115,0.03784775733947754,0.02011561393737793,0.016512393951416016,0.0012028217315673828
WhatsApp Image 2025-05-29 at 20.44.24 (1).jpeg,1011010001110000000100001110011100110111010010100100001110010011001011110010110111110101001011101001101001100001100110111001111011011111011000011110000100100100000010111110001110011101000011001001100111111010011111110000001111110000011101100010110100000000,1000000101001100001100110100101011001111011100101000101010011101010001101100010010000101001111110011101101000100101000001001001110011101001011101110001010110100011110010111110111100001010110100001011010010100000001,False,False,False,False,102,0.020826101303100586,0.007135152816772461,0.012220144271850586,0.0014557838439941406
WhatsApp Image 2025-05-29 at 16.42.50.jpeg,1101000101101010000010001110010011100110111001000111110101101001100010010010110111001100100101100011110011011011101100000100100111011010001001011000111001100110011001111010011011010011100100110011100110011001001111001000010010011110010111010000111100001101,001001001101100111111010001001010110111110010110101100000000100110001110011001100010001110001011000111001001110111000111001001101000101100010011011110001101101000000000011000011110010000111100110100110000001001111001111101110010101001100010110110100,True,True,False,False,139,0.029644012451171875,0.014893054962158203,0.013885736465454102,0.0008487701416015625
WhatsApp Image 2025-05-29 at 20.44.56.jpeg,1111100001110001110001110000111111010100010111001000011010101011110101011101110001011100111100010000111110001110110100001100001000011100100010100111101010111000000011101011100101100010101100011110100010110011000011100001010111101010001100011100100101010101,1110001111111111010110111101011110011110110101101010110000111110000100000010101000001100101010111110101100101100110110100000001111000010100110000100111001001001110011000110100010101101010011011010101101000101001000011111101010110101101000011100100010000011,False,False,True,False,127,0.02090907096862793,0.007025718688964844,0.012937307357788086,0.0009286403656005859
WhatsApp Image 2025-05-29 at 16.42.18.jpeg,1100011011101111101010101110101010011001000100001101111110011110001001101000111110110100101000011100100011100001011001010100111010101011000111100101101101000000001110111101000010100010010101110101001001010111001011001101000101010100101000001101101010101110,11100110010000111110001101011101111001100000001011011011111111011101001101101010010001000000000001110000011010000100110011111111010001111101011100011011110011111011001110001101101001110001111000010110101010011100010100101100100101111100100001,False,False,False,False,116,0.03220224380493164,0.015960693359375,0.014973163604736328,0.0012509822845458984
WhatsApp Image 2025-05-29 at 16.44.08 (1).jpeg,1001000001001011100110110101101101000111110010110110011111101011101001101100111001110000110011101010001111010100110110011100000100101111101100001001100000100000001001100110000111010001011000111100111111100101000100011010101111001011110100010101000110010001,01000011011110100011100010001110011001100111000011100111110010000101011110001100001100000111110111111111100100001111100101111001101000011111001001101110001010110101011110000001110000010011011001101000001001110001101001001000100110010101110011,False,False,False,False,104,0.050958871841430664,0.0320737361907959,0.01753091812133789,0.0013353824615478516
WhatsApp Image 2025-05-29 at 20.44.13.jpeg,1101010001110111110001011011011010100001010011010110101110010111000110001011010100000000111010110100000110001100110110110001101110001100011100110001010011001100011000001101011101101011001101001111110000110001110101101100011110110001000010100011111001110010,010100110100011111000001110101111010001001101000101010111001011100000000001110001110011000100001110111001001101100010011101111100111011001001111010011110110100001110001001101100111001101111001101001111011000010000001010011000011111100000110101110111010000010101100011000,False,False,False,False,107,0.022270917892456055,0.008326292037963867,0.012823820114135742,0.0011026859283447266
WhatsApp Image 2025-05-29 at 16.33.48.jpeg,1101101001110001101011000111010001010001000000010111001100000001001011101011110011010011111110110010110100011110001010000100100011011010011111010010101010100101011001101000011011011011000000111010110011100101011001111101110011001001010010111000111101001001,1001001100110000101101010011010011011100010010010100101011000001001011101011110011110011111110100010110100001110001010000100100111010011011110010010101010110001011011001000011111011010000000110011010011110101011001111001110011001001110010111000111101001001,True,True,True,True,40,0.033648014068603516,0.017203092575073242,0.01583385467529297,0.0005924701690673828
WhatsApp Image 2025-05-29 at 16.45.18.jpeg,1100011110010000111100010011100100111011000101110111011001000100100010001100110011001100110001000011001100100111111001110011000111001001110011011011100011000100101001000100001001110011111000110110110011001101011101001101110111000110010001100011001001101111,000011010110001011010001110000101101000010110010100001100000010100001000010000010110101000010110101110110010010111100110111110010100010000000011000100000011010100000111110101010111000000000111100000000010001,False,False,False,False,96,0.025804996490478516,0.009561300277709961,0.01471853256225586,0.001508474349975586
WhatsApp Image 2025-05-29 at 20.44.35.jpeg,1000011111111000000111111000000001111100010100010110010001100010011110000000111101100001001010000111000011111110110101001011111101010110111100100110000111111100110100011111111001110110100100101000001011100100100100101111101101100001100000000101101111001000,11000111111110000111101110000001011100000011111001100010011110110001111011101101001110111101000000000001011101100001111101001010001001011000001000110100110001110101110000011010001111100011111000000000110011000000110001101101111100100111010011011000011101001111100,True,False,True,False,113,0.020700454711914062,0.007268667221069336,0.012467384338378906,0.0009481906890869141
WhatsApp Image 2025-05-29 at 16.41.46.jpeg,1011101001110001101000001011011101000100111011100110101101010111001110010001010110010100011010110100111010001110011000110101010000111000001101111001110000001011010011001110100001000111010101101011001100110011100110001010101101001100111001100100011101010101,1011101001101001101000011001011001000101110011100010101001101101101110011001001111010100011010100100111011001100001000111101011010111001101011111101110000010001011010101111100010100111010001100001001100100011010010000001100111100110001010111000011101100101,True,True,True,False,64,0.027475833892822266,0.011974573135375977,0.014842510223388672,0.0006415843963623047
WhatsApp Image 2025-05-29 at 16.36.58.jpeg,1111010111111111110000101000000000001101000000000011111111111111011000001000000011000001001010011001101111110111001011000100000001110001111111101101101000000111100011000000000010111111111111100111000101101111110001000100001111010010100110011010110100101100,10011000001000010100000011100101100000110000001010010010101000000010000010110011010100001101010011101101011000100011011010100111010111000000010000011110110000001001010100010000100011000001000101111100010000110101000011010111001011100011110100,False,False,False,False,121,0.024887561798095703,0.008900880813598633,0.014704704284667969,0.001264810562133789
WhatsApp Image 2025-05-29 at 20.42.00 (1).jpeg,1100110001100010110001000110000011110001110100000111000111110001011110011000000111111110001000001111111100110011101001110001100001111111100000110011101111100011100011001100011001000110011001111000100110011100010000100000111110011001000111110000011011001111,1100110001100010110001000110000011110001110100000111000111110001011110011000000111111110001000001111111100110001111011110001100001111111100000110011101111100011100111001100011001000110011000111000100110011100010000100000111010011001000111111010010001001111,True,True,True,True,10,0.03432750701904297,0.01846003532409668,0.015334844589233398,0.0005168914794921875
WhatsApp Image 2025-05-29 at 20.44.53.jpeg,1111101010000010101000010111110111110000011110001001011111001010111000001011010101011101101010001000011001010100100111101010010100100001110100000111110010100111100001100100101100011100111100101010000101100111011101001101101010000110010001101100111001101110,1110101000001111101101011010100011110000011110001001001011000001100001011100011001111000100101011000011100001001110110100111001010010101100000110110100111000011100101100010011111001011011011010001110011000011011000010110111101110110110011011000101101100110,True,True,True,True,108,0.022578001022338867,0.008750438690185547,0.013465166091918945,0.0003447532653808594
WhatsApp Image 2025-05-29 at 16.44.02.jpeg,1010001000111011110111011100110111011111110000000011001000110010000101010011110100101011110010101110101011110011100101010000110111111010100100000010101011110000000101010010111001100000101000010110101111001000111101000101011010101001101000011001110111101000,10101001111101001011000110001100110001011011100101011110011010101100100010101010011110101101001110110001110111001100010100101010011110100000010000100101111111100101010000101011011110100101010010011000110101010011000100001010101011000101101001011011001110100101000,False,True,False,True,122,0.034363746643066406,0.017775774002075195,0.015794754028320312,0.0007746219635009766
WhatsApp Image 2025-05-29 at 16.42.12.jpeg,1110111111101011011001100000110011001000111101111001000111010111001001110000010011011011011110001001001010111100011001001011001011011010000000111010000000110100101101111111100001011001010010111101101111010000111001011001000010001101001010011001001010000101,10010101101010111111010010010111010011010101011010011111110110000000111101101000110000110011000011011011001011010010110011011001001010011011000011001010010001101010110100101000111001101011000011110001100101001111010111011101011001110011101101001010001101101000000,False,True,False,True,115,0.05042576789855957,0.03156304359436035,0.017992734909057617,0.0008521080017089844
WhatsApp Image 2025-05-29 at 16.34.15 (1).jpeg,1100100001110101101100111101110110110111010011010011011001000101101001001101101100011001101110011010110111110110110110110010110101100000011010010100001001011001010001011111010000010001111000010000000001001010100110001011101001110111011000001011100110011100,1000100001000001101100111000100010100111011111110010010000110111101001001101101101011001001100011010111111110010010010111110110001100101011010010100001001111011010001010010010000010111111001010001000101001010100110001011001001010101011001101000100110111100,False,True,True,True,48,0.034810781478881836,0.018677711486816406,0.015329599380493164,0.0007853507995605469
WhatsApp Image 2025-05-29 at 16.42.59 (1).jpeg,1100100100010111001001010110101000110110110010100011101100100010001101000011010100111011000110111100000100111101110101001001101111001101010010011001010011010111110100101100100111111110101111010000000011111001111011011000000111000000011011100100100110110000,1010011111011001000110011010011011010011001100011000011010011101000000011000011000010010100000101100001011010110000001100111111010011010000000011111011001100101000100110001110111011001000111110011110101101110100011,False,False,False,False,116,0.03403472900390625,0.01762843132019043,0.014900684356689453,0.0014903545379638672
WhatsApp Image 2025-05-29 at 16.45.04 (1).jpeg,1001001001011011100000000111001101101001101001100111110000101100001111100000110110011111000111000100101100010010001001111101001000010000110101011111100011100110111011000011001101000111000010011111101100001101101110011100010001110100111100100001111000111101,1001001001011011100000000111001101101001101001100111110000101100001111110000110110011111000111100100101101010010001001111101001000010000110100011111100011100110111011000011001001000111000110011111101100001101101110011100010001110100111100000001110000111101,True,True,True,True,8,0.03214144706726074,0.01659393310546875,0.015001535415649414,0.0005288124084472656
WhatsApp Image 2025-05-29 at 20.44.08.jpeg,1100101110100010001110000001110011001100011100010100011111000110001101111001110010001100011000110011000101010101100011001101111000110011011100101100110010001100001111001110001111000001100111000000111101001110011000011011100100011010111010000110111011111101,0110101101011010110000000100000001101010001100101010101001010100100001000111011000110100000000100000010011101100101111110100110111010111100000001001101110010000010011110000101001001001111001100011110011001110111100111110010011001001000,False,False,False,False,121,0.025133609771728516,0.010796070098876953,0.013037443161010742,0.001283407211303711
WhatsApp Image 2025-05-29 at 20.44.50.jpeg,1100001101101110000011111101110101111101101001100000101010000111011101001010101000101101101010111001001101001010011111000101001000010100010001000111000001110101100100111110000101111011011001011011010001000010001100110110011111110001111000100001001100010111,110111110100001100001110100100110110100000000000010010101010110110110100101101100111000010101010101111110101101011110011110100100010110111011101000101101101111111100110101000000101001101010111100000100110011111011100001101000110,True,True,False,True,92,0.02162623405456543,0.00791478157043457,0.012791633605957031,0.0009043216705322266
WhatsApp Image 2025-05-29 at 16.44.30.jpeg,1000111111010010111010111111000010001011110000000011010010001000011001111010100100011101101011010111100110110101110010110101011111111000010101100100011001010010100110000100101000010001110010110001111000111101000110001110010111100111000101111110010001100000,100101011100000011011111110101111101100101111001001101111010111000001101000101100001000101000000001000111011101010011000011010011101101101110100101001011100000011001111000101100101111100000001100000001111101100100010011000101000110110001101101110110,False,False,False,False,122,0.03406977653503418,0.017208337783813477,0.01568007469177246,0.0011646747589111328
WhatsApp Image 2025-05-29 at 20.43.14.jpeg,1100000001011010111101110100110100011001111101100110010010000101010111110110010110100000001100101011110110001001100000100111111010111100000000011111111111011010010110000001111101000001111000000010100110111101110000101001011011111010000010101101100010001101,1100000001011010111101110100110100011001111101100110010010000101010111110110010110100000001100101011111110001001100000100111111010011100000000100111111111011010000110000001111101000011111000000010100110111101110000101001011011111010000010101111100010001101,True,True,True,True,8,0.033136844635009766,0.017974853515625,0.014677762985229492,0.0004680156707763672
WhatsApp Image 2025-05-29 at 16.33.33.jpeg,1000110000011010101100100101101010011011001011001100100100101101110010010010010111001101100100101100011011010010101001101001100011100110010011010110001101101101111000110110010101110011101001100111001100010110101100011001101000110001100110011111100011001001,011011010100101000011010011000101110111100110010101000100010101010111010000110001111000101110110000110001000010101001001011101110101001000001110100110111111010010100000111111000111101100101001111100110111100010001111101000000010000011110100100110001001001011110100101110,True,False,False,False,129,0.031774282455444336,0.01563262939453125,0.015066862106323242,0.0010585784912109375
WhatsApp Image 2025-05-29 at 20.43.05.jpeg,1110011001001110000011110011100000111001100101011111010100011000011101101110101100000010110001100100110101100001010011011010101100100110000111110011001100011111010011001110110000001100111101000000000111011010101110100110001110110110101001101110100110001001,1110011001000111000010110111111010011001101111001101010100011000011101101110101100000010111101110101100111000000010011110010101101110110011111110111001000111001100101101010100001011000110111000100000111001010101100111110001110111100001001111010100001000001,True,True,False,True,57,0.03425955772399902,0.018361330032348633,0.015208959579467773,0.0006735324859619141
WhatsApp Image 2025-05-29 at 16.44.36 (1).jpeg,1000010000011100110111110000000011110001111001111111000111111001001101000110000000101100001111000110111111011000000011010000010110001001000001110000100101110111111010110111000101101110011110011111111000010110100000100000111011111000110100110111110010010001,1100011010011000110111010000010111110001011001111111001011111010001101010110000000101110001110100110111111010100000011010000000010001001010001110000100101110101111010110111000010101110011110011101101000010011101000000100011011111100110110010110010100010001,True,True,True,False,40,0.03647303581237793,0.019774436950683594,0.01601552963256836,0.0006661415100097656
WhatsApp Image 2025-05-29 at 16.34.22 (1).jpeg,1000010110111000110000001010100010111100110011110100100000000101111110001100001011000001010010011011111011100110100101001100111101101111010101011100110010111000101000111010100001001100001001101000100110100110001101101010011110011001111111000101111110010101,1000010110101000010000001011100010111100110011110100000100100101111110001101001011000001010010011111111011110010100101001100111101101111010100101101010010111100101010011010000001011110001001101010100100110101001011100001111010011111111000000000011110010001,True,True,True,False,42,0.03621721267700195,0.0203704833984375,0.015136957168579102,0.0006933212280273438
WhatsApp Image 2025-05-29 at 20.43.10 (1).jpeg,1110101111010101101101100101101111001111100101100001100110101011100011000111001100110100000100011010010000000000101100001101110100110111011011111010001100110000100010110011000110000100100000101010100111100001011001111111010011001010100111101100101001110110,1110101011010101101101100101101111111111100101100001100110101001100011000111001100110100000100110010010000000000111100101111100100110111011010111010000110010110100000110011000111000100000000101010100111100001011100111111010011100010100011101110111001110000,True,True,True,True,28,0.03439807891845703,0.017360210418701172,0.016511201858520508,0.0005099773406982422
WhatsApp Image 2025-05-29 at 20.44.03.jpeg,1100111001111101011111011011101111110000110001001011011101111001010110001001010010001000001100101011011100011101111100111111000100111000010011000000110100010001100101101100111010000000001000010100111100011101001100101100000001111010000001110110110111110010,1110111101011011011110000001101010010010011010101101100001000100011000001000000011000011100000100001111011000001101010001100101110101110000101111010000000011111011010100101110101100001000111111011100000111111010010,False,False,False,False,108,0.03379178047180176,0.017231464385986328,0.015054464340209961,0.0014896392822265625
WhatsApp Image 2025-05-29 at 20.43.11 (1).jpeg,1110110010101101110000100101001010010101110110110001101110100110111100110101010010000101010010100110010010011001010011001101011010011011110010101001001100001001100110100111001110000011110001101111111100001100000000000111110100100001111100101111111100000011,1110110110101101110100100101001010010101010110110001111010100110111110110101010010010101010110110110001010110111010011100101011011011001001010011010000101111001001100111100001111111011110100100000011100100101000011000110010110110001110100101100001110000010,True,True,False,True,64,0.03654289245605469,0.01846933364868164,0.017355918884277344,0.0007004737854003906
WhatsApp Image 2025-05-29 at 16.45.10.jpeg,1100110101111100000110011001100101100111001000110110011001001100001001100101110111011000101100010110101101100110000001010110111010010011100111011111101100110010000010011001101100100101001001011111110011001101000000110100101001101001001001101111001100110100,10010100001011011011111100010110001110010101111111110110111000100010101010010111001000100101111101111110100000000010110111101110000001001101100011001010101100101110110001001001000111101010000011110100,False,False,False,False,92,0.02569270133972168,0.010303735733032227,0.013795614242553711,0.0015766620635986328
WhatsApp Image 2025-05-29 at 16.36.51.jpeg,1100010000110100111101011001000000111101100000000010010110000000001011010000001010011110011101000001111011010010000101100011110110011010101101110001100011111111011000001010111110000011111111111001000110101100111001111010100111100101101010011111010110101000,1100010000010100111101001001000001100101100000000011010110000000001111011000000010011110011101000001111011010010000111100011010110011010100001110000000011101111011000001110111110100111111111101100000110101101111001111010100100100101101011011111010110101001,True,True,False,True,27,0.03502798080444336,0.017917156219482422,0.016452312469482422,0.0006411075592041016
WhatsApp Image 2025-05-29 at 16.42.19 (1).jpeg,1100110010000001001011101000010101001000010001111001011100001111011000000101101110011001010111110111010011111011110110011101111000111000110110001100011000000111001000101101100011111110001001010000000111111101111101110010011000001001100110011111010001100000,011000110011001010110000010101000001111011110111110110111010100110011100000010110110001000001111100100110000011101000110011011000010111001110110011100100011100011111101011100000011011110101100100010001100110000000011111010000111,False,True,False,False,127,0.0375974178314209,0.019595623016357422,0.01658916473388672,0.0013957023620605469
WhatsApp Image 2025-05-29 at 20.43.37.jpeg,1111100011010101001100000111000101101011010000101000011111000010001001011000111010011010100010110011011000011110100010100010110110000111010110101101100011010110100011100110100100111101110101100011010001100101001100011101101011010011011000101100111100111010,1100000001000011110001000100000011000001001011110001101011100111111000111001101010101111010101101101101010101111110001100100000000101000000010110011000011111001000011110000110011010011001010111110110010110000110010100110011110011101101,False,False,False,False,130,0.025712251663208008,0.010776519775390625,0.013593435287475586,0.0013248920440673828
WhatsApp Image 2025-05-29 at 16.44.40 (1).jpeg,1001010111100001110010110001101000001111001001011100010011101110111110010001100001000010111100011110100001011110000000010000000011101110011111110001110001100111011001111001110011011100111001100111100100011100001010011100101011001110011000011010001110001110,1101110111100001110010101001011010100110001000001111110001101010100110100001100101001000100111000010110111100001000101000101000111111110111111010000000110010000111101100100101000011100011011110110011110011100110111001110011000111001000010000000101111000011,False,False,True,True,105,0.032419443130493164,0.016381502151489258,0.015122413635253906,0.0008990764617919922
WhatsApp Image 2025-05-29 at 16.45.14 (1).jpeg,1001111101010110100110011011010101011000101101000010011010001001101001100010110101001001001101001001101011001011100100101000100101100111010010010111011011011010011100100110111000110011011001111001100111000110110010011000110000011000110110110111001101001010,1000100110110101011010011101011101010000101000001100011110000111101001100010110100001001001111101111101011111010110100001000100110010011010100010100101001011001011011100011011000110000101001111001100111001100110110011000010000011000110110110110001101111010,False,True,False,True,66,0.032654762268066406,0.016727209091186523,0.015106916427612305,0.0008034706115722656
WhatsApp Image 2025-05-29 at 16.45.11.jpeg,1000110011100100110111100111000111011010011100011010011001001001001110110101011000111001110011001001001100111001111110110011011000001100110011011100100110011001101101111001011001011001001000000110001011001100100110011010001101011100100000010110001011110010,1000110011100100110111100011000111011010001100011010011001001001001110110101011000111001110011001001001100111001101110110011011000001100110011011100100110011001101101101101011001011001001000000110001111000100101110010110011001011100110000010110001111010011,True,True,True,True,16,0.03202986717224121,0.016572237014770508,0.0149688720703125,0.0004718303680419922
WhatsApp Image 2025-05-29 at 16.36.50.jpeg,1100101001101101100010110110110100111001000111011010000110010100001001100100011010110100011100111001011100000001100111011001111010010100110100011011011000011011001100101010111010010100101000111001011010111011100101101000100110110000101011011010011010110101,11010000111111101001110001100111101101110011101110111001110111000011100000010100011101000011111010100000100011100100000010110101010110101100111111001100001110110111011100101110101000101100000111001111100001110111111001110010100101001111010100110111001000011010110111110110110001001001,False,False,False,True,113,0.024657011032104492,0.010079145431518555,0.013678789138793945,0.0008814334869384766
WhatsApp Image 2025-05-29 at 16.45.53 (1).jpeg,1101110100001001100110100110001000011011110100010010100110101100100001001110000111100011110100001110001111101000010001010001010011111011100011000011110001100001000111101010101000010001111101110011100011110011110010011110110111110010100101001001110000111110,1101100100110011100011101110001000011110110011010001100110100100100001001110000111100011110110001110001111101000010001110100010011110001100011000011110001100001000111101010101000010001110100111011100011110011111010011110110011110010100101001001110000111010,True,True,True,True,28,0.0317230224609375,0.01677703857421875,0.014369010925292969,0.0005605220794677734
WhatsApp Image 2025-05-29 at 20.44.02.jpeg,1000111001011110110101001010110100101011110100000100001011110001011101010100111011011011000101111001110100111111100011100000000001100000111000000101111010011011110000111001010100110100011011010110111100001010011110011001010010011110100110011000010101100010,01000001010111010000101000010110111010101100101011011100100100111000010010101000001010010011111100011011110110100101000111010110010000010011011011010000011101100111100110100101110000001101110110111010110011101110100100111,False,False,False,False,116,0.03158259391784668,0.0156857967376709,0.014472246170043945,0.0014085769653320312
WhatsApp Image 2025-05-29 at 20.43.38.jpeg,1000011111100000111111111111110000001100000110011110111011100110001100001111111111110001000000010111001101100111110001000000000110111000100000111111100000000011101100100100010001010011001110101101010000011001001111001100111110111000111001000010011100111100,1000011111100000111111111111111000001100000110011110111011100110001100001101111111110001000000010111011001100111110001000000000010111000101011111111000000011110001100110110010001110011001110101100010000011001011111001000111110111000111001010010001100111000,True,True,False,True,23,0.03634524345397949,0.020807743072509766,0.014709234237670898,0.0008118152618408203
WhatsApp Image 2025-05-29 at 16.34.24.jpeg,1111110001101111010010110110001000000011011000110011110010111011111100011000110000000111010010010101110101100101101100101001110010111001101110000001010111000111010010110000111010011010001101001100111000111100001110011110001000001111000110110011010010100100,1011110001101011010110110110010100000011011000111011110010111011111100011100110001000110000011010100100001100100101101001001110011111001100110000001000111000111010010110001111010111010001100001110011100111100011100011010001001001111100100110010100011000111,True,True,True,False,40,0.03121352195739746,0.01560211181640625,0.01497507095336914,0.0006194114685058594
WhatsApp Image 2025-05-29 at 16.45.07 (1).jpeg,1100110011011001001100110011001111100110011001100000110011011000100110010011001100100111111001001100010011001101010000111000011011110010001100110011100011101100100110011001011000111011001100111001100011011100100011001100100111110011001100110011001110001100,1010100100101111101000110110001101000110011000111001000101010010111001010110000100010001001010111100011001000001110100111000111111010001100010010000111100100010100001011011001111100110000001010110110000000100100000100011110111010110101,False,False,False,False,107,0.03710746765136719,0.020334720611572266,0.015448570251464844,0.0013079643249511719
WhatsApp Image 2025-05-29 at 16.42.52 (1).jpeg,1100000000110110001110000110110000011111010110111100001100111111001111000000111011000111001000110000110111000111001111001100000101001111001110001011000010011110011110001110001010000001011110010011001001111110111100010011101100111000000001100011111110011100,00000110111010001010001110101110100101000000111101010010101000111010100101111000111100011010101001011000100110111000100011010010110001001001111010111000010110011011001111110100001001111111100000101110111000000001011011011,False,False,False,False,108,0.031304359436035156,0.01621246337890625,0.013676166534423828,0.0013997554779052734
WhatsApp Image 2025-05-29 at 20.44.23.jpeg,1000001110010101011011000101010101101101010100000000001110001010100111000010111010110101101111111111000101001111110100101010011000010110010000110010110111010111000001011111000101001100001000111011111101100011101100100001010111110011100100001100110010110100,1000001011010110001010100001111010111001010100000000111110001111110101110110111011101010111111010000010111110001001000110010101000000111111000000100000110001110011110110100100000100000110110000,False,False,False,False,88,0.02138829231262207,0.007737398147583008,0.012036800384521484,0.001600027084350586
WhatsApp Image 2025-05-29 at 16.44.12 (1).jpeg,1000010101010100111000000110100001000011010001110011110001111011100101010111110011000110110001100111010100001011000111100111010011001101011100011111001010001110000110010000001100010110011110001110101110011110101101001100011101011011001100010000110111011100,1000010101010100111000000100100001000011010001110011110001111011100101010111110011000110110101100111010100011011000111100101110011001101011110101111001010001000000110110100001100010100011110001110101110011101101101001100011101011011001100010000110111011100,True,True,False,True,15,0.031199932098388672,0.01556086540222168,0.01481771469116211,0.000804901123046875
WhatsApp Image 2025-05-29 at 16.36.54 (1).jpeg,1100100010101010100111000011101100011000001011100110010000010101110011000101010111000010011101010101001011110110110000101010101111011000100000101011100100001011110110010100100111100001110010110000001111010111111001001101101001101001100101011111011100110101,01011101100110011001100101100010101001100110010010110000011110010011001001111011011011111000010010010001001001101110110110011100000000000101111000011111001101110111000001010111101110010100111010110010000010011101110000110100010000110000100110,False,True,False,False,127,0.030301809310913086,0.014081954956054688,0.014998197555541992,0.0012056827545166016
WhatsApp Image 2025-05-29 at 16.44.03.jpeg,1110101001010011001001010101001010111101011010111011110010011100001000011111011100110000111010010011110000011010001100110000010101100011100010011001101000011010011010111010110111000010110011100100011000001111110010011010110111100101110001010000111001100101,100000100011001000000111000011000000100000101101100001101101101011101110000000101001001001100000101010100000001110101001011110100000100010011011101111110101101111011011000001110011000100011001110100100110001110011001110110111001011110110101010000001101111100101011010100,False,False,False,False,125,0.029226064682006836,0.014927387237548828,0.01331186294555664,0.0009701251983642578
WhatsApp Image 2025-05-29 at 20.43.01 (1).jpeg,1100011101000100101110000101011110110000000111110000111111110000000101101001010111010000000111110011010111110111110001010100011100111100001101100000000101010111001011010000101111101011111010000011111011001101110100000000111110001111111010001100000101100000,11000000000001011011100001010101101110101101111101000010110111110001010011010111100101011001011100110101000101111100010101010111001001010110110100000001001101110110101011011010110110010100101000000110011111110001101111101001010110110000001100010111000000000001111,True,True,False,True,89,0.028625011444091797,0.013007164001464844,0.01495814323425293,0.0006430149078369141
WhatsApp Image 2025-05-29 at 16.45.50.jpeg,1000000001010000000110011001101110001111000001110100011101100010111101000011110000111011110011011001110111000110011010001011000100000010011100111101010001100111001010111011011111010111000010010100110110011000001011001101011011010001011011110010101011001111,101001000001101000110010110011011001101101101100000100101110111011101011100101000010110110010000100100101101101100101101001001001101000100100110110111101101101101100001001001001001001111001001011011000100010110010010001001101100,False,False,True,False,104,0.032750606536865234,0.016680479049682617,0.014829158782958984,0.0012249946594238281
WhatsApp Image 2025-05-29 at 16.36.45 (1).jpeg,1001111010110001010100101010110110010101010110100100110010001101010101001100011010100101010100100101100011100111111000010011100100111001000100111101111011011000001001110100111101100110011001011110000010001100001011010110011011010010001001110011001100111101,11100010111000101000110000111010111001010011001000111001111000011111000110010100001111000111101001010100110010110111010101110100101110010101101111110001000111101010100110101111011011001011111001111001110111111100111011010110110010101011100000001111111101011110011,False,False,False,False,118,0.029677391052246094,0.013914108276367188,0.014650583267211914,0.0010957717895507812
WhatsApp Image 2025-05-29 at 16.45.59.jpeg,1011111111101011111010000111101010101000011110101011000100011011011110000001110111101110011000100010100101011011001000000101110000111011001000110110101010100011100001111101000010111011100011011000000001100101100111101101000010011111100000111001000010100100,1011111110001011111010000111111010101000011110101011000100000000011010000001110110101111111000101110100101001011011100000101100010011111101000110110100011101111110001000111001010111011100000011000011011100000100111101101011010001111100000111101000010000000,True,True,False,True,44,0.03455829620361328,0.0192258358001709,0.014701128005981445,0.0006155967712402344
WhatsApp Image 2025-05-29 at 20.43.06 (1).jpeg,1101010110010010100110010110101000101110110101001101011000100001111110110001011000100101010110111101001011101100001011000100011010011011110000011110100010010100010101110110101111010000101010100010010001010101100000111100111001111000111101011001111100001010,1101010110010001100010010010101100101110110101001101011100100101100010110101000110011100101101000001010011100000011111010101001010010111101000011110100010110100010101110110101111000000101010000010010000010101100000111101101001111000111101111001111100001010,True,False,True,True,48,0.029714345932006836,0.014219999313354492,0.014930486679077148,0.0005462169647216797
WhatsApp Image 2025-05-29 at 16.36.44.jpeg,1011011101110101111100011010111000101110001000011101000111010100010001100010011010111011110100011100111010110011001101010000101111001010010101100011010000101001110010011101111000101110001100010101010000001010001010111111110010110001100001000100110010111010,0111101001000010000011100011010011101101000101111111100111011101010011001101101110100111001011000001111011000011000011010001110001100001111011101011110110110100100011011001100010001110100010100,False,False,False,False,96,0.03439497947692871,0.01819467544555664,0.014572858810424805,0.001613616943359375
WhatsApp Image 2025-05-29 at 16.33.45.jpeg,1111010101000110111011110000011011101111101000101101001001110110100110010100101101110001101010000111001010010000110010110001001110010111101100011001000111100100001111000000110100101011000001011101111010100010101101100011011101100001101111000000110111001000,00101001000000001100110001000111011000100000110000000011111000011011001101101111000011010011010010000101001010101000101111111101001001100100000111010111110001001100110000000100001011111101101010101100110010001010011101110111111001000011001010000111101111010000011,False,False,False,False,116,0.03335094451904297,0.017108440399169922,0.015100717544555664,0.0011248588562011719
WhatsApp Image 2025-05-29 at 16.34.12.jpeg,1001011101100011101001011001111000011010110011110110101110110100011001011001010010010010011001110100101101111000001100011100100110100110100111100110110001110000011010101110011010010010010110000010100111111001011011001001010011011010000100110110001101100100,1001011101100011101001001101111100011010110111100110101110110101001001011000010111010110011001000001101001101001001100011000100110111100100110100110110001110010011011101110010010010010110110100010000111111000011011001001010011011010000001110011001101100100,True,True,True,True,34,0.030287504196166992,0.015560150146484375,0.014319896697998047,0.00039076805114746094
WhatsApp Image 2025-05-29 at 16.41.36 (1).jpeg,1100010001111001110010100001100111001100011000101110011001110001110111111100010011100100001100001100111111001100110011001110111011001010101000011100010111100010110011001110011111001110000000101101010010001100110010010100001111000110100111011100100100001110,110001000111100111101010000110011001110001100010111001100110000111001111110101001110110000110000110011111100010011001100111011101100011010000100010001011110011011001000110111011100011000000010000010111010001100010001111100001000011110001101001011111011001110011100000011,True,True,False,False,56,0.03652453422546387,0.021013498306274414,0.014829397201538086,0.0006647109985351562
WhatsApp Image 2025-05-29 at 16.42.13 (1).jpeg,1110000011000101000111110011101000111011111011111100001001001010101011100001000110111101110101000100011000100011100000100100101011111001100001000111111101110101100000000000100110110000101011000111111111111010110011100101100110000000010001000111011110110110,11100000110001000001111100111010001110111111111111000000010000101010111000010101101111011011110001000110001000111000101011001010011110010000110001111111011100010001000011000011101000101011010100000110100011100111010110010001100000110000000010101000111011100110110,True,True,False,True,57,0.02901172637939453,0.01365971565246582,0.014847040176391602,0.00048828125
WhatsApp Image 2025-05-29 at 20.41.59 (1).jpeg,1100011111111000011000111011000000011100000001110011110000000111110000100111110000111100011001110011100000000111110000110011100011100011111100000101111100100010110000111001100011100011111000000001111100000111101110011110011101001011111001101001110001000111,110001111111100001100011101110000011110000000111001111000100011110110001110111101100101101011100111111100011111100000100111010100010110000111001110001100011111000010011000110100011100101000001011001001010110011111001111101110111,True,False,True,False,84,0.028994321823120117,0.013163089752197266,0.014865875244140625,0.0009496212005615234
WhatsApp Image 2025-05-29 at 16.45.16.jpeg,1101011101110100000010001000111000010111011100001110100010000110000100101110110110000111111101110111100010001101100101110111000001101000100011111001011101110000111010001000111100010110011100001110100110010110000100100110110111101101111100100101100000001101,001001101010011001001000101111101111111000011100001001100001010110001010110010110000001010011000100001001100001111111110000000100010011010001001111010010100000100110010011001010110000011101000010000111110110,False,False,False,False,105,0.035832881927490234,0.01847696304321289,0.0158083438873291,0.0015323162078857422
WhatsApp Image 2025-05-29 at 20.42.35 (1).jpeg,1100000000011110110000001110110110100111110010011011100101100110100001111101001101100100100110001001110011000111101110010001101001100110011100001100011001000111001110011011100110010011111000101100110000010100010100101100111111111011001010001001001001110110,1100001000111101100011001111100011100111100010010101001001110110100000111111101101101101111110000001010000100111101110010000100100100110011100001010011010000111001110011011100110110011111000101100110000010100000110001100111101111011001010011001001001110111,False,False,True,True,46,0.02997756004333496,0.014111042022705078,0.015116214752197266,0.0007321834564208984
WhatsApp Image 2025-05-29 at 16.34.18.jpeg,1001111010101110110111001010110111000001010010010010000100010001101001010101011100110111110101100101101011000111010111001010010101010100101010010010010100111011101000010111101010001011010101101100101111010110011000100000010101110100101001010101010010101011,1011110011100110100111000100010111000011010100010110001100110001000000111001011100100111010011110001110011101111100111001010010101100100001100110110000000011011010000011011110011011011101011001100101111000110001001110100001001100110000000110101100011111111,True,False,True,True,77,0.024999141693115234,0.01028585433959961,0.014159917831420898,0.0005366802215576172
WhatsApp Image 2025-05-29 at 16.44.41 (1).jpeg,1100000001110001011110011101010100111100010111000111110000110010111010011110001100100110111111011001011010100111111000011000011000010100000110101100110010000010001010010010010101111110011110000010111111110110001100110011110101011010100110001000110000001110,11000000000010100111110010111010001111100001001101111111000011100001010011011101011000111111010110010100101100010011111000100010000100110100010011001010111110011111011100110100111101010010010101011110,True,False,True,False,93,0.04082942008972168,0.023031949996948242,0.016553640365600586,0.0012288093566894531
WhatsApp Image 2025-05-29 at 16.44.01 (1).jpeg,1111101110010101110101110110100111100011010111100001111010010000101110010000001000001010110110111110110011100000000001000011101101000010101111101010001101011100110001010010110010101000101000000010100011001101100110101111101010011011001010110110111000101011,0011000000110001101111010100001101101010000100000001111110110001101110000011100000001010100010000010000010100010011111011100110010111000110110010001011100110001010001001000101110010110111111110000011101010010100011,False,False,False,False,103,0.028214454650878906,0.012727022171020508,0.014019012451171875,0.0014529228210449219
WhatsApp Image 2025-05-29 at 20.44.14 (1).jpeg,1011010001111001111100111110000011001001000110001000110001110011011001111000011101101111000011101111001001111100001100100110100100101101101110000011100110110000100111111000001111000100000110111100000001101011100011111110010001100110000001100110011000011110,011101111011000001111010010111101001000100001101001010010101101011010110000101111101100111011100100100010111100111011000011011011100001000011001100010001100101110000110101000011000101010010000010001001111100011101111100000101101,False,False,False,False,105,0.019037246704101562,0.005791902542114258,0.011899471282958984,0.0013310909271240234
WhatsApp Image 2025-05-29 at 20.44.26 (1).jpeg,1111110000111100111010010110100101010110110100101110000110100101000101100101101011111011100001111001011001111000010110110000101010011100011011010000000110111000110110000110000110000101100111100101100011100011001001010001110001110101111001100110101010010010,1111111101111100001000110110100001110011101000110110110111111001010011111001100101101011100110010011000011001001110011100001101010010000110101110011011001010100111100000001,False,False,False,False,71,0.023671388626098633,0.008382558822631836,0.013506650924682617,0.0017688274383544922
WhatsApp Image 2025-05-29 at 16.33.39.jpeg,1001001001011000111110011101011111001001111001110100111010010011111001000110000111100011011111000111101100111110111000110100110111001100000100111110000000110000001100100001110110011100100011101110011100000001000010100110100010010001110101101000001100111011,100100100100100011111001110101111101100111100111010011101001001011100100011100011110001101110100011010110011110011100011010110011101111000010011111111000111100100111110010100000001000001100010110010010001110101100000001111101011,True,True,False,True,47,0.038535356521606445,0.022639751434326172,0.014881134033203125,0.0009982585906982422
WhatsApp Image 2025-05-29 at 20.43.02 (1).jpeg,1001011101010001010110011100100001101001110100000110111100001110000110100101101111010010011100010111111100100100001001010010100100000101100011010010000011010110001110011101011011011010000111101001100001101001101111001100011011001101101110010010011111101110,1001010100110000011011011101100001111011010010010000101100001110010010011001101011000100011100010111001000001000101101010010111010001101101001010010000011010110001110001101111111011110100110101000100110010001100110001100011011001001101010011001011110101110,True,False,True,False,63,0.03140711784362793,0.01546478271484375,0.01510763168334961,0.0008172988891601562
WhatsApp Image 2025-05-29 at 20.43.08 (1).jpeg,1101100101001010011110101000110010001010111111010011100101001010000110101110100011100000011111110110011110000011000001101011010011001110010101101001100010010010001110010110010111011010000011100011000110111001011011000111100110010110100001101110010110000111,11011001010010100111100010001100100010101011110100011111010010100001101011100000011000010111111101100111100000101000011010110100110010000111000010011010110100100011100111100101111110100000111000110010001011110110110001100100101101101010001101100101011001110000110,True,True,False,False,37,0.04213261604309082,0.01452326774597168,0.026438236236572266,0.0011451244354248047
WhatsApp Image 2025-05-29 at 20.42.37 (1).jpeg,1100001100001000100001101100100000011000110011110101110110010100101001111001001001110011011000101111100010100100111011000001110111010111100000010101101010111011011011110001010010101101010111101111011000001010111100111010101111101101000001001010110100000100,110000110100100010000110110110000001111011001110010010011001011010100111100100100111001101100010111110101000011011101100000111001100000001010000100001110110100001101111011000001111110100111010100111101001000100001010110100000110,True,True,False,True,61,0.04136943817138672,0.02452874183654785,0.015896081924438477,0.0009284019470214844
WhatsApp Image 2025-05-29 at 20.44.34.jpeg,1000101000111100110101010110001101100011100000100011100111010001100101010001111000101010101111110000010111000000010111110011100001101010100001111111010100111010010100111111010100001110011001001001110010101011100110000101010001100011001000111111100111001110,1000101000111101110101000111001111010011100001100011100101010001100101010001101000001010101101010000011101000010010111011001100001100010100011111110010101111000010100111111001110001111001101100001010011101001100110000101010101100011001001001111100100110111,True,True,False,False,44,0.03252983093261719,0.01658916473388672,0.01510000228881836,0.0008237361907958984
WhatsApp Image 2025-05-29 at 16.42.10.jpeg,1011110111110010110010111110110110001010110100101011011001000001111110110101001011110101010110011100001001001100001101010001001000111101100110100111010100001011001000000001010100000000001100101000110010101111100111011101111110111000110011111011000000000101,110111000011110010011000111010011001000110000111010011110011100110101000100001001001111101001110011001000101000011010011100001010010110000110000101010011100011010100011100111001101001000110001011100101110101011000001110011000010,True,False,True,False,112,0.035428524017333984,0.019519329071044922,0.014903783798217773,0.0009891986846923828
WhatsApp Image 2025-05-29 at 20.42.34.jpeg,1010001000011000100001010010010101011001010000000010101010101011101001100001111010010100010111111001100000101001000110111111011101111101000111011011010010001010100000101110110110011111010101001111111100011010111100000111101000010001110101011000111100101110,10010110100101001101010010010100010110001001010100101010100101011111000001110110010101000101011110001000100010100010111011110011100010101111111100101101111010010010110100000001010110110011101001011011111110100011100010100000111011000000001010101111000111100101110,True,False,True,True,112,0.03146171569824219,0.015423059463500977,0.01551508903503418,0.0005064010620117188
WhatsApp Image 2025-05-29 at 16.41.35.jpeg,1100010010000111100001010101010000101110100011101010100001110001111010010100011111011000011001100011011110110001100001101011100110011011100010100100011101011101000000111000001111001011001110111111100111100000000111100011111110000000110110011111000010011101,1101111011000011100001110111010000111110100011100010110000110001111010010100011111011000011001100011011000110001100101101001110110011001100011100100011001011101000000111000001111000011011110111111100111100000000111100011111110001001110100011111000110011101,False,True,True,True,25,0.031760215759277344,0.01657581329345703,0.014577627182006836,0.0005905628204345703
WhatsApp Image 2025-05-29 at 16.41.42.jpeg,1000111100011110000010010011110000001111001111000100110010011001010011000101000001011100110110010101110011011000010110001100111001001001111011100110110101100111010010010110111110011011011000011001011010010001100100100011110110010110101110001001011010111010,1010101100011100000011110011110000001101001101100100100110011000011001101001100111001100110110011101100011000110011100001100111011000110110011111100100100100101010110010110000001000111001011011001111000011001100100100111000100010110101001000001011010011010,True,True,False,False,65,0.028055906295776367,0.012234687805175781,0.015056371688842773,0.0007476806640625
WhatsApp Image 2025-05-29 at 16.45.55 (1).jpeg,1001000010011100110001101100011011111001001010011011110101111100001110110110101100101111110011100000111011011010000000001001101010010010001100110101001000100001011101010000011111011001010001001101110011000100011011011001000000110111110100101011001101110111,1101010011010010101100000101100011111000101100111001010010110001101111100010011010011111110001100010100110011110110100000100010101101011001100100100101101110011110101101001011001101000000011000,False,False,False,False,83,0.030490875244140625,0.014859199523925781,0.014004707336425781,0.0016129016876220703
WhatsApp Image 2025-05-29 at 20.42.36 (1).jpeg,1110010010010011010110001100110111100101100110011101001110111001100110010110011000101100110110101101001010101101111011010101011000010011100110101001111011100101011001010110100101000001101100000010001001001001100110000110010001101100110110001100011001110011,11110100101000110100001011001100111010010101100111010110100110101000100101100110001011001100001111010110100011011110100001110010011010010000100011011000101001111001111011100000110011010101101001111010011001001001011100110011110010001101100110000011101001001110011,False,True,False,True,86,0.03871726989746094,0.022792816162109375,0.015040397644042969,0.0008666515350341797
WhatsApp Image 2025-05-29 at 20.44.31.jpeg,1000111101001110001111011111101011110100101100000110011000000101111100001101000000010110000110111100101101100001110100000100101100011001001111101111100011001101100110011111100101100010010011011101100111001101001001000011111111110010001111001000000001000001,10001111010011100011110101111011101101001000000000100110110000011111000001011000000101101000101111001111001000011101000001001011000000100011001001111101110100011001101100110011111100101100010010011011001100111011001001000000111111111111001011111011000001001100000,False,False,True,False,74,0.025887727737426758,0.011298656463623047,0.013521432876586914,0.001051187515258789
WhatsApp Image 2025-05-29 at 20.44.32.jpeg,1100001011010111001010010010110100111111000000100110011001111100011101001001111101101101111000011111001001010010110110110110101110010010110010010111000100111101100110110000011010010010001101001100100110010010011001001111000010100001110110011101100000110010,1100001011010111001010010010100100111111001000100110010001011000101001101001111101101001111000011111001001010110110010110110101110110110000000010011000100011101000010110010010011010010001100001111100001110010001011101111000011101001100110011101100011110011,False,False,False,False,40,0.03160548210144043,0.011981964111328125,0.01801133155822754,0.0015816688537597656
WhatsApp Image 2025-05-29 at 16.33.41.jpeg,1100100110011101010001100100111011110100111111000010001100100110111101011001100010010110101010010100101001110011100101000010111000101001010111100100010000011111101100110010011011101111100100011001000011100011011110001100101111110000100001000010111001110100,1100100110011101011000100100111011110100101111000010001100100010111111011111100010010000100010010101101001010001100001000010111000101001010110100100010000111111101100110010111011111011100100001001000111100011011111001110100111000010101101010010111001110100,True,True,True,True,30,0.03872227668762207,0.016150474548339844,0.02198624610900879,0.0005652904510498047
WhatsApp Image 2025-05-29 at 16.36.54.jpeg,1011110111100101111000010010111110011110100110100011010011010010011000100011111111001101011000001011000100000101000111111010101000111000100010101110011001110111111100010110000011001010010111110001011110111000011000000010101011111011010101001010000100000001,1010111011000000111001100101011011010111111110110001010001011001011100100011011000111111100011010010000010001001000110101010011101011010110010001101001001101101011001110110001001101101000111110010010110111000011001001110000110111010110101010011001100010100,False,False,True,True,91,0.03641676902770996,0.019949913024902344,0.015668153762817383,0.0007801055908203125
WhatsApp Image 2025-05-29 at 20.43.12.jpeg,1101000000010000110011000101000011010000000100001111000000011000001100110101101111110000100100100011001011100110001011011110011010010111111001111000100111111111000011110100100111010011000110010010111111101100011100110001111110011100110001101000110111101110,1101100000010100110111000001000011010000100110000011101100110000001110110000111011010100100010001010001001110010001010010111011111010101001011101011101100100000010010101011101011000010101100110100111100101101011101000101111010110000110,True,True,False,False,76,0.030909061431884766,0.014681339263916016,0.015295028686523438,0.0009160041809082031
WhatsApp Image 2025-05-29 at 20.44.09 (1).jpeg,1000001100011100100011000110001101000110011011101110001100010000001111001010001100011110110011011000111110010000110000111011101111010010110000001010100111101100010011001011001110110011010101100110100101101001101101011001010001011010110010111110001111100101,001010110011010100010101001010110001111111101001111000110100111011111110101011010001111011101101100111111011000011100101100110110000010011000000101011000001001100000011111100011100000000110100100000100101111011001110110000101111100100110011011111001,False,False,False,False,104,0.02010202407836914,0.0068035125732421875,0.012081146240234375,0.0012001991271972656
WhatsApp Image 2025-05-29 at 16.42.11.jpeg,1111110110111111001110001111110010110011000000000011011000010100010010100111100010010111010000111001110010100100010110111100111010011101100110010101101110110101100000111101101100110101011001101110011011000100010001100100010000110100111010001101100010010000,1111110110111111000110001111110010110101000000000011011000010100010010100111100000110011010010011001110010100100010110110100101010011101100110110101101010110111100000111101101100111101011001101110011011000100010011110100110000110100110010001101100010010000,True,True,True,True,18,0.034093618392944336,0.017458677291870117,0.01624917984008789,0.0003676414489746094
WhatsApp Image 2025-05-29 at 16.45.54.jpeg,1011001111101111000100110110011001000001000110001110001110011001110000110000111000110111110110001100101101100110001111011100111010000011111001101100011001110111001110011101100011000000001100010010001000110011110000010011100111100000101100010001100111111101,011110111010101111111100010111110111011010101010111111000110111010101100110000001011010110000000111111010001011111111100100111011101101111010011000100010110011011100101000010001110111100000101011010101010000010111011000011100110,False,False,False,False,116,0.034905433654785156,0.01763916015625,0.015888690948486328,0.0013611316680908203
WhatsApp Image 2025-05-29 at 20.43.28 (1).jpeg,1000111011111001000011001111000100101010100001101001010101111111011111111000010100110101110000000111000111100011001101101110100001000100010001000101100000111111111100011010001001110111000000100110010110000101001101010101111101100010011101010010111101100010,101001111100111011111100010100000111010001010111010101111000011010110110110001001110100010100000000110100101001101010011001110011010110000110000011001011111001010101100110100101011100111011110010010100101001,False,False,False,False,109,0.038016319274902344,0.019558191299438477,0.016702890396118164,0.0017387866973876953
WhatsApp Image 2025-05-29 at 16.45.48 (1).jpeg,1100110101111010111100001010011110010001100001000011111001010001101100000111110110101101000101000100110000001101011010101010010110110010101000110100100010111000111111010100101001110111000010100001011101011010110011010101101101000111110100010111000110010101,1100110101111010111100001010111110010001100001000011111001000001101100000111110110101101000101000100111000000101011010101010010110110010101000110100101010101000111111010100101000010101000010100011011111011011110011010101001101011110110111001110000110000101,True,True,True,True,22,0.031284332275390625,0.016265869140625,0.01454019546508789,0.0004608631134033203
WhatsApp Image 2025-05-29 at 16.36.45.jpeg,1010110110000001100000011000000000010010111011101101011011001100011011101000110011101101001010000011011100110010010101110101001111001011011110010000011101111001101001110101110101010110000101100010100010100100010100011110111010111001110010111101010010101011,0111001000001010100010100111010111000110001000111001001010110100000110001111000000101000111010101000011100110100000111101100101100011111000011000001111000000100101010001110001000000011100000010001100010001110110000011000001100111100101,False,False,False,False,118,0.0309295654296875,0.01460886001586914,0.014963150024414062,0.0013403892517089844
WhatsApp Image 2025-05-29 at 16.44.35.jpeg,1010101110101101101010110101011011010111011011001100001001110110100001100010101110000100101101010011010011010010001110000101001001011000010100011101110011001001010110001100110101100100110001000110001011010110000000101110101010000110111010110110011111111101,1010101110101001100010110101011011010111011011001101001001110110101001001010101110000100101101010010010011110011001010000101001001011000010100011101100100001001010110001100110001110000110001000110001011010110100001101110101110000110111010110110011111111101,True,True,True,True,20,0.028272151947021484,0.012746095657348633,0.015038490295410156,0.0004715919494628906
WhatsApp Image 2025-05-29 at 20.43.16.jpeg,1100010101001010110100000110100001111110101000110110011110010011100110000101111010011001000011100110101101100010011011000110000110110001101010011110001110011001011000111011010110111011110001101010011010011100110011000100001101100110000100100111101100001101,11011101110011110000001000001010100100100100111000011011111010100010010100101001111100000110001011100110011111101100111110111000000101110000001011011001010101100101010000011000110010011100010101101100110110100010000000001,False,False,False,False,118,0.18177580833435059,0.022974729537963867,0.15665102005004883,0.002119779586791992
WhatsApp Image 2025-05-29 at 20.43.01.jpeg,1101100100010011011010011011011000110101110011010010111011001001110000000110010000100111000011100011110011010001110100010001111111101011001001000101010011110010101110100011011101000101110011001010001010011000100111000110110100001010110110101100011100110111,1001101100010011010010011011000000110111100011011000111011001001010010000110011010100011000001110011110011011000110100010001111101101111101001001101000011110011000011101011011111000101010011000010101010011000111101000110110100001011111100101100011100010111,True,True,True,True,40,0.06781411170959473,0.022616863250732422,0.04451346397399902,0.0006587505340576172
WhatsApp Image 2025-05-29 at 16.45.08.jpeg,1011011100011001111000100001100001011000011001110001011001101101101000110110110101110000010110010001111100100011100011110011011011001000101000110011110010010011110111011000100010001011110011110111010011001000111001110011000101001110101100110000010111100001,0100110101010100100011100110001010010001011100001111011111010101101000101011100001110100000100001101011001111111100100100101001000000000000000000100000100000000010101010011001000101110111111010011100000010010110010110001010100111100111110100000001111001001,False,False,False,False,115,0.03826713562011719,0.019665956497192383,0.01732182502746582,0.0012590885162353516
WhatsApp Image 2025-05-29 at 16.41.34 (1).jpeg,1111000001011111000110101110110000011000011111101110100000111100110100010010011001011000001111100111000110011100110010001110111110000001010111110101000010110110101001000101111110011000010111100000100010100110110010000010111010001011101101010100101100111100,10000001000100110100100100000101010000001100001011111100000100000010000000100010011110100001000001000100111110110000101100010101110110010101111010000101010100000010000000000100101111101100111100010000111101100001000001110010000100110010111001110101000000001000101,True,False,False,False,116,0.03477764129638672,0.018316984176635742,0.015350818634033203,0.0010914802551269531
WhatsApp Image 2025-05-29 at 16.42.56 (1).jpeg,1001000100110011100001101100110101011001000011000000101000110011101101111011110101010000010011001000010110010000010110101111011111000011001011001011010011001000111100000011000101011110011011011000110111010010011100111101110011000011011111110111100000110011,001011000000010001101000000011100000001001001101101010010110110110100000101000100011100000001010100110110101100111110010110001001101000010011010011101001100100011111100101110000100000001010011000000010110000000000100000011101001011001111010111100011,False,False,False,False,118,0.03064441680908203,0.014771699905395508,0.014636039733886719,0.0012197494506835938
WhatsApp Image 2025-05-29 at 20.41.49.jpeg,1010001000011100100111010101101101110001111000110110001110001001000111101011100100000011011001100000111000001111111100010001111101010011111000100011110001100001111110111001110011001110000110010000110011100110111110011001111001000001000100010001111001100101,10100010000111101001110100101000011100011110010101101011010110110001111010111000000010110110010010001110000110101111000100111111000000111111010000111110010000101111111110011100101011100001110100000111010011101001100000110010100100000111000101000111001000110000011,True,True,True,False,60,0.02433633804321289,0.010653257369995117,0.013181924819946289,0.0004849433898925781
WhatsApp Image 2025-05-29 at 16.45.48.jpeg,1001011100100010000010101001100100101010110101000010110101010010101111010110101000111101011001010110110110101001111101001010010101010101011101011101010010100010100101011011010111010010101100101001101010110100100100110011001110011010110011001000011101010100,1001011100100010000110101001100100101010110101000010110101010010001111010110101000111101011001010111110110101001111111001010010111010101001101011101010010100010100101001011010111010010101100101001101011110100100100110011000110011011100011001000001101010100,True,True,True,True,12,0.032189130783081055,0.0160677433013916,0.015763044357299805,0.00034165382385253906
WhatsApp Image 2025-05-29 at 16.45.15 (1).jpeg,1111001110010011101010000101001001001110010101100110111111010100010110001101100101011001001110100100110000101110100100100110111101011111001011000100011010101000011001011100000100001101110110010001001110010110101001011010011110100011110000110000110101101110,0101001000100011011000000001010000010011001111101000001001010000110110001101100101011101001100110001110111100110100100100110100001111101010101100001110001000001011000100000001010011011000010110000000111010110110001010000111010000011100010100011111110001100,False,True,False,True,92,0.03256511688232422,0.01610088348388672,0.0157010555267334,0.0007450580596923828
WhatsApp Image 2025-05-29 at 16.36.47 (1).jpeg,1110001000000000100110011101111001100110011111110011100110000000000011100110001111000011000111011110110011100111011001110011100100100011110011100010000000110001111100101000110000111111111100110001010010111100101010000011111011010110100000011000101111100101,1111011000010000100010010101110001100110001110110010000111001000000011000110000101110011001111011110100010100110011100110011000100001010110001100010000000110001110101101000110000101111111000110101010011111000101010000011111011010110100000010010111111110101,False,False,True,True,39,0.03053426742553711,0.01471400260925293,0.015053510665893555,0.0007498264312744141
WhatsApp Image 2025-05-29 at 20.44.32 (1).jpeg,1000011110001011000001100010111100111110010101000110110111100010001110001000011101001110100111101001101100100011010100010110100001101011101011000100110101101010010011111000011010000100001110011100110100110011101101000111011101111100001010110011000011011100,1000001111001110000011100011011000111111101101000111010111001010011111001000011101001010101111001001101101100011011000001000100001001011001011000100110101101010010011111000010010000101001110001100110110111011101101000111011101011110101110111011011111001100,False,False,True,False,44,0.03462624549865723,0.018735408782958984,0.014880180358886719,0.000993490219116211
WhatsApp Image 2025-05-29 at 16.36.57.jpeg,1101110000111110110111100011111100100011010010010010001111100001001110011110011111011111100100110010011000011001000001100001100010011000111101001011100110100110001001100011110000000110011110001000110110011000011110011000011100100011110001110000001111101110,001110011001111111000101101010001100110111011000001010111010011011111000000110010110010100100000011000001001000101110111101101011000101110001000110101110110010110001100010101000110001001010011110011111101101011011101011111100110,False,False,False,False,110,0.028024673461914062,0.011429786682128906,0.015184402465820312,0.0013933181762695312
WhatsApp Image 2025-05-29 at 20.44.14.jpeg,1010111001101000110110111001100011001110100001110010011101001110110111111011000100110100101001101110111001000101110111100000000000101100011001000100000111110010001011100100110110000001111101100100000101110110011110001111100001010010101110001110000011111010,0100110100000000000010111101010000110111101110100100100001101100000110001110111010000010100000001010010110001100100000010000111100001010010001001111000101000011000110001001100000100011100111110010111111001101001110000110110111101010010,False,False,False,False,120,0.022597074508666992,0.0076198577880859375,0.013620615005493164,0.0013387203216552734
WhatsApp Image 2025-05-29 at 20.43.11.jpeg,1010000101100101000000000011101111010111101000100011111111001000111111110000011010100101011001100001100010011001110000111111001000101001111111001101110110011001100001101100010000001000010111111100010110100011110101001111000101001011001101011110010100101001,1010000001100101000000000011111011010111101100100011111101001000111111110001001010100111001001100001100010011101110000111111001010101001111011101101110010011011100001101100011000001000010111110100010110101001110101001111000101001011000111011110010001100010,True,True,True,True,26,0.036084890365600586,0.019927978515625,0.015385150909423828,0.0007534027099609375
WhatsApp Image 2025-05-29 at 16.33.40.jpeg,1011000010001001001100010110101101101100110101001001110000111111110001101001010111101001001011011001000111100010011011001001011011001111101101100100001100001100111100010110011011100010010100000100111011100110101001110101100010100100101100111110000001100111,0111100010001000000100010100111011101110000100001101010010111101110011101101010101101001001011001001011111110000011011001000001111001101101101100101101000001100111101010110011011000011010100000100101011100111101000100100100010100110101100111100011001000110,False,True,True,True,46,0.03814864158630371,0.021460771560668945,0.01579451560974121,0.0008761882781982422
WhatsApp Image 2025-05-29 at 20.44.15.jpeg,1010010110101101101111000010101111111010010100111111000011010100111100101101101011010011010100011100011101000101110010100000100011011011011010011101011101100000110010111010000011000101101001010000011111100000010010111010111010000101000001111000101110100010,11101111101011111010110011000100100000110101110110111100001101010000010001111110001111001011010011001011100100101000000000110110000011001111101000011000100110100101100010011100110110001100011100001010,False,False,False,False,104,0.024684906005859375,0.00957798957824707,0.013531923294067383,0.0015599727630615234
WhatsApp Image 2025-05-29 at 16.41.32.jpeg,1010101000110010100100010001010101010101001101110011101100100011101000110110001111010011011010011001101010101011001001010011000000110111010011000100101101001010111010010110101001110101001011000101001010101101011010110010010111101101001101010110001011101110,1010100010110100100100010011010101010111010010110011101100001011001010011011010011011000101000001001101110101011101101010111001100110101010111000100101101011101111010110000010101010101101001000001001010101010011010110110101011100101010110110100100011010101,True,True,True,True,74,0.029789209365844727,0.014090538024902344,0.014960765838623047,0.0007214546203613281
WhatsApp Image 2025-05-29 at 20.43.33.jpeg,1001111101001011111110111110010011100100000101001011001000001111101000001101001110011000101111001000011101101101110110101011000010100101010000000101010110000011110000110000011111001111000011111100111000110110110010100011110010001101011110000101110010110000,1101100111010011111110100110010000000101001110001011001001000000111000001101001110001001101011001000011101001101110110100011010010100001110001001101110010010011111111101011011011010001000010110100100010100011010010100111100000001101000011100101111010100100,False,True,False,False,67,0.026799917221069336,0.012058496475219727,0.013651371002197266,0.0010731220245361328
WhatsApp Image 2025-05-29 at 16.42.57 (1).jpeg,1101111001011010011000011010010111110011100001101001111001011000011000011000010101111111100110001111001100101001100110100001001011111001101001010110001000000110100001100001100001011110011000111010100001100111011101100011001110111011000110010101100110100011,1101111001011010011001011000010111110011110001001001111001011000011000011000010101111111100100001111001100110011100110100011001011111001001000110110001000110010101001100011000001110110011000110010000001100111011101100011001110111011000110011101100110100001,True,True,True,True,24,0.03468918800354004,0.018671512603759766,0.015602350234985352,0.0003986358642578125
WhatsApp Image 2025-05-29 at 16.33.45 (1).jpeg,1011100110100011011100111001001111001110001110000100011000111000101110001110010001011100110011101100110111001100011100110001100000110011001100010110001100110011110011000011001111001100111000110011100011000110011100111000111010100011001110000011011100111000,1011110011101110011010100110011111000111010010000001111101000000110111001010011100011010000111001000110011100000011110011000000111011111001101101001100010011001110000001111101100011111100101011001100100011000101111100011001110001010011100111101101001100100,False,False,False,False,122,0.024750709533691406,0.009862899780273438,0.013735055923461914,0.0011360645294189453
WhatsApp Image 2025-05-29 at 20.42.40.jpeg,1001010100100001111110011101111001101010101000100101000110101101100101010101111111101011110000000110001010111101100101000000001000101101010111110100001111100101001101101011001011111001000011110100001000010101100101101100001100111001101010000010110001111010,1000010010110101111110111100111001101000111000100101000110101101100011100101011111101011110010100101000010100101100111000101010010001011001110001101000111011111010101110100101010111111010001011100001011111100000101001100000001111101011111001000111001011110,True,True,False,False,77,0.03293609619140625,0.016605615615844727,0.015554666519165039,0.0007584095001220703
WhatsApp Image 2025-05-29 at 20.44.00 (1).jpeg,1011110110010100110001001111101100111101000100111001000010011110010001101111000111111111000000000000000001101111101111110010010011000001111011000010101001111101001101010000101011001111111101000110100000101011000101100101011010000011011100001110100010001111,111111010000010011000100011110110011111100010011100101000010011100101100100011011111000111111111100010000000000011111101011101100010010110000011000100010101010011111011001010100101010110011111111010010000000110100000101011000101101101111010000011011100000110110110001101,False,False,False,True,108,0.0353853702545166,0.01943516731262207,0.014868021011352539,0.0010647773742675781
WhatsApp Image 2025-05-29 at 20.42.03.jpeg,1111001100001100100110010001110011001001001001000110010001110011001001001100100110110011011011110110011001110110100010110001100100011001100110110100010011001101000010011101011111001110011001100111001110011100101110011011001110001010001110001101010110011001,1110001100001000100110111011110011001001001000100110010011110011011001001100100110110011010011110110011001100110100010010001100000011001100110011110010011001101010110011111011111000110011001100101001010001100101110011111001101000110001100101100011110011001,True,True,True,False,32,0.03316044807434082,0.0178680419921875,0.014734983444213867,0.0005407333374023438
WhatsApp Image 2025-05-29 at 20.43.02.jpeg,1000000101001001111000001011011101111110101100100001101111001001101000011011111010100100010110100100010100101111010110011001001010010010101100011011011010110110011001010101111101001101101010001001100011000110001001100010101101101110101110011001100101000110,1000001001001001111010011011010101111110101110100001101111000001100000011011100110100100010110100101011100100100010011011001000010010010101101010011011011100110010011010101111101011101101010100011001011001110001001110010101101100110101110011001100101000110,True,True,True,True,34,0.03245997428894043,0.017131805419921875,0.014874696731567383,0.0004374980926513672
WhatsApp Image 2025-05-29 at 16.45.06.jpeg,1010011100011011100111100000110001011001001111000000111100110000010111101100010011100010000111110110011010001001111100001100000001100111011011101001100110110101000110011001011000111001011011101100011001111000001001111101101111000100010001110110011001010110,101100111111001110001000011100010100110011100001111101100110110011010001001110001000001111001110111101000000101011000010001110010010001110011101100111101100111000001100111001100011110011001011000101001001101101111000010000011000,False,False,True,False,116,0.04203343391418457,0.024567365646362305,0.016270875930786133,0.0011785030364990234
WhatsApp Image 2025-05-29 at 16.42.55.jpeg,1001010100001100101011101101001101100000010100110001010100101100101111111000110011100010110100110110000001101111000111011010110010001110110100000110001001100111001100010010110010011111100110001110001011000011011100000010111100011101101111001000111111010011,1001010110001100101000100111001101100000110011000001110110001100101101110011001111101000110011000100000011001110001101110011001110001111110110001110000001000110000110011010110110011111001100111100101011000110011110001100110100010101001110101000111111010011,True,True,True,True,70,0.029646873474121094,0.014072895050048828,0.014948844909667969,0.0006086826324462891
WhatsApp Image 2025-05-29 at 16.45.56.jpeg,1000010110011010100110000100010100010100011010111110100110001100110111001101001100110010111111011101100100100000000011101101100111010101010101100011101000101001110011011101011000110110001010101001100101111001010110010000010010110110111010010100110101110110,101010010100100100011010010100101000011111011010011110010100100010110010010000101100111001100111100000100100111000111010100000101011001100100111000010111001111001101101001010100100010100111101001100100001101010011101100000110000,False,False,False,False,116,0.035933732986450195,0.019336938858032227,0.015209436416625977,0.0013713836669921875
WhatsApp Image 2025-05-29 at 16.41.38 (1).jpeg,1110101001101011011000100010101110110100101101010100100011010001100011000101001100010100101100100111011100010110100100111100101001011010101010101110100101101101000001011001011101001000101101111000110101010001000011001011101001101110101101011010011101001101,1111000100100010011001111011111010010001101110011100000110101010010000010011001000100100010010011001101011000001100110010110110110011010000110010110111001010000010100110011001010100101011001111011011010101000100110101001010010101101011,False,False,False,True,121,0.030521154403686523,0.013773202896118164,0.015619993209838867,0.0011110305786132812
WhatsApp Image 2025-05-29 at 16.45.18 (1).jpeg,1110001011110101000111011010110111110010011001100010101010010101110100010010110011000101000110000001100100101110010101110101101100111001011001111100011010001000010101010000101000100111010101001111101111101001111100001000001000001101011101011011001011011001,11100010011101010001110110101100111100100110000000101010100111111101000100101100110001011011100000011001001011100101010101011011110000100110100001110110010101111011001000000011010001000101101110011001111101111101001101100001000001100001101011101011010001011011101,True,True,False,True,78,0.03613567352294922,0.020841360092163086,0.014786005020141602,0.0004918575286865234
WhatsApp Image 2025-05-29 at 16.45.06 (1).jpeg,1111000101100100110101001000101111110101010011101001101101101110010000001000011001011011011111100010101110001000001010010101010010000111100101011110100001000100010010110011111001110011101000000101101000111100010011011010110111101100101011001000000111110111,11010001011011001101000111011011111101000100011010111111010011100000101010000001000111101111010001011100010101111011101001010010101010010000111100101001100000111100100011110110011010001110011111000000111101000111100011111001000110100001100101011001000000100000111,False,True,True,True,107,0.0323944091796875,0.017074108123779297,0.014745235443115234,0.0005574226379394531
WhatsApp Image 2025-05-29 at 16.44.44.jpeg,1010010011010000010000110010101000101001011101000111000010011011010011110110010000010001101010001110101011010011110101110010101101001010011001010011010111011010000110101010110111100101010100101011011010100111010110110101110000100101101110111001101001101100,1010011011010001010010101010101000111011011101100111010010011011011010110011010101010000101010000111101011000110110101011010101101001010011101010011010111010010000110101010110111100101010100101001010010100111010110110101110000100101101100110001101001100100,False,False,True,True,30,0.02763080596923828,0.012662172317504883,0.014166593551635742,0.0007855892181396484
WhatsApp Image 2025-05-29 at 20.42.31 (1).jpeg,1000000111000001000000001100000111111100110001001000111110100101000011111100111001000001101100111101100110011101000010010000111110100010011111101111100011001100111011110001100101101001000011001101100001111010001100110111010101011111000010111111001001000111,10000001111000010010000011000000011111001100000011001111101011000000111111001110010101011011101111111001100111000000100101010011100010001110111001011000011011101010011100011011110111011000010110001111101110001111010001000110011000101111110000010110011001101100011,True,False,False,True,72,0.03585243225097656,0.021234989166259766,0.013927698135375977,0.0006737709045410156
WhatsApp Image 2025-05-29 at 20.41.55.jpeg,1011110010000101111000111101100001000011111110101001110000101101100101000010010101101100110100111110110010010101010000110010110011000011010110000001001001101111100100110011001000111100110000111001010110101101011000111101100011101000110110010100001101111100,1011110010000101111000111001100001000011111110101001110001101111100101000010010101101100110100111110110011010011010000110010110011000011010110000001001001100011100100110010001000111100110000111001010100101101011000111101100111101000110110110100001101111100,True,True,True,True,12,0.02611684799194336,0.012006998062133789,0.01341700553894043,0.0006775856018066406
WhatsApp Image 2025-05-29 at 16.44.13.jpeg,1100010010111011100101101011101100111111001001000110101111111100110111101101101000110101101000101110100101011011001110100100100101100110101001011100100010100000000110110110001010100110011010111100110001000000010110010010000110100110011001010010110011001100,10110000000010000010010100000010011111000000101101000010010101101011111010110101000000010010100101101010001000111001110000000000000110110101101110010101010100100110101110001101100110010010100100110110,False,True,False,True,110,0.03740644454956055,0.019951581954956055,0.01623988151550293,0.0011985301971435547
WhatsApp Image 2025-05-29 at 20.44.28.jpeg,1100000001100110111111010010110110101010110111000010100001100010001011101001110101000100011011101100101110110001001101010010110000111011010010101101001001000001110101011110001100100010101111110010010000100111111101111010000011110010011001100111011011000001,11000000000001101111110101101101001000101001100100101100011000010001000010010101000110010000101000111011000001011010110110010001110001001100110000011110001000000111000011000001110100000101001010111011010001111111000100111000111011010101100011,False,False,False,False,101,0.02093982696533203,0.0078051090240478516,0.01192331314086914,0.001195669174194336
WhatsApp Image 2025-05-29 at 16.36.51 (1).jpeg,1010000100100010010000000000010001011010110111000110101000000111110111111100000101101100010111111001011010010110010110111111111000000100100101001100100101001100101011101100011010010011101000110110111010011001011011011111000111000010011110001101111100101110,1000000100101010001001100000010101101010111111100110101001110101110111011100000101101100011111111001011010010110010110111111111000100100000101001100100101001100101011101000011010011011101000110110110010011001011011011110000111000010011110101101111100101110,False,True,True,True,24,0.03611493110656738,0.020582914352416992,0.014808416366577148,0.0007066726684570312
WhatsApp Image 2025-05-29 at 16.42.12 (1).jpeg,1100000101011000110000001011111001111110000000100111100001001000111100000001110101110100100001111111111010110010011000010111100000011010101010000011111110000000111101110111100011001111111110010001111010101111001000011101101011000010001111010000111000001011,1100000101011110110001001011100001111011011000101110101100000110101111000001110101110000100001101110111111000011011010000001101000110101101110001011001101100000111010110111111010011001110100110001111010100100001110000001111111000111111001010100011001000111,True,True,False,False,78,0.031929969787597656,0.016182422637939453,0.014980077743530273,0.0007507801055908203
WhatsApp Image 2025-05-29 at 16.33.34.jpeg,1101000000101011010011100011010110001011011101000111110100001110100000011011100001111101100100111000001100001000110000000010111100110111101101001110110011000010000001001001111111001001111111010111001000010011001001110110111001110011011110110110101100110000,1101010010101010010011100011010110001011011100000111110100001110100000011011101001111101101100111000001100000000110000000010111000111111101111001110010011000010001001100001111111001001111111010111000000010010100011110110111011010110011110110100101100110000,True,True,True,True,24,0.0365300178527832,0.02126908302307129,0.014846324920654297,0.0003981590270996094
WhatsApp Image 2025-05-29 at 20.44.59.jpeg,1010010101000100000101001010001001101010101110100010111010101001001000101001010100111111001101000010011111110101111111010001010110000011110111011111001000010011011000111111110001110000010001101000111111111101100000000101000110011111001110001001100101000011,10010110011011110000100001011100000010010110010000111111001000101100111101111100100011110111000010110111101001010011100100010101100000111000001101011100111110010010000100011101111011111111100000010001100111111001110001101000000000110101101011111110100000010111000,True,False,True,False,120,0.021406888961791992,0.007790327072143555,0.012653589248657227,0.000946044921875
WhatsApp Image 2025-05-29 at 16.34.26.jpeg,1101000000101101110010111010110111001011101001010010010111000110001101001011110111001010010000100100110001110000000101011001100110000101101011000110100011100111000101110101111000011100111100001110000000111101010111101100111111010101110100001110000000101111,1101100000101101110010111010110110001011101001010010110111100110001111001011110011010010010100100000010001110000000001011001100111000101110010000011000011100111001001110101111001001001111100001111000000011001110111101000111111011101110101001110000000101111,True,True,True,True,32,0.0319974422454834,0.01657891273498535,0.014818429946899414,0.0005829334259033203
WhatsApp Image 2025-05-29 at 20.43.12 (1).jpeg,1110110010000101100110001100101000000000100001110100100001110011110000111110011110010110001100010011110011110011111111010011110011000111001000000000101101100110011100011110100010000110100101111100010001111011001111111011010001110001100011101000011110101001,1110110010000101100110001100101000000000100001110100100001110011110000110110011110010110001100010011110011110011111111010011110011000111001000000000101101100111001100011110100010000110100111111100010001110011001111111011011001110001100011101000011110101001,True,True,True,True,6,0.029958724975585938,0.014918327331542969,0.014697790145874023,0.0003268718719482422
WhatsApp Image 2025-05-29 at 16.33.43.jpeg,1001000100010111111011101110100001101110100111101001001001001001111011010110111100000010010101001101010010011001001001100110101011101001011001010001011010110010101001100101101001001001011011011001001100111010001101001111010101001000000010101001101111110101,111001111011000011000010110001001010100010011101101101010111110000100110000001101011110000011101111000111110101000010010000100110110000110101001110000010101110111100000001010101111101110100010000110011010001111010010010111001001110010110111010110111100001001100010011010,False,True,False,False,134,0.03640103340148926,0.019525766372680664,0.015916824340820312,0.0009410381317138672
WhatsApp Image 2025-05-29 at 20.43.03.jpeg,1101010001001110011100010111111010010101111111101100011111111010010111111111100011101111111000001100111010110000100000111010011001010111100000001111111111000000100001110010011101010100111011101010001011100000110001001100000010010000000010001101011000000000,1111110010100100010110111111100011111111101110011110111111100010011011111000110011100000100010110110000001110001100110010111001101101100010101011010011001010111010011011001001111110111000100011001011000000111000111001000111010100010000000100111011000000000,False,False,True,True,119,0.03607773780822754,0.018754959106445312,0.01650857925415039,0.0007932186126708984
WhatsApp Image 2025-05-29 at 16.44.11 (1).jpeg,1011010000011011110011001001011010010011110111111010111101101001110001100110110001100001001000001101001110001011010111011110011011000001111000000010000111011011101000010011100110110000101100110011111100101100010010001001110001000110010010110001110000111111,10010010000000001000011100110101111001000001101001010011110011001101000000110110001000011000101001001001111010001011100110110101010111010110100100100000011010110000010110010001100001000111001000100101100100110001101110111,False,False,False,False,101,0.03565382957458496,0.017860889434814453,0.016323089599609375,0.0014519691467285156
WhatsApp Image 2025-05-29 at 20.43.29 (1).jpeg,1000111110101011110101111000110001101011010101000110100001110001100101000000001000001011111100011001010011101011100111100001111111001111110100000110000011100011111010110100011000100001110011000011100100111111100001010101110000010011111111001101000010101000,1011111110101011110101111000110011101010010001001110100001110001101101010000001000100001111100111001010011101011100111100001111111001101110100000011000011100011111010110100011000100001100111000010100100111111101101000100110000010010111110011101000000101000,True,True,True,True,26,0.03783249855041504,0.02137470245361328,0.0160062313079834,0.0004341602325439453
WhatsApp Image 2025-05-29 at 16.45.47 (1).jpeg,1011001100111101100011111100111111111110111010100111011100010010010001000110111110000000101100011111000011000000111111011100000011001111000010100010110000111100010100100011110000111100001010111101000110010110000011010000100000101110011011110110001110010001,101100110011110010001111110011111111111011101010011101110011001001000100011011111000000010110001111100000100000011111101110000001100110100001010001011000110110101010000001111000011110000101011100100010101110001001101000010100000,True,True,True,False,16,0.03380584716796875,0.018268585205078125,0.014763832092285156,0.0007579326629638672
WhatsApp Image 2025-05-29 at 20.44.38.jpeg,1111111010101110010001011110111001010100101010111010100101010011100100111110000011111000101111111000001101001111001111101000000010001001000111000001011011001000101011000101011100110111110000101011100000010001000001111110101011001100101000111000100100111100,11011111001110010110100100000101001011101100001000111111110101100010001011101110001000001000111000101010111101100101001101000001111110100000000000001101010011000001101010101100011011000101001001100001100101101011100000011,False,False,False,False,116,0.018594741821289062,0.005625486373901367,0.01157069206237793,0.0013835430145263672
WhatsApp Image 2025-05-29 at 16.33.38 (1).jpeg,1001000100010101111001100110101000101010101110110001001001010110110001010010101100101010010101010001001010001110110001001010101100111011010101010001111010101010111001011010001100111001010110000001110011010110111000110010110101111010111010100001110111010110,01101011101111101001111011011101100101100110000100011011011001000110110100111011000111110101110011111100101111011000001111101100101000110001100000111110011100101000111100000010010110100000000010101000111001001111000101010001101000011011100110110101011100100111110,False,False,True,False,120,0.027426958084106445,0.012259483337402344,0.014061450958251953,0.0010895729064941406
WhatsApp Image 2025-05-29 at 20.41.52 (1).jpeg,1001100110011000101001010111011001011010101000101011010110101010010010010101010110010010100101010100100101101011010101010101011001101000101010011010101110010010010101000110100110011011100101110110010100111001101101001110001101010110110111101001011011100000,1001100110011001100000101010111000101010101010100101111111110101000100001011101110010001000010100101000101111011010010010001000100101100111110110110100100011011101001000111000101011011100111110010010110101010110111000111100110010110110011101001011011110001,True,True,True,False,89,0.025166749954223633,0.011528491973876953,0.013097047805786133,0.0005252361297607422
WhatsApp Image 2025-05-29 at 20.43.34 (1).jpeg,1110110101011100011001010101010100110101111100010111010010100101001100101100100000100000100100101101011100110001110101111100111010000101100101101111001110000101100011100101101011000010010001100111011010011110010011100101101011010110000011111000010010100011,1110110101001100011001010101010100110101111100010111010010100101101100111100010100100000100100101101011100110001110111111100111010000101100101100111001110011001100011110100101011010110010001100111010000010010101011111111100100010110000011101001101111010001,True,False,False,False,39,0.027883291244506836,0.013358354568481445,0.013455629348754883,0.0010528564453125
WhatsApp Image 2025-05-29 at 20.43.04 (1).jpeg,1010011000110110100001111011111101000000011111011110010100100110011111010001001100011001100100011100100011111100011000011011011001100001100110010011110011001001110001001110110000100111101000010110101101100101100110000111011011011101001100100000101100000111,101001100011011110001111100111110100000001111101111000110010011001101100100100000011100100110001110010001111111001100101101110000110000110011011001111000101101111100110101100110000100110001111011011001100001100100000111100001111,True,True,False,True,53,0.030793190002441406,0.015296459197998047,0.014755010604858398,0.0007259845733642578
WhatsApp Image 2025-05-29 at 16.44.07.jpeg,1001110000101100100100111101001100100110111001101100011101001100110011101101100100111001100000010011001100100010111001001100110111001101010110010001001110010011101111110100011011001100011111000010001110011001001100111001101110001100000010011110011101010100,10001001101000100111100001001111001011000001010100011100011101110011000000010100000011001001000011001100101100110011101111100000111000111111111011101000110100010111111110101101110111000011000101011110001110010000001000111011011110000110010010,False,False,False,False,131,0.028702497482299805,0.013297796249389648,0.014148712158203125,0.0012395381927490234
WhatsApp Image 2025-05-29 at 20.41.48.jpeg,1111000000010100110000011000101111001000100110100000101111000101011101000010111010000011011001000100000111100011011111000001101111010000000111111101110001001000001011111100000011010100101101111010111111111101111100101111110100001111100110110110000000011100,1111000000010100110000011010101111001000110010110000101101000101011101000010111000000011011001000100001111110001011111000001101111010000000111111101110001011000001011110100000011010000101101111010111111110100111001100010110000011111101110110110000000011000,True,True,True,False,23,0.023988962173461914,0.010060548782348633,0.013122320175170898,0.0007903575897216797
WhatsApp Image 2025-05-29 at 16.42.52.jpeg,1101100110000111000011001100110010111011100010101001011001010110001111001110000111110011000011111001111000111000011011001100011011100110110011001000111000111001011110010000001111100010010101101001110111001000011100110010001111000000001110011001000011100111,010001100011111000001011011001010010101001010001100010010010000010111001010001101010000001100011100001010110010011111011100000011000001100010110000010101011011100010011101001101001100111111110101101101001001010110000111100110110010101001110010111101111100110111011100111,False,False,False,False,136,0.02841949462890625,0.013626813888549805,0.013727903366088867,0.0010476112365722656
WhatsApp Image 2025-05-29 at 16.36.48.jpeg,1011001100110110110101100110110001000000001110000011001101110001101001010100111100101001001101101000010001011010101101100111101001001100110010111001101011011011010011000110000101101000110101110001001111101101011011010101101110010000101001010001111101001010,101100100011011111010000011011000100001110111100000010011100011111100100111011110011011001010001100011100111101010110011011100000001010111001010011011001100110101001100010100110010001000100101011110110010011010011100111110100111,False,False,True,False,82,0.027669906616210938,0.011943578720092773,0.014534950256347656,0.0011744499206542969
WhatsApp Image 2025-05-29 at 20.42.02.jpeg,1100010101001111110000001011000001011011000010000011111100101111100011001001100011011001110000100001101101100101100001001110010001100011111100011100101100011001110111011001111010011110110001000111010100101101001011110000100111011110011001111001001000110010,11000101000011111100000110110000010110110000101010111110011011111000100010011000110110011100001000111011101001001000010111100100000011101100011111000011100101100001001110111011001101110011100110001000111000100101101001011110000100111011110011001111001001001110010,True,False,True,True,88,0.02985548973083496,0.014668464660644531,0.01468038558959961,0.0004897117614746094
WhatsApp Image 2025-05-29 at 20.44.52 (1).jpeg,1110111000100011011101111010110000110100001011101100001101000011110000001111010101111010010110000011001110001110001111001100001100100110001101001100100111101011000001111001100000111000111000110001011001110110110010110000011011000111100110110011000111001101,10001000001011000110010000101011001101011110100111001000010110101100011000011101011010011000001101110110000100110011111110101000011010111101101101000100011000001000011000110000111100110100000100110100110100110101110001101001100110001101010110011011100111001110000,True,True,False,True,123,0.02174520492553711,0.008236885070800781,0.012701988220214844,0.0007901191711425781
WhatsApp Image 2025-05-29 at 16.44.10 (1).jpeg,1001110110010001111110111110111110100010010110001010010000110000100010011110011100001111110110010111001010001100001100011101110101100110001000111001000001101110001111010101101010001001110001001111101110000101010001100010100101001110000001101111011011010010,110101101111101101001000111001011100001110001010100111111110011000001011001100001101011011110001000000011100000000011100111011101100100001100001110101100010111010001101010000001010011100100110111010100011001100000011100011010111111100101001001111100111101110010000110101,False,True,False,True,116,0.03901076316833496,0.021865129470825195,0.01639699935913086,0.0007314682006835938
WhatsApp Image 2025-05-29 at 20.44.52.jpeg,1011111111110101111000000100001011110000000000101100001110101111010010010101101111001111111110001100110100001010001011110000010000001101001011111001110000110100100010011011111001101100110110101001110100110010110110001011100001101110100100010010000011011001,101111111011110111110000001100001111000000000000110010110101101101001001111111111100110110000100101101101111011011010110100000100110010101000000011101000100001111001100000101011101010110001001000011010011000001000111000010000010,True,False,False,False,93,0.021888017654418945,0.008104562759399414,0.012642383575439453,0.0011262893676757812
WhatsApp Image 2025-05-29 at 16.34.22.jpeg,1001101000100001101100100110100111100010001010001001011011010110111001100101110111001011010000110100101011001101010110100110010001001001001101101110110000100000111001011011001001110010100111001001110111101010010011001011110111101100001101011011010100011001,1001111100100101000011110110100000100100011110001001110011110110111001100101110011001011010000111100100011001101011110100110010011001011011101101100110001100011111000011011001011100010100111001001000111001010010011001010010111101101101101011010010100011001,False,True,True,True,41,0.03661847114562988,0.020649433135986328,0.015358686447143555,0.0005927085876464844
WhatsApp Image 2025-05-29 at 16.34.20.jpeg,1001000001011000110101100111100101101110100001110100101110001110011100100101111101001100111010010010110010110011101100010001001101000011100001100101001111100111100111000111100101101110011110001011001100010010100001100110010010010110110011000100101110011001,1001010001111000110101100111100101100111100011110100101110001110011001100111011101101100111010010010110110110011101100010001001111000011100001100011001111000101100100010111100101101110011000101011000101110010100001110010010000010010110011000100101010011001,True,True,True,True,30,0.032533884048461914,0.0164642333984375,0.015726089477539062,0.0003268718719482422
WhatsApp Image 2025-05-29 at 16.34.27 (1).jpeg,1000100110111111100101001110100010001010001011101010100111110001111101010100000011010000100110000001101001101101101111010100001111000110100000101000001011010111101001110111100010111101011010000001100010000111000001101101111010100100011111001111110000111101,00011001101011000000101001011010101111010100000110010001001101011011100111110010001001011000111110100001000110100010011011111011111111000100110101000111100010011101000001011001001011010000011111001100,False,False,False,False,108,0.031555891036987305,0.016000747680664062,0.014002084732055664,0.0015385150909423828
WhatsApp Image 2025-05-29 at 20.41.56.jpeg,1101011001110011110110000010010111110100100011101110010110011110111001111000110010100111001010100011111110110000000010110101101100111000011000001010100001010011000000000101011001001000011010111010000000010111101001011101011010101111001011101010011110011110,1101011001110011100110000010001111110101101011111110010110001110111001011001110011100111001010001011111110110000000011111111000110001011010000110001100011100001001010000101001100001110010100110100000101101010101010000011111010100000010111101000110110100111,True,True,False,False,73,0.028774261474609375,0.013698339462280273,0.014271974563598633,0.0007865428924560547
WhatsApp Image 2025-05-29 at 20.41.48 (1).jpeg,1110011000011001101010011110011011110110000110011001100111100100110001110001000111111000111111101010010110000100101110100111100111000101100001100111101000111001001000111110010000011100010110111010001110100000010010000000011100110101111010110110111000010100,1000011000011001101110011110011011000110000110011011100111100100110001110001101101111000110110101110010110100111100110100111100111100101100011100001111001110000001000111000110101011100010110111000001110100000010010000011111100110101110000010000111000011110,True,True,True,True,40,0.0260617733001709,0.011693954467773438,0.013856172561645508,0.0004954338073730469
WhatsApp Image 2025-05-29 at 16.33.43 (1).jpeg,1101010100100011111001011101100000111110001001100011010100111100001101111010001000111110000111010101010111101010001110101000011110100101010110000010010110101011001101001011011011110001100010100010100000101001100011010101010011111011001010101101111000000101,1101010100100111111001011101110000111110001001100011010000111101000101111100001100111110000111010101010011111000000110101000011110100101010110000010010100101001001101001011011011101001100010100010100000101101100001010101010011111011001010101101101000100101,True,False,True,True,20,0.03105926513671875,0.015575408935546875,0.014842987060546875,0.0006248950958251953
WhatsApp Image 2025-05-29 at 20.43.15.jpeg,1111001001001100111000111010001100000111100110111001110000111000110101001111001000001101110001111011000110001110100110001101110010010001100010011011001100011110100000110001110110010110101100011101001000110011010010111110001101011011011000110110101000100110,11011010011001001110101010011011000000000011111111100111110000101001110000000010000111000101110110111000111010111011000011011100100100111100001111011100100001001000110011111101111100110010110010101101101001001110001010010101111000001011011011000110100101000100111,False,True,False,True,117,0.034897804260253906,0.018245458602905273,0.01593613624572754,0.0006995201110839844
WhatsApp Image 2025-05-29 at 16.42.18 (1).jpeg,1111000000011100100011111111001010000111111110110011100001100001001101110000111111000101111010111001111100001110000100110001001101011000000111101101101011100101100001100000001010000000011100110001011000111100011011111000001111100010101111101001011010001001,0001001110010110101100011111000001100111101110111000010010110000001100000001011101110000110100001011001100001001101011111101000100001010100000001000001101100000101011010110110111001000111101110110000101000110100011110101010111101100010111011100010110110110,False,False,False,False,122,0.031145572662353516,0.015349149703979492,0.014656782150268555,0.0011224746704101562
WhatsApp Image 2025-05-29 at 20.44.29 (1).jpeg,1001111000011101100101101010111100101001011010000011110100000001001000011000010101101011011111100110000100111010110110011010100100100101110000010110010011000111100001110010010111010011110011100111100110110010011001011001111011100110100111000110001000110011,1011100000110100000010111011111000100111011101000110100111110101000111101011111110101010111110000000001110000101101111101101111100000110010100000000010001111010110010110001110100010110110011111010000111011000100100010100000000000100011,False,False,False,False,114,0.024960756301879883,0.010307788848876953,0.013367176055908203,0.0012700557708740234
WhatsApp Image 2025-05-29 at 16.44.11.jpeg,1000110110111101001110100101001001100001101111011001111111000110011011000011001001011001111001001010001000011111111001011100000001011110001001111110100011010001100110010001011011000100101010000110001011000101110011100111001110010001101110101100101000101100,1000110110100101001110100101011001100111001111111001111111000110011000000011001101011001111001000011111000011001111001011000010001000110001011111110100011110000100110010000001011000100100011110110001011100111110011000111000110010001101100101101111000001101,False,True,True,True,38,0.030936002731323242,0.015616416931152344,0.014689445495605469,0.0006139278411865234
WhatsApp Image 2025-05-29 at 16.34.18 (1).jpeg,1010001001001111100111011011000001001111101000100010001001011101001011000101101001010111110000110011101000101001111000011001110000001101101101001001111001011010111100110010111111110001111100001000100001001001001001010100000010010110001111101111100010111111,1010001001001111100111010011000001001111101000100010001001011101001011000101101001010111110000110011101000101001111000011001110000001101100001001001111001011010111100110010111111110001111110001000100011001001001001010100001010010110001111101111100010111111,True,True,True,True,6,0.03573894500732422,0.01970219612121582,0.015604972839355469,0.00041556358337402344
WhatsApp Image 2025-05-29 at 20.44.13 (1).jpeg,1100111101001111111010010000001000111100001111010011010000101101011100001001111101111100101101101001001001000001100101101111010001110011011001100111010010011111110010110001100010010110001101001100100111000010001101100101010010000010110110101001100011110010,110011110110111111101011010100100011100000111111000110100010110100110001101110100011100010010100100100110100100110010110111101000111000111000100001101000001111111001000001110000011011010110101000001111101011010011101001011100010100111101101000101110111010011100101010101,False,False,False,True,69,0.023938894271850586,0.009527921676635742,0.013358354568481445,0.0010364055633544922
WhatsApp Image 2025-05-29 at 20.42.34 (1).jpeg,1001110010001100111000100100010111101111001100000101011011111111000100010100110000101100101100011101101001000111110000010011100111101010110111000011010111001101101111000010001111011000110100001101011100000111101001110010001100100100110111000111000101011000,0001000011001100001000100000100011011000011010010011101101000110100100101000001110110001110010111000110110111101110010001101001010111101001000011111111010111000111010010101001100100000001010110100010000000001100011,False,False,False,False,116,0.045384883880615234,0.02634739875793457,0.017546892166137695,0.0014748573303222656
WhatsApp Image 2025-05-29 at 20.44.56 (1).jpeg,1111111011100101001010100010001111110101100011001001011001110011010001001111100010110110001001000010110110001011110001110011001100001111100001100100011000011110010111011001000010001110001011011110011000100100001111001011000001001100111001111100110010110110,11111010001100111110100000101000110010001000001100111010101110001000000100000000110110100101011000111111101010100101110100010000000111000001100000000000010111001000111100001001100000001101001100010001000011100110001001001,False,False,False,False,109,0.03263974189758301,0.016768693923950195,0.014485359191894531,0.0013701915740966797
WhatsApp Image 2025-05-29 at 16.44.45.jpeg,1010100101011011101101010010101000110100101101000101011010010101101001010101001010010010100101010101011010001011111100100001000110100101110011110101111001011010011010100111101011001010010101101111010101011000010110101000010110100101010010000111101100110010,100010100011110010110010010111100100011000100100010111111010101110100001101111100110010110010110100111000000010100101110010100010000110101101100111100101010010100110000011101011111101001000000000100011000000011110010111110101010111101111100111110111,False,False,False,False,114,0.03392529487609863,0.01779007911682129,0.014921903610229492,0.0011959075927734375
WhatsApp Image 2025-05-29 at 20.42.03 (1).jpeg,1100101010100010101001010101010110110101010111100101101010101010100000010101010100101101110101001100000100101010001111011000001111001010000101001011110100101101100001011111101001111010110100101000110110010101111100001010011101011010010110101110000101101100,11001010101000101010010101010101101101010101111001011010101010101000000101011110001101010000001111000001001110100011110010010101100110011001010000101001011110100101101100001011110101001111010010000101000110110110101111100100010010101011110010110101110000100111110,True,True,True,True,75,0.028139829635620117,0.012682676315307617,0.01481175422668457,0.0006291866302490234
WhatsApp Image 2025-05-29 at 16.44.42 (1).jpeg,1010110101001100101011110101001011100011000100011101001010101101110000001111111100000001010100111101000101011000111011101100001111101110101011010010000100101011001101000100001001011101010111001010101111011101001010101000000110000010110000001101110111101110,0110110101100100011101000101010001100010001000101011010101011101000101110000000011110100001000100111101100101011101001011001010110010111111101010111000000000000011001100000100010010100101110100010101110110101001010101000000110100011011000100101110101101110,False,False,False,True,109,0.03713059425354004,0.020598888397216797,0.015570640563964844,0.0009443759918212891
WhatsApp Image 2025-05-29 at 20.44.30.jpeg,1000101000011110101011111110000100100001011100011110010100000100000001111000111011011110101110001000111010101101100011000010000111011110100101000001100011010010100110100110100011011010110111101001100011100010001101111100101011011000010111101101111101100001,1100101000111110101011111110000100100101011100011110011100000100000001111000111011011100101110001000111010101011100111000010010111010110001101000001100001010010100110101110100011011010110110101001100011110010001001111100101010011000010110101101111101100011,False,True,False,False,20,0.027359485626220703,0.01281881332397461,0.013435125350952148,0.0010895729064941406
WhatsApp Image 2025-05-29 at 20.42.41.jpeg,1100100101101000110100110110100111010010011000111001110011011100001101110001110010010011011111001100100010010011111001001000110000110010000011000000110000010011100011011001001101110011110011001110011100110000110111111111001100110111110011000000011111001100,1100100101101001110100110110000011010010011000011001110001111100001101110001100010010010011011001101100010010010011001001100100000110011000011000000110010011011100011011001011101110111110011001111011100111000110111011101001100110111110011000000011111111000,True,True,True,True,26,0.033493995666503906,0.01813364028930664,0.014808177947998047,0.0005359649658203125
WhatsApp Image 2025-05-29 at 20.42.29.jpeg,1000100100110011110010100110111001001100011010011011110001001011000100111100110000110111000010100110010001111010010101001100100111111001000010111001100101011110010000001101010010101001001100011100000100100011011101111100001010011101111101101010101111110101,110011010101001111001010011010100011001101111001111100010010101110011010010011100001111001001010010001011111100001110001100110011111110000110011100011101111011001000110110101101010010101100100110100011010111000110001010011111111100000010001100110111,True,True,False,True,82,0.03778982162475586,0.02220010757446289,0.014950275421142578,0.0006194114685058594
WhatsApp Image 2025-05-29 at 20.44.37 (1).jpeg,1100010110000001110110000010101110010110111001000000001000011111000111110001000000101001111111111100011001000010110110111111101001110011100001011001111100000000110111110000011101111001100000010111010100001011101110110001010111011100000011100010110100111101,1100010011000001110110000001110010011110001100111000000011111110010010010000100100111101111110100110001000101111100101100010000101101001111111010011011110000011110011010000000011011110100001110111111001101000010100100000010110011100010010110100101100010101,True,True,True,True,97,0.023723602294921875,0.009829282760620117,0.013341665267944336,0.0005359649658203125
WhatsApp Image 2025-05-29 at 16.34.15.jpeg,1011110011110000110001110001110000001111001100111011010011000001000100110100110000110101001000100100101011001011111011011011010111101000100100111110011101101111000100100000101000010011110011011111100011110100111110001111010011000100001101100100010100001011,1011110011100000110101110000110000001111001100111011010011000001000000110100110000110100101100100100101011001011111111011111010111011010110100111100011101101110000100110000001000101111100010011111110011110001111011001111000011000000001101100001001100001011,True,True,True,True,34,0.033827781677246094,0.0172884464263916,0.015888452529907227,0.0006346702575683594
WhatsApp Image 2025-05-29 at 16.42.48 (1).jpeg,1100101000110101011101111011010000001101111100111100101100111111101000110000001110010000010110001001110000000100010011111100001001100010011011001100010100001111111100110011000010110011101111010100101011000111010011011010001000101110011010101001110001101101,1000001100010110000110001101001000110010000001011011110001101100110100000001010110100000010001011011100100110011011101101101010111100101010100000111100011001110110010110100111011100010000101101001010101010001110011100110000101000011011101111011100001000000,False,False,False,False,135,0.02724480628967285,0.012226104736328125,0.013869285583496094,0.0011327266693115234
WhatsApp Image 2025-05-29 at 16.45.50 (1).jpeg,1001010100110110100101110101001001001010001101011011010010001101001010101100100100101100110101011001010101001011010010010100101001011010101101101100001011011111101101010100010010111001111000100100100101101011100111010010010011011010110001010101011010101101,1001010000110110100101110101001001001011000101011011010010001101000011101100101110101100110001011001010100011011010110010101100001011010101101101100011011011111101101010100010010111001101100000100100101101011100111010010010011011010010001000111001010111101,True,True,True,True,22,0.031970977783203125,0.016569852828979492,0.014980077743530273,0.00040411949157714844
WhatsApp Image 2025-05-29 at 16.42.22.jpeg,1101010011100001111101011111000100101001000101100000111100001111110010111010111110110000101010100000111000001001111110101000110101110101111100100100110101110011000100010001111100110000111101101100110011000001100010110000110010001001101101101100110011000001,001100100000001011100100001100000101011000011101100000001111101111101010011001000011110110101110000010001101110101010010101001010110000110010000000100100000111001001110100000010100000101,False,False,False,False,91,0.03540682792663574,0.01818537712097168,0.01548314094543457,0.0017237663269042969
WhatsApp Image 2025-05-29 at 16.45.12 (1).jpeg,1000010101101100010110111101101011110101111111101001100110101100111011011100011011110011001111101001100110000011011011100110100010100101000101101101100110001001001010001100100100100100001100100101101100011001000000001000100101101110000100111001011100111001,110100011100110010001010010111101100110111010010111100001001001100001100011011000000101000110000011000111001111101100100101100000100001010001001101110010101001000010011000000110000111100110001010100111001110100011011000100011101,False,False,False,False,107,0.032959699630737305,0.016794919967651367,0.0147552490234375,0.0013937950134277344
WhatsApp Image 2025-05-29 at 16.45.51.jpeg,1101011011001001111111100100100100000010110010011000001111000001000000001101001101110000111100110111000110010011011101111111000001110111111100001111011111110000100100001000011010011100100001001000100011101100110011100011110011001111001111000101111000111000,001001100001101100011000101101011101001000101010100101100011000001001011000010011101110010111000101001001101000001111101101101111100100000001110001010110101001010100010100001011100000000001100001011111100001010000000100101010100001101001011010100001001100111101110111100,True,False,False,False,131,0.045786380767822266,0.028708219528198242,0.016004323959350586,0.0010571479797363281
WhatsApp Image 2025-05-29 at 20.44.58 (1).jpeg,1011010101011011111011010101101101011010101010101101001010100101101011101001010110101001010100110110100101010010010101010010101010010101101010010001001010010101010010101100100101100101011011010010110101010100100110101101001011010010010010101110010100101010,010010000011010000010001010000100011000101011101111001100010010100011010001110001011010001000000011011100000000001001101001000011010111101111001011100001101110000101010111111110100111010100000000010101100010010000001100101110100010111010011010000110100000000001100011101,True,False,False,False,123,0.020813941955566406,0.007644176483154297,0.012105941772460938,0.001046895980834961
WhatsApp Image 2025-05-29 at 16.33.36 (1).jpeg,1100000001000010011101101011010100101111001100010011100111001111001001111110111010010000011000101101000010110100010011100010000101100001110111000000110101011111101101000110111111100010100000001001111000000000111000101111110100011111110001110111110101010110,110000000100100001110010101101000011111110000011001011011101111100100111011111001001000001100010110100001011010001001111100001000010101111110000110011010111111110001011101010001000111000001111110101011111110001110111100100010010,True,True,False,True,69,0.03147411346435547,0.015824079513549805,0.014822244644165039,0.0008118152618408203
WhatsApp Image 2025-05-29 at 20.43.31.jpeg,1011111001011010100111100010100011000010101101011110000100110111001000101101101110010011110010010010000110100000111111001110011001101110011111010000011100111001000100110001101001111100101001001111011010000100100100110100101101000001111001110110001001110100,1011110000010000100111100010110011000010010111111110000101111111001101001001000110011011110000011010100111100000111110001010011001101100011111110000011100111101000100110001100001111100001001001111111010000000110100111100101101000001111001111110010001110000,True,False,True,True,38,0.03257012367248535,0.016158342361450195,0.015715837478637695,0.0006787776947021484
WhatsApp Image 2025-05-29 at 16.45.46.jpeg,1010101000000101111010000001111101010111011110000111010110011010110011001010101101110111011011100101110111011011110001100010100000010101010101110010011001110001100010001000110110110010011001110000111111111001100010001000010010011001000100011000100110010111,111010000011110010001011111000100010111100111010101110101011010101101000001110100100001101001000010001010010101110001110111100000011101100010000011100100010101010000100001111000101010101010101110110000110001001011100000000101000010001101110011111000011011011101001000011,False,False,False,False,127,0.02501368522644043,0.011022567749023438,0.012943029403686523,0.001031637191772461
WhatsApp Image 2025-05-29 at 16.33.35.jpeg,1101000010110111110100000011111100110100101110011000010110111001011000010110100011000010010010101001111100110010000111111110011100011110110110110010111000111111000000000010001101000000110110000110010010111100100000110111111101111001110000011001111011010000,00100111011110001010101110000100110010011111100101101101011010100100001000000010111101000101101010001011100101101010110000110111000000010111010001001100011101111010111001110011011001111110001111101011001110000011001001110001101010101101010111101010000111100000111,False,False,False,False,129,0.03467845916748047,0.01837944984436035,0.015181541442871094,0.0011010169982910156
WhatsApp Image 2025-05-29 at 20.43.28.jpeg,1000100010111010100011111001110100101000010101100100011011000001100000010000011011001011010111011111111111101110111010111100000101001100100011001000011101010001001111100011011010001110100010111100011110000110000000110100010101101100100010000111101111011111,1000000000110010100011101001010100001111000101111101000101000000100000111100011110001101110110011111111110000110100000111100100111000000100111101000110100010110001011001011011011001111010000100001101110110010011000000100000111001110101001000011111110111101,False,True,False,False,78,0.034792423248291016,0.019018888473510742,0.014853715896606445,0.0009033679962158203
WhatsApp Image 2025-05-29 at 16.45.47.jpeg,1100111101110011111010100100101110110010001011001001001101100110100011000100111110100101100010011011100100111000100111000101111111101000110010010100001001110000010000100011011100010001110001101011011000101100101010100010011010011010111100111001110011011001,1100111101100011111010100110101110110011010011001001001101100110101011000100111110101101100010011011100100111000100111000101111101101000110010010100001001110000010000100011011100010001110001100011011000101100101010100010001010011010111100111001110011011001,True,True,True,True,10,0.03146648406982422,0.0160977840423584,0.014968633651733398,0.0003840923309326172
WhatsApp Image 2025-05-29 at 20.44.01.jpeg,1100001101011111001111001010000001101011011100011000010001001111111110011011110101000011111000101101100000011101100111110011001000100101110010000100100100011111101111110010001011111000110011000000010010010011001101101100111011100000101100010001001101000111,1100001101011111001111001010010001101011011100011000010001001110111110011001110101000011111000101101100000011101100111110010001100100101110010001100010100010111001111110010000111111000010011000000010010110001000111101100111011101100000110011001001101100010,True,True,False,True,26,0.033248186111450195,0.017554521560668945,0.015033721923828125,0.0006425380706787109
WhatsApp Image 2025-05-29 at 16.44.10.jpeg,1000101001011111100101000111101100110101101001111010011110001100110101010001000011111001100001001000101111000111011010000101000010011000001011001100101111011111001000111001010010010100001011000011010011111111000011011110111101101000000110010001110101110001,101110111011001010111000000001000000000000110111111010100000011010111111101101011110111110100111100011001101011101010011001101111101110110110101101011011100011111000001011001100011011011100111100001001001100,False,False,False,False,97,0.02762460708618164,0.012478351593017578,0.013588190078735352,0.001538991928100586
WhatsApp Image 2025-05-29 at 16.44.33 (1).jpeg,1101001001100001100011100001101010101011100111101111110001100111010101011011100000001010010000110110111011010011100101010000110010110100111001000111101100010011110000111001110000011100010000110011001101111110111001001100000111010111110001111010010000011000,1101100001100001100000000101010010111010100111011001110111010100001111001000010000101111011111111110000101110100000000010010011000000101000001100110101001010001111011010001011000000001011011110100101011000011010010110110101000101111011,False,True,False,False,107,0.035875797271728516,0.019189834594726562,0.015413284301757812,0.0012564659118652344
WhatsApp Image 2025-05-29 at 20.43.32.jpeg,1001111011111110000111001110111001110000011011110001011111101011000101111001000010010010000101001011010100100110101001010010001011101100001010110110101001111111000010100110110010100010010010101011011011011000101101101000000001111100000101110010010111010010,110111101110111100001100011011100110100011001101000100011111110100010101100111100101110001100001101111010010011110101101011101100001010110110101001101111001000110110110000000010010010101011001011011000101101101000000001111100000100110110011011010010,False,False,True,True,106,0.037200212478637695,0.02136373519897461,0.01477503776550293,0.0010447502136230469
WhatsApp Image 2025-05-29 at 16.45.49.jpeg,1001010000100111100101011010010100100001001110100110001101101010001011010000010110001100100101011100101110111000100101110101101010010100011001111011110010010101011000011011110101001011011110100101111001000111110100100001010110011000101101011001001101111010,1001010000100101100101011010000101100001001110110111000101101010001011110000010110001110100001011101100010111011100100000101101010010111111001010110101110110101011000110011111101011010011110100101111001000110110101101101010100011000101101011101101000110010,True,True,False,True,43,0.03467988967895508,0.019001483917236328,0.014927864074707031,0.0007333755493164062
WhatsApp Image 2025-05-29 at 16.42.58.jpeg,1001001011110000110011100000100111100001110001000011011011001001100110110011010010100101111100000100110011001100001010110010010000100111101011001101000011110100010001101110100110101001101110001011010111111100010100100111110001001010011111110010111000011111,10001110110111111100001010101100111101100101011111011001010100000100111010011110101011010010100110000001010011100100111101001010011010011010011011001000001110011000100100001101001000000110101001000101100000100001001101000101101100100101000101,False,False,False,False,119,0.031801462173461914,0.01664423942565918,0.013905525207519531,0.0012350082397460938
WhatsApp Image 2025-05-29 at 20.41.53.jpeg,1001111111111111100110001000100001111000000100000101100111011000101000001000111100011101111111110110101001010001010011011010100110000010100110101001111000100111110101001000001010011100110110101110100001011101100011011011110111010100100000100001010110001110,10011111111110101000100010100010011010010101010101011101011101101011001000100000001011001011011001101011011101010100110100110111100001100010001010011100001000111101011010100110100111001111001000000001100000001011100100010010111011111011010110110001001110100101011,True,False,False,False,88,0.032227516174316406,0.016353368759155273,0.01490330696105957,0.0009541511535644531
WhatsApp Image 2025-05-29 at 20.44.12.jpeg,1001011010000000000101110110110101100011011110111110011011010011110010000111010101011010001001001101010110100000010010101110001010001000101111000111001010101000101001000010011110001000001111110010110100011111100011011010110101011001101111110010100101011101,10100000000000100000011001100101111001011001111010111100101000110001011101000110000000101101010010100110011010101110101001100110110011100010000011110011010100001101001010011001101001111110000110110110,False,False,False,False,96,0.02115321159362793,0.0076334476470947266,0.012000560760498047,0.0015048980712890625
WhatsApp Image 2025-05-29 at 16.44.01.jpeg,1110000010101000100101101010101010011111010001110100000100010101111000001111001101111110010111101000010110010000001100100010011111000001011111100011101001110001110001110011110100100101110010101010111011100001110101101101100101001010001010100011100101100110,001010111001011011100101000000000111000011101011110010101010100110000110010000101100000111000000100001101100010010001000111101011001111000100110100001110110101000000100001011010010111010111011011111000011110100111001101001111110000111100010000001110,False,False,False,False,139,0.04126715660095215,0.023210763931274414,0.016816139221191406,0.0012238025665283203
WhatsApp Image 2025-05-29 at 16.44.12.jpeg,1001111110000111111000000111100111111000001110001101001100000110001101001001000000001100011000010110001111000101110101101001100011001111000100111011100110110101101011001110111101100111000010100111101001100110101101011001000111011100100000101010011001101100,1000111110000101111000101111100110111100101110001000001100100110011001001010100000011100011100110110001101000100111101011001000010001110001110111011101111011001100010011110111001000110000011100011001011100111101001011001100111011101100000101010011001001100,True,True,True,True,48,0.033376216888427734,0.01814866065979004,0.014750957489013672,0.00045990943908691406
WhatsApp Image 2025-05-29 at 16.45.44.jpeg,1111111000000110101000000111011011000101111010101100011110100100100111001000010101111110000011000010100111011110011110001001100001100001111110101011001011010001000101101010101111000100000110111001101101010011010110111010001010111000000101010111000101011010,1111111000000111100000000101011010000101111010101101011110100001100110011001110101111110000111010010100111011010011110001001100001100001111110101111001001000001000101101010111111000100000010111000111101000111010110111010001010101000000101010111000001111010,True,True,True,True,26,0.03308868408203125,0.01682901382446289,0.0157773494720459,0.00046539306640625
WhatsApp Image 2025-05-29 at 20.44.00.jpeg,1011110010000111100001110001111000111010001101011100000101111000011100001111000101100001111011101000111001110001000111110000111100001111010100110011110010101101100000100100100011000110001100011101100101111110011001001011011110011001110010001000011001010011,11101001111100101101000011111010001110100111011011011001111100100110110000110001010100110000111010001110011100000111110100001110001000101100001110101000011010010111101100000110101011010010110001101011001100101011110011001001011011111011001111010001110011001010011,False,True,False,True,113,0.025816917419433594,0.011055231094360352,0.013679027557373047,0.001064300537109375
WhatsApp Image 2025-05-29 at 20.41.54.jpeg,1011001010111111101100101111110110000101110000011001011100100010110110001001101010011001001011000111100000100101000111101001011011011110100001110011110111111011011001011110100111000000010011000010000011000111000111001000000011000100010011110101011100001111,101110101111111110110101111011011000000011010101100110110100001010010100101010101101101000111110010010000001010100011100100101101101111100001111010101101001011001100100010110010000000011101100000011100111011000110100100100001000101010000110011010011110100000101001000101,True,True,False,False,80,0.030125141143798828,0.015026092529296875,0.014395713806152344,0.0006823539733886719
WhatsApp Image 2025-05-29 at 16.42.21.jpeg,1100101001010110110000011100111001100101011010000100011110010010010011101110101001111011001011000001000110001111011100101001110110010010010111100011011010000011011101111000000011100110001100001000100001110101101100110001101111001011001101101001110101110110,01010000000010000100101110001111011010101111100001001101001011110100010101001100100100010100001011011110001011101100011100000000010110110110100101110010110111100001111001010110000100111001100110000100011000001000011010001110111100011000001110110001011011011111001,False,False,False,False,128,0.029623746871948242,0.014265775680541992,0.01426839828491211,0.0010731220245361328
WhatsApp Image 2025-05-29 at 20.44.55.jpeg,1000011110001111100111100011100010110001011100011001011100010110111100001010001100010111101010101000101000110101000111011000011111101000101011010000111011010101110010101011101101101110010100010110001011001101000100100101010101011010011100110010101001100100,1000111000011101100111101011100011110001011100110001011100101010111100101010111000010000101001011101111000111000100010010111010100000100000010101100101011010111110011101100001001000001010111010100101101010010011001100100110101100010001011000101111000000010,True,True,False,False,97,0.022507905960083008,0.008967161178588867,0.012839317321777344,0.0006847381591796875
WhatsApp Image 2025-05-29 at 16.41.41 (1).jpeg,1010011100111101011011001100010010000010000100110011001011101100010000011101001110110101101001001010010100100101000000011000101111110000011101101010100111011100010010101001011101010110101001001101101110100101011010100111101101011101001010101100111100111100,00111111001001110011001000010001001110100000011000100101111010010011000111010111011111100000110010101100110001000111100110110011111010010101110001111000111010101001110001100011111110001000110011101001100011100000101110100111000001000100001111110000000100110110101110100100000001011101,False,False,False,False,119,0.026431798934936523,0.012198925018310547,0.013261079788208008,0.0009546279907226562
WhatsApp Image 2025-05-29 at 16.36.56.jpeg,1100100011010110001110010010111111000110011100000010001000000111100111101011001011101101111001011000100011011010011100010100001010001110001110111010010110101101000011100001011111011011111101001110100001000110010101111110100100011000000010111100001101100110,000101000111101111111000001011010111010000010000101101011000100000110001000100111111100010000110000010011100100000000010000110001100100111000110001011001111111010101,False,False,False,False,79,0.03574681282043457,0.018665313720703125,0.015151739120483398,0.0019156932830810547
WhatsApp Image 2025-05-29 at 16.41.43.jpeg,1000010101000010100101010100001010011100100101011000101011010101001010100101010110101010110101001010101010101010101010101010101010101010101010101001101010101010010010101010101010101010111010111001111011010100101010101101111010100100110101111001101101010101,110000000110011000011010010010000001111011101011111010100000000111011100011100101010000011001001101000111100001110111001000101011011000110100110101010001010100110110101000001101011100001100011001000000110010101110101101101111111111010010101101110001,False,False,False,False,116,0.03556942939758301,0.01839900016784668,0.015916824340820312,0.0012366771697998047
WhatsApp Image 2025-05-29 at 16.42.24 (1).jpeg,1000000100000100010101001010111100100011111010101000111111110000110000111000101100111110000000111001111100000101100101010101011001101001101011010111100010111011100101100001110110010101011101001011110100111100010010001101001111001010101100001011010110001110,0001111101001001011001001001000010010110001111101011111001100001000101101110110101000110011100101000111100110101100011010001010101010000001010101100010110000110100110011000111001010100010111111111010110110110011010010011100101001001011010101010011001010011,False,False,False,False,120,0.03451228141784668,0.017843008041381836,0.015522003173828125,0.0011305809020996094
WhatsApp Image 2025-05-29 at 20.43.07 (1).jpeg,1001000101000001110000101101000001000110111010010011010010101110100101010110110011100010000011001100100010011110100100001001011001100010001100011110011111101011100111001100111100111111001001100010011101111000110011100101010001011010111101100011101001111101,100000010110010111010100110000000111101001100111001011001100101010010010000010011101100001100100110101110100110000010001100010011101001011110011101110011111110011100100100011110111101110010011101111001100011101110010001011100111100100011111001110110,False,False,False,True,108,0.02904677391052246,0.013208389282226562,0.014810800552368164,0.001010894775390625
WhatsApp Image 2025-05-29 at 20.42.32.jpeg,1111101101001111011100111110111101000100100100110000010010010000100011010011000000101100011101001000101011111011100100101101111101111011000010110111111100001001100101110000001011101000011001101110000011111010011001011011000000010110110011000001111101001000,1111101101001111011100111100111101000100000000110000010010010000100011010011000000101100011101001000101011111011100100101101111101111011000000010111111100001011100101110000010111101000011001101110000011111010011001011011000010010110110011000001111101001101,True,True,True,True,12,0.04240584373474121,0.024985551834106445,0.0169525146484375,0.0004515647888183594
WhatsApp Image 2025-05-29 at 20.43.40 (1).jpeg,1010111111000000101101000010011011010000001011111101001010110101100000111101010010001111110100101101001000001011110010110000111110001011010011011100110100111100110011110010110110011101001101001000110110110100011111001011000001101000110100000110010011000011,1010111111000000101101000010011011010000001011111101001010110101100000111101010010001111110100101101001100001011110010110000111110001011011011111000110100101110110001110011110000011101101101001000110100110100111111001001000001100000110110000110110011010011,True,True,False,False,18,0.0252838134765625,0.01083230972290039,0.013596773147583008,0.0008382797241210938
WhatsApp Image 2025-05-29 at 20.41.57.jpeg,1100100001000111001111101001100000100011000111110111100101100101000001101011000110001011000010100111011111100100110011001111101001110011010001001100110110111001000111110001001111110001100110010011011001100001110011001100110000111011000101001001100000111110,11011111010001010011010010011000001110110000111001101001111001010000011010110001110110110000101001110110001001011100110011111010011100110111001110110001001110010011001000010000110100010000001110010010011011001100001110011001100110100111011100101001000000000111110,True,True,False,True,71,0.03587698936462402,0.020378828048706055,0.014840126037597656,0.0006406307220458984
WhatsApp Image 2025-05-29 at 20.43.30.jpeg,1000001011010101001111010010101001100010010101011111000010111101010101000000101000001111110000100001111110010101111001111110101011100000011101000011100111111010001111101101010100010111111010101010001010000101010100000001111100101111111100000111110000001000,1000111111000011000011111100001101110000011111111111000000111100000000000001100000011111000000010001111111000011111001111100011101000000111111000111100001111100000101111111111110001101100001111010000000010101000000000001111101111100111000001111111001000001,True,True,False,False,78,0.03386378288269043,0.01718735694885254,0.01589488983154297,0.0007646083831787109
WhatsApp Image 2025-05-29 at 20.44.01 (1).jpeg,1100101011111001101001000101100110000100110110011010010011011111101010000100001011001111001001100011011101100110010001110010001001110111000100011101111110110000110001110011111001100100010100011110001011010001001010101101110110001010110010100110001001100101,00000001001100111001010100001101000010000011001010100101000111010000111100110101100001000001111101000001101100001111100100110101111001101010111101011000100110001000110101111001010001001001101110110001011000011110110110100,False,False,False,False,110,0.027719974517822266,0.012682914733886719,0.013640403747558594,0.0013813972473144531
WhatsApp Image 2025-05-29 at 16.44.38 (1).jpeg,1110000011000111100111111101100010011001000001100100111001101001011011011001100101111001001001101011011001001100100110011001101110011011011011010110110010011010011001010010011010110010010011011001101011011000011001001100101010011001101100100110011000100100,1111000011000011100101111101100000011001000101100101111001000101111010001001101101100001011101101011011011001100110110011001100110011011010011010110010010010011011001010010011010100010011011011001101011011000011011001100101010011001001100110110011000100100,False,True,True,True,29,0.03020954132080078,0.014678239822387695,0.014980554580688477,0.0005340576171875
WhatsApp Image 2025-05-29 at 16.43.58.jpeg,1010111100110011110101100100010001010100110001101001100110110011010010000001110011100111100100000111001001100111111101000110111000011110001000001111001111011000100000111001011101011000111110001000110111011011010001111000110000111000011001011110001010000111,10101111001100011101011001000100010101001100011010011101101100110100100000011100111001110001000001110010011001111111110101111110000111100010000011011001110100001000100110010111010110001111100010001101110110110100011110001100001110000110010111100010100001110000010,True,True,True,False,12,0.0377347469329834,0.02134251594543457,0.01584792137145996,0.0005283355712890625
WhatsApp Image 2025-05-29 at 20.44.29.jpeg,1001101000010000110101011110111101010010011011011110000110010000011001001010100110101010110101101101011100110011100110101101100101100011010010000110101011011010110110010000000101011001011010010101110101100111011000110110100100101101100101000110100110101001,100110110111010011010100101111111100100001101001101101111001000000001001000000111010100101000000110101111101001010110011011000101110000010101111100001010101000111100111101000011010110011101100010101010010100,False,False,False,False,85,0.024721145629882812,0.009639978408813477,0.013516902923583984,0.0015492439270019531
WhatsApp Image 2025-05-29 at 16.36.52 (1).jpeg,1000110011000110100101100111100101100110011010011100110011100011010010101011011001100111110011000110110101101110100111000110011010011001110001010001100100111100010000110010110111010110011001101010011101110010100010110001100010010011001100010010001100110110,1000110011000110100101100111000101100110011010011100110011000011010010001011011101100111110011000110111101100111100111000110011010011001110001010011001100111000110010110010110111010110011001101010011101110010101100110001100010111011000110011010010101010100,True,True,True,False,26,0.03412985801696777,0.018418312072753906,0.01499795913696289,0.0006968975067138672
WhatsApp Image 2025-05-29 at 16.45.05 (1).jpeg,1001000101001001111001010111010111010100100101100100110101001010111001010110001100010001100111010110101001010010101101010011001001011100101100011010101001110100000100101010110001101110110100110001001101111000110110110110001010001111010100111001011111101000,00011010100001010110111000101011101011100110110100011000001000101011010001110010100100101011010000011001011011000011101010110101110101010001110100011011100010111111011011000101011100010001101110000010010001001010010101101010000011010001101101010101000101101100000,False,False,True,False,129,0.02631545066833496,0.012126445770263672,0.013158798217773438,0.0010135173797607422
WhatsApp Image 2025-05-29 at 16.44.06.jpeg,1100100110011001001110010010110101110100011011101110111011010011001101100101011011010010010010001110101101001101100110100010010010110001001101100110101011010010110100010001111101100100011100010011011011001111011001010000011010011010011010000010011001100101,1100011000111000010011100110000100011000110001111111001111001110001001101010110000111100111001001001000111101001100010010000101110001000000110110111111111001101011010110011000010110001100001111010000011110111110001010100110101110010011010111011001000111111,False,False,False,False,128,0.032572269439697266,0.01558828353881836,0.015830278396606445,0.0011363029479980469
WhatsApp Image 2025-05-29 at 16.42.56.jpeg,1010011001100110110110011110111001111001100110000100100110011001000000100001101110100110011000010101110111111101100111101010011100000001100001100110000001011010001011101011000100011111101001011110001001000110110000000100011001011101101110011011011110110101,0100000101011000110100001111001011111011010101010101110000011101000001011101011100000011110011000111000111001010000100000001010010100001000111011000010111001010000110100011,False,False,False,False,79,0.02434515953063965,0.008421182632446289,0.014124870300292969,0.0017848014831542969
WhatsApp Image 2025-05-29 at 16.42.16.jpeg,1011110101001010100011000111111110011110011000000101100100111011110001101110010000010110000111011000100110011001001101100100111011001001100100110111101110010011011000100100010000110101101100101000100001011001010111100110110110000011001101100111011100011001,1001110101011010111011000011111110001000011100001001100100011011100000100100110000010100101111111100101010011001011101100100111011001000100100000111100010010011011001100100010000111101101100101000100001011011011111000110100010000011001101100111011110011001,False,False,True,True,38,0.03407740592956543,0.01833200454711914,0.01499176025390625,0.0007367134094238281
WhatsApp Image 2025-05-29 at 16.45.14.jpeg,1010101111111001010110110010111101110110100001100000001010010010000101000000101111100011001011011001100011010001011010010010010010000100111101001011100101011000001111000001001100111010101101000101111001011010100111101010110111000110101010011100011111101011,1010101111111101010110110010111101110110100000100000001010110010000100000000101111100011001011011001110011110001011010010000000010000100111101001011100101111110000111000001000000111010101101000100111101011010100111101000100111000110111010011110011111101011,True,True,True,True,20,0.03683304786682129,0.019989490509033203,0.0164029598236084,0.0004246234893798828
WhatsApp Image 2025-05-29 at 20.44.10 (1).jpeg,1000101111011111001010100101001001111100001010001011010110101111011001001011100110110110100001001101011011010110100000100011101010110100001010010101100010110101100000101101110011011010110000100000100001110010011101111001111111011010010010100000001101011011,0001000101000010010111100100111011110001100101011010110101011111101101010000011101111101101101010101010111110011010010011000000101100010000010111000000100111101010100101001001000000010001001110,False,False,False,False,97,0.021635770797729492,0.007127285003662109,0.012927770614624023,0.0015666484832763672
WhatsApp Image 2025-05-29 at 20.42.36.jpeg,1111001001000110100011101111000111000111011110000011001010010101011100011101001110000110000011011000111000111001011101011110111001110100010011111000100110111000101001101010100101100110001011011101000111010010100000011110100101101110000001010101110100010010,1101000001000110101011100110111000000110011110000101000110010111001110001101011110000110010110011101011000101000011101011110111100110011011100011100110111011000011011100110101000000000001011100001000000100000010110010101000001001010000001101000010101011001,True,True,False,False,85,0.02850031852722168,0.01272273063659668,0.015010833740234375,0.0007503032684326172
WhatsApp Image 2025-05-29 at 16.45.19.jpeg,1100000011011110001001001111100100110111001000011101001100001100001000000001111001111101110100110110111011000111010110100011010011011001100000001101001001010111010110110110101101111000000011111101011001111100010011111100000001100111000110111010000000101101,1100000011011110011011101111100100110111001000011101001100001100001000000001111000111101110100110110110011000111100110100011010010011001101000001001001101010111010110010110101101111000000011111001010001111100110011111100000001100111000110011010001001101101,True,True,True,True,18,0.03512287139892578,0.0196380615234375,0.014905929565429688,0.0005633831024169922
WhatsApp Image 2025-05-29 at 16.44.39.jpeg,1011110000111100100010101100101111010011110000111110010100110110110011100011100010010011111000010010110010010110000101011000111001010011011100010110110010101100000100011001011100001110011110010110000110011001111100010011110010101100011010011101001011000011,111100001111010110001101000010101010001100001100111001010010010111011110101100101001001100011100001011010110110100010001001101000101001010101011011011001001000100010101011111000000111011110001110011011111100010100001111101000010000111101001011101110,True,False,False,False,92,0.03269147872924805,0.016923904418945312,0.014594793319702148,0.0011568069458007812
WhatsApp Image 2025-05-29 at 16.34.14 (1).jpeg,1100110110111001110010011001000110110111011000101110011000100110111000111001100011100100111110100110010001010011001111000100001000011111110111100000001111011101000000001111100100011000011110000001101100011111000110110000001101001011111100010100100110111100,11111011100111111000000001111011000001101110111010001100100011101001100111100111100011000111001001011000110110000001110011010100001101101101111111101001111011100110100111001111011111100001101101110011101101010010111000001,False,False,False,False,100,0.02450418472290039,0.01016545295715332,0.012960195541381836,0.001363515853881836
WhatsApp Image 2025-05-29 at 16.42.11 (1).jpeg,1100110010001101110001000010011100111100111001011000110111001001011000110001001111000010011101110101111011100000011001111010010001010001100111101111000000111111111101000011100111000111011010100110110011000000011111000101000100101010010100010000101111010101,011011001000111011001110001001110001000010110111101001011100100111000110000001111100100011111100110111001110000011000111100001101100010111011100000100001111111011100110111101010000111011000101010011001000010101010000101001010101,False,True,False,True,74,0.03670024871826172,0.020834922790527344,0.014868021011352539,0.0009815692901611328
WhatsApp Image 2025-05-29 at 16.33.44 (1).jpeg,1100000001110001110000000111000111000010100111101001011100001110011001110001111011011100000110000001100011110001111110001111000100111010110000111100011110001111110001111000111111001011000111001110011000011010100110001110010001100100111000111001100011100011,1110000101001100100000110001000011011100111001111011110011111001001100100011100111110011110011000000111000110011110011011001111000011100110000101110110011101011010111000110010111010010101111111111011100011110100100010011001100110101001110011001101001000001,False,True,False,False,117,0.034839630126953125,0.016847848892211914,0.017008304595947266,0.0009653568267822266
WhatsApp Image 2025-05-29 at 20.43.13.jpeg,1100010100001111100110110111000000111000101011111000110111000001001001001001101101000011101001011000000001000110011111010010100100011010000100111011111101101110010101101001001111101101111111010111100100001010010101010011010010111110010001010100000110011011,11000101000011111000101101110000001111001011111110101111110000010010010000111011001000111000010111000000011001100101110100101001011010110001001010101111111011101101011010010010111001011111110101100111001010001111000000010101000000110111000110000000011010010101010,True,True,False,False,52,0.0319819450378418,0.016759872436523438,0.014511346817016602,0.0006937980651855469
WhatsApp Image 2025-05-29 at 16.45.10 (1).jpeg,1000100110101000100010011001100110000001010101011101001111010000010100111111100001110011111011000110100010101000011110010100110110111101010111011101100000100000110101000011101011111010000101110111001000010011111001010001011001100111010011011110110110001010,10010111001110101000001100011000110010000110100001011000111011010110011100111001111010111101110000010000000110111011010101111100010110110010110111010110000000001100110110010010101011111100000110000111111110010101001101000001010000100000011110001001000110111000100,False,False,True,False,115,0.03167390823364258,0.01578664779663086,0.0149078369140625,0.0009617805480957031
WhatsApp Image 2025-05-29 at 16.41.37 (1).jpeg,1100001001010010101110010101010110001010110111011101101101100011111010111011110010100100101010100010010001101111001101010010110000110101101101100011010110000011011101001100101101000010110100101001000101011100100010110000100111101011011001001010101000110011,1100001110010010101110111101010110000000100111011101101101100011111010111011010010100100101010100011010001101101001101010010110000110101101101100011010110111011011001001100101101000010110000101011000100011100110010110000100111101011011000001010101001110011,False,True,True,True,21,0.03016042709350586,0.01506495475769043,0.014436960220336914,0.0006418228149414062
WhatsApp Image 2025-05-29 at 20.42.42.jpeg,1011010010110100101001001111010000001001111001010110001101010101111000110101100111000011010010011000011010011111001011100011101001011001100101101000100110110101110101100000100101101001100110110110100101111100011010000011100110010001111100101101001001100101,1001010010011100101001100111011010001001110011010111001101010101111000110101000111000011110010011000011010001111001011100011101001011001100101101000100110110101110101100000100101101001100110110110101100111100011010000011100110010001011100101101001001100101,True,True,True,True,16,0.032138824462890625,0.016777753829956055,0.014937162399291992,0.0004076957702636719
WhatsApp Image 2025-05-29 at 16.36.55.jpeg,1011001000000111100100000001111110001100110110010110101001111101110001111000011001110001010001111001000111110001001110010101011001100010001000101011011001100101011100100110000110110110100100010111100110111000000111001011100111011110100111001100111100100010,101100100000011110010000000111111000110011011010011010100011110111000111100001010111100101000111100100011111001000001001010101101100100110100100000110100100101010111101110000010111000110110100110111001001001001001100111011110100111001100101100110010,True,True,False,False,68,0.03386974334716797,0.018146038055419922,0.014796018600463867,0.0009107589721679688
WhatsApp Image 2025-05-29 at 20.43.10.jpeg,1110010100000100100001101101011010010111010110011110100011001011010110110101100110110001001001011010101100101100010100110010011000011100001111100011110101100010111001101001011011011101101010000011111001011101101101000001100011100001100000010111001011101001,1110010110000110100001011101011110101110100010101111100011011011010100010100100110011011001001011010000100111100010110100010011000011100001101101011110101100010110001111001011011011101101000000110110110011101101101011000010011110101111011000100101111000001,True,True,True,False,56,0.034212589263916016,0.01780247688293457,0.01578044891357422,0.0006132125854492188
WhatsApp Image 2025-05-29 at 16.44.39 (1).jpeg,1000110010110001101111111010110000110010110010111111001100111001011100111010110001011011101100010100101100010011010010110101001101110001010011000101010111010001110101010001001011001100010110100010001101011110101011001100101010110011000010101000110010001001,10001100101100011000111010100101001100011100100101011110110000011111000100111100001101101110010011111001100100010100101110010001111111010110000001101111001001010011000011100011100100000011100100100000110111010110110100111,True,True,False,False,85,0.028296470642089844,0.013084650039672852,0.014191389083862305,0.0010042190551757812
WhatsApp Image 2025-05-29 at 16.41.44.jpeg,1001110001100101101110000110001100110110100100101001001111100011001011000110100011010111101010010110101111010100100101110001001010010010111110000110110111001001100101101100000101100001111100011001011010111000011010100101100111010001001010011010111011010010,1001110001100101101110000110000100110110101100101001001111100011001011000110100011010111101000110110101111011100101101110011001010010010110110000110110110000001100101100100000101101001111110011001011000110010011010100101100111010001001010011010111001010011,True,True,True,True,18,0.030846357345581055,0.015413045883178711,0.015012264251708984,0.00040459632873535156
WhatsApp Image 2025-05-29 at 16.45.53.jpeg,1000101110001101100110100011100101110000001110001001001111001010100000100110011111100111001101011110110110011001001011000101100000011010011101101111001000100011010110010110001100100011100111011000110011001101100111100101111111001011010100100110010000110010,1000101110001100100011100011100101011000001110000011001111001010100000101110011111100111001101011110110110011001100111010101100001010010011101101101001000100011011100010111001110100101100011011000110010010000100111000100110101101011100100100100110010110010,True,True,True,False,37,0.024883508682250977,0.010622024536132812,0.013720273971557617,0.0005247592926025391
WhatsApp Image 2025-05-29 at 16.42.19.jpeg,1101011000100000100111010101100000011011011011111001001011001011011010111111010000101001001101010001100100111101110110101000111111011110000000010111000110000101000101100110100110101100100110101000100110110101000001110110000101101011101111000101100010110110,00010000111110000100010011111011011010100101001001011111110011110010100010100001000011100011011010111110010100011011011111001011000000001100000000111111001011110001110001000111100100110001000001101001010000011100111100110100101100100000100110,False,True,False,False,120,0.03564953804016113,0.01947331428527832,0.015040397644042969,0.0011191368103027344
WhatsApp Image 2025-05-29 at 16.43.00.jpeg,1100010001011001110011001111100011001100100010011100100110111000101000111011010101100011101000101011000110100110101011010010011010011101101001111100110010101111101011111110010011011011000101100111001110000010001100110110001000101001000000100100111011001010,11010100010111011101000100010011111010000001001001111011010000011010101101001000001000000100111100010110111000111001101110010100101001010001000000100001110110100101011000000001100001001000000101010000101000101101011111000,False,False,False,False,114,0.026755094528198242,0.011888742446899414,0.013450860977172852,0.0013995170593261719
WhatsApp Image 2025-05-29 at 20.41.52.jpeg,1010100110010000100001100101111110010101001011011101101001101101110001101011001111001001101010010101100101101100011010110101001011010010101101101011011011010010101101011001100111011001101010010011000001101010001100011100100010100100110010011000110100011010,10101011100101001000011001010011100100000011110111011010011011011100011010110011110010011010101101011001011010000111000001010011111000101101101010111110110001100001010110101101110110011110111000000100111000001111010001101111100100010100110110010011010100100110010,True,True,False,True,59,0.023641109466552734,0.009733438491821289,0.013282537460327148,0.0006082057952880859
WhatsApp Image 2025-05-29 at 16.44.31.jpeg,1001000100100011100011000000000111000000110000000111000000100011111110000000000011111000110000001111110001111100110110000001100101111100010000001110011000110100111110111001111110101111100011000101011111000111110001111110001110111101111100010110111111111000,111010111000100001001010110100100011001111101111000010001010101010000110100001001001000101111000100011111100000011100011001001001000100101010100100111111101111000010110111101000000111110101010001011000000000111100110100000000001111100110010100110101101100110111011100101,False,False,False,False,138,0.024512529373168945,0.010484933853149414,0.012971878051757812,0.0010390281677246094
WhatsApp Image 2025-05-29 at 20.44.07.jpeg,1011000011000001010101101000111001101111001100001100100000110011101011011100110010110011100000010001101100111111110110111110000000110100110011110110010011111100001011100010000111001000101111001101100110011000011001100011110110100010011001111001011001001010,001110111011000010111100011001001010010011110101101110000100000100000001011111101101110111101011010001110111011010101010111010110010001010110100000101000011000101100010001000001111010010101100001011111110100011001101111100001100,False,False,False,False,112,0.02549457550048828,0.010687589645385742,0.013475894927978516,0.0013151168823242188
WhatsApp Image 2025-05-29 at 20.45.00.jpeg,1001010110001011101000011100100100111010011101001011110010110101010011011011001001100001011001100111001001011100101110100110110110010110100001101001000010011010011010001110100111011011001000111110011100111011010110000000001101100010000111001110101111110000,00100101110000110110111101110100111000001010001111011110010010101011011001111100001010100101110101001000001101011001010110100100110100001001001001000010000101000010110000000101011010111111110111010111010110011101000000011100011001000101001110001110111100011111110,False,False,False,False,129,0.04260730743408203,0.025548219680786133,0.01584458351135254,0.0011947154998779297
WhatsApp Image 2025-05-29 at 16.42.51.jpeg,1100010101010011110010110010100110101101101111001011010001010110110010101010000110101101110101000111001001001101000111001011001000100000110110010100001001101100001001011001001001011000101110111100010101111010111000011110101011011111100000001001101101101101,1100010101010011110010110010100110101101101111001011010001010011110010101010000110101101110101000111001001001101000101001011001000110000110110010101101100100110001001011001001001011000100110111101010101100110110000011010101011011111100000011010101101101101,True,True,True,True,20,0.033119916915893555,0.017414093017578125,0.015247344970703125,0.0004410743713378906
WhatsApp Image 2025-05-29 at 16.45.13.jpeg,1101100111001000010110010011001101100100101101010010110001101101000100110011101110000111010011011111011110011011010110111001001000001010110010001000100101100111001011001110010101110001011110011011001101111011001001101101100000100110001001101101001100100000,1011001011001100010100110101101100011111010010010001111000110001111101000100101111001010101001001011100100011111100001101101011111110011001011010110100010010110101000110110111010001011010101000001100100100110101111101110010111101110100001101000001101100010,False,False,False,False,128,0.02977776527404785,0.014009237289428711,0.014598608016967773,0.0011506080627441406
WhatsApp Image 2025-05-29 at 16.33.42 (1).jpeg,1100000001010100101111001100011100001101110011000110000001100000000101100011001000101111100100110111001110111101111110000011000110010001011011110100011011010110001101011101011001100111110011010000111001000111000110001001100100110010110110110110100110011111,1100100001011100100001100110111110100111100010111100000010000011000101100010000101110011001010110111000110100011110011000001101110010011001111110110011011011110000101001101001011000011011110000010110001001101001010001001011110011100011110111110100010001101,False,False,True,True,82,0.038353919982910156,0.021643638610839844,0.015840530395507812,0.0008518695831298828
WhatsApp Image 2025-05-29 at 20.42.33.jpeg,1100000000011100110111000000011100110011111100010110011110001110110011110110001011011100111110000011000110001001001100101101110110100011001101000010101101000110011011000111000001001100111011001001101011000111100100111011111010110011000110100010010001111001,0100000100011000101110001010001101101010011001110100010111000111100011010001111110011100101110010011101110000111011101100100010011111110111011001111100111011000011000010011001001000001111001100001001011000111000001111000110100010011000110110010011101110001,False,True,True,True,87,0.03740334510803223,0.019524574279785156,0.017276287078857422,0.0005848407745361328
WhatsApp Image 2025-05-29 at 16.42.09.jpeg,1000000111000110111011100001100100111010000101010100000111101010101101000011100011101010100101110101101010101000100001011101001001101000000101011111101010001111100101011110100001100101001100101101100011011101101001111010001001101111100100011001100101010111,1000000101000110111011100001100100111010000101010100000111101010100101000011100011101010100101110101101010101000100001011101001001101000001101011111101000001111100101011110101001101101001000111101100011011101101001101010101001101111100100011001100101010111,True,True,False,True,10,0.028933286666870117,0.01344919204711914,0.014923095703125,0.0005447864532470703
WhatsApp Image 2025-05-29 at 16.42.58 (1).jpeg,1000111001001100101011101100110010100010110011011000011011011001000001101101110100100110100111011011111010111001101011101001000100111011000101010011100100010111100110010001011011010001010111101111010101111010011011000111101100111000001010001100000000100000,000101000010010000000111010110011110000111100011011010101000100110010100100011001111111001000010000001000011110101100010001110011111100010100001010100111010001111010101001010010010101001101101000111001100110010110110100111010100000111111011000110110,False,False,False,False,132,0.027890920639038086,0.01283121109008789,0.013866424560546875,0.0011768341064453125
WhatsApp Image 2025-05-29 at 20.44.36 (1).jpeg,1011001011001111101101100000111110101100000110011011110000011001100011000110101000001110011101000101101010101100011010010111010010110100011010000010101011011100101100010110101001111010101001111001000000010010000100111110101101010111111101001110101010001010,010000010100100001100010000000001001010000011100100101001000111000011110010001000110100100010011101010011101010110101001001010100101111100111110001001100000111111010000100000101000110100100100000101000001011001100111001110100011,False,False,False,False,112,0.027417421340942383,0.012351751327514648,0.013765573501586914,0.0012843608856201172
WhatsApp Image 2025-05-29 at 16.44.00.jpeg,1101011100000100100010000100101101001011111100000111110110000111100100000001110011001011111110110010010010000011101100100101111101011001111110001100010110000011001111100101111101110010001101001000110110100011111001100100100001111000001010111001010110110100,1100011110000100111000100000001101000111010111101001110110011111100101110101100011001011110000000010110010000111101000100111111111011000111011001111010010100011001110100100000101110010001000011000110110110011111001100101100001111000001010111001010110111100,False,True,False,True,53,0.030555248260498047,0.014913558959960938,0.014895439147949219,0.0007293224334716797
WhatsApp Image 2025-05-29 at 16.45.05.jpeg,1011001100110100100000110011001110001100111000111010110011001100001101001100110001011011010011001001010100111110101101011011001110101001001100111000101001111001011100101011111001110001101101011001010101000011001001001001110000101000011001011100101011100110,1011001100110000100000110011001100011100111010111010000010001100001101001100110001011011010011001101010100111111101101011011001110101000001100111000101101101001011100111010010001110001101101011001010101011011001001011001110000101000011001001100101011100110,False,True,True,True,20,0.03125,0.01568150520324707,0.014934062957763672,0.0006172657012939453
WhatsApp Image 2025-05-29 at 20.41.50 (1).jpeg,1011101010111010110000000101000011101001101000101111000101100111010011011100110110010000101010110101011101100111100001011100001111010001001100011010001001101111110100010100001110110101111000110101000101100011100100010110100101000101111010111000000101101011,1011101110110110110001000101101101101011101101001010110001001011010100011011011001101100010010011101001110100010000011000100100111110011111100001001100100000011001100001010100000011011110001111011011101110000110110110000100101000011111000001011101100001111,True,True,False,False,107,0.02321004867553711,0.010128974914550781,0.012335062026977539,0.0007288455963134766
WhatsApp Image 2025-05-29 at 20.42.40 (1).jpeg,1110100001110110100101110000101011010011101101010000110111100110011111000101100110110011000001001100011011101010000110000000010101111011101110000010011101010110111101001110111010000001110000011101101000011100101110001001001111100101111001100001011000001101,111010000111011010010111000000111011001100110001100010001111101100001011110110111011001101110010000011011000100011011100001100011001100001110111010110000100101111101111000010011010011101000110100000110010011111101001001110101111100011001111100001101101100100011000001101,False,True,False,True,108,0.032772064208984375,0.016571521759033203,0.015533685684204102,0.0006504058837890625
WhatsApp Image 2025-05-29 at 20.44.51 (1).jpeg,1110101000000000111000101001000000000111111010111101000101101000111101010111111000111000110110011010101000110110011011001000111111010110001001111100101111001001001111000010000010001010101000100111011111011001000001011111011011011000110100010111011000101010,00000000000111011001100011010001011111111011001101101101011011001000001100111100001100111001000010011001110001100100111011100101010111101111011000010010001100101010010100110101110110011101010111001001011001011000001100110110000000010111111111010101001000001010100,False,False,False,False,123,0.04918479919433594,0.029786109924316406,0.017760276794433594,0.0010612010955810547
WhatsApp Image 2025-05-29 at 20.43.33 (1).jpeg,1001111010010110101000010011001101101001011100111110011110000110001101011101001010000110100110101001111000111111100110100011100100111000001111111001100001100111100011010001011110011101011001110001111100100010000000011000011010000111000000101100111100100110,1001111000111111101001010111001101011000011110111110011110000101001101011101001010000110100110101001111010101111100110100011101110110010101111111001100001101111100000010001011110011101011001010001111100100110001000011100001010001110000000101101111100100100,False,True,False,False,31,0.027209043502807617,0.012688398361206055,0.013474464416503906,0.00102996826171875
WhatsApp Image 2025-05-29 at 20.44.09.jpeg,1101111110010001011111111111001000110110101101100100011111001111101100111101100000111100100000000000101100110011100101101100100100001110011100100011110010010100110110111011001010000011001001101001000000111001011001101100110011101100110000111011000100010000,1101101110110000100100001111101000100010111110100100011111010000110010100001111011010000000000010110001010010001111011111011011011010001110101001001101100110010100001010110101101110100011001101,False,False,False,False,94,0.0247342586517334,0.009620189666748047,0.01348733901977539,0.001611948013305664
WhatsApp Image 2025-05-29 at 16.34.13 (1).jpeg,1101000010100100100001011101100110000110110100100001110110100011010000101001111001100110100100001100010110101001111000100000111001100011100100101110000110011011101101010010110111111001110111000010010111101011111010011100100111011010011100100011010010110011,1100010010010000100001011111100100010010101101100011110011010001110010001011101111100110110000101100001100111010111100011101011111001001110010010010111011000111101111011100010011111101010100010010110111111100100001011000110000001100001,True,False,False,False,90,0.03599047660827637,0.019759416580200195,0.015001058578491211,0.00121307373046875
WhatsApp Image 2025-05-29 at 16.44.35 (1).jpeg,1011111100110111110110000000100011110001001110010010110011001110110100010000010110100011001101100001101010111001000101001111110010101100110011101111001000000000010111111110111100011110110110111100000100010000001111010111110100110110101001101100000000001100,1011111110011001110110000100010011011000000111000010111011100111110100010000000010110101100110110000101010011100000001101111111110101100011001011111001100000000010111111111111100001011110011011100000110010000001111011011111000110010001100111100000001001010,True,True,True,True,62,0.03411507606506348,0.018084287643432617,0.015425920486450195,0.0005879402160644531
WhatsApp Image 2025-05-29 at 16.34.20 (1).jpeg,1110010001100111110001110011110100111000110101011100011011000110001111000001100011110000110001101100000111000111110000110100110000001111100011001101111111100001110001111000100011110001110011000001100110001001111000000011100011100000100111111111110000110010,111001000110011111000111000110000010001111000001100011110000110000101110000111100110110000110100110000001111100011101100110011101101110001011000101011110001110011000011111110001101111000100011100011000011100010110001111100110010,False,True,True,True,96,0.03281211853027344,0.017043590545654297,0.014994621276855469,0.0007581710815429688
WhatsApp Image 2025-05-29 at 16.42.22 (1).jpeg,1001101111000100100101010111101010101101000010111001010111000100001011100011110111001100000110101100001110001101011011100011100111000110010111100001001111000110001100010001100010010011010101101111011110001111100000011001001101101001100101111010000111010100,0111000100001011010110110100000111001010100100011001101000000110110001000001000001000100101010110100010001101001010101001011001010000110110011101011000001000000100101000101011110111111010010000,False,False,False,False,95,0.025708913803100586,0.011456012725830078,0.01262807846069336,0.0016112327575683594
WhatsApp Image 2025-05-29 at 20.44.06 (1).jpeg,1111010000011111100100000100110001101010011100001000111101001101000111111001111100011111111100001100000111110000000100111100110111000001000000110010011101011000100000100001001001101101100110111001101110000111010110011111000111000110100111011000101101110011,000010001010101001000100111001100001000011110010101011111001011100011001000010110001101010011100110010100110000101110001010111111110100101111110110010101110101000010001100110001001111111010000101100010101101,False,False,False,False,97,0.035979509353637695,0.0199582576751709,0.014505624771118164,0.0015006065368652344
WhatsApp Image 2025-05-29 at 16.34.21.jpeg,1100100110111110111000101001111011100111110100111100100011100001101001001100000101001001110011100111111000111000110010001101011000100011010111111001110110101110011100100000101010100001100100111000010000000101010010010011110101100010001010011111111000010011,1100100110111110111000101001111011100111110100111100101011100001101001101001010101001000110010100111111000111000110010001101011000100011010011111001110111101110011010100001101010100001100100011000010010000101000011010011110101100000001010011111111000010011,True,False,True,True,17,0.03281235694885254,0.016877412796020508,0.015322208404541016,0.0005953311920166016
WhatsApp Image 2025-05-29 at 16.44.38.jpeg,1110100100100110101001001011011000010110100110110001101001011011111010010111010000000101001001010100000111011011011110100101001010000110111010000001011110101011111011110101011011101000011011010001111111001110001100000011011100001010110000000101001011101011,1010011001110101110101110011001101011001100110110010110001011101001100010001001000110001100011010111100111101010101111100011101101011001100101100000100100100100001000111010000011000111001001100110111110000110101101110111100100011111000,True,False,False,False,114,0.04010343551635742,0.022449016571044922,0.016387939453125,0.0012483596801757812
WhatsApp Image 2025-05-29 at 20.42.43 (1).jpeg,1000100001111001000111101111110101110111100001101010000100011110110000000101100101101110011110010110010110100111101100011010011010011011110100000001101011011001100011001000100111100110101001100110011100110111000000110011110110100001100010001101010110001010,1000100101111101100111101111000100110111100001101110000100001111100001000101100101101110010110000110110110100111101100011010011010111011010100100011101101010001011011001000110000000110101100101000001101111010111011100100100100101010000001010110101100111100,True,True,False,False,68,0.03305411338806152,0.017197608947753906,0.015002012252807617,0.0008378028869628906
WhatsApp Image 2025-05-29 at 20.43.40.jpeg,1010001110001101111101000111010010001111000000001101000101101110100111101111100111010000101011010011010101100001100010011100011011100000101001000011101001010111011011010011001000111110100111001100101011010110011100100010000100100110111001101001110011011001,1010001100001101111101000111010010001111000000011100000100101100101111101111100111010001100011010011011101110001100110111101001011100000101001000011100001000011011011010000001000111110100111011100101011010110111100100010100100100111111001101101110010011001,True,False,True,True,25,0.03678727149963379,0.020877838134765625,0.014949798583984375,0.0009429454803466797
WhatsApp Image 2025-05-29 at 20.42.37.jpeg,1000011101100111000111001011010000111000000010010110001111111000100001100110011101101100011011111100000111010001101100110001100001001110000011111110001001110011001111011001100011100011000011010000110111101110111101000011001011100011010011110011110000100100,110000110110011100011100101101100011010010010001011000111101100011000011011011110011110001101111110100011101000000110011000110000100111100101111111000100111001000111001100110001110000100001101111011100101100011110100011100100011,True,True,True,False,37,0.03119516372680664,0.015401124954223633,0.015018224716186523,0.0007610321044921875
WhatsApp Image 2025-05-29 at 16.42.13.jpeg,1111001111000100110001111110000010001110011111101101100010011110100110001001111101110001100000111111001100000001111111100000000011001110000010000000110011001001100010111101100110000011111110000001110000110110100111000111111000001100111011110000000111001111,00000010010000100010100010100010000000000110011000101111000000011100101101000110111011001100010111100010101010001110100111111010011011100001111101110101011000101000010101000001000000001110000001101101011000111101010110010101000110001101010100,False,False,False,False,119,0.0376589298248291,0.018800020217895508,0.017604589462280273,0.0012371540069580078
WhatsApp Image 2025-05-29 at 20.42.39.jpeg,1000110000011100100000100011111111010011001101110011000011101101101000001100110011000110110110000100111000110011011101011110001101001001110101101011111001010100001011101011010101001110101001001000010100101110001101010011100110101000001111011000101001011110,1000110000011100100000100011111011010011001101110011000011101101101000001110110011001010110100000100111000110011011101011010000001001001110101101011111001010100001011101011010101001110101001001000010100101110001101010111110101101100001111011010101001011110,True,True,True,True,14,0.037538766860961914,0.02081155776977539,0.01628422737121582,0.0004265308380126953
WhatsApp Image 2025-05-29 at 16.45.45 (1).jpeg,1011101100101100000111001110010011111011010101110000010011010000011100111001000010110001000010110011010000111001111010111001010100100100110011010110001111100010001110010110000001110100001010011110100110110110001011011101111001110110110110110000111001010001,100001010111101101000100000001111000100110110110001001000010000101001110100001100101011001111100000011001101101111110110011010011000110011001000001000010001101100100,False,False,False,False,84,0.028965234756469727,0.013738155364990234,0.013429880142211914,0.001783609390258789
WhatsApp Image 2025-05-29 at 16.34.24 (1).jpeg,1001110001110000101010001011100101010101110001100100001110001111101001111110011011111000111110010000111001110000001100000011111100011111010100101111000110001101110010000111000000110111111001011100100000011010110000111000011101101110100011100010000110011001,0001011101000100101010011001100101010101011110101101010000001001001001011110001011110000100010110100111101010000111100001010111100011111010100111111000110001101110010000101001000110111101001111101100000011010110001110010011101111100110000000010000110011101,False,True,True,True,53,0.03286123275756836,0.01725482940673828,0.01496267318725586,0.0006268024444580078
WhatsApp Image 2025-05-29 at 16.44.37.jpeg,1000000011011110010111110100011001101000101000000110010100110111011000110101010110101100110010100101010000011110101001111010100100111011000111100111100000100111011110111101110110001010010110101001010000100110011010110101101010010100110001100110001110101001,1000000011011110010111110100011001111000101100000110010100100111011000110101010100101000000010010101111000111110101001111010100100111011010111100111100000100111011110111101110110001110110110001001010000100110011010110001101010010100111000100110001110101001,True,False,True,True,19,0.03287506103515625,0.01738142967224121,0.014859914779663086,0.0006167888641357422
WhatsApp Image 2025-05-29 at 16.42.55 (1).jpeg,1100000111011000111111000011111111001111110000011001100100011100001100000010010101100101111011101100100111011111000111111001000101001100011001001100000110011100000010110011001100000111111000100111100000001100111110000010000011010011011011110000011111001111,110011001000111111010111101001110001011101000100111001100100000001000010010010010001000111010111110010000100011001000011010100001001000101010010100111010110111110111011000000000010000100001011010100010011100111000001110000101100000010001110000101111,False,False,False,False,119,0.032552480697631836,0.015710830688476562,0.0156097412109375,0.0012149810791015625
WhatsApp Image 2025-05-29 at 20.43.38 (1).jpeg,1110111000101101000000010000110111000000000111010110111010010101100000010000110101111111100011110011111110011001000111111001000111010001101010101011000011011011101001100101000000110001001000000111101110101010001001110011111100010110110101110011011011000110,1110111000101101000000010000010111000010000111011110111010000101000000010000110101111111100011110011111110101001000111111000000011010001001010101011000011011111101001100101001000110001001000000001100110101000001111111111111100011110110011110001111111010111,False,True,True,False,28,0.038822174072265625,0.022422313690185547,0.015359163284301758,0.001024484634399414
WhatsApp Image 2025-05-29 at 16.42.48.jpeg,1011111101101000101101101001010011010000100101010010100101101011000010011100000000110010111100100011110100001101100101000110101101111000000101101100111001111000110010011111110000100101001000101011011110000011001111101101010011110100000111111001101010100011,000110011001000011001101000001010010010000101000101011000000001010100110010101011001100110010001111010001001100001010010001000000010110001000010,False,False,False,False,78,0.02604532241821289,0.01075434684753418,0.013290166854858398,0.001987934112548828
WhatsApp Image 2025-05-29 at 16.36.57 (1).jpeg,1110000001011100100111111000000110110000101000010011111101001000010001110111111001111000001010111101111111000000010100000001011000011011100101111001011001110101111001000101000101101001100111101110101110101011110110010010001100010111011010100100011101000100,010001111101100001000000011010101011010110101100110111001101100101101101001000010010000000001010000000010001011101100000010001000110111000011101,False,False,False,False,72,0.034095048904418945,0.0169522762298584,0.015058755874633789,0.002070903778076172
WhatsApp Image 2025-05-29 at 16.42.24.jpeg,1101000000000100110111111110101100110101011011110110011001111011110010110110010101100001001100111001010101010000010110011001101000110001100000011010011010011001000111101100100010100111010010110000111001000110011000111100010100101111000011110110001111101100,1101000000000100101111111100111100110111011011110100110001111011110010110110010100100001001100011001010101011000010110010001101101110001100000111010011010010001000111101100100010100111010010100000111001000110011000111100010100101111010011110110001111101100,False,True,True,True,18,0.0326085090637207,0.016254186630249023,0.015784502029418945,0.000553131103515625
WhatsApp Image 2025-05-29 at 20.43.35.jpeg,1011101010000100101111011100001011010101010010111001011110101101000100101001010001011010100101111011101001011011110110110101001101110001001010100010001101110100011100000010110110111100000001011111011100110101011100110011000100100011100111010100000001010010,1011101011000100101111011100001011110101010000101001011110101101000110101001010001111010110101111011101000011001110110110111001101110001101010100010101111010100011100000010110110111100000001011111011100110101011100010001100000100011110011010100000001010011,True,False,True,True,21,0.025791645050048828,0.011437416076660156,0.013532638549804688,0.0008058547973632812
WhatsApp Image 2025-05-29 at 16.45.16 (1).jpeg,1101010111011010110101000100101010011001101010111110011100011101101000010101011001100011110111100110110001101011010010111010100001001011000101110101001001111110010101110101000000010100110111101001010010001111000001011000101010100111001000011100100100001101,110100001111111111011111110000001001101110000011111000000011110110101111100001100110000111000110011010000111100100001111101010000100101101010001000110111111100101011110100101000001010101001010010001111000011011000111011100111001000011100100100101101,True,True,False,True,83,0.03646206855773926,0.020061016082763672,0.01568293571472168,0.0007004737854003906
WhatsApp Image 2025-05-29 at 20.44.25.jpeg,1000111100001101101011011110111000110100111100100111010100101101110100111100101100101101100100111100111100110100110010000101100001101100110100100011010010000011110010100101100110110011010001001001110001100011001100110011100001001100110001101000001110110011,100011010110010110001100011110000001010011100010101100010101001110110011101011110011010010110001100001010001110100100111011010000101110010101101100010010010111000111000110010100111001100010001010011101001111101101000101010000111,False,False,False,False,100,0.024430513381958008,0.00963282585144043,0.013458728790283203,0.0013229846954345703
WhatsApp Image 2025-05-29 at 16.44.32 (1).jpeg,1011000111101110100100001101110010000111111011000101111000000100110111001011111001111101111100010101010010100011010101101111111110001010111011100001101101110111000010000010011101000010001001111010101000010101011100000001011100101100000100100100011000001011,1011000110101111100100001001010010000111111111000101111000000100110111001011111001111101111100010101010010100011010101101111111100101010111011000011101001111111000010000010011101000010001001111010101000010101010100000001001100111100000100110000011100011011,True,True,True,True,18,0.04016590118408203,0.024660587310791016,0.015135049819946289,0.00035262107849121094
WhatsApp Image 2025-05-29 at 20.44.36.jpeg,1001100111101111110110110110011010110111001110010100100011001100001001000110011001101001100100111000110011011100011011001100011010100100100110010110110110011000100100011001101100101101100011000011001011001001001100011100110001110010011011101011001100100110,11111011110110100101100100111011101001110101101111011001001011011010110001010010001001001001000111010000111100100110011001110001110001100111110000001101110010000111010110001101001111011010001001001100101000100110111110010110100101001001010001111100010000111001011,False,False,False,False,116,0.045838117599487305,0.026528596878051758,0.01765275001525879,0.001100301742553711
WhatsApp Image 2025-05-29 at 16.45.45.jpeg,1000011000110010011001101001101110011001010011000001100011001101011001101001001101100111001100110101101011001011110011110000110001100100011100000101100101100101000110011110010001110000100100110110011001110011100110110000110001101011110011110110111101110010,1001010101100010110010101001100100111001011011000010011001101001000000000001001100111110110100110110011011010011110010110000110001100100011100000110001011100011001100111011001001111000110011110110011001100001100010110000110001101011100001110110111001110010,True,False,True,True,66,0.03557133674621582,0.02004694938659668,0.014889717102050781,0.0006172657012939453
WhatsApp Image 2025-05-29 at 20.44.51.jpeg,1000000000000001000101111111101000010010011111110111101010100000010110111100000110001011000001111100111100010111110010001101111001101101110110101100011001011000101001010110100001111010011000010011010110101000010110110111111010110101001000100101100110111001,1000000101011111000111101000010100011011111000000111101001010100011110110000011100101001000111101100110100111110110011000011100011001001000011010010010011011101011100010110100110110110011011000110100110110100001100110100011000110001101011011101101101000110,True,True,False,False,107,0.02091383934020996,0.00763702392578125,0.012550115585327148,0.00070953369140625
WhatsApp Image 2025-05-29 at 16.33.36.jpeg,1010100010011110001101100101100001011011001100110000110001011001000001111110011110010000000100101001000011101100111011101000001001101100000011000111110010110010011111110100000011011111000011001101011111111100000000101101001100100101111110111111000101110101,1111001111001000100000001000010010100110001000000000001011100100101011011011000110010010100000011101110011000111000101100011110101101011101000010111101001000010101010010110000011001000010000000000000000100010000011101001000000110101001011011101111001111001,False,False,False,False,127,0.027713775634765625,0.013650178909301758,0.012927532196044922,0.0011186599731445312
WhatsApp Image 2025-05-29 at 16.36.52.jpeg,1001010010101110100101110011111011001011101011100110101010100000001111011111000100111010110100010001101010101000001010010111100010101010010000010011100100011010011010010001011100111000101010000011010011011110101000110110110111101001011010110110010110100101,00000111111000110101110000000001011010110111111010001111111101000000010000001011000101010101100010011110001110101010111000000100010010010001001001000010110101101101100011100111110110110111111110111101,False,False,False,False,105,0.026552915573120117,0.011271953582763672,0.013773202896118164,0.001493215560913086
WhatsApp Image 2025-05-29 at 20.43.04.jpeg,1100001001100111110001001110011100111000011001100001111100101000000111110001100011110111000100011110001110000011111000110101110001101001011011010010110011010110100010100101110011011010101100010011010010000011011101110001111101010001001011010010000111101010,1100000111011111110011001100111100111110011001100011011000101010000111100001100011010001100100011011000110011001110011001100110001101100011011100010011101110110100110100001110011011010001100010011000110001011011101011001110101000100001011110010000101101010,True,True,True,True,56,0.03005528450012207,0.01423954963684082,0.015366554260253906,0.00043129920959472656
WhatsApp Image 2025-05-29 at 20.44.34 (1).jpeg,1000110110011001010010101000100101010101010001011001011111100010100010101110100101100010000001011011011101000100100111001111111101011010100110110100001100000001101100011101010010011000011110110110111000110011011100111000111001011010010001110100111001110011,10001101100010010100101000010101010101010110000100110111111011101000101011101101011000100000010100100111011101001001111011110111010110001001111001101011100000001011001111110011101110010111001001100000101000110010100100011011001110110001000101101101110100100110111,True,False,False,False,60,0.03661632537841797,0.020799636840820312,0.014855623245239258,0.0009438991546630859
WhatsApp Image 2025-05-29 at 16.45.52.jpeg,1000100100000100001010001101011000111100011101000011100101111110010010000000101110000100101100110011111111001010011011111010000111011001011111110111000010111100111000000001111110001101011001010111011000000001100101101111110110011001010110000100101101010011,100000011001100000101000110100100001010010010000001110010100101110100011111111111110011010110010000111011101010111110111010010111000111000000001110110001101011001010111011000000000100101101111110110011001010110010100101000010011,False,True,True,True,97,0.033481597900390625,0.016627788543701172,0.016045331954956055,0.0007925033569335938
WhatsApp Image 2025-05-29 at 16.42.54 (1).jpeg,1000110011000110001111001001111001101101100111001100011011011001001101000111000101101011001000110111001001010110100111100011110101100011011110001001100110010110011101110011001110101001111110000001100001100011111100011011010001001100010010001000001101001001,1000010001100010001101001011011101101001100110011100011011011001001111000111100101001101111000011111001001010110100111100010111001100111011100100001100110000110011101110011001100101001111110000001100011100011111100011011010011001100110010001000001101001001,True,True,True,True,32,0.03199028968811035,0.016396045684814453,0.014894485473632812,0.0006830692291259766
WhatsApp Image 2025-05-29 at 20.44.05.jpeg,1100000111011100011101000000001100101111000000001101000111111100111101001001111111000011111100100001001011111110100011111001011100110000011011001101110010010111110110110110000011000110010011010011000110110010001001000100110000110001100100111101111001100100,10100000010100001010100110000110001001101010100000101011000001001000000100101101100111010111001011000000111010000101111111000010001101001010001010010010110101011110100001101100110101001100010010111100110100101000000000110111100001101100010111001110101011000001110,False,False,False,False,112,0.025760650634765625,0.011199235916137695,0.01344752311706543,0.0010976791381835938
WhatsApp Image 2025-05-29 at 16.42.50 (1).jpeg,1111110110011110010011001110010100111110110010001000101101101110110111111110000000000011001101111011001001100010100001011100011111001001110101100011101101011110010111101111000000000010001010110110000000011001111001001100000000010001011001100110100110111100,00101110011100100110100101000100100011100011001110000111011011111010000011000001011110111011101010101001110111011100000000100000110000001111001101110101111110000101010111001110011100100010001111111010110111100100111101000010111011100101101101,False,False,False,False,120,0.023139476776123047,0.009143829345703125,0.012741565704345703,0.0012383460998535156
WhatsApp Image 2025-05-29 at 16.44.13 (1).jpeg,1000001101011001010111001000000010000111010011001110101000111111110111010010011100101000110010000001001001101011110101010011011110101000100111011101100111001000010011011001111010100010001011110111010110010010100111010111001101001010100011000011011001101011,1000001101011001010111001000000010000111110011001111001000011111100011011010011101001001110010000001001001101010110001110011011111111100100111011101100101011000010011010010011010100010010101110110011010110111100111010010011101001000111111000010010001101010,True,True,False,False,42,0.03204846382141113,0.016407251358032227,0.014868021011352539,0.0007560253143310547
WhatsApp Image 2025-05-29 at 20.44.04 (1).jpeg,1010111001101010110101010101110111000010101000100010001111110110011011010101101001101000000010010001110001001101110000110111001010110001100100101110100010001011011001001110110101011010011001001001111100010011101100101011110111001100000111001011011011000010,10101010011001110110110011110000101000010111000000110111000100011001000011111010000010010111000001000011001010110000101110111101101000111011101101011100111011011111000100101001001110100010010011101000010000100101100110011010101101011100110110100010100001110000001,False,False,False,False,122,0.031093358993530273,0.015425682067871094,0.01457524299621582,0.0010747909545898438
WhatsApp Image 2025-05-29 at 20.42.00.jpeg,1000000111110001010000011111000100101111001100111001111100000111000011100100011011010100111011000010111011001100001111001111100001110001100010001000101100000100001110011100100101000110101110101011000101011111111101111100011100010011101100001011010100111100,1100000001111100011000000111011000110111100011101001101110000000001001111001100011011011000111010000011111110000001111110111111111101000011000110001010010000000001110001111001101100011011001111110000010000000101110011000101010101011010110100010101101100010,True,False,True,False,125,0.0399012565612793,0.02284693717956543,0.016203641891479492,0.0008337497711181641
WhatsApp Image 2025-05-29 at 16.34.19.jpeg,1000000001000011100111101111111100100100100001000010101001111111111110010100000101000110001111010011111111000001110000001111111111101111100000000001000001111111110111111110000001100100000111111001101011110000101100001000001111000111011111000000101000100001,10100001011010111001110101111111001001001000010000110110111111111111000101000010111000100111100000110110111110100000001010000011111111001101111000000110001000001111100110101111100010010010010000111101,True,False,True,False,76,0.031000375747680664,0.014743328094482422,0.015034914016723633,0.001207113265991211
WhatsApp Image 2025-05-29 at 16.33.37 (1).jpeg,1001110011001101101100100110011100100110011111110010110011001100111010011001100101011011100110110001011000110010000101001111011011100101100110001110110100000000001010110111011000001010010111111000001010011000011001001010000001111101001001100001111101101110,1001010111001101101100100110011100100110011111110010110011001100011010011010100100011011110110011001011010000010000101001111010011100101100100011110110100000000001010110111011010001010010111111000001010011000011001001010000001111101001001100001110101101110,True,False,True,True,17,0.031094074249267578,0.015229463577270508,0.01530313491821289,0.000545501708984375
WhatsApp Image 2025-05-29 at 16.44.06 (1).jpeg,1000010100010101010100101100101001001101001110111011001011000101010011010011000001011010100111111010011101100000010110011011011101110110000110011001000100100010011011100110110110010001111101010111011101011010101010000010011010010000110110010110111100101110,100001110001110001010110111000000011110011100011101100111000111011000111001110000101110001111001101101100110001111000001110001110010110100011011101010010001100001000100011111101010001010011010001100010110000110011110100111101100,True,True,False,True,88,0.03107762336730957,0.015347957611083984,0.014957427978515625,0.0007562637329101562
WhatsApp Image 2025-05-29 at 16.33.47.jpeg,1001010101110110010110000011011001101100110101000010011001101000110110110101010111010001000011001010000000110010100010010111001101111011111011001001001110000000010110000110101100010001110101100110010011010111111011011001011110100110111001011110001110110001,01101011000100101110010011011111101100000010100011010011100100101100100010001010010111001011100110010110010011101001011100110010101101111011011101100011011100110101110000010111010100010100000110101011110101101110101001010,False,False,False,False,120,0.035758256912231445,0.019471406936645508,0.014828920364379883,0.0014414787292480469
WhatsApp Image 2025-05-29 at 20.42.35.jpeg,1100110001100100001100011000110010001011001100110100110110001110001001101101100110011000100100110111001110011001100001100111001110011100100011000100110011011001001100110011001101101101101111101000110011001100110001000110011100110011001100110110011011101110,1100110011101111001110111000110000010001011100111100110010000000000100001101110111011100000000110011001111011100110011100010001100111001110111001100110000010111011100111011001011000100000101110111110111011100100000000000011101011111101100011000000010110111,True,True,True,False,81,0.03708004951477051,0.020748138427734375,0.015518903732299805,0.0007958412170410156
WhatsApp Image 2025-05-29 at 16.45.17 (1).jpeg,1001000011001110111110011000011010000101110000010110011001110011010010100001000100001111100110001010110000111100100110110101000001100100000110000001111011100011111100011100111110100111010110110100011010110110010110010111110100111101110000111110011010010100,1011000011001110111110011000011010000001111000010110011001111011011010100000000101001111110100001111110001111000100110010101100001100101000110010001111011100011111100010100111000100011010110111100011010010110000110010011110110111101110000111110011000110100,True,False,True,True,28,0.031229257583618164,0.015871286392211914,0.014807701110839844,0.0005338191986083984
WhatsApp Image 2025-05-29 at 16.33.46.jpeg,1001001110101000010100001010111011100100010011100001111100011010100101001110011010100101011000011011001100110001110111001001100000001001110001000100101110101001011010110110101001011101011101001101101001101101011000101001101000101110110101000110111010011111,1001001110101000010100001010111011100100010011100001111100011010100101001110011010100101011000011011001100110001110111001001100000001001110001000100101110101001011011110110101001011101011101001101101001101101011000101001101000101110110101000110111010011110,True,True,True,True,2,0.033231496810913086,0.016892194747924805,0.0158541202545166,0.00046944618225097656
WhatsApp Image 2025-05-29 at 16.34.25 (1).jpeg,1100100111011110110000010010001011100011011100011011011011000001000111001101100000001110111100110000111111110110100000111010110011100001001001010110000011000001101110000010000111111101001000000110011100111001011000111101100010011101111101100111100011101001,00111001011000101000111001001000011000001001111111101110100010000000001011110110100011101011001010001110111010000001110000000100001011011111101100101100111110001101100010111011011100010010001101110001011111010111011111110,False,False,False,False,96,0.03307795524597168,0.01683497428894043,0.014841794967651367,0.001384735107421875
WhatsApp Image 2025-05-29 at 16.44.31 (1).jpeg,1110011001100101010011011001010010111001100110010110011001110011100111100110011100101100110011001001000100110101110010110011101010011010110011000011001010011010011001001011001111001100111001010101100110100010001100110101100101000010010011110101110011000100,1101001000100110010111011101011010100000110110010110011000110011100110110010011000011000110011101001001001011001111001100001101110101000110101000011000110110110100101110011001110011110111001010100100000101000001110110101100100000100010011100101010011010010,True,True,True,False,68,0.03182864189147949,0.01636528968811035,0.014822721481323242,0.0006232261657714844
WhatsApp Image 2025-05-29 at 16.45.09.jpeg,1010011110111101000011011011111100101111001001100011001011000111111011001101100101010010000100001010100110000000110011001011111110100111001101110101011111000000010110001100101101000011001100011010100100001110101001101100001100001100100110010011010111011100,1010011110111101001011011011111000100111001001100011001011001111111001001101100101010010001100001011100110000000111001100011111110001111000001110101011111000000010110001110001101001001000110011010000100100111101001101110001100001100100110010011010111010110,True,True,True,True,28,0.03056025505065918,0.01532435417175293,0.014877796173095703,0.0003409385681152344
WhatsApp Image 2025-05-29 at 20.43.39.jpeg,1111101000010101101011111110110110100001011000101000011110111110110101111100100011010110000111101001111010101111100110101010110000001000000101011001100010010100000101110110000011010000000101011010100011100000101010101101000111011101010100101101101101001010,01111011101100010110111111001111100100011110001111000111101111111001111100100111110101101001111100011100101010011001001110101000000010100000000000001011001111010010001000111110100001011110000000100001011100001111000001010101111000111011111011100001101110101101011,False,False,False,False,93,0.025928974151611328,0.011362075805664062,0.013487815856933594,0.001062631607055664
WhatsApp Image 2025-05-29 at 20.44.27.jpeg,1101000110111110001101101110001101101010000110010110101110011000001110111110001101001101000111100011111001101110110010100010110001101101100111110110100010011101010000001001110100011001011100010010110000111000001110000011100101010100110011010010001011100100,1110000110011001011101011110000111011001001000000101001010101001110110110110001010001000010101001100110100010100101011010011010001000011101001011101101101010111110011011000101011011011000001011,False,False,False,False,89,0.02159404754638672,0.007939815521240234,0.012043237686157227,0.0015974044799804688
WhatsApp Image 2025-05-29 at 20.42.33 (1).jpeg,1001101100010110100011011000110101011010011010011000111011010010001001011011010001111001001110011110111001011010000101110100001001001100111110000110111000011100011001011000101101101000101010010011001001010101110010010110111011101110111010000110011100000101,100110101010010010101100110001000110011010111010011111011011111010011110111001011010100100010100111111011100111010010110101100010100011001011000001110011010101010111001001001010100110110010110111011001100111000110110010100010101,False,False,True,True,120,0.037896156311035156,0.01997518539428711,0.016815900802612305,0.0010883808135986328
WhatsApp Image 2025-05-29 at 20.43.09.jpeg,1100000000100100110001001101111100101111111111110110001010111110010101000000111110010101001111111010100100010111010000000101011100011010101110011101010110101111111101010111101000101111010111010010000110010101100000000010010001000010010010100101001101010010,1101000010100101110001001101001100101111001111110110011010001110010100001100111110010001011100111010100001111111010000100001111100010010001110010001000111101100111111001110111011101111011100110010001100010001101000001000110001100000010010100101001101110011,True,True,True,True,54,0.03144097328186035,0.0160677433013916,0.014852046966552734,0.0005042552947998047
WhatsApp Image 2025-05-29 at 16.33.37.jpeg,1011100100011010110010011101001010000110101101101001000010101101011000110000110110011100111011010101100011110010010000110111001001001100001100100011110100011000000111010010101110110101101011111011000011101101101000100100111011100010110101100110111010010010,010101111100000110101010110101001111100010001111100000001101010101000010110000101000011001111100000011011011010101010100011000101001100011010111011100101001000100100001000010001000011000101110000100100000000100111010000111111001,False,False,False,False,107,0.03335094451904297,0.016771793365478516,0.015252351760864258,0.0013098716735839844
WhatsApp Image 2025-05-29 at 16.42.57.jpeg,1000111110001101100101000000000000100100110000110110010011111111000100010110101110001001011011100111110111010001111011101101000011101111010010110100000011000010100000001111010110100100110001101001111010100001011111000110000111010110111010111000111101011100,001011110111011010100110100110000011111011001111110101111011010100110010000001111110101001001001100111110010110110101100100001110000100001110000001000100110010000101100011001111110001111010100101110010110110001101100110000001111,False,False,False,False,105,0.03204607963562012,0.016834735870361328,0.013851642608642578,0.0013439655303955078
WhatsApp Image 2025-05-29 at 20.44.06.jpeg,1010010011100011001110110111011110111011001110010111100110001000000010001101111001000111000000010011001100011101001100111011100010011110000001100100110011100111110011111110011101010110001000110000110000101111101101110001111101000001101000000011100000101011,1111010101001101000100100101011011010011101110000001101010000101011010010000011110001011010101010100000111011101001011010000000101010001110100100100010000011111000110010001101011111011000011111011011010100000101110011110100000111100111,False,False,False,False,118,0.029866933822631836,0.013992071151733398,0.014565467834472656,0.0012924671173095703
WhatsApp Image 2025-05-29 at 16.34.21 (1).jpeg,1000000010110000100111101011011111111100000010011110000001011100101001111111011110100100000010000101100000001001010110111111111101110011101000000011010001011001100001110000111111001011111101000111000010110000001101000000111111001110011011111100111101100000,100100000011011010000010101100101100001011011001111000010101011011100110001001101000011100111011010010111010100111011001100001000101101000111100010000010000100011100111001010110100111000111010010010110001101001010110111001100001010111100101100100100,True,True,False,True,104,0.032900094985961914,0.016569852828979492,0.015705347061157227,0.0006079673767089844
WhatsApp Image 2025-05-29 at 16.44.05.jpeg,1010001011011111101001101100000101011001000000010100101100100101100111101101010001000001010101010101011001101101111100100001000010010000011101111000110001100011011011011001100111111011101100110010000100110011101011010011001011011101011001101111000111011000,100000000100100110111000010111111001100110010111100011010000010101100000100011100001110101110011001111011101100000111000110101110001011001010101110100100110010111010010111010011100010100000101001011110101110010100010110111100111010010010111100011010,False,False,False,False,128,0.024821043014526367,0.010652780532836914,0.013033390045166016,0.001117706298828125
WhatsApp Image 2025-05-29 at 16.42.15 (1).jpeg,1000011111000011100001101001001111001010010110101100101101011011001010011110010010011001011010010010001011011010101101011101011000100111000110010110011011011110010100100011010000100010010111001001100011100011011100100111011111011001100101101010001100000111,1000001111000011100001111001001101001010010110101101101001010011001100011110000111001001011110010110001111011010100001001101011000100111001110010110001011000110010100101111000111001001000111001001100100110111011101100101111011001100110101010011001100100101,True,True,True,True,52,0.032021284103393555,0.016282081604003906,0.015112161636352539,0.0006108283996582031
WhatsApp Image 2025-05-29 at 16.43.59.jpeg,1000101011010111110011011010110100111011000101001001011100101101100011001101101101001110010110111011000100100100000110101001100001001100010101101001111010101011011000010101101100011011010011010111010010110010000011010101100111010010001001010010011011011010,1000101011010111110011011010110100111001000101101001010100101111100001001101101101001010011100111010000100100100011101011001101001000100010001101001111010100001011000010101001101011011010011000101010010101010101011010101100111111010001101010001011011011010,True,False,True,True,33,0.029289960861206055,0.01374363899230957,0.014992713928222656,0.0005371570587158203
WhatsApp Image 2025-05-29 at 16.33.48 (1).jpeg,1101010111100011111101001001101101011010011101011001011100001100100001011001101011011001010000001010100010101111011001011000001100001001110101110001101011110110110101100000100011010110010110110011110001101001100001010011100011000000101101101011110010000111,1100010010001010100010010000011010100100001101101011111100000110101101101110100100100011110100011001010101110010101000010000000011110100010111000110101101100101011100110111101111010001101101100111000111110011100111010101100101000100000010011010001101001110,False,True,False,True,134,0.03812432289123535,0.02088475227355957,0.01645946502685547,0.000762939453125
WhatsApp Image 2025-05-29 at 16.36.59.jpeg,1100110010000001101001000001000100011011011100100111101101100010110101100100110111000101011011010010000101111101001110100111011011001010100010000100011010101001001101010011011111111101010111101100101001010000000010101011001100110110101011011111010101101000,0100110010111001101011100001000010011001010110100010001111001100110101100100110011000101011001110010000111101111001110100111011011001010100000100100010010001001001101010111111111111101010100101100101011010000000010101010010000110110101011011111010101101011,False,True,True,True,40,0.03357720375061035,0.017892122268676758,0.015118598937988281,0.0005502700805664062
WhatsApp Image 2025-05-29 at 16.45.49 (1).jpeg,1001111111101101010011111111111010010111000111101100000000000100111000001000000000110100000101101000001110111001001111010110010101110001000001111111111010000001010011111111011101100011000111101011111000000100100101101111101100000001101110010110100010000100,11001000111001111011010111010111011110001011001011111001100011010110101101100010110110011100001010111001011100001110001111000000110100001111111100001100010100100011101011111000011110111110010011111010100001100001000011001101001010110110011111,False,False,False,False,126,0.030025720596313477,0.014490365982055664,0.01430654525756836,0.0012123584747314453
WhatsApp Image 2025-05-29 at 16.34.23 (1).jpeg,1101001001111110010100000111001111100000011100110100001100110011100110110011010111111100100110010001101110011011110000010010011001100110001110011101010011000011100110011100011101100111000110000011101100000110101110011000110100001110110010001100000111100110,110110101010111100000110010111100110010001100100110000110011101011001010000110100110011111100110011010001110000000001000000100000010000011100110111101001011111010001100011011010011010010110100111101110000100010010101000101000101,False,True,False,False,109,0.029102563858032227,0.01315760612487793,0.014617443084716797,0.0013120174407958984
WhatsApp Image 2025-05-29 at 16.44.34.jpeg,1000001011110000001101000100010100010111010111100001001111001110010010001111010111001101000001101001101000010100001110110111000101100000111011111110011010001111110010011111000000011101011101010011010000011110101101101101101100100100101011110100110100010011,100000100111100000110110010001010011010101011100100101111110101001110000101101111100110101110101110011110000010011011010000110000101100101000000010011010100100011101010010011011000000110001010000100110011001000100001101110010111,True,True,False,False,91,0.031047344207763672,0.015977144241333008,0.014062881469726562,0.0009903907775878906
WhatsApp Image 2025-05-29 at 16.45.15.jpeg,1100010111000001111100011100000100110000111000100001110001100110100011101100111000001110000111100010001000111111000000011100011101101110011001100110111101111000111111110000100001111111110001000011111100011001111101100100011111100000110001111011010000000100,1010010101010000111101001111011111010111011101101100110101000000001110111000000111011100110000001010010011111101001011110011011110000111010011111011101000101011110101110101101011010010110100101001011100100010001101,False,False,False,False,101,0.024161577224731445,0.009712934494018555,0.013030529022216797,0.0014023780822753906
WhatsApp Image 2025-05-29 at 16.45.04.jpeg,1010100100110011110110011010110111110110111011000010011011000100110111111011000110011011101101111000000001000101100100011100000010101010011101001100010110110101111111001110000011001110001100101101110100111011100010000101000010010010000000110011100100110110,000111100101100011011100011000110011001100111101111100010100110011010010101100111011011111111010101011101111010110110000010011100011011100001110100000101101010000010100001101000101111101000000001000001101010100001010011001010100,False,False,False,False,112,0.040860891342163086,0.023494243621826172,0.016005277633666992,0.001344919204711914
WhatsApp Image 2025-05-29 at 16.43.59 (1).jpeg,1011101110010011100001100010110110010001000100011111000010001011110101000111110101000011110100111010110101001101110110000011111101000100111000001011110100000001101011001001011001110111110000010000000111110110010000101001010101111010001011111111110100011000,1010100000011010100101000111010010010101101100101110000000111101110110101110000111001011000010101010010101001000010000011110001101000110110011111011010100111101111101011101001001110110000111110011111110100010000000101101100001101011110101001010000000111111,True,True,True,True,104,0.044983863830566406,0.02726578712463379,0.016905784606933594,0.0007953643798828125
WhatsApp Image 2025-05-29 at 20.44.54 (1).jpeg,1000110011101110101010001100111000101011011010110001011010100000010100101011000001101011001110111001110000111011100110001101111000101100101011000100110011001110000110100100101110100111001001110010001100110010100100101100101111000101110011110100101110010110,1000111010101010101011001100111100101001000010110011111100101000001001101111100001110010101100100101001100111001011011011001001111111001110110101011111001010100100101100010000011011110010101000000100010011000101110011010000000111011001000101010101011001011,False,False,False,False,118,0.027764081954956055,0.012936592102050781,0.013698816299438477,0.001111745834350586
WhatsApp Image 2025-05-29 at 16.45.11 (1).jpeg,1000100010011100001001001111011110010100001100011001110100110011100101110000001110010110110111011001010000000110100111110111001110011100010011011010100100101101100111110110001100111010010010010011101110101110100101000010111001100100110011000101001111000110,1000100010110110001001001111010110010100001100011001100100110010101001110100001110010110110111011001100000110110100011100101001110011100010011011010100100100101101011100110100110111011000010010011101110101110111101001010111001110000111001000101001111000110,True,True,True,True,32,0.03436589241027832,0.019794464111328125,0.01407170295715332,0.0004839897155761719
WhatsApp Image 2025-05-29 at 16.33.41 (1).jpeg,1100000000010000110011111111111100000001010111010111001000100010100101111111111110110100000000010111100010111010010010011001001101101001110101110100001100101100001100110010100010010100011111111001011100001001001001001011111101101000100100111100111011010011,11010000000110011101111111100100000011001110011001100000000000111001111110111001011000100011010101111000011011101101111110110010011000110110111001011000011100001000111010110000101000100101111011110011010000001001101011111111111000001010000011111011100101010000111,True,False,False,True,99,0.029888153076171875,0.013896703720092773,0.015053033828735352,0.0009210109710693359
WhatsApp Image 2025-05-29 at 16.42.20.jpeg,1101011110001011000000101101111001110110110011100100111011000000100100100011111110100101101010011100101101001011000011101011100101101101101100010110011110000010100011001111001000110101100110011111000101010010100110101100100011000010010100110001110100100101,1100011010001001000000101101111001111001110011000011111011000000101100001011010001101111101011011000101001101010001011100010110110011001111011011110001100000011100111000110010100101101100110000111001101000000000101101101111011100100011110000011110011100010,True,False,True,False,76,0.03120875358581543,0.015528678894042969,0.014930486679077148,0.0007326602935791016
WhatsApp Image 2025-05-29 at 16.44.36.jpeg,1001010010010010100101011010010100111101101001010011011000011010001000110010101111110101111001100100100111101010101101001011101001001001101010111011010010010010011010011011101110100110101101010100000101100110001010011110101011010100110100000110110011010001,100101001001001010000100101001111111100110001101001001100101001000001111000111111111000111000010000110000011101100110101110010100011001000110001110111111000111111101000011101100111011110011100100010000110011101000100111110001001,True,True,False,True,78,0.0363316535949707,0.02025461196899414,0.015038490295410156,0.0010225772857666016
WhatsApp Image 2025-05-29 at 20.44.26.jpeg,1001011010101010010010010101101100101101101010011001001010010010110101010110110101111010100101000001001101001000010010011011110101001010110110110101101101100100010010010101011101001001100110010110100101011110010101011110011001101000011010010110101001101110,0100010010111001010011001100001011010010010111100110101001010110010010001001010001011010011011011100101000101111110011111111101110000110001001110001010110111110000111001010110110110011010011110001100011001101001111010110010011011100110,False,False,False,False,129,0.024008512496948242,0.009002447128295898,0.013676166534423828,0.0013132095336914062
WhatsApp Image 2025-05-29 at 20.42.32 (1).jpeg,1110001010100001101100101010000101010011111000110110100101100010101001010101001010110001010100101011100101010110111101010100001001010110101000010111101011100101101100011010110100110000101011010101100011010001010111100110101001101110001100111110110101010010,111000101010100010111101010101010101111111110111011010000010101100000001000000100101001011101010100101000110101000101010001101010101000100010011101001110000101111101011100001010101010111010110101010101110001001011100011110010001,True,False,True,True,105,0.03248095512390137,0.01576375961303711,0.01592421531677246,0.0007765293121337891
WhatsApp Image 2025-05-29 at 20.44.31 (1).jpeg,1110010110001100101111010111100111110010011100101101011011000110010100111100100010100001100011111000111100110101110010100110111110001100101111000000100100110100111100011111001000011100100100001000110011100011011000001110001100100000110011101110010001000111,1110010010001100101111010111100111110010011100101101011011000110010100111100100110101001110011011000111100110101110010110110111110011100101111000010100000110000111100011111001000011101100100000000110011000001011100001110001100000000110011101110010001000111,True,True,True,True,16,0.025161027908325195,0.0108795166015625,0.013508796691894531,0.0007569789886474609
WhatsApp Image 2025-05-29 at 16.34.23.jpeg,1111110110000110100111110000011101000010011110011110000001111001001110101110110001011100010011101110011101010000100010101001000111010000100011110011111111001101000101101010101011000101000100101001010100111101101000000110111100101011100100100010110010100101,1011110101000101100111110000000101000010001100111110100110111110001110101110110101011000010011101110011101010001100010100101000111010000100011110111111110100110000101101010001011010101000011001001010100111101001010001110011100101011110000110010111010100101,True,False,False,False,42,0.030986309051513672,0.015192031860351562,0.01487112045288086,0.0009067058563232422
WhatsApp Image 2025-05-29 at 16.45.51 (1).jpeg,1101011100000100000101110100000011011110000000100011010100010001100011000011010101111101101010110011011101101000100111101011110001110010011100010100101001101110011110001101011101101010111111001101000110001011011100100110010010000111100110000011000111110011,11010111000101000001011100000000110110100110001001110100000100011000110010100101011011011010101100110111011010011000010010111000111100110110000100100010111011100110100010110010011010101101100011011001100011110101001001000100110001111001110000010101111100110000010,True,True,False,False,37,0.03128623962402344,0.015651226043701172,0.014842748641967773,0.0007758140563964844
WhatsApp Image 2025-05-29 at 16.36.49 (1).jpeg,1111000110000111111100001000011111110000000000000001111001111110111000011100011111000111100111100000000000000001111100000110001110001111111000000001000001100100111110011111100010000011111111111011100011100011111001100111000111000111100011111100000111000011,101011011011001000000110010110100111111110010001011110011001011100001010011101101110100010110011110100111010000101111100010111001010111010000011010011000000101000001010001000100110100101111010100001011011011,False,False,False,False,115,0.029076814651489258,0.013319015502929688,0.014230489730834961,0.0015120506286621094
WhatsApp Image 2025-05-29 at 16.42.20 (1).jpeg,1101100100110110110101001110101111010001010011011000111110011000101101111010010000100100010110010010110100100011001011001101110011111011001001111110101101000111110000100100110110001111101101100000011011110100000000100011000001110000110100110110000000101111,0010100000010000010001111110110111101000010100010111101010011011010000000101000100010110010001111100101010001100010110101001000100111001110101111101111111101110110011101010100101110110100111101,False,False,False,False,99,0.034219980239868164,0.0182952880859375,0.01428365707397461,0.0016262531280517578
WhatsApp Image 2025-05-29 at 16.41.37.jpeg,1001000111101001101001111011001001011001010100100001000101001101001011010000110111101010001011000000110101010110110101100111001010010101001001101001001011011001100101001010101111001110101111001111000011101101101011011100100111010111001000010110011101000100,1001000111100001101000111011010001001001010100101001010111000101001011010000110110101010001001000010110101010110110101100101001010010101011001101001000111011001110101001110101111001110101111001111000011101111101011011100100111010111001000010100011101000100,True,True,True,True,20,0.032665252685546875,0.017090559005737305,0.01506805419921875,0.0004901885986328125
WhatsApp Image 2025-05-29 at 20.43.30 (1).jpeg,1110011110110100101110000110000111111000011110001011000111111001110101000000110111100011000001101000110001110110001100100001100111111101111111001100010101110010100000000100110000000111000011000000110011001001001011100111000111011011111101111100001001100011,1110011011110100101110000010010111111000011110001011001111111001110101000000110111100011000001101000100101010100001101100001100101101101111110001100110101110100100100100000010000000111000011000001101000000100101001101011000101011010111010111101101001011111,True,True,True,False,43,0.032932281494140625,0.017369747161865234,0.014857053756713867,0.0006892681121826172
WhatsApp Image 2025-05-29 at 20.41.57 (1).jpeg,1110100110001100111011010000110011100101100011011010011100111001100100110011000101110011001100010111001100110011101101101011001111001100111001001100110011100110110011001100010011001100110011011001110001110010000100101001100101100011000110010111001100100000,111000011000110011101101001011000110010110001101101001110010100110110011001100110111001100110001011100110011100110100011110101101000010110011001110111011001100101000111101111001001100110110101110001110010010101111100010010011101000111101100111111101010011001101011101110,True,False,False,False,84,0.028577804565429688,0.012635469436645508,0.014949798583984375,0.0009765625
WhatsApp Image 2025-05-29 at 20.43.07.jpeg,1110111000110101100101001110101111010001011000101111111101010110100100000100100011001100100100001100010010011111000110011110000010001111101111110011011100000101011001110110011111000110010011101111001010100110100101001011000010011001000010100011100000011101,0000000101011000000111110000001111111010101100111100000011101111001111010000111010000000011100010010100111110011011010100011111101111101000111001101101110000010000111111111011110111011101101110010101100111101010001110111100010101011111,False,False,False,False,136,0.03668022155761719,0.019456863403320312,0.01589798927307129,0.0013096332550048828
WhatsApp Image 2025-05-29 at 20.44.59 (1).jpeg,1101001110001110100110000000110001001111011110100010110000010111000011100110000011000101000000110011010100001110001101000011110000111100001101101111011111100110111111001011000011011100101100001101100110011111011100101001100001100110111111000011000010011110,0110001101100010111101011100000111110010110100010011010101011110100010001010011000011011110110011000100100011010101010001010101011100101001110010000000001010100011010000011001000110000000010000,False,False,False,False,103,0.018482685089111328,0.005125999450683594,0.011771917343139648,0.0015707015991210938
WhatsApp Image 2025-05-29 at 16.42.14.jpeg,1001111010110010001011110110010111001100010111110011110110001011111000110100010011000100001001000101100010111011101000100101001000110101101101010100101001001010110110000001110010110101101001011010100011111010010010101110001110110011000101001110010011110010,1101101110110011101011101111100101111000011011110011110010100000001000010100010011001111100100010001101100011111101000110101000000110001001001010110100001001110001110000001110110100101101001011010101011111011010000110110000110110011000111001110110000100110,False,False,True,True,63,0.035558462142944336,0.019858837127685547,0.014886140823364258,0.0007960796356201172
WhatsApp Image 2025-05-29 at 20.42.02 (1).jpeg,1000111100011111011001001010000101101001111100001001111100011110001100001010110101000101110001101100110110001110100110000110010100110011011010010111001110011101100011000001001010011101011100100111011110101101100001100101100110001000010101100110000110100111,1000111000111011011000001010000100101001111100101001101101011100001100001010110101000001110001101100110111000110100110101110111100110011000110010101111010011100100110111001100110011100011100000111001111100001100001100100101010001000001110000110000110110110,True,True,False,False,48,0.03555893898010254,0.019040346145629883,0.01579904556274414,0.0007030963897705078
WhatsApp Image 2025-05-29 at 20.44.11 (1).jpeg,1000101101011011111101001100110111110100001001101011001011011001111100101101001101011001101011011100001101001100110010110011001011001101010000000110110110000011110011100010000111000110001011011000110001000111001001100010110001110111000111101000100100100110,11001011110111001001011101010100111011000011001001110010010101101100001001100010010100011010010111000011010011001000101101110010010011010000000101101001100000011100110000110011100001100011110011100011000100011100111000001010010110001100111101110001100101110010010,False,False,False,False,80,0.024522066116333008,0.009925365447998047,0.01351475715637207,0.0010657310485839844
WhatsApp Image 2025-05-29 at 16.45.58.jpeg,1100110111001101111011001101110111101101110011011000110011011100000111001011000000001100000010100101110010100110110011001000011011001110000010111000111101100001111111110100000110010011010110110100010000100001000000101001101111101010110000111010111100010011,1100110111001101111011001101110110101101110010011000110011001100000111001110000000001100000010110101110010100110110011001010011011001111000110111000111101101001111011110100000010010011010110110100010000110001000000101001101111101010110000111010110100010011,True,True,True,True,14,0.033997535705566406,0.01868748664855957,0.014893054962158203,0.000400543212890625
WhatsApp Image 2025-05-29 at 16.44.41.jpeg,1100000001001101110000011000001100111001110011111001010000110011000011100011100011100111001100101110110010011001010110011010111110011101100001001010011101111110010100110111110111001000011011110001100001001101001001110000001101011001110010011011110011100000,10001111101000111000111010100011001101101000000010011010111001100010101110101000110111110001111101100010000110101010011001110101000101000001000100000001010110001000000101001000110111100100111010100000,False,False,False,False,97,0.026912689208984375,0.011836528778076172,0.013538360595703125,0.0015223026275634766
WhatsApp Image 2025-05-29 at 20.43.36.jpeg,1110101000001111111101011011001000110001111110101001001011101101000100111000010111001100110101100101011000001001100011000101001010001010011101010011000110011010100110000101100111110110000110001000100110001110011100110001100111010111100010001110001101110111,11101010000011111011000110110010001100011111101010011010111011010001001100000100110011011101011001010110000011001100111000000010000011110001000011101010011000110011010100110000110011111010111010110001000100100001110011101100001100111001101100010001001111001110101,False,False,False,False,84,0.025719642639160156,0.011147737503051758,0.013493537902832031,0.0010612010955810547
WhatsApp Image 2025-05-29 at 16.42.16 (1).jpeg,1001000111111001111101001011001101010000110110010000100010010010000100001001100110011110111000001001111010011110110111011100101100011010000111001000110111101111101001100010001111101100000011110110010101111111010001100000011000001110001000100001011011111110,110001010100001000000001011110000100000001010001001000001000101001000100001100101000000101010100001100001001110100011010011110010110110111011101000011100101111111110,False,False,False,False,77,0.032711029052734375,0.015717506408691406,0.015137910842895508,0.0018413066864013672
WhatsApp Image 2025-05-29 at 20.44.12 (1).jpeg,1001011100101001101111001110010011011101010100100101010111110011101000101001010111001011011010011010001010011100010110110100111011001011011000111110100010000101001110110010011000100010010101111101110011101001101101010000000001010010011100101010010010110001,10010001101010111001000001000101110110111011111011011101111111111010001110101101100000010100000100100000100101100101100101001100000101011101111110010001111010011010111111100100011111110100110110100010100110100010010111111110110000001000010011111101110101011000001,False,False,True,False,106,0.022832155227661133,0.009360313415527344,0.012451648712158203,0.0010030269622802734
WhatsApp Image 2025-05-29 at 16.41.41.jpeg,1101011010101000100100001010111100010000010101111110011001110000011000000001111001101000000011111011101000010001110110101011010111111110100001110110011100001001011111111000000101001001101000011011011011101000001101001110000011001111011110100110011101011010,1101011010101000100100001010111110010000010101111100011011100000011000000001111101101000000111110011100011110001110100100011010111011111101010000110111010100101011001110000000110001001101111011100000011101000100111101110011011010111011110000110110111111010,True,True,False,False,52,0.03534364700317383,0.018154621124267578,0.016423702239990234,0.0007488727569580078
WhatsApp Image 2025-05-29 at 16.43.02.jpeg,1100000000111000101111110001011101000110110001111001011100001001101011101101000001001100111100001001001010100011011000111100010011011101010011001001111001111110000011101100100001110010000100111001101001110010011000011111000011110100111011010100001011111110,10001000001010000111101011000111100010001000110000110110101001011000010101110010111110001010011111011110101000011010000111000010110111001010001111010100110101010101001000011111001001101101101101100010,False,False,False,False,88,0.04209566116333008,0.022863149642944336,0.017557144165039062,0.0016598701477050781
WhatsApp Image 2025-05-29 at 16.42.47.jpeg,1010011001100111111001100001100100100111011010011000110011001100100110001100011011011100010001100010011100111001011000100111011011101001000011100101100100100001000010101101011010110101001110010110001110100011001001001101110111011011101101101011100101001001,1010011001000111111001100011100100100011001001101000010011001100100110001101110011011100011001100010011100110001011001101111001011101101010011000101100100100011000010101111011010110100001010010110001110100011101011001101110011011011101101101010100101001001,True,True,True,True,28,0.03112626075744629,0.015032052993774414,0.015649080276489258,0.00042819976806640625
WhatsApp Image 2025-05-29 at 20.42.01 (1).jpeg,1100000101011001110110011010010010100100101101101001001001001001011011001001011001000101101010011100101101010010110101101011011010100101010010101011101011010101111001001010101001101101010101011101101010101001010111010011101001100010010001011011001010111000,1101000101011111110010011010000110110100101101101001001101001001001001001001011001100101101010011100101101010011110101101011011000110100010010001011000001010100011001001010101001001000110001001101101010101001010111010011101001100010010101011010001010001000,True,True,False,True,31,0.03206133842468262,0.01623821258544922,0.015160322189331055,0.0006461143493652344
WhatsApp Image 2025-05-29 at 16.36.46.jpeg,1111101000001000110011011110110110000100110101100001000010100111100111011001101011111110000000100001001000010001111010111101110101011000010011001110111110100010000010010111110100110110000001111011101100111000010101001111111010010011001000011110100011011000,111110000001101111001101110011011010101111111001101001111110010000100001000000010001111010011101110101011000000011000110011100110011000000010111100100110100100001111011101111101000010101001101111010010011001000011110101011011000,False,True,True,True,107,0.04059433937072754,0.02259206771850586,0.017187833786010742,0.0007982254028320312
WhatsApp Image 2025-05-29 at 20.42.01.jpeg,1011010011011011100001011010011011011100000110111101001111100000010100110000101110000110011011011010000111111001111100110010110101110000010011100001100101000001111011000111001011001000100011010100110010010100010111111111001101111100001100101010011000010001,10110100100110111000010110100110110111000001101111010011011000000111001100001111101001100100010110110001111111111111001110101101000000001110010010000100001000001001001101010100011011011011000110011010000010010111100010111111111001101111100000101101010011000011001,True,False,False,True,78,0.03217911720275879,0.016514062881469727,0.014909982681274414,0.0007376670837402344
WhatsApp Image 2025-05-29 at 20.42.42 (1).jpeg,1101111001001101111010010111001011000001111110101001011010001101001101111010001010101101101000010100110000111101001010010101100010110001010001101101001110100001010010100011000000110101100111000010110011001101111001100010111100100111101101001101100000110101,111011100100110111001001001100101100000111111010101101101000110100110111101000010100110010100001011011000001110100101001011110001111100101001110100100111011000001001011001100000111110010011101011001011000110101101110010111111010,True,True,True,False,35,0.035852670669555664,0.019366741180419922,0.015630006790161133,0.0008406639099121094
WhatsApp Image 2025-05-29 at 16.42.51 (1).jpeg,1001010001010111101011000010100001001111010101011011111111101010110000111101010100111101101000101100100000001110011111010001010100101100101010101110100101010101011010101010101010010001010101101110001110101000010100000101011010001101001010000111001011010111,1000100101001011101101001011010001010110110101101010100101101001110101101101010000110110100101101100100101001001011101001011010000101100100110101110100101101001001101101011011010010001010100101110101101101001000101001001011010001011000010100111101101101101,True,True,True,True,78,0.03220248222351074,0.016764402389526367,0.014929533004760742,0.0004916191101074219
WhatsApp Image 2025-05-29 at 16.41.33 (1).jpeg,1101100010011001010011011010111011110010011100111010011111100110000110001000100011100111010101110000100010101010111101110101010100000000001000101111111101010101100001001010011001111110110110001000000000010101001111111011101111000000010101010011110011101000,1101100010011001010011011010101011110010011100111010011101100110000110001100111010100111010101110000100011101010111101110101010100000100101000101111111101010101100001001010011001111111110110001000000000010101001111111011101011000010010101010011110010101000,True,False,True,True,13,0.028858423233032227,0.01284337043762207,0.01532292366027832,0.0006763935089111328
WhatsApp Image 2025-05-29 at 16.41.31.jpeg,1011100101110010101110011100100111100000101110011010011010010111000001111000011001000101011011101100100101111001111010001000011111101110011110100100111001001110000001100010001100001101100101101111000000110001100011100101010011101100111100100000011110001101,001011010001000111111100111101101101001000110110001000000101110111001011000101010010100001001010001010010111001110001100000110111101011000000010001101001101011011101000010001001000010101,False,False,False,False,88,0.03157639503479004,0.015261411666870117,0.014649391174316406,0.0016512870788574219
WhatsApp Image 2025-05-29 at 16.42.23.jpeg,1100110111010100110000010000011100110101001011000010010011110111010110000110000100110110100011110010011110010110100101100111100011000100101011110101110000110010110110001010111000010011011010011001111110011101110110011011011001100010111011010100000010010001,11011101110101001100100101000111001101010010110000100100111101110101100001100000001101111000001110100111100001101001011000111000110000001110101111001100101001100101101010101111001000110110100100000011001111110011101110110001011011001110010011010010100000010010011,True,True,False,True,46,0.03344368934631348,0.01695561408996582,0.015888452529907227,0.0005824565887451172
WhatsApp Image 2025-05-29 at 20.44.03 (1).jpeg,1000111111111101100000000101010110110100001100101000111010101011100000010100101010011000001110101000010110111101000010101111100001111000011110100011000010000111011100101101001111010010010111011100101110000111010011110010010110001101000011010111110000110111,100010101011000001001100001100011010000101100001001111001100010100001011011000111110101001010011100011110110000011101110001010010010011111000111101111100100110100011010010110001010000111011110000001010110001001010010001001110111,False,False,False,False,113,0.02669811248779297,0.011441230773925781,0.013892173767089844,0.0013473033905029297
WhatsApp Image 2025-05-29 at 16.34.16 (1).jpeg,1011100010010110111101100100110100011110000110010010000011000010101101110110010111011111000000010010001011111110101111011111010001010010001000111100111001011011001111010001010010010110011010000010100110010011110001110010110001011100110010010011101100110010,1011100010000110110101100100111100011110000010110010100011100010101101110110010111001110000000010000100111111111101101000110010001010010101000111100110100011011101111000110110000010011111110101011101110101111010101010001110011100110111110010001100011010010,True,True,False,False,59,0.031189680099487305,0.0153350830078125,0.015089035034179688,0.0007483959197998047
WhatsApp Image 2025-05-29 at 16.33.44.jpeg,1001101001010010110110100000001101100101101011111010111111011010010110000000110010100000000111111000001111111111010110110110000010100101000000010101100000011111011011010111110010100100101100001001001111010010110010110000011100100110000011111001110111011110,1001101001010011110110100000001101100101101011111010111111011011010110000000100010100000000111111000001111111111010111110110000010100101000000010101100000011111011011000111110110100110111100001001001110010010110010010000011100100110000011111001100101011110,True,True,True,True,12,0.03204607963562012,0.015660762786865234,0.015956401824951172,0.0004119873046875
WhatsApp Image 2025-05-29 at 16.36.46 (1).jpeg,1101101100100010111100101001101000100101000111010010110001110100110110111000101001110011010010010010000010111111100111011011010010100111011000010010101101001001110110001010011101011100111110100010011000110000100010011000011101100011010011010101101001111010,11011001011001011000000010011110001001011011101101011000011001111101100110011110101001110100100100000000101101110101100110000110011001110110010110100010110110001101010010110111000111110100100001100110000110011111100010010111001001111110000001111111011010100000101,False,True,False,False,75,0.03517413139343262,0.01945948600769043,0.014806270599365234,0.0008916854858398438
WhatsApp Image 2025-05-29 at 16.44.04.jpeg,1100000011111100100101101011001110111111001000110100110011011000100010111001110000000111001011010010110110101101000100010011111000010111101100000001101111000110000100110110011100110011011100010110001101011100010011000110011001101001011001110100011101110001,11000100111111101001010010011001101111111000000101001010111100101000101111011110001001111000100100001001000011110001000110011111000111100110111110011000001101101000110000100110010001100111001111100000000101101011100010011110111011001100000011001100100011101100101,True,False,False,False,94,0.033937931060791016,0.018167495727539062,0.014858007431030273,0.0008950233459472656
WhatsApp Image 2025-05-29 at 16.44.03 (1).jpeg,1100010001110100100011010001100101101000011111101000110110000001110110100010111100100000101110100011110001001000110010101010001100110101010110000101101011100111110011110000100001010000111111010110111110000011101111111111111001000000110000010011110000111110,1100010100110000100101100001010101101010011011000110110110000001110100101001011000100011011010010110110010010001110101101001011001110001011010010111100010110111111011111001001001010001011011011010101110010110001101111011101101000011100000010011111101111110,True,True,True,False,76,0.0270383358001709,0.01272130012512207,0.013643741607666016,0.0006566047668457031
WhatsApp Image 2025-05-29 at 16.45.12.jpeg,1000000000111111101111010110010101110110100100000111100011101100000011001011000100010110000011101000001111110011100100011000111000111100000001000110110010111001010100100001101000011111000010110011011111000111110011111011000100111011001110001010101111101110,1000000000011111101111010110010101110110100100000111100011101100000001001011000100000111000011111000001111100011111100011000101000111100100101100110100010111001010100100001101000011111000010110011011011000110110011111011000100111011001110001010101111101100,True,False,True,True,16,0.03410816192626953,0.01845097541809082,0.015057802200317383,0.000583648681640625
WhatsApp Image 2025-05-29 at 16.42.49.jpeg,1001011010110101111001101011010110010110100000111001011011010110011001001101011001011001001010010001001001011000001101101100111001001001100101000010101001100010111010011111110011101001101100011110000010100000111101101101000111110100110100101101001001101001,1000000011011001011001110100000010000011001010111100101111110101010100111001111001001001000100010010001010110000111100010011110101011010110011011011001111000111001111111111111011011000100000001100101010000001111011001001100001110110100001100101110101000110,False,False,False,False,110,0.028453588485717773,0.013447999954223633,0.013854503631591797,0.0011341571807861328
WhatsApp Image 2025-05-29 at 20.44.58.jpeg,1100000111001001110001100111001010010111001111010001101000110011000110100110011011011001110010010110111111101110110011010001110010001100101100010100110011100001101100011100000100110011010011100111101000011100011001001001100110100111110011100101110001100000,011111000111101000010001000100000110000110101000110001111011100111001001100100111011011011010010101110000000001110001001001011001111001111011010010000011000000000001110110011011000000101111100000101100000111010000101100110110111,False,True,False,False,124,0.053966522216796875,0.03444266319274902,0.017787694931030273,0.0011868476867675781
WhatsApp Image 2025-05-29 at 16.42.17 (1).jpeg,1101011001001100100111101100110011100001001100111101110101110011111000110001001011110010010001001011010110001100101001001010000110111100010011000010110100110111101111110000000010000111101111001000110100100100100111110001101110101001011010011000001111001001,100100010100000010000100110000001111010001101110110111000111000000101000101100101001101100010110111001011110000111110101001010110010110001010011000010100000001110100000011100001010100011000010110001011001110000100010110010011101,False,False,False,False,101,0.03400707244873047,0.01781773567199707,0.01479959487915039,0.0013728141784667969
WhatsApp Image 2025-05-29 at 20.43.27 (1).jpeg,1101000010010000100001011111100100010110100100100001111011010001110011001011100011100110100001100100001101011011111000011011000011100101100101000110001111011110111000111110100111101101111101000011100111101110101000011101101101100100011010000010000100100011,1100010010010000100001011111100100010010101101100011110110010001110011001011100111100110100000100100001100010010111000011001000011100100100111010110001111011110111000110110111011101101110111000011110111101011111000011100101101100110011010000010000100100011,True,True,True,True,30,0.03303265571594238,0.01783466339111328,0.014839410781860352,0.0003409385681152344
WhatsApp Image 2025-05-29 at 16.36.50 (1).jpeg,1100000100000110101001001110111010011011000001110000101111001001001110100100011001111001101101001110011101010110101000110111000010011100010100110110100101101000011000000101111000001001111100111110100011101100101110110110001110111000111110001100100100101110,1100001100000111101001001110010010011011000001110001101111001001001100100000011001111001100100011110011101010110101000111101000010011100010100110110100111100000011000000101111000001001111100111010100110010101101111010110111010111100111110111100101100001111,True,True,True,False,32,0.033078670501708984,0.017606019973754883,0.014830589294433594,0.0006263256072998047
WhatsApp Image 2025-05-29 at 16.34.16.jpeg,1100011110100001001011000001100101111110110110011100001101100001011010101101010010000101101001000011111010001011010110111111010100100110011001001011000111001011010111000001100101111001001101110010011010110100110010111001100001011011000010101011011000011100,1100011110110001001011000001100101110110110110011100001101101001011010011101010010000101101001000011111010001011010110111111010100100010010100001010000111001011011111000001100011111001101111110011001010010100110010111001100001110010000010101011011010011100,True,True,True,True,22,0.029832839965820312,0.014592409133911133,0.014821529388427734,0.0004019737243652344
WhatsApp Image 2025-05-29 at 16.41.39.jpeg,1111101000110000111110001111100101011000110100110000101011000111111011000000011101101100011100000010000011111100100001010100011100111001000111111101101100011111100000110111100001111000100011100001111100001110001110010001100000000101111100101011110001010011,1110001011111100111110101111100101011000000000111001100010000111101011000000011100000111111100000010010011110100100001010100011100111001100111011111101110001111100000110011110001011001100011100001111100001100001111011011101000000101111100101010111001010011,True,True,False,True,39,0.033284664154052734,0.017827272415161133,0.014902114868164062,0.0005385875701904297
WhatsApp Image 2025-05-29 at 16.44.42.jpeg,1101001001010110011000111011101100011100011000000011101100000110101101101001110110000000111110111100100001111110110000011100001101100000001111010110100111100010100100011001111100111000011011100101101100010001100001001111100100101110100001011111000011011110,1101001001010110011001111011101100011101011000000011101100000110101101101001100110000010111010110100100001101110110000011100011101111001001111010010100111100010101101001001111100111000011011100101101100010000100011010111100010001110100000010110010011011110,True,True,True,True,26,0.02788996696472168,0.013321161270141602,0.014227628707885742,0.00032591819763183594
WhatsApp Image 2025-05-29 at 16.36.48 (1).jpeg,1110010110010110101001110011100000100000010101010001100001110101101001101010011100011110001000100110111111010011110000010110001000100101100110100011011001101111110110100110010110000101010001101100100111100110111110011000111001001011000001111000111111000101,11110101101100101110010100111000111001000100001110011011110110010000111101000101001011011011110101111000111001111011011011000100110010100100100100110100011011001101101110110100110000110000100111001101100110011100000111110011000011001011011011011101000011111011100,False,False,True,False,113,0.02845144271850586,0.01335597038269043,0.014177560806274414,0.0009016990661621094
WhatsApp Image 2025-05-29 at 20.44.55 (1).jpeg,1001011111011101011000011000000001000001111000110010011100010111010000110000011100010001111111100101111111110000101101010111001100101010001001110101101001101100101101001101101000011101100100101110101101010000000111001001010111100011101001000101100011101101,00000011100100101001111101010101010111000001010011001000101001100100110011001011000010111011010101001000011101000100011011010010000101001000100101100100011100001111010100011110110000010100011111011010,False,False,False,False,108,0.023995161056518555,0.009649515151977539,0.012721776962280273,0.00160980224609375
WhatsApp Image 2025-05-29 at 16.45.08 (1).jpeg,1110001000000010100111011111001100011101111111000110010010001100010000100110011101011011010110111000110111001110101001101010010001100010010101010100101101000010000011001010101001010110100101010110001001010101101010110010100011111100011100111100111011011101,11100000000000101001110111110010000111111111110001100000000010100111011111110110000111100011000111001001110011101110111111110000101000100000011111110011001000000000100011101000111100001000111010000010010001111111000000010110000111101111100111101101000010110010001,True,True,False,False,82,0.02882552146911621,0.013952493667602539,0.014131307601928711,0.0007250308990478516
WhatsApp Image 2025-05-29 at 16.33.39 (1).jpeg,1111100101100010111101100110010100000110011001000000000101010110011000111001010110111101110000110011000111001100001000011110010011110101111001101111001110101011000100010011001100110001101110110111011011101001011100110001110100010000101000100001100011100111,101110011110101011111010101000000000111011101100000000100110111001111011100000111001110101000011001110111001110010111011100110101011100110001011100100100000111010010110011001101101001100110101110110000001010001110011000101010111,True,False,True,True,84,0.031172752380371094,0.015354156494140625,0.015044212341308594,0.0007572174072265625
WhatsApp Image 2025-05-29 at 16.41.42 (1).jpeg,1101011101111010110000000000001001111010111101010111000011001100000011100111101110010011001001001110011100001101111111000101100000010001110011100010011001110001111010011101010100010011111110010010010001011101111010000101011011011011000000000011001011111100,110000101010100011000001000001100111110011011001011010001000110100000111011101110110000001011010110000111000010111010100011010000111010011001010001001110011010111101001111011010101001111111001100010000100101001000011010000001001,True,True,True,False,71,0.03128767013549805,0.015690326690673828,0.014823436737060547,0.0007584095001220703
WhatsApp Image 2025-05-29 at 20.44.04.jpeg,1001100010101101100110110011100101101111010100100011011011010010100101001010110101101101001011000110101101101001110000101101101010010100111101100001110010001101100100111000010101100010011110011100111000011010100110110011001010010011011001000110100001101100,100000110100110011111011011110100111001010010110001011110010011111100110001001111001011101101000100100101011101001110101110000101100011000111111001000010001100000001000101101000110100000001101001110001000000101010101000111010000,False,False,False,False,116,0.02882981300354004,0.012974739074707031,0.014537572860717773,0.0013022422790527344
WhatsApp Image 2025-05-29 at 20.43.29.jpeg,1100110110011011100011011001101111101000010100110100111001110011111001011001011011011000101001000101011011101101100111000110011111000011000110111100000110010110011001100010011001110011100110101100111100110011001100011000000110001100001010000110000110001100,100011010001111010000010010010111110100001111011010111100011001111100001011111100010100010010010001011101011010100111110010010110101101001100010110101100011000110101000011001110010101101011010100101001100011010101101010101010001,True,False,True,False,92,0.030252933502197266,0.014400720596313477,0.014871358871459961,0.0009653568267822266
WhatsApp Image 2025-05-29 at 16.41.45.jpeg,1100001101000110110000001101101000110100011110010011000000100101001110111010011100101111100001110000111011111001100000111111000010000010111101111010000011111110101001001011110011110100000111110111110000001100011110100100010001111011000000011101101100110001,0110110101001001000100001111000001000001011100101010101101000100010001010100001001110000111000010000001011001011001011011001101001000000000000001111101000011110011111000100100100110000011001100000000011110100001110,False,False,False,False,112,0.028783321380615234,0.012842655181884766,0.014512062072753906,0.0014128684997558594
WhatsApp Image 2025-05-29 at 20.44.57 (1).jpeg,1111100100000100010011001001011010011111101110110011111000010111101000000000010000010001111010101000100011110011001100011110000111111000101000101011110001000011011110001100110110110101110111110010011111111000110000111000100001110111000010001110001100111100,1100100101111111010011001111111111111110100000010000100000110010100000000111110000010011100001001000110111000010011110111000011011101000000101011011000001111101011100001101110010100000100110110011011000010011111011110001000001110110011111111110011001110000,True,True,True,True,98,0.04834437370300293,0.029495954513549805,0.01770758628845215,0.0005829334259033203
WhatsApp Image 2025-05-29 at 20.41.54 (1).jpeg,1010011110001101010011110000011011011010110100100000100011100010010010001110011110100100111110011010000101101100010011111010110111000111100100001011010001000110101000100100101101110011001000011001001110101101101110110101011010001001011100100111000111111001,1010011110001101010011110000110011011010110100100000100011100010110010001110011110100110111110111010000101001000010011111010110011000110101100101111010011000100001000110100101101110011111000001001001110101101101100110101011010001001011100100111000101111001,True,True,False,True,21,0.0258331298828125,0.011271953582763672,0.014028072357177734,0.0005166530609130859
WhatsApp Image 2025-05-29 at 16.44.37 (1).jpeg,1100010101000100110000001011000000100001010001110111011110110011010110110101100110011100100011101001101001100111000011011110100001100110000110000110100101101110100111011011001111000110011000100010010111111001011001110011011001011000011110011001110111100100,01101100110111100111110000110100001001010110100100111001111010011010001000101011101101111011001110011101110000010111011111100101011000110101000000001010110101100110000011110000011111111000110010001101100001001100101110000011111000011100100001010101011000001010100,False,False,False,False,127,0.0351870059967041,0.019076108932495117,0.014978170394897461,0.001115560531616211
WhatsApp Image 2025-05-29 at 16.42.10 (1).jpeg,1101001010100001110000001100000010001110010111101000111001111110111111010100100110111111111000011111000110100001000000101010011000000010101111100111110010011110011111010100100001111101010000010000100101101001100000101111111110000010101010101010011010110110,00111011011001100100101011010100001110111111110111001101000100101011111101000001011011000001101000001111001111101010101011100001010100100110010101001101110101000111101101111000111011110010101111100100,False,False,False,False,97,0.037069082260131836,0.01903986930847168,0.01637554168701172,0.0016384124755859375
WhatsApp Image 2025-05-29 at 16.44.33.jpeg,1111111101111100100000001101011000101111000011101001101101001100110001100011111100111001100000010011110011110010110110001010011111110110000110100111010010010010000000111110010101101111010010010111011100000001000000000110011110001001100010111001100101101100,1100001100101001000111001101010000100011100110111100101110011100110001100111111111111011100100010110110011010010100011001010011111000110000111100110010010010110010000001111011101101111011011010011111000001101000011000110011010001001100010111000100101100000,False,True,True,True,58,0.03376007080078125,0.017063379287719727,0.016141414642333984,0.0005385875701904297
WhatsApp Image 2025-05-29 at 16.34.26 (1).jpeg,1100010100000011110100000011011000101110010010111100110100001011011111101011010111100011100001001111110010100100010110111100100101001001011010110101001011001101100011111100010101101100001001101011011100001001001011001111011001000010101011101011110100000001,1100010110000001010101000011001000111011010100111110010110000111011110101010010111101011101000011101110010100100010110101100100001001100011110010101001011011101100011111111010101101100001001101001011110001001001011001111011001010010001011101011111000000001,False,False,True,True,37,0.030669212341308594,0.01490163803100586,0.015002250671386719,0.0007476806640625
WhatsApp Image 2025-05-29 at 20.41.51.jpeg,1100000111011110000101111111110100011100101001011001110000000111000111101000010011000111100001001001001100001111110000001111011111110111110000000111000011111001010000001110001101101100011001100110011001000001001100110011111101001111011001110110110100000001,1100001111111100100101011101111100111100000001111001111011100101101111000000010010000111101111001001001110000111110000001100011110101010010000000110000000110011010010001110100000111010011010100110001111000001001000110010111010001011001000110110110000000001,True,True,False,False,61,0.025147676467895508,0.011114120483398438,0.013330698013305664,0.0006856918334960938
WhatsApp Image 2025-05-29 at 20.44.24.jpeg,1011011111011100011000111000110010010101111011000011101110110001110100010011000100010101101110001100000100011111101110111010000011110100111001110001101010101001000100010111100100100011100010111101101011010000101000101001111011101101110010000000100011010001,110010011101111100011011111001111010011000100010111110100110000011000011010110101110010011100111010100110111101110000110001001110000000100000010010010000000000111100001100110011101001001111000100100000100100,False,False,False,False,107,0.022909879684448242,0.009427070617675781,0.01204228401184082,0.0014262199401855469
WhatsApp Image 2025-05-29 at 16.34.17 (1).jpeg,1001101010100000110001010101111000110000111100001011111010011011000001111101110101111000111011100100000001110001000001110000111010010000110000010001101000111010111111011000111100000111111100110010011111111001011011110101111101011000001010100010100111000000,1001101010100001110001010101111100110000111100001011111010011011000001111101111101111000101011100100100001111111000001101000111010010000110000010001101000111010111111011000011000000111111100110010010111111001011010110101111101011000001010101000100111000001,True,False,True,True,17,0.031740427017211914,0.016183853149414062,0.014995098114013672,0.0005452632904052734
WhatsApp Image 2025-05-29 at 16.41.43 (1).jpeg,1010001101110011010000111011100010011001101111000011001011101101011110100100111101011010110010001100011010110011000111000011011100010011001111011101011101100001001111000111011101100000001111010110010000000011000011011011001100000001111101000100101100010101,100010111011101111100101000011111000100000110010001011111010000000001001010100010100110110000111110110001000011000000111001100001011011110010111101000101100011010101111000000110010000100101011000110100110000,False,False,False,False,101,0.028803110122680664,0.014077901840209961,0.013211488723754883,0.0014989376068115234
WhatsApp Image 2025-05-29 at 16.36.47.jpeg,1001101111000110100100010101001001100011101010001110000101100010110111000010110100111000110110100100011000110101111001000000011100111100010000011101011111110111110010111001110100111000000010101100101100000010110001111111100010110100011011111100110000010111,1001101011000111100000010101011101100011110110001110000101100011110111011011101100111000110110110100001000011001001101111100001100111100010000011101011110010110110011111001100100111000000010101100111100000010110001111111100000110110001011111100110010000111,True,False,True,True,38,0.033988237380981445,0.018511295318603516,0.014924049377441406,0.0005366802215576172
WhatsApp Image 2025-05-29 at 16.45.59 (1).jpeg,1011001001001101110010000011111011001110110100001111111110000001110110011110001101111100110000010000000101001111001001001000110000110110001111001111001100110011111011111111001110010011000000010000010010001111000110000000111011011100110011001001100011111100,0100000100101011101110100111010011110100110001001010111101100111100001101000101100000010111110001111000000000100000110101100110100000100110000111000100100111110001110111000010010001011001000010100100010100000101101001101010110001100011,False,False,False,False,119,0.032514095306396484,0.016478538513183594,0.014740467071533203,0.0012793540954589844
WhatsApp Image 2025-05-29 at 16.43.01.jpeg,1100011000000110101100010011100100111001110110010100111001000110111100001011000110000011000110011000111001100110011100011011000111000011100110011000110001101110011100011111001111100011000101011000110011101110011100010111001110100001000110011100111111001100,000011110001111001010010111101001101111010110110000110111111100000010010000101110011011111100000101001011010011111111011100000000001111100100000000011000001000001011011101011001110101011111100010000100110110001110010100001100001010110110011111100100,False,False,False,False,131,0.035611867904663086,0.01770806312561035,0.016663789749145508,0.0012230873107910156
WhatsApp Image 2025-05-29 at 16.33.40 (1).jpeg,1010011000011010110000110110100110110001111001011010000111001010111000001011010010100010011101011111111100010101111111010010110111110000001000000101011111111010010110100011001100100010111010100000010111000111010000101100101100001001110101010001010111101010,0111100101110110000110010110001110000010011110000000001111000001110100101101100100101111000101010111000101001101000000000101000111100001100010111111111100100001100100000100001100000011001000110010100100000111110000011110101001110010001111101100000110010000,False,False,False,False,126,0.0360257625579834,0.019147634506225586,0.015720129013061523,0.0011410713195800781
WhatsApp Image 2025-05-29 at 16.34.25.jpeg,1011100001011001111011000110011101011011101100110111011110011000100001010000111010010111001101110010110111011000000110110000010011111111001001110000110010010000111100010110000100011100111001000001111001011011101001000110000100011111111010010000110011000110,1011100000011001110011100000110100011111100000100011010111000100000011000000011010011101001101110010110111011000000110110000010011111111101001110000111010010000110100110010110100011110101001000000111001011011101001000111000100011111111010010000111001000110,False,True,True,True,37,0.03650927543640137,0.02096104621887207,0.014916419982910156,0.0006153583526611328
WhatsApp Image 2025-05-29 at 20.44.54.jpeg,1110111011101111010111111101010000111101000100000001001000000011111101011110111000011010100111011100001100111010010101010100101000101000001001111110001100101000110000111111000001111100001101010011111011000111110000110001010100100001000010110101000011101110,1000010011000010010110100101001010100001101101001101111010100000110001101001010010100001100001110100111101010010100001111011010101110011010100111110010100100011011101101111001101101011111001010010101010001010000010011011000110000111110111001000011110001001,False,True,False,False,126,0.01996469497680664,0.006730556488037109,0.012300729751586914,0.0009174346923828125
WhatsApp Image 2025-05-29 at 20.43.15 (1).jpeg,1101000101010101110010010011100100011000000101010001101000001111010111001010000110010100111011100100011100000001111100010100001011001011000110010011001001110111111110011001110110001010001001000011100110111110011111100010010110010011111111101011111100100001,1100100101011001110010010011100110010010001001010001111000001101011011000100100110011100111011101001011100100001111100001100011011001111010110000011100100100011011010011001100110011010001101001011010010101100011011000000110101111001110110111011101100100011,True,True,True,False,59,0.029593944549560547,0.013775110244750977,0.015102624893188477,0.0006997585296630859
WhatsApp Image 2025-05-29 at 16.42.49 (1).jpeg,1000111000010010011000001110111110101111000100001100111111111100110100101110110110011101101000101110000001000111111011100001010010100000110000011000100010100100100101001111101000010111111110100110100101111011001111100000100111001001100001000100110110111100,100011110000000001100000110010111010111100100000110011111011110010010010111111111001110100100100111000000101011111101110000000011110000010000101100110001010000010010100111110110011011111111010000110010110100100101010001011011010000000100100011111111,True,True,True,False,43,0.03125619888305664,0.015039205551147461,0.01559901237487793,0.0006022453308105469
WhatsApp Image 2025-05-29 at 20.43.09 (1).jpeg,1100011110001101110010010100110011001100111100001000100111110000100111010110100100110001101101001010001110000111100001100010100000111110001000110001111010001110100111111000111111000000100010111101000010011111101110001001111100111000001100110001110011110011,1100010110001100110001010000100011001101011100001000100111110100100111011110100100111011111100001010001110100111100100100110100000111100001000110001111010001110100111101000111111000000100010111101001110111100001110000100111001100101110101101001100001000001,True,True,True,False,46,0.03806805610656738,0.021674394607543945,0.015677928924560547,0.0006992816925048828
WhatsApp Image 2025-05-29 at 16.36.49.jpeg,1010101111000001110010000111111100010100111110110001001110100000110110110010010000000100111101111001010101000111101110100100100110101001111100011100111111000101001010101000001000101010101100111000001100100101111111100100110000100100100010101011111110001011,000110110000110110100001000011100001110010111011011110100011001110101000000001011101010110011001000111010110100101110101111101001100000101100110010000000011001010001100010001111001010100110101011000001100001001000111111000000110101011111100010001011101101011100101000001,True,False,False,False,135,0.030256986618041992,0.014801502227783203,0.01446676254272461,0.0009713172912597656
WhatsApp Image 2025-05-29 at 16.42.23 (1).jpeg,1001001101110100100011110000001100111110111011001110001000110011010001101100001101101100111111001111111100000010000011001100111111110011001111110110100101000000000001000011101111111011010001100000111010010100110100110111110100011100111001000000001000111000,10011000100100101000100010100011000001010010011110010011100111011000010000100100000000000100001000100000000011001011110110010100001010111010111100001000100000101010001010100000100010110110000101000001001000110000001111010,False,False,False,False,115,0.02881765365600586,0.012963294982910156,0.014429092407226562,0.0014100074768066406
WhatsApp Image 2025-05-29 at 16.42.59.jpeg,1011101101110101011010100111010011001011010011011001100001001111100111100000111010011111110000101001100001111011011000011111100000001011000100101111000000010011001001101000001100110100111000101000111101111000001100010100111111110011010010110111011000001000,101010111111010111101010011101001100101101001101100010000100111110010110101011101000110111000010100100000110101101100110110111000100100101001011111100100011011100100110010100100010110110100100001100001110111000000100100000100011,True,True,True,False,57,0.028792858123779297,0.012956857681274414,0.015047550201416016,0.0007727146148681641
WhatsApp Image 2025-05-29 at 20.42.38.jpeg,1111000110000000100111111001100100111001101111111011001001001000001010010111000011100110110011001100111001110100111001011000011001010110100111111011100110101011010100001000111011101101011000010101001001100100011100100011100010100110100001111010100100011010,1111001110010000100111111001100100110001100111111001001001111101001010000111000011100110110010001101111101100110111001011000011001000110100111011011100110111011010100001000011011101100011000000001101010101000111100100011100000100110101001111010100101001010,True,True,True,True,32,0.031105995178222656,0.015436172485351562,0.015069246292114258,0.0005843639373779297
WhatsApp Image 2025-05-29 at 20.43.03 (1).jpeg,1110011000010101111101010101010101101111111000100110101011101011000011000111010110001000111011100101111010000010010100111010001011111111100001101111010111001100000000000101110000001101010111001110110100011000001010101001100000010010111101001110001010000111,1110011000010101111001010111010101101111111000100110101011101010010011000111010110001000111010110101001010000110010100111000001011111100101001001011010111001100000001010101101000000111010111001110110100011001001010101001100000000011111111001011101010000111,True,True,False,True,28,0.03390383720397949,0.01833963394165039,0.014926433563232422,0.0006215572357177734
WhatsApp Image 2025-05-29 at 16.42.15.jpeg,1000100010101010001010001111010010110101011101010000101010100001100000001101010100100010010111111100100110010101011010100101001010000101010100010111111110011010000000110100001101111111100111110001010001000111011101111011111010001110010110111111000011100110,0000101000101010011110100111011000111101111110010010100010100111110000001011011000101110000111010100011100010110110111110001101010100100010100010101111011010010001100011111000101111101101111001100001100000111011000000010101010101110010110101111101011100110,False,False,True,False,75,0.033011436462402344,0.016687393188476562,0.015190839767456055,0.0011165142059326172
WhatsApp Image 2025-05-29 at 16.45.07.jpeg,1010011110010000110110100100000111011000011010010100110110110110110000001101101101100000111110111111001100001110001000111010110001100001011101100110011110011001010010000111000100010000110111011111110000100011111110001100110000000100101100110011110111101100,010101011110110000000010010000000100011010010110000101011010010010001100001000110010000101111110100111000111101001100010010001010000100111001100100011000010100100001110110011011001010111,False,False,False,False,91,0.029093503952026367,0.013146400451660156,0.014226675033569336,0.0017058849334716797
WhatsApp Image 2025-05-29 at 20.44.07 (1).jpeg,1000000001001001101100010010011011011000000010010110100111111101010001001111111110000000111111011101011101001001100110110101000001111011101010101011000111000010110100101001011010100110010010111000011110001011100111011000010011010110100011101110011101001010,0100100000110000101111110000101011001010011100100010101011001001001000000010011101100000010001001010101010000100111111010011111101111000100000000000111110010001100001011100010101110001010000011110111011000010111011100110011110101011010111011110001110010111,False,False,False,False,131,0.03520798683166504,0.019464969635009766,0.014561653137207031,0.0011641979217529297
WhatsApp Image 2025-05-29 at 20.43.08.jpeg,1000001111111010101101001010011000010100101001010110101111011010111100000000011111111000010011101001010110110100100110111100100010110001110000100000101111111101100101011000010101110100101001101110101001000010010010110110100010110100101001111011010100100101,1000101101111110111000011000001100001001100010010111101001011110111100000000011111011000000110111100000110100101100100110110100010010101110110010100111111011101110101010010011111110000001000011111101001011010010010110110111011110001110001011011010110000101,True,False,False,True,66,0.03347635269165039,0.018496036529541016,0.014141559600830078,0.0008220672607421875
WhatsApp Image 2025-05-29 at 16.41.32 (1).jpeg,1110101001000010101011010110100111010000101111111110010011001110101101111000100101000010111101001010011110001001010000001111011000111101010011011101100000111000000011010111101011111010101110010001010101000110001010101001010100000101110000101101011000100111,1110111101000010110010100011100111010100101111111111011011001110111100101000010110000101010101101111001110100001100000010111011001111001000011011101110000101000001010010111111001111010101010010101010001010110001010111001111010000100110000001101011000100011,True,True,True,False,55,0.041085243225097656,0.023842334747314453,0.016695499420166016,0.0005295276641845703
WhatsApp Image 2025-05-29 at 16.44.45 (1).jpeg,1001010110000001110001101101010100000000110101100001000110100011011001100011001011111110001001001110110111001000010011010100100110010010001101111110001010110011101100011011100100111000101011010111100001110101100010110001010101101111111010010110101011001011,1001010110000001110001101101010100000010110101100001000110100011011001100011001111111110000001001111100111001000010011010100100110000010001101101111001010110111101001101011000100101100101111000111100001011101101010100001010101101111101010010110101111001110,True,True,True,True,26,0.03210735321044922,0.016550779342651367,0.015095233917236328,0.0004448890686035156
WhatsApp Image 2025-05-29 at 20.43.41.jpeg,1001100001000110100100110000100111100010001100111110110011000111110110111001110010110110001010000011110111100010101101011011011101110011011001000100101011001100110010111001100101101001001000111000110101100110101100100001100000110110010110111001101000010110,100010011000100010010001000100011111011001100011111101001110011111101011100011001011111000011000101101000110101110111101101100110110001101101000011010101100001101001110101111000111010110100111010000110110101111110101000110101010,False,True,False,False,65,0.04075169563293457,0.023637056350708008,0.015817642211914062,0.0012805461883544922
WhatsApp Image 2025-05-29 at 16.41.44 (1).jpeg,1101000111100000101111100000011100111100000001101110000011100001000001110000011100011111010111111111000011011001000000111000001101010111101100110111011001101100011001101000000101001101101110101011011110001100100010011010011001111011111110001100011010010001,1101000101100000100111100000011100111110000011001110000011101001000011011110011101011010000111011111001111011100100010010110011011010110111100110111100101111000011010101000000001101101011100101101111100100100110010011100010001011011011011101111011100010001,True,False,True,False,63,0.03650259971618652,0.02078413963317871,0.014957189559936523,0.0007443428039550781
WhatsApp Image 2025-05-29 at 20.44.37.jpeg,1100100010011001011100010110001110100000011000000001011110111000111100110100001100101000111100111001110001101100000011001101101000111011100011001001000101011011000101100111010010101111011011110101011110111011001001100100111010011000110011111100000110110001,110010000100111001010101101000011111000100110001100100110100111011010011100100011010100011100101001011100111101110011100001001100010111011101100001111011100011010011010101101010000101000011010000101100011111001101110110100000011101100101111001111010,True,True,True,False,105,0.023686885833740234,0.010071039199829102,0.012883901596069336,0.0007162094116210938
WhatsApp Image 2025-05-29 at 16.36.44 (1).jpeg,1100110001100111111101111101000010011010001011010000110011000000111100110111011010111100110100110000001110001100110000010011000110110100110011010000111100100110110000001011100111110100110011000001111100101010100011101111011101110000110010001000100100111110,00010100111001001111001001001001111001110111011111011011110010000111011000000110001010110111111000011011011100101010000000000110010000101000010010000100110011011010001000110100000100000010101011110010001011010010101100100010001111110110100100,False,False,False,False,125,0.02950453758239746,0.013807058334350586,0.014481306076049805,0.0011997222900390625
WhatsApp Image 2025-05-29 at 20.44.28 (1).jpeg,1001010011100100011000000110010001101001011110001001010010011010011001101101101101101101110110010101010110101001100110110010100110011011011001100011101100100110100110010010110100100100100100110111010010010010011001001110100101100111110110111001011010110100,1001110110110100011000110100011110100000111010001001111101100011101010001010101110001001001000011111010101101111101001001011010001001101011101000010010111110100001110011100010111010100100001110010000111011100100100100001100101110111111110101100101110100111,False,False,False,True,114,0.0208890438079834,0.007719755172729492,0.0120391845703125,0.0011143684387207031
WhatsApp Image 2025-05-29 at 20.44.33.jpeg,1001110011101110011000110001000100011101000111000000011011110110111110001000111101001110101010000100101100010001101101101111111101101001000000000101110011001011101000111111111101101101000000001010000011001111010111010001001000100101111111011001101000000110,10010100111011100110001100010001100110010001100100000111111100100111100000010111000011101010111001001001110100001111010011111111010011001101001000100000101110011001111101000111111111001001101000100000010001011111111010111101001001000100111111011011011001000000110,True,False,True,False,75,0.03197979927062988,0.015915393829345703,0.014976978302001953,0.001070261001586914
WhatsApp Image 2025-05-29 at 16.42.54.jpeg,1001010100010001100001010011011110100111011010110111101110100000011110010110110000011101100000011011101011111100100100010001010000110001011000000111100111100000100000000101101111100010001100011001111110111111010000110000111110001101110011101111101100000111,01000111001111101010100010000100001111110111111101010110101000100010001100010011011010100000001010100010100011111100011011101110111101111011111001111111000111111100101001010010101111011000010000001111101010110010000001101,False,False,False,False,112,0.045241594314575195,0.02683854103088379,0.016923189163208008,0.0014595985412597656
WhatsApp Image 2025-05-29 at 16.44.32.jpeg,1000010110110010100000011001011000110010011010010111000001001001111011000011011011111100000101101111110000000000000111100100100101111111010010011110011111000001000111111010000001101111110000001110001111110000000111111101100011110110011011001000000110111111,1000000001100001100000111000110000100000001111000111000011100011111110000010110010111000000111101111110000000001000111100000001101111111000001001110011111000001000111111110000011111111110000001110001111110000000111111101110011101111001101101000001111111111,True,True,True,True,50,0.03440999984741211,0.01769542694091797,0.016208887100219727,0.00048732757568359375
WhatsApp Image 2025-05-29 at 20.42.29 (1).jpeg,1100010000010100011010001001111100110111011110010001111010011100000010011010110011001101100100011110011001101000111100100111001101111001010001110111100110101110000001111101000100000111001010101100000010110011111100001100111000111100010010001111011100010101,1100010000000100011010001101110000110110001110011001011110011101000010011110110011001101000110001110011001101001111110100111000101110011000011110101000110011110110011011011100001111110101011000100000010110011111100001100111001111000010010001111111000010100,True,True,False,True,47,0.03232765197753906,0.0164034366607666,0.015352725982666016,0.0005540847778320312
WhatsApp Image 2025-05-29 at 16.44.05 (1).jpeg,1011000101111100100101011011011011010010110001001110100001011011100010110010010111001001001101100100111000010010011001000100110100100111010011010110001001101101000110100001101110110110011001101101101111111101011001100110110100101001000100110001100110010010,111101010100011111100011011001000011001110111000001101010011110110010001101000001010111100001001000000000010001101011011001111110000001110001000101110010101010000011110001000111010010100100100101110010110011100110000011111000001000001111001100001001101110001101000100110,False,False,False,False,123,0.02741098403930664,0.01246953010559082,0.013859033584594727,0.0010647773742675781
WhatsApp Image 2025-05-29 at 16.33.47 (1).jpeg,1001010100111010100101101101011100101010010001000010110100111000001101001100001101111011100001000100101010011101110010100111111011001011001000100101111010101001000111100000011000011010001110110011001011111000111100111100101001100011100001110111011010010101,1001010100111010100101101101011100101010010001000010110100111000001101001100001101111011100001000100101010011001110010100111111011001111001000100101111010001101000111100000011000011010001110110011001011111000111100111100101001110011100001110110011010010101,True,True,True,True,6,0.03469204902648926,0.01688671112060547,0.017045974731445312,0.0007405281066894531
WhatsApp Image 2025-05-29 at 16.45.13 (1).jpeg,1100111010001011111010101011111010001000011111001001000101010101111100110100000111110011011001110000011011100000101001001100001011100000110011101000000110011110100001011011001110110101100000110100010110100110100101010010011010110101001001101011110010101111,100000101000000010101000100100000001111100110101010111110011011111100000011001000010101101001100101010110110110010100001011110011110101001010011000110110110111100110100010110100110000101010010011010110101001001001110000010101101,False,True,False,True,111,0.035196781158447266,0.018980979919433594,0.015098094940185547,0.001100778579711914
WhatsApp Image 2025-05-29 at 20.43.37 (1).jpeg,1011110101101001111000000100101111000101101101011100101000010101110101101001101000101000010101110101101001111001100101010010100011001001011100001010100010100101110110011010101101010011010101010010010010010110011011101000101001100110110111100010011001011011,01111101011110101110001001011010110101010011010111001000110001000000111100111101111101110101010010101111000101010111001101101011000111011001111011100001000101001100001100110011010111100011011010101001010110010010111011011001010001001000100100001100010010111010110,False,False,False,True,108,0.02605438232421875,0.011507034301757812,0.013516664505004883,0.0010135173797607422
WhatsApp Image 2025-05-29 at 16.43.02 (1).jpeg,1000011111110100100001111111110010001011101111000000100110010011000010011000001100110011010110011100011000101100110001000110011000111001110011111100011110111011100101111111000010101000001011111000011011001111000110001101000001110001001110001110001100100011,1000011111110100100001111111110010001011101110000000100110010011000010011000001100110010001110011000011001101100110001000110011000111001110011111100011110111101100101111111000010101001010010111000010001001111000110011111000001111001101110011110001101100011,True,True,True,False,20,0.033621788024902344,0.017536401748657227,0.015373468399047852,0.0006954669952392578
WhatsApp Image 2025-05-29 at 20.42.38 (1).jpeg,1100010001000101110101011100110011110011101100110010101001111010001111001100011000001111100001011000110111111001111000001111100001011100000000100001101100000011000001111110110110100101111011110110100010111010111110000100010011100011010001100000011110011001,1100010001000100110101001110110010010011000100110010101100010011000011001110111001101011111011011110110100011001000001001001001111011001010010101100110001000000011110110010111110011000001100010000101110011011100110001110010011111011011001101011001100011001,True,True,False,True,87,0.03199028968811035,0.016032934188842773,0.01507425308227539,0.0008656978607177734
WhatsApp Image 2025-05-29 at 16.41.34.jpeg,1101010000000101001001011000010010010100010111000110001111111100101111011110111101010011100001111000010000001111010100011011110111110011101000110101011100000000000000100011111110101011011000000100010100001111011101011011100011101010110100111000011101111100,0010000101100000011000000101000000110111100011101101100100010101000100000110000001000110110100110001100100000111010111110111110000001101010101110010101100110110111011100011110101100110100000001100101100101010111111011100110010101011101101100110011100001110,False,False,False,False,124,0.03744101524353027,0.019704341888427734,0.01653265953063965,0.0011858940124511719
WhatsApp Image 2025-05-29 at 20.41.49 (1).jpeg,1010110100100101110100101101101010101101110110000011110000000101000000100111111110111100000001100111101011001001011110001011010001000111000011011001000010010010100010111101010001111101111000010100001000001110100100111111111001111001000001001111101011101101,10100111001001011101000011011010101011011101100000110110001001010000000001111111101101000000111101111001110010010111000000110100010001111001111100011000100110101010111100110110010111011100000000001100100101000011110101100111111111001011001100001100111001001101101,True,True,True,True,63,0.024690866470336914,0.010814428329467773,0.013290882110595703,0.0005691051483154297
WhatsApp Image 2025-05-29 at 20.41.59.jpeg,1101010010000001101101101001011100111011011011000100100010001000110010011111011100111001001101110110110100001100110101101110100110010010001101110011001010110010001011001111001011100101000011101100000101011100001111010111011101101011001100000000101110001010,1101000011100101101101101001011100111011011011000100100011001010110010110011011100101101001100110010110001001100110101100100100100001010101011101001100000010100001000101110100110000111111011001100000001111101001111010010010100101101001110010100101100101010,True,True,False,True,60,0.029233455657958984,0.014101743698120117,0.014538288116455078,0.0005764961242675781
WhatsApp Image 2025-05-29 at 16.34.27.jpeg,1010111100110001111100001110111001001100010011100100111110110101001101101011101010110100010001011101000111110001000011001000101010101110010101010111000011101001000000111100001010101001101101110101011000001111000001000101000011101010111101000011110101001011,101101111011000111110000010011100100111001000110010011011011100100110010100100111111011001001110110100011110000100001100100111001110111000011110011100001111100100000011110001011001100100110010110011100000111101001100100100001110,True,True,True,False,44,0.031557559967041016,0.015836715698242188,0.014945507049560547,0.0007598400115966797
WhatsApp Image 2025-05-29 at 20.44.11.jpeg,1111100110100111101100000001100101001110011001111110100000111100000101001001101111001110010010010001000101011000110001100100111001111001110011011010011001011111110011100011101010001001100000100100011000101100101110011100001111100100111001110100101101110000,110001011100011010111100111100011001000111010001111011001111000001000001010110111001110001100110100010110001100000001101001000001001000110001110000101011011101000101111000100011011010110101110100101010000111010000100111111100000,False,False,False,False,111,0.020967721939086914,0.007575273513793945,0.012056827545166016,0.0013196468353271484
WhatsApp Image 2025-05-29 at 20.44.38 (1).jpeg,1100111000011000101110000011000000110001100011111110001111100110000110011100011111001100011100010001100011100011001111110001110001110001111101100001100111000001110110001100001111000111001111001100111000111000110001110001111011100011100110000011110000011100,101110010000111100100000011111001100011100111100000011001001001000101101101011101101001110011100111001000011011101001011110111101000011011101101000101101011011110100111010100001010001111100110100001100101011101111011111011101001,False,False,False,False,132,0.01900172233581543,0.0055844783782958984,0.012086153030395508,0.001316070556640625
WhatsApp Image 2025-05-29 at 16.42.17.jpeg,1100101000010011100110111111011001000000101000000010100000000101111000101001101010100101100110100100011011100001111011101010011111110101110010111100111011011011001010111001110111000001110011011100001011100100000100110001110000001100100011111010111100011110,100101001011000111111000010010010110111111111101110011010000000100001000100111100110100101111100001000111110110100010011010010011001000100111110101000011000100101110010001000111010010100110111100011000100000100101100101110101101,False,False,False,False,127,0.03248763084411621,0.01605367660522461,0.015066385269165039,0.0013513565063476562
WhatsApp Image 2025-05-29 at 16.42.53.jpeg,1000011010000001010110010110000101111001011111101110010110010111101001101001111100110110010110010011100101100001100110010110000010100110101001110111111000010110000110011001011010000111110110011110000000101001001110000110011011010111100110101010011110000001,11011001011100111100001111011110101101010111001101011011100100100111001001100101001001001101000110100101111001010001100001011101000000000010011100001111100000101110100100100100010010100101011110100110010101111001010000100010010101100110001100,False,False,False,False,117,0.02757096290588379,0.012905597686767578,0.013414859771728516,0.0012345314025878906
WhatsApp Image 2025-05-29 at 20.43.32 (1).jpeg,1100111010100001100010100000000011101001110100111110000100101011101111001101110000100110000111001001001010111111100111010101001110011101110010100001010100101010100100111010100111010100101010001001100110011100001000111011100011110000100101011111011011010011,1100111110100001100010100000100011101000111101111110100101110111100101100001010001001101000111010000111000110011101001011101000110010100100010100011010100100001100100111110100111010110110010111001100110011001000000111010100011110001100101011111101010010111,False,False,True,True,56,0.027491331100463867,0.01270747184753418,0.013786792755126953,0.000980377197265625
WhatsApp Image 2025-05-29 at 20.44.25 (1).jpeg,1111111010000000111010101010000110000001011111011000010101011111000111011001000001011111111000100101001010101000011100001001111100101101011101100110001111111000110001111000001000010100001110111010111100000000110010101101110101011100001111101001110000100101,111110101000111001101110000001000010111000111100101000011100001000000111001011101010110010000100011011001110011000011111010101011111101101001010010101010001110101001110100101011000111100101101010110110110001001100001010101000001,False,False,False,False,113,0.02234649658203125,0.008736848831176758,0.01223444938659668,0.0013599395751953125
WhatsApp Image 2025-05-29 at 20.42.39 (1).jpeg,1111111000111100111111110000110010000001111000100100100111000011101110101011110100101000111111011101000101000011001100000101101001101010101000001000100000101101111000000001111111001111101111001100010100101010010011111100000100011001110000010010111111110000,1111111000101100111111110000010010000001111111110100000001001011100110101001111100101011111100010001001101110010011100000111111001101000101011011000100000100101110000110001011111001111101100001100010000111010010010111100001100010011110001011010111111000000,True,False,True,True,47,0.03472137451171875,0.019496440887451172,0.014672279357910156,0.0005359649658203125
WhatsApp Image 2025-05-29 at 16.33.34 (1).jpeg,1001000100010100100000010001010111001011111100110010110011110110001101110000100101111011001010001010110010110111110001001100110101010110010001100010111100110100101100011001101101011000110010010010011001100100100101111010011001001010111100110011111100111001,10010001000100001000000100010101110010111110001100101100011101100011011110001001001110110010100010101100101100111100010011001101010101100100111000101111001101001111000110111011010110001100100100000000010011101101100110100111010011001001110101110110011011101001001,True,True,False,True,35,0.030146121978759766,0.01473379135131836,0.014825820922851562,0.0005695819854736328
WhatsApp Image 2025-05-29 at 16.33.42.jpeg,1000110101011100110101010000110011010101100000101011100110110010100111010011001101100100101000111110000010100011111010001100010101111001011011011011100000000100101010010011010110100110001111100110011100110101000101101010101110110100111001111001110011000100,1000110101011100110101010100110011010101100000101011100110110010100111010011001101100100101000111110000010100011111010001100010101111001011011011001100000100100101010010011011110000110001111100110011100110101000101101010101110110100111001101011010011000100,True,True,True,True,8,0.03188157081604004,0.01578688621520996,0.015556097030639648,0.0005216598510742188
WhatsApp Image 2025-05-29 at 20.43.39 (1).jpeg,1011011001001001110010000111011011001101011111011001011001100000001101101100001010100101101100100011001011001101000110011000100000001111000101111100110110011101010010110100111111000010110100111100010010101000011010111010011111100001011111011000100100100011,101101100100100111001001011101101100001101101100001010100101011100100011000011101101000110011010100000001111000101111000111110010000110010110100111011000010111011011000010010111000010010110010011111100001101111011000101100111011,False,True,False,False,87,0.033484458923339844,0.017000198364257812,0.015166997909545898,0.0013005733489990234
WhatsApp Image 2025-05-29 at 20.41.58.jpeg,1001110011000110011010111111110010100011000000011011110000111111011101101110011010100111000110000001100001001001110110011000010110101110101110000110000111110011010100110011111110100110011000000110010011000100010010001001110010011001101110110101000110010011,100111011100111001111001100011101010001100011001000111100011011101110010111001100010011100011110110110000110100111011001100011011010111100110110010000011100011001110110010011000101010011001001010010011001001110010101000110010011,False,True,False,True,69,0.02896857261657715,0.013074874877929688,0.014916181564331055,0.0009605884552001953
WhatsApp Image 2025-05-29 at 20.42.43.jpeg,1100011110001100001001011110100011010000001100000000001000101100001111011111001001111000011100100010000000101101101110011101101011111001010010010010111001110101110111010111011001101000010010100010000011010111100111110001011101111000000101100110100111111111,100101111000110010100000111111001001111010000000010000100010100000111111111111100111100001000000001000100010110110111001110110100110101100101001001011110101010101110010000011010011100011110000011001111011010101110110000011011110,True,True,False,True,66,0.03468894958496094,0.01862955093383789,0.015119314193725586,0.0009238719940185547
WhatsApp Image 2025-05-29 at 20.44.05 (1).jpeg,1001100110010001001110010110110100101101001100111010010010110100111001100100110000100101000100100010110101101100100101001011010010100111010100100110110111010110101101100110110100111010000100110101101011000110010010110100101011010010001101110101101001110111,100111010011001001110100111000111100100000010101111111101110101110101111010111101010100010111001010111010110111110101000010111010011100001001001001110100000110011111110000100001001000011100111000000000011010101000011100001011000,False,False,False,False,115,0.03501391410827637,0.018023014068603516,0.01554250717163086,0.0014290809631347656
WhatsApp Image 2025-05-29 at 20.44.33 (1).jpeg,1001111000010100000111110010101101111001111000010111001000101000001000011010111101101010100100010100011000111010110010110001010100101011011100010110100100001010110010110110001101110110001101000100100101100011011001100110111001001111111001101110011001101011,1000111100110100010011111110111101110110010110000111011010101101010101100010000110001101101100111111010010100001010111100000110100110011110011000100111001100100110001101000101110101101010010011100111111001001110100001001110001101101011,False,False,False,False,110,0.026792526245117188,0.011614322662353516,0.013881683349609375,0.0012798309326171875
WhatsApp Image 2025-05-29 at 16.41.40 (1).jpeg,1001001111100101111101110010010010011011100101001001111001110111000110110011011000101110101001110000011011100111000010110000110100110010101000011100100101010010001110000111001110011000110000001101010010011001101110000111110001110001101111001111000000011110,100100100110100111111010110100000101000011111110110100000000000110011100010001111110001010011011110110100001001111100111100101001110010010111010000100000110111110100001111010111010111101111001100001011101111010110011000111100011110110000001010000001111111101001000001011,False,False,False,False,129,0.03646707534790039,0.020004749298095703,0.015405893325805664,0.001039743423461914
WhatsApp Image 2025-05-29 at 20.42.30.jpeg,1110101011000100111111010110101000011011001010111010000010010101011011001011010100010010010101101110010000001000101110010111101100100011000100111100001010101100001011011111011110010001010110011010100000100000000111111111111111101001001010110110110010010100,11101010110001001111110101101010000110110010101110100010100101010110010010110101000100100111011010000100000000001010100101011111011010001100000000100111010100101001011011110011110011000000010111011101000110011100110010001111001100111111011011010010100110010000100,True,True,False,True,83,0.030892610549926758,0.015375852584838867,0.014924049377441406,0.0005757808685302734
WhatsApp Image 2025-05-29 at 16.36.56 (1).jpeg,1000001101111111110000001100111101010010001111000110110001010100001100010100011010101101110000001110011111100000111001111011100110011110001001110001100110010001011011000001110010100110010011101100111011100010011110111011000000010011100010010111000011100111,0010001100000100101011111110110011011110101110111011100111010010011010010101011110101100010000000001010100110011001000011011010101001011010010001100000010000011000101100111,False,False,False,False,80,0.02973031997680664,0.01391148567199707,0.0140838623046875,0.0017213821411132812
WhatsApp Image 2025-05-29 at 20.42.31.jpeg,1100110101000011110010100110101000110101011110011111000101010110000110100110011000010110100010000110010111101000011000011001100111111110011100111001111001100110010000001100011010110001000110001100000110100011010011011000101010011111111101001010001101110111,1100110101110011110010000110101000110011011110011111000100101011100110100110111000011110010010100100010011111000011100011001100111111100001100111000110001100110010000001100011010100001101110011100100110100011010101001010000001111111101110001010001100110101,True,True,True,False,44,0.038542747497558594,0.02238631248474121,0.015429258346557617,0.00070953369140625
WhatsApp Image 2025-05-29 at 16.44.07 (1).jpeg,1101000000001100110010010101010011001101010000100110110111010100001010010101111110001100011101010100110001011000111011011001010011100010110111010010011010010011000110001011110001001001010110010110011010001101111101111010000110111010010110011001100110011111,110100010000110111011001010011001101001011010111110100010000110101010101100011000100111011011100011011100011111000010000001101100010011100100010000011011001010001000110110011000110011101001000100010011010000010101001110000110101,False,True,False,False,112,0.036485910415649414,0.020099163055419922,0.015136957168579102,0.0012331008911132812
WhatsApp Image 2025-05-29 at 16.44.09.jpeg,1101001110001100101111001001001000000011001111111110011110000111001110011101100111000001111100110000011000000100110000111001100000110011111001111001110000111000001111000111001100110111001110111100110011000111001100101111110000011100110000001100011000001110,0010000101000110010100011000001111010111101010100001010100001001110110101100001011011001111000010111110101110010000011001000011101111011110100011010010101100000110111101011011100100110001000100000100110010010010001001110001111110001110,False,False,False,False,118,0.028340816497802734,0.013404369354248047,0.013639211654663086,0.0012814998626708984
WhatsApp Image 2025-05-29 at 20.43.34.jpeg,1111100111101110110001000001000100101110011111100011100000111000001100011011000100011110011011001001100011011011000011111100100000001100001101111100111110110110001000100010000100110010010111110110011011011000100110011001011110011001001111001100100100100111,11111001011011111100110000010000001111111111111101110000010010000110011111110000000111100110110010011110111110110000011110000000000010100001110001100101100111100110110001000100010010101100110011111111110001011001110100111010011011111011001001111001100101000100001,False,False,False,False,85,0.030750751495361328,0.014694929122924805,0.014954328536987305,0.0010845661163330078
WhatsApp Image 2025-05-29 at 20.42.41 (1).jpeg,1011010010100000010110100100100101101101010010001011010011111110001010101111010001110101101110110000001100110101101011011101011001111100010010000101001001010101000000100111101010000110001111111000110101111110100000111101101110000101100101100000111110000101,0011010000100000010110100100000101001001110010100011010110011110001010101011010101000111011110110000011011100101001011011100011001111000011010001101001000110111010011100111110010001111101011001011110111011110101100110001001110000111100100111000111110000001,False,True,False,True,56,0.03842902183532715,0.022603750228881836,0.014996528625488281,0.0008127689361572266
WhatsApp Image 2025-05-29 at 16.36.55 (1).jpeg,1001110001110000111000111000001011000111000111110011100001110011011110000000001111000111110011000000011111110000011100000010001100011000110001111111111110011100111000000011101100000100111000010011101111000100110000110001111101111100000000111111100011111110,001110100001010011110000000001000101101011110000011001100011000110111000011011011000100011101111001100110100100101111110011001100010110101010110001100001101011100100101101101110000001011,False,False,False,False,87,0.029277324676513672,0.012646913528442383,0.014964818954467773,0.0016508102416992188
WhatsApp Image 2025-05-29 at 16.45.52 (1).jpeg,1101010100110011100110011101100101000000111001000110011111011000101010100001100100111110010000001101101000000101010101101111001001100010001100110010110001010111111110011100110100011100000100100111100111111001100001011010011000100110100001111101100111101110,110100000111110000000010010111101100001010011010010101110101100000100101110000110011010101000100111010100110111110111001010110000010010010000101000001010101000110101000000010011111110011110000011100000000001101100010111110000111001111000111100110011,False,False,False,False,109,0.0413813591003418,0.0018017292022705078,0.038410186767578125,0.0011513233184814453
WhatsApp Image 2025-05-29 at 16.41.33.jpeg,1110011000100001100111000001110001111010011001111111111100111000111100111001110011100111000000101111000100000110111100111011100000110111000110000000110011110000110011101110011111000000100011001110001000111100001100000000011100011110011100001000111111100011,111100100000010001000001100011111000000111010111111011101111010100000100111110110110000111001011100000100110110111001000001101101111000000110101001111010110001001111,False,False,False,False,88,0.033486366271972656,0.016689062118530273,0.014968395233154297,0.0018134117126464844
WhatsApp Image 2025-05-29 at 20.43.27.jpeg,1010101100101100101011010010100110111001001001100101101011110110000011011101011110110010000110110111011001110011001001000010010101000010110010110111011101011101110001001010110011000001110011001111100011101001010100010101000011111011001001011001011000010000,11011000001000101010111001101011001110011111111001011000111100000000110000000111101100111000101100110110011100110010010001110100000000001000010111110110011000101011101000001100010110111011111011101001111101010101011010100010111001000011011001011011111010011110000,False,False,False,True,93,0.0277097225189209,0.012781143188476562,0.01387929916381836,0.0010333061218261719
WhatsApp Image 2025-05-29 at 16.44.08.jpeg,1100100100100001000101101001011010100011010011100011100001101000110111101101011000101001110000111001010001100101011100110011110010110011100001110110110011110011100101101100111011001010011001100011011000011000110010011100110100110100011100111001101100101100,1011001011011101011000101001100011011101101110100010001010001111010011000100101100101111111101000000001010000001011001001011011100000001010101010010000101010000101001110100,False,False,False,False,90,0.029261350631713867,0.012691020965576172,0.01480722427368164,0.0017490386962890625
WhatsApp Image 2025-05-29 at 16.45.54 (1).jpeg,1001010000011110100100111100111000100011110000011010010000111100111101000111001000010011010000110010011111000100111011001101000001111000011100000110101101101011011001111000111100001101100100111000111100111001111100110011100001110101100110010010101100011101,1001011000011110101100101100111000100001110000011010010000111000111101000110000001100001010001111000011111000100100111111101010001110000011100101110100001001011111001111100111111001111100100111100010011010100111100011111100001100001101110010000001100101101,True,True,False,False,51,0.026744365692138672,0.012665271759033203,0.013298511505126953,0.0007641315460205078
WhatsApp Image 2025-05-29 at 16.42.14 (1).jpeg,1010010100100110100100101001101111101001110110010101111100010010001100010010110011110100110100110100110000101010000110111011011111100111110011001001001010101100001110010101001101001101001100100110001001001100001110011001110111110010111010101000110010100100,111000111111001111111110000000000100101001100110100110111111010111001010100010101101100001110101101101010001010101100101101011100100100100001010010110010100001101101011110011100000111100101011000010101011011000110001010010111000111010100001111111100,False,True,False,True,139,0.03390240669250488,0.01722431182861328,0.01584458351135254,0.0008165836334228516
WhatsApp Image 2025-05-29 at 20.43.14 (1).jpeg,1001010111000011011000011010001100110110001111001001110000011100010011100001100000110011011000010111100110110001100011100100100011100011001001110011100110011011111110000110110011000111001101100100001110011011001100011110010001101100111100111100110100111001,10010001000011110010111001111101101000001111000111011111001011101001100000110011000000101001110110010110111001100110001000010001001100110101010110011110111110101011111111100010101101001011001001001110110001100100110010110010010100101100000111101110101111110001100,True,True,True,False,132,0.03746318817138672,0.02128124237060547,0.015487432479858398,0.0006773471832275391
WhatsApp Image 2025-05-29 at 16.41.36.jpeg,1010000100111110101000101110101100010101011010111010100101010100101000101001011011011101011011110100110010100101010000101011011010010110000100101001110111001101011010001100100101101111010100111010011000100010100100101010110111010000100111100101110011010010,001101100001000010110000000001000001111001100000000001000111110101001101010001000101100001001000011100000111000110000000000011110111101100010001000100101011110010100,False,False,False,False,86,0.03005504608154297,0.013562202453613281,0.014672040939331055,0.0018074512481689453
WhatsApp Image 2025-05-29 at 16.44.44 (1).jpeg,1000111101110110110010011011110111001101000110010101101001101100000100010000100100010010000000000000110010110111101001011011110110010101101101001011011010101011001101101011010100010010000011000011111010100000001011101010011101100011101111011010110110110111,11000100000111100011110010101110101101110011101110100010010000011100001010111101110011010011010101101011001100110010111110100001000010010001100000000001000011010010011000010110101001100100000000100100011101010001100101011000010111001111111101,False,False,False,False,126,0.035001516342163086,0.01847100257873535,0.015280008316040039,0.001233816146850586
WhatsApp Image 2025-05-29 at 16.41.38.jpeg,1001000010000101101011010011001001000010101110010111000001000111011011110011101010010010110011001110100101100011011011100001100000010011100111101010000100100011011011100101010100011011100111111110011001101010100011001001110100110101111100010111101001000111,1001010011100101101010110000001001100000000011010011000001110111011011111001101010010110110001011110110001110010011000100000111100111000001101111011000011111110011101111110111100011110110000001110011001111010100001111111110100111001111100010111101000000000,True,True,False,True,75,0.0313873291015625,0.016110658645629883,0.014666318893432617,0.0005931854248046875
WhatsApp Image 2025-05-29 at 20.43.13 (1).jpeg,1000111000010111110010100001011110101000000010011100101101101001100011111110101110000010110101101010011101010101101010110101010101101001101011010011100010101001110101101010101010100010100010110101001100110001101010010110110101010100100001100011010100111001,10001010001101101100101001010111101010101000100111001011011111011100100101101010100001101101001110101111000101011010101100110101100000110011001000100010110110010100111011000010000011110010000001101100101001100100001111000010110110101010100100111000011011100001001,True,True,False,True,92,0.032082557678222656,0.016240596771240234,0.015329837799072266,0.00049591064453125
WhatsApp Image 2025-05-29 at 16.45.17.jpeg,1100111000111110001110011100001100110001111100011100111000001110001100011011000100110010001100011111000111000111010001110001110011001110001110100011100111110001011110111000011011001101100011101100011000111000000111101110001100110001100100010000011000101110,010111110011001110000010010001101011110000110010110101100010111010111010011000001111011001110110000111010100010111101100010110011011110110000100101100010100101110100001101000101110000011010100101011011001100111001000101010011001011111110001011111110,False,False,False,False,116,0.026156187057495117,0.010969161987304688,0.014003992080688477,0.0011668205261230469
WhatsApp Image 2025-05-29 at 20.44.10.jpeg,1010011010010100110010100011111010011010010110000110011100100010111111000100100110000111010010110100010111000011011010001010010010100011111001111000101101111000010010010000111110010011010110010110011010010110110110001010011011001001111001110110001101111001,0000110010011011011010100000110000100010101010001110100001110000001111011010001001110000011010101011010011001011010001101111011101011001110001111100000100110110101100000111001101101101001011101010001011111110010011011001101001001000100110000001100101001100,False,False,False,False,131,0.020969629287719727,0.007710695266723633,0.012154579162597656,0.001088857650756836
WhatsApp Image 2025-05-29 at 20.43.06.jpeg,1010111011011010100001101110110111010001000001000011100100000111001110100011111001001010100101001101011111001001100001011111100000111010001011011101100100100110110110100001011100101010111110001101010111100001001101110101100111010000001110001100101000000111,1110011101011110100000010010000110001011000101111101000000000001011110101000111101001110101001001000010011110000100011010111110010010110101011110010101010010101111101010011011001111111111011001000000100110010001111010101010011010111110011111000100010000011,False,True,False,True,102,0.03617382049560547,0.01969122886657715,0.015729188919067383,0.0007359981536865234
WhatsApp Image 2025-05-29 at 16.45.46 (1).jpeg,1010110000000111010111111110101110010101010101010110111010101010110110101000111110110110100000111110000100010101011110100010101001100110100000101111000010100010110100010000111101111110010100110110000110010101010000000110101001010001110101100011011000110101,100101010000101001101010100101011001010101001010111011101010010111011010010010110111010110100100111010110000101101111100010001000110111010101000111100011011000011011110001110010101010010000110101001010000100100111111001000110101,True,True,False,False,91,0.03670382499694824,0.021305084228515625,0.014307022094726562,0.0010762214660644531
WhatsApp Image 2025-05-29 at 16.41.45 (1).jpeg,1111110101100001111001110110001000000011110010000001001001100001111111101001010011110010110101011100001011100110000010110101011011110001101011100001010010010110010010101101011010100101011010111000110101100011000100111011110110100110000001110101100100001101,111010000111011111111000101011000110001100001000100010101000110100101011100011101111010001011111000010100011000000100100100110000001100011010000111110010100101101111000101110011010101111111010011110100000001001000101110010111000,False,False,False,False,117,0.03983449935913086,0.023104429244995117,0.015332937240600586,0.0013816356658935547
WhatsApp Image 2025-05-29 at 16.41.40.jpeg,1101011110010000110110110011000011000000011111110010010001011111011111111110000000111111100110001111101000001111001110000000100101001100011100010110011001101110001001111001000010011011101110010010100001101111011101001000011010000111111110011000010000010010,001011010101111011111010100001010101111011100011100000000011000100100111110100111011001111010000111001011001010000111001111011000100011101010000001001100101011110110111101011001101010000111100001110110011001001000001111101011100010010100100100001010,False,False,False,False,113,0.0310056209564209,0.015045404434204102,0.014776229858398438,0.0011677742004394531
WhatsApp Image 2025-05-29 at 16.44.43.jpeg,1101101100100110110110110011001100011001000101101001101100110011001001100011100111110001110001100010011000111001011101011100110010101100011000110110011010011000111101001100011000101110001110001101000111000100001011100011001101010011100011001011100011000111,100011001110000111001000010110011010000110001100001010101010010001001101010010111110100010110100100100110110001110000101110111001101101110110011100111000011011001101010011001100011010111100100110011011001110111010000101110111000,False,True,False,False,119,0.03380155563354492,0.01645946502685547,0.01601409912109375,0.0013113021850585938
WhatsApp Image 2025-05-29 at 16.41.35 (1).jpeg,1100110011001001100111001100001100111000100100100110101000110100110001111100110100100111001010010011011001101101001111100111101000110001111000011000100001100011110001100100111000110110000101100111001101110001001011111010010110111001110010011100100011000111,10001001100010111001110011000011011111001100011001011011010100001100011011000101001101011010100010111010001011010010111000011010100011100110101110101100000011001110011110001110110011010010011101101000100001100010000111010011010011100111011011000110000011001000011,True,False,True,False,102,0.030689001083374023,0.01502847671508789,0.014721870422363281,0.0009217262268066406
WhatsApp Image 2025-05-29 at 16.45.55.jpeg,1010101111110100011000000000011000110101100010100100111101111001111110100000010100100101101001111100000110110110001111100000010011001100011110100011100111010000001101111001001110110110011001111011011001101100110010111000110101011001100100100100001100110110,1000101111110100001000000000111000110101000010100100111111111001111110000000000101100101101101111100000110110100001111100000001011001100111111100011100111001001001001110101001110010110101001011011011001101100100110101001011101011101011110110101101101110010,True,True,True,False,40,0.03475785255432129,0.019317150115966797,0.014837026596069336,0.0005877017974853516
WhatsApp Image 2025-05-29 at 20.42.44.jpeg,1101111001011110000111101101010010001000100001111110100011100001011010010110100101001001001010010111010101000001011101001011101000011110110110001000111011010111100000000000011011001001011001000111110111110100001111001110101100110011001011110001001100111001,1101101101011010001011111110010110001000100001111011100010100111000010100110100001110100010111001101010011010011111110001011100001011110110111010000110001000101101010010010011111100001001001000111011011010100000101101110101100110011001010111000101100111001,True,False,True,True,66,0.03292250633239746,0.016989469528198242,0.015374183654785156,0.0005414485931396484
WhatsApp Image 2025-05-29 at 16.36.53.jpeg,1001100101001001100110110110100110011101011010101000110011010010001011001100001000111100011001101101100011100011110010110111001100001111011100100111010010110100111100101001001111001111000100011010100101100100101100011010110010000111101110110010100001010001,00001010100111100011000101000110110100110111101010101010000010111010111100000100001000001100100001001000101100001000000100110101110101000101111010100100110110001111010011011100110111111000010100101000011001111001010111100011111001111000000011110101010101100000010,False,False,False,False,113,0.03149819374084473,0.01586604118347168,0.014506816864013672,0.001108407974243164
WhatsApp Image 2025-05-29 at 16.43.00 (1).jpeg,1001010001011001100001000010010001101011001101100111001101011010001110101010110100101101111101011011010101011011010100101011010101101001010101011011010010101011101100100101010101101001010010100010011010010001100100100111011001001001010011100110010011001111,1001010001001101100001000010010001101011001101100111011101001010000110101000110100101101001101111011011101110011010100101000110101101001110111011011010000110011100100100111010101101001110010000010011010011001100100100111011011001001010011100110010111001101,True,True,True,True,28,0.03009343147277832,0.01498723030090332,0.014761686325073242,0.0003285408020019531
WhatsApp Image 2025-05-29 at 16.44.40.jpeg,1100011011111110110110101010000000110110000000001100010010111111001100010011000111001100110000000011001110111111110011000110000000011101100110111100011001111101000111011011111011000011001110010001110011000000111100110000100100001100111001101111001100111001,01000110101100000111100011110100011010100001000010000010100011100000111110000001100011011011001011010100110100001110110100011100000011010110011111101110010100110001101101111010100000010100011001011110000100010110000101111,False,False,False,False,94,0.03070521354675293,0.01388406753540039,0.015424013137817383,0.0013816356658935547
WhatsApp Image 2025-05-29 at 20.44.30 (1).jpeg,1001111010011100111000010111101001100001011000111110010100011101111001011000111101100001110100001100011000001010100010100100011110000000000110011001100111000111110011100111000011101011110001001100111101110111001000111011110011011111011101001010001000100000,100110111011111011100000011011000010000101100011110011010001010111100101111000111011100011011010101000100000100011111011010110000110110001100001110111100011100011000011011101011100001010111001010000011111011111001001101000000000,False,False,False,False,87,0.026552200317382812,0.011945962905883789,0.013260602951049805,0.0013306140899658203
WhatsApp Image 2025-05-29 at 20.41.50.jpeg,1100010001010110111001010110100110010001111001001001110011011110110110110011001011011011010100011000101010101110001010110011100011100011000000111000110011110110101010111010001000111101000001000100001011111101101010000010111000010001011010011100111100010111,100000001101011101000111100010011000110110110011001001011001010100010001100010101010001110110011100011100011000000111000110011110100101011111010001000111101000001000100001011111101101010000010111000110001011000011100111100010111,False,True,True,True,120,0.02355480194091797,0.01031351089477539,0.012520313262939453,0.0007064342498779297
WhatsApp Image 2025-05-29 at 20.41.51 (1).jpeg,1101100100011010111110010011101100001111111001011111100110000000001001011101111101111110011011110011100011011001001001110110011010101110000000110000011011100010001100110011000000100110100011011001001100100100001001001100110100001101101111111000101110100000,110110010001001011110000101110010001111111110101101110011000000001100111111011111101111111011101001000101100101001000111010111111010111000000010001000110011001001011100100000000011001000010111101010001110110000100001001011010100011011111101101011111,True,True,True,False,74,0.027453184127807617,0.01334524154663086,0.01352238655090332,0.0005698204040527344
WhatsApp Image 2025-05-29 at 16.34.17.jpeg,1101111111000111111001100001010100000100011111100100001010001111110100100011101010010100101100010001101110011010001101010011000010011101001001101001100101001100011001100101100110010101010000110101101011011110100011010001101011111011000101101001001111100100,1101110111000111111001101001111000001111111100000010000110000111111100000011101011000110101100011001100110111011000011110011000000010101001001000001110101001000011011100011110110010101010111100111101111011110100001011001001011011011000101101001110011101100,False,True,False,True,55,0.028101682662963867,0.012642860412597656,0.014705181121826172,0.0007381439208984375
WhatsApp Image 2025-05-29 at 16.33.38.jpeg,1101000111010101101011000110001100100010000010101101011110011100110011101101110000100011000110110000010001100011110100111111110100111011010010011000110000001010111100011011000101111111111101010011001000001110100110001100001101001100110101000111001100110010,1101010111010101101000100010001000101110001010101101010011011100000001111011011110111010010110000000010000100000010001111010011111101010010110101001000100011000000101011010011001000001010100011000000101101111100110101011111010100110010,False,True,False,True,88,0.02871108055114746,0.013854503631591797,0.013820171356201172,0.001020669937133789
WhatsApp Image 2025-05-29 at 16.34.13.jpeg,1110101011100101100101000111101011000101010111000110100111000101000111101011000101000010011000110010000101001100000111110001110010011110011100010110000111100001011100111110001110011111000111100010011010011101110110111110001111100100001000010011001010010100,1110001011100101100111000101101011000101011111100100100111001101000111101011100101000010011000100010000111001101100011110001110010011110001100110111000111100001011100110110111010001111000111100010010010011001110110111110001111100100001000010011001010010100,False,True,True,True,23,0.03395438194274902,0.01853156089782715,0.014808416366577148,0.0005981922149658203
WhatsApp Image 2025-05-29 at 16.45.57 (1).jpeg,1000010101101001110110101101010001011100011011010111111010001001110100001000101111000100010110101111111010011001110011010001001001000010111101000000110101111110101111110101101111010011001001000100001000110100001001011110101110110011000100101101010000001001,11011111011110001001001101110000001110111011100101101000101110010000001010101010111110010001000110011010000110101111000000111001001000011000110111101000111001000111010100111111111111011001011111111101,False,False,False,False,97,0.03827667236328125,0.021453142166137695,0.015245199203491211,0.0015633106231689453
WhatsApp Image 2025-05-29 at 16.44.09 (1).jpeg,1111101100001010100000011111010000011110001100010110100000001110101000011100110010010111101000111101111000111100011000010111100101110111100001101001101000011110000010010111100101100111101000110011001010011110000110010101100011001101101000110100011011010111,110001001100100101001000000011000111000010110000010100001100101011010010111000110011110110010001000010101101101111101110100110001010100110100000100000010110100011010101000101100001011111100111110000001010011010100001001111001000011011011000010011011010010101001001000000,False,False,False,False,134,0.03903460502624512,0.021489620208740234,0.016451120376586914,0.0010771751403808594
WhatsApp Image 2025-05-29 at 16.36.58 (1).jpeg,1101100100110000001110011100000000110010010010010111011100111001110001001110010000111111011111110110111110101101101111001001111001100101000111000100111000101110000100011001011111111100110100100010000100100000101101101110000101001001001100110000001100011111,1110111100000000111111010100010011100100110110110010011100011110000011101110110000111000011111010110111110101111101111001000011001100101000011001100111001111110001100001000001101111100110000101010011000000000111100100010010101001001101100110011001100111011,False,True,False,True,62,0.03907895088195801,0.021979331970214844,0.016039133071899414,0.001043081283569336
WhatsApp Image 2025-05-29 at 20.44.27 (1).jpeg,1010100001010111111011110101110110010101111000101101110000111000000010011010100100101000111111000111111000011100110110110111100001001000000111100111100001100001100011111101001011000010100001101111111010010010001010001001011000010010010111111000011110010010,101010101110000111001110100110010001011110101011110011010011100000000101001000011101010011110000011101100100010111110000000110100001111010010000001010011111000111000101000110111011010111000101000011101111000100010100100100010010010010110101110111100110111100100001010000,False,False,False,False,106,0.024070024490356445,0.00979161262512207,0.013206720352172852,0.001055002212524414
WhatsApp Image 2025-05-29 at 16.44.04 (1).jpeg,1100010110001110010001111100011100110010011000011100100110011001001101111001100101100011000011101100000110011111000111011111001101100110011001001100000110001110000110011111100101110010011100001100011111001111000111011000001101110010001000011100011000111100,101000011100101000100101010000010111011000110110010010100011111011100000010111010010000001110010000111000101001110010100010010111001001011110000011001100100000111110010001101001010001010010100000111011101000000111100010100100010,False,False,True,False,115,0.025098800659179688,0.010644912719726562,0.013101339340209961,0.001337289810180664
WhatsApp Image 2025-05-29 at 16.44.02 (1).jpeg,1101001101010111010010001010100001100001000001010011010001111110001101001111100000110011110001010001110101010010000010010010110000011001101111010001110011010110000011100101101100011100011010001110111011100101001111110110000011111110011001001100111100011111,101001101101000000010101100101001000001100011111101100100100000010110100001010000000110111110111000101101100000100011111010000111101010010110001101010000010010000001100101110101100111001110001010011000011101100011001001100110011,False,False,False,False,107,0.03635215759277344,0.01930999755859375,0.01565408706665039,0.0013725757598876953
WhatsApp Image 2025-05-29 at 20.43.26.jpeg,1111000011100010100111111101100001111001110001110000000011000100111101011000111111100001000001100000001110111000110111111001111010111100001100010011111111101111010000000110100011010001100100100011011111001100001000011101000001000110100101100011100101111001,1111000011100100100111111101100101111000110001110100000011000100101111011010111111100001110000110011011110101010110011111000111110111100001100010011111111111110010010000010100011000000101100100011011111001100001000010000100011100100101111100011111100000000,True,False,True,True,43,0.030294179916381836,0.015366554260253906,0.014341354370117188,0.0005705356597900391
WhatsApp Image 2025-05-29 at 20.43.35 (1).jpeg,1001110101010101011000111010001100000011100000100000001001110110001010001011000000111101010111111111010100001110100101001111000001111101111100001111100000011111111101011101100010010110111000001100001111100101110010110001010100100111101100101000011101100010,0001110101010101011000111100101100001011100010100010101001111100001010001010000100111101010011110111110100001110110100001111100101111101111100001110100000001110111110111111100010011010100000011000001111100101110000100000010000000111111100100000101101000011,False,True,False,True,43,0.026686668395996094,0.012573957443237305,0.013270854949951172,0.0008251667022705078
