{
    "JPEG Compression": {
        "min": 0,
        "25%": 0.0,
        "median": 0.0,
        "75%": 2.0,
        "max": 8,
        "mean": 0.573,
        "std": 0.9867476881148494
    },
    "Resizing": {
        "min": 0,
        "25%": 0.0,
        "median": 0.0,
        "75%": 0.0,
        "max": 4,
        "mean": 0.479,
        "std": 0.8880084459057807
    },
    "Gaussian Noise": {
        "min": 0,
        "25%": 0.0,
        "median": 0.0,
        "75%": 2.0,
        "max": 6,
        "mean": 0.854,
        "std": 1.1272462020339657
    },
    "Gaussian Blur": {
        "min": 0,
        "25%": 0.0,
        "median": 0.0,
        "75%": 0.0,
        "max": 4,
        "mean": 0.235,
        "std": 0.66541340533536
    }
}