{
    "Cropping": {
        "min": 110,
        "25%": 136.0,
        "median": 142.0,
        "75%": 148.0,
        "max": 178,
        "mean": 142.368,
        "std": 9.691056495553001
    },
    "Copy-Move": {
        "min": 2,
        "25%": 36.0,
        "median": 46.0,
        "75%": 56.0,
        "max": 124,
        "mean": 46.802,
        "std": 16.467325101545786
    },
    "Splicing": {
        "min": 4,
        "25%": 34.0,
        "median": 46.0,
        "75%": 58.0,
        "max": 124,
        "mean": 47.435,
        "std": 19.03729957215571
    },
    "Inpainting": {
        "min": 30,
        "25%": 76.0,
        "median": 88.0,
        "75%": 98.0,
        "max": 152,
        "mean": 87.253,
        "std": 17.392526872194274
    }
}