{
    "JPEG Compression": {
        "min": 0,
        "25%": 0.0,
        "median": 0.0,
        "75%": 0.0,
        "max": 4,
        "mean": 0.161,
        "std": 0.5586403136187004
    },
    "Resizing": {
        "min": 0,
        "25%": 0.0,
        "median": 0.0,
        "75%": 0.0,
        "max": 4,
        "mean": 0.122,
        "std": 0.4828208777590298
    },
    "Gaussian Noise": {
        "min": 0,
        "25%": 0.0,
        "median": 0.0,
        "75%": 0.0,
        "max": 4,
        "mean": 0.28,
        "std": 0.7110555533852471
    },
    "Gaussian Blur": {
        "min": 0,
        "25%": 0.0,
        "median": 0.0,
        "75%": 0.0,
        "max": 2,
        "mean": 0.068,
        "std": 0.36245827346054604
    }
}