{
    "Cropping": {
        "min": 20,
        "25%": 44.0,
        "median": 48.0,
        "75%": 52.0,
        "max": 68,
        "mean": 47.23,
        "std": 6.06391787543334
    },
    "Copy-Move": {
        "min": 0,
        "25%": 10.0,
        "median": 16.0,
        "75%": 20.0,
        "max": 44,
        "mean": 15.639,
        "std": 7.0517855185761285
    },
    "Splicing": {
        "min": 0,
        "25%": 10.0,
        "median": 16.0,
        "75%": 22.0,
        "max": 52,
        "mean": 16.375,
        "std": 7.697881201993183
    },
    "Inpainting": {
        "min": 10,
        "25%": 24.0,
        "median": 30.0,
        "75%": 34.0,
        "max": 58,
        "mean": 29.955,
        "std": 7.277910070892604
    }
}