{
    "JPEG Compression": {
        "min": 0,
        "25%": 0.0,
        "median": 0.0,
        "75%": 0.0,
        "max": 4,
        "mean": 0.316,
        "std": 0.7403674763251017
    },
    "Resizing": {
        "min": 0,
        "25%": 0.0,
        "median": 0.0,
        "75%": 0.0,
        "max": 4,
        "mean": 0.279,
        "std": 0.7015404478716819
    },
    "Gaussian Noise": {
        "min": 0,
        "25%": 0.0,
        "median": 0.0,
        "75%": 0.0,
        "max": 6,
        "mean": 0.497,
        "std": 0.9203211396029106
    },
    "Gaussian Blur": {
        "min": 0,
        "25%": 0.0,
        "median": 0.0,
        "75%": 0.0,
        "max": 4,
        "mean": 0.133,
        "std": 0.5102068208089734
    }
}