{
    "Cropping": {
        "min": 42,
        "25%": 78.0,
        "median": 82.0,
        "75%": 88.0,
        "max": 112,
        "mean": 82.117,
        "std": 7.640700949520273
    },
    "Copy-Move": {
        "min": 0,
        "25%": 20.0,
        "median": 26.0,
        "75%": 32.0,
        "max": 66,
        "mean": 26.23,
        "std": 10.247492376186479
    },
    "Splicing": {
        "min": 0,
        "25%": 20.0,
        "median": 26.0,
        "75%": 36.0,
        "max": 76,
        "mean": 27.768,
        "std": 12.182207353349392
    },
    "Inpainting": {
        "min": 18,
        "25%": 42.0,
        "median": 50.0,
        "75%": 58.0,
        "max": 92,
        "mean": 50.534,
        "std": 11.157546504496407
    }
}