Image Name,Computed Full Hash,Extracted Full Hash,WM Present (Top Left),WM Present (Top Right),WM Present (Bottom Left),WM Present (Bottom Right),Total Hamming Distance,E2E_time,Fingerprinting_time,wm_time,ECC_time
WhatsApp Image 2025-06-02 at 15.44.17.jpeg,1100100100000000000001110100010011110100100000100111001100011101011011110100001111001101101010101001000111001000110110011110101100011100110001111100110101100110011111011110110000001101100110000011111011000000111100110110000100110110110111101110111011000000,1100101100100000100001110100010011110100100100100111001100011100011011110100001111001101101010101001000111001000110110011110101100011100110001111100110101100110011111011110110000001101100110000011111011000000111100110110000100110110110111101110111011000000,False,True,True,True,5,0.3494234085083008,0.08320116996765137,0.2651517391204834,0.0010504722595214844
WhatsApp Image 2025-06-02 at 15.44.24.jpeg,1011010010100111100000001111100010010011011110000011110111111101010111111111110000100010110110101101110100000000110011000010010100110110000100001010001101011110000100010011111101000101101111111000011010010110001111100101100001100101101000000011001100001111,1011010010100111100000001111100010010011011110000011110111111101010111111111110000100010110110101101110100000000110011000010010100110110000100001010001101011110000100010011111101000101101111111000011010010110001111100101100001100101101000000011001100001111,True,True,True,True,0,0.024910688400268555,0.010331392288208008,0.01422739028930664,0.00033545494079589844
WhatsApp Image 2025-06-02 at 15.39.52 (1).jpeg,1001011101010001011111100011110000011001101001101000000111110111011001100001100110110111100010100110101001100100110000100110100110011101100011101100100110000110100101100001100101111001100110000100110100110111001100100100100101101101000100111001011011100111,1001011101010001011111100011110000011001101001101000000111110111011001100001100110110111100010100110101001100100110000100110100110011101100011101100100110000110100101100001100101111001100110000100110100110111001100100100100101101101000100111001011011100111,True,True,True,True,0,0.025806188583374023,0.012134790420532227,0.013197183609008789,0.0004589557647705078
WhatsApp Image 2025-06-02 at 15.40.43 (1).jpeg,1111011001100110111001100110011000101101101000111001100110011001010110011001110001001100110010011100110011001001001111011001010010111100111001000100101101001001100110000000110000110110101101100010011011100110110111011000010000011011001110010101110001011001,1111011001100110111001100110011000101101101000111001100110011001010110011001110001001100110010011100110011011001001111011001010010110100111001000100101101001001100110000000110000110110101101100010011011100110110111011000010000011011001110010101110001011001,True,True,True,True,2,0.024458646774291992,0.010935544967651367,0.013119935989379883,0.0003883838653564453
WhatsApp Image 2025-06-02 at 15.39.12 (1).jpeg,1011101000011010100101010111011101001011101000000110110001010101001101001011101010110010110101010110011100001100001010100010101101110110011101001001000010000010011001111111011111001001000010000011110011011101100111001011000001100111001111101100100111001001,1011101000011010100101010111011101001011101000000110110001010111001101001011101010110010110101010110011100001100001010100010101101110110011101001001000010000010011001111111011111001001000010000011110011011101100111001011000000100111001111101100100111001001,True,True,True,True,2,0.025587081909179688,0.011889934539794922,0.01314091682434082,0.0005412101745605469
WhatsApp Image 2025-06-02 at 15.39.02 (1).jpeg,1111110000100110000010111110000100000011100111001111011000111111111111000110001001110001110011000000011110011011000110000011110011101100011101001110001110000111110011100100100000111001100110000001100111100111001001110001111010011000111000010011011001001100,1111110000100110000010111110000100000011100111001111011000111111111111000110001001110001110011000000011110011011000110000011100011101110011101001110000110010111110011100100100000011011110110000001100111100111001001110001111010011000111000010011011001001100,True,True,False,True,7,0.025325775146484375,0.011587858200073242,0.013148784637451172,0.0005741119384765625
WhatsApp Image 2025-06-02 at 15.41.06.jpeg,1100110011100011011001100110001000110011000110011001100110011100011001100110001111001100011100111000110011001110011001100110100101110011001001101001100110011110111001001001100111000110011000101000110011001001001001100100011111010011001100101001110110110011,1100110011100011011001100100001000110011000110011001100110011100011001100110001111001100011100111000110011001110011001100110100101110011001001101001100110011110111001001001100111000110011000101000110011001001001001100100111111010011001100101001110110110011,True,True,True,True,2,0.02366042137145996,0.010112524032592773,0.013077735900878906,0.0004551410675048828
WhatsApp Image 2025-06-02 at 15.39.44.jpeg,1010111011101010100100000010101010110111010101010011100011010100100101110100010010111101111111011100000100100101100101000101101111001010110010001001010101111011010000100010100100000100001010110101001110101011001010100001110111010011100110110100101101101101,1010111011101010100100000010101010110111010101010011100011010100100101110100010010111101111111011100000100100101100101000101101111001010110010001001010101111011010000100010100100000100001010110101001110101011001010100001110111010011100110110100101101101101,True,True,True,True,0,0.027208328247070312,0.013177633285522461,0.013680219650268555,0.00033545494079589844
WhatsApp Image 2025-06-02 at 15.38.59.jpeg,1100000111110010111000011101001000111110000011000011111000011100001110101110100111000001111001111100001001001101001000111100000000110100100110111101110000011111110001111000000000111011101001000011010101011001110000111111000111001000110101100011111000011111,11000001111100101110000111010010001111100000110000111110000111000011101011101001110000011110011111000010010011010010001111000000001101001001101111011100000111111100011110000000001110111010010000110101010110011100001111110001110010001101011000111110000111110000011,True,True,True,False,0,0.024190187454223633,0.010439157485961914,0.013191461563110352,0.0005445480346679688
WhatsApp Image 2025-06-02 at 15.39.44 (1).jpeg,1001010101000001100101010100100010000100010100111110110111010110001010101111010111001010101101001011010010111001110010101010111010100100010110111001101100101010011100001101100011000111010100100111001010101100110110011001001001000101011011101001101010111100,100101010100001110010101110010001101001010101111010111001010101101001011010010111001110010101010111010101100000110111001100100101010011100000011100011000101010100100111001010101100110111011001001001000101011011101001101010111100,False,True,False,False,106,0.025135040283203125,0.011392354965209961,0.01258707046508789,0.0011413097381591797
WhatsApp Image 2025-06-02 at 15.40.37 (1).jpeg,1100010010000100100100111101001110010011110100111111001111011011101000111001000111100010111111000110101111111110011000100011110001110000010001010001011000111011000100000101101010011100011100100001001100010101111101000111010001111011010100000110001100001110,1100010010000100100100111101001111010011110100111111001111011011101000111001000111100010111111000110101111111110011000100011110001110000010001010001011000101011000100000101101010011100011100100001001100010101111101000111010001111011010100100110001100001010,True,True,True,True,4,0.03547358512878418,0.019855022430419922,0.015119552612304688,0.0004837512969970703
WhatsApp Image 2025-06-02 at 15.44.18.jpeg,1100110001110111010000111000101101110100110011001001001100110001001011110001001101011000011001101111001100101110001011100101110001010000011100101110000111100010101001111000111111001000001111000001001011110001100111110000111101101010001011100001111010010100,1100110001110111010000111000101101110100110011001001001100110001001011110001001101011000011001101111001100101110001011100101110001010000011100101110000111100010101001111000111111001000001111000001001011110001100111110000111101101010001011100001111010010100,True,True,True,True,0,0.02469468116760254,0.01090383529663086,0.013274431228637695,0.0005016326904296875
WhatsApp Image 2025-06-02 at 15.44.43 (1).jpeg,1000000111000011001010101101000110110000011101010101011000101110111101100001100011011111101010101001011000000111100001010110011110011011100101110111000110101001010010101010000101100110010111101101110000101000001010100001011100001111111110100111010010011001,1000000111000011001010101101000110110000011101010101011000101110111101100001100011011111101010101001011000000111100001010110011110011011100101110111000110101001010010101010000101100110010111101101110000101000001010100001011100001111111110100111010010011001,True,True,True,True,0,0.025908231735229492,0.011556148529052734,0.013901948928833008,0.00043487548828125
WhatsApp Image 2025-06-02 at 15.44.48 (1).jpeg,1101100010000110100001011011111000001001000110001101111000110110111100100101110011100011011000011011101100110111100110100011110000111110010011101100100110001000111100000000110101100110110000100000111100111001000011100010110110000101110011001111100111001110,1101100110000110110001011011111001001001000110001101111000110111111100100101110010100011011000111011101100100111110110100011110000111110010011101100100110001000111100000000110101100110110000100000111100111001000011100010110110000101110011001111100111001110,False,False,True,True,8,0.028657197952270508,0.014539480209350586,0.013202190399169922,0.0009007453918457031
WhatsApp Image 2025-06-02 at 15.40.40.jpeg,1101001111000101111100110100010001110111101100110010110000111010010011001110000011001100110011100010110100110010001011110011001110000011101100110111010011101111010011000101101110000011001110100101101101111011001100001010000110001100001111001101000101000000,1101001111000101111100110100010001110111101100110010110000111010010011001110000011001100110011100010110100110010001011110011001110000011101100110111010011101111010011000101101110000011001110100101101101111011001100001010000110001100001111001101000101000000,True,True,True,True,0,0.024116992950439453,0.010524988174438477,0.013098001480102539,0.00047969818115234375
WhatsApp Image 2025-06-02 at 15.40.21 (1).jpeg,1111100101100011100010011100001011010110111110000011011000111101000101100000100001001000000110111000000100110110011111111110000010011110011111010110000010011001100111001001111101110010011000011000011111000110011111001011100010001111000010110110100101011010,1111100101100011100010011100001011010110111110000011011000111101000101100000100001001000000110111000000100110110011111111110000010011110011111010110000010011001100111001001111101110010011000011000011111000110011111001011100010001111000010110110100101011010,True,True,True,True,0,0.02597832679748535,0.011537313461303711,0.014099836349487305,0.0003268718719482422
WhatsApp Image 2025-06-02 at 15.39.07.jpeg,1000101100011101101010010010110001010101101101000101010000000010101100110100110011001011110110010011011001011111110001101100001011111000101000100110010101011111100010011011100100111100101001101000110101010101000100001010011010101111111001101101000011011001,1000101100011101101010010010110001010101101101000101010000000010101100110100110011001011110110010011011001011111110001101100001011111000101010100110010101011111100010011011100100111100101001101000110101010101000100001010011010101111111001001101000011011001,True,True,True,True,2,0.023633956909179688,0.009385347366333008,0.013857841491699219,0.00037550926208496094
WhatsApp Image 2025-06-02 at 15.40.13.jpeg,1000011101100000001001000111101101101001010101100101000111100110101101111010101101111111100101000111100000011100011000010110101010010101110001110001111010000111110010000111100001100101110110011101111100100001001100101011110111001011000100000000100111001001,1000011100100000001001000111101111101001010101100010010111100010101101111010101101111111100101000111100000011100011000010110101010010101110001110001111010000111110010000111100001100101110110011101111100100001001100101011110111001011000100000000100111001001,False,True,True,True,7,0.02535390853881836,0.011408329010009766,0.013204336166381836,0.0007259845733642578
WhatsApp Image 2025-06-02 at 15.44.45.jpeg,1000111000010110110110010001110001011000110011110111011001101001101100101000110111111100100011110100110011001110000011010111100000110100110011101100010011010001110011011011000100100001101100010010111100010110011010010011011000000011101101101001011010110100,1000111000010110110110010001110001011000110011110111011001101001101100101000110111111100100011100100110011001110000011010111100000110100110011101100010011010001110011011011000100100001101100010010111100010110011011010011011100000011101101001001011010110100,True,True,True,True,4,0.02472066879272461,0.011018514633178711,0.013293027877807617,0.0003943443298339844
WhatsApp Image 2025-06-02 at 15.39.41 (1).jpeg,1100011100110001111101000000101101001000001011011000001111110000011100111111000000001111111100000011110000000011000110000111011101111000001001100000101111100110111111000100000001001000111001111110111101000110100101001010111111101011011111001101011010000101,1100011100110001111101000000101101001000001011011000001111110000011100111111000000001111111100000011110000000011000110000111011101111000011011100000101111100110111110000100000001001000111001101110111101000110100101001010111111101011011111001101011010000101,True,True,True,True,4,0.02774810791015625,0.013972043991088867,0.01314854621887207,0.0006122589111328125
WhatsApp Image 2025-06-02 at 15.39.47.jpeg,1001110000100111111110000000011110010011111110110011011011001000001100001100011111000111000011000011110010011100001100111101000010011000001101101100110100110111100110001110101010000111100111100111100111100000011010110011100000100101110011010011001011010001,1001110000100111111110000000011110010011111110110011011011001000001100001100011111000111000011000011110010011100001100111101000010011000001101101100110100110111100110001110101010000111100111100111100111100000011010110011100000100101110011010011001011010001,True,True,True,True,0,0.02426743507385254,0.010670185089111328,0.013253450393676758,0.0003287792205810547
WhatsApp Image 2025-06-02 at 15.40.48 (1).jpeg,1010001001011001101101100100110011110000101101001000011100000101111000110001001101011101001101101001000011000010000000110111101111111101001001010001000110110010001010110000111111011001011100100111010000001111100010111111000001101100000011111001111111110011,1010001001011001101101100100110011110000101101001000011100000111111000110001001101011101001101101001000011000010000000110111100111111101001001010001000110110010001010110000111111011001011100100111010000001111100010111111000001101100000011111001111111110011,True,True,True,True,2,0.02518916130065918,0.010847806930541992,0.01388239860534668,0.0004439353942871094
WhatsApp Image 2025-06-02 at 15.40.21.jpeg,1101010010011100101010001111001000010001010110100011011111011110110010111010001011011010110010111111001110101111100000010100100101100101110001001100010100101010110111100100001100110001000011010111101011001011000100111011010011101000011100010010110011000010,1101010010011100101010001111001000010001010110100011011111011110110010111010001011011010110010111111001110101111100000010100100101100101110001001100010100101010110111100100001100110001000011010111101011001011000100111011010011101000011100010010110011000010,True,True,True,True,0,0.023347854614257812,0.010440826416015625,0.012493133544921875,0.0003991127014160156
WhatsApp Image 2025-06-02 at 15.40.24.jpeg,1011101111100110100110111011011011100100100110000100011001001001010011100000001110011011001101111010010100111000100101011001110001001110110110000001101001101000100000011100011101011001110001101111010010100011101111100000011101101010010010110000101101011101,1011101111100110100110111011011011100100100110000100011001001001010011100000001110011011001101111010010100111000100101011001110001001110110110000001101001101100100000011100011101011001110001101111010010100011101111100000011101101010010010110000001101011101,True,True,True,True,2,0.026029348373413086,0.01249837875366211,0.013048887252807617,0.0004668235778808594
WhatsApp Image 2025-06-02 at 15.39.01 (1).jpeg,1000110101101110111100101001100101010011110010110110110100100000001111100110110100010001100111111110111001010010011100010010110111000101111000101011001001111100010010001001101101001011011001100010011000011100111110001110000000100101011011011000100010100011,1000110101101110111100101001100101010011110010110110110100100000001111100110110100010001100111111110111001010010011100010010110111000101111000101011001001111100010010001001101101001001011001100010011000011100111110001110000001100101011011011000100010100011,True,True,True,True,2,0.025058984756469727,0.011337757110595703,0.013167142868041992,0.0005390644073486328
WhatsApp Image 2025-06-02 at 15.40.42.jpeg,1101000110000011001101010110101100011110101111010010010100101011000101101011100101001011010100100010010110101010000100101101010000101001010010101110110010110101011110100101101010111011001011010111111010010010111001100100101010100011001011011000100110010110,1101000110000011001101010110101100011110101111010010010100101011000101101011100101001011010100100010010110101010000100101101010000101001010010101110110010110101011110100101101010111011001011010111111010010010111001100100101010100011001011011000100110010110,True,True,True,True,0,0.025276660919189453,0.011747598648071289,0.013143062591552734,0.00037097930908203125
WhatsApp Image 2025-06-02 at 15.40.38 (1).jpeg,1001101011111010101110110111100101000001000000010100111001011000011001011101111100110011100011100011101001100100110111010001000110110001001101101101110011011110110011100110010100101101100001111001000110011000100101001110000001100010001001100011000111001111,1001101011111010101110110111100101000001000000010100111001011000011001011101111100110011100011101011101001100100110111010001000110110001001101101100110011011110110011100110010100101101100001111001000110011000100101001110000001100010001001100011000111001111,True,True,True,True,2,0.024568557739257812,0.010865449905395508,0.013291597366333008,0.000396728515625
WhatsApp Image 2025-06-02 at 15.39.00 (1).jpeg,1001011010001111111000001111110111011110101011011001001101001000010101101101110111001100011110001110000110000011000000100011101100111110101001111111100110100001111101100001110010000010010100100001101110110000011011011000111011101000100001111000010100001000,1001011010001111111000001111110111011110101011011001001101001000010101101101110111001100011110001110000110000011000000100011101100111110101001111111100110100001111101100001110010000010010100100001101110110000011011011000111011101000100001111000010100001000,True,True,True,True,0,0.024430036544799805,0.01078653335571289,0.013161897659301758,0.0004661083221435547
WhatsApp Image 2025-06-02 at 15.39.03.jpeg,1110100101111010100110111000000110010110100001010110010000111110011010010111101010011111111000011100011110000101011110000001111000111000011110001100011110100001110000110000011010011110011100100010010010100101011010010000110110011010011010101110011111100001,1110100101111010100110111000000110010110100001010110010000111110011010010111101010010111111000011100011110000101011110000001111000111000011110001100011110100001110000110001011010011110011100100010010010100101011010010000110111011010011010101110011111000001,True,True,True,True,4,0.023479938507080078,0.00963282585144043,0.013267755508422852,0.0005643367767333984
WhatsApp Image 2025-06-02 at 15.41.16.jpeg,1100001100001111111110001111000000110000100011000100111111001101011100100011001011000010110000111111100110001100010011001001100001100001111100111111011001100001100010011000011100001100101110001101000111000111101100110010010010101110101111100101110010111001,1100001100001111111110001111000000110000100011000100111111001101011100100011001011000010110000111111100110001100010011001001100001100001111100111111011001100001100010011000011100001100101110001101000111000111101100110010010010101110101111100101110010111001,True,True,True,True,0,0.02650594711303711,0.011577844619750977,0.01449894905090332,0.0004138946533203125
WhatsApp Image 2025-06-02 at 15.39.01.jpeg,1111111110101011010100111000000010000100010110001110110000101101110000101000110010000111111110111100010101000100000101000101111011000110011110011011001011100000100011101110100000000100111000101110001111000011011100111110011011000101111001101111000111001010,1111111110101011010100111000000010000100010110001110110000101101110000101000110010000111111110111100010101000100000101000101111011000110011110011011001011100000100011101110100000000100111000101110001111000011011100111110011011000101111001101111000111001010,True,True,True,True,0,0.026396751403808594,0.012693166732788086,0.013241767883300781,0.0004467964172363281
WhatsApp Image 2025-06-02 at 15.40.45 (1).jpeg,1100011101001100110110011010111110100110011010001101001001011111110011011100011011110110100100001001010010011001110000111100110100011000011000101000110011101000000100001011110011111010001000111010010110001001011100100010101100110101111101001001000001101111,1100011101001100110110011010111110100110011010101101001001011111110011011100011011110110100100001001010010011001110000111100110100011000011000101000110011101000000100001011110011111010001000111010010110001001010100100010101100110101111101001001000001101111,True,True,True,True,2,0.028771638870239258,0.015172243118286133,0.013252496719360352,0.00033164024353027344
WhatsApp Image 2025-06-02 at 15.39.50 (1).jpeg,1001001101010011111010100100001001101110001001100001100110111000011011001100110010110110011100001100100100110011010010011110001111000010111001111001101010100111010001000001110101001110100110011010101111000011101101011010010000011110110011100110001101011010,1001001101010011111010100100001001101110001001100001100110111000011011001100110010110110011100001100100100110011010010011110001111000010111001111001101010100111010001000001110101001110100110011010001111000011101101011010010100011010100011100110001101010010,True,True,True,False,5,0.02451157569885254,0.010451793670654297,0.013360977172851562,0.0006837844848632812
WhatsApp Image 2025-06-02 at 15.44.48.jpeg,1000011101010000010001101100110110010011000001011111110100110110011011001011010000001010110000110001001011001010111001010000111011111001101100011011011001111100010010001110101100010011001000111010110110011100111001110001111010100100011110011001101000110011,1000011101010000010001101100110110010011000001011111110100110110011011001011010000001010110000110001001011001010111001010000111011111001101100011011011001111100010010001110101100010011001000111010110110011100111001110001111010100100011110011001101000110011,True,True,True,True,0,0.024303197860717773,0.010618448257446289,0.013342618942260742,0.00032711029052734375
WhatsApp Image 2025-06-02 at 15.40.41.jpeg,1001000110100100110100101010000011100100011010111111100110101010011110110100101010001110010010101001110110010110011001110000000010001101110000011001100111101010011001100111001010101100011110101001100100111100010101101101010001101000110011111001101100110101,1001000110100100110100101010000011100100011010111111100110100010011110110100101010001110010010101001110110010110011001110000000010001101110010011001100111101010011001100111001010101100011110101001100100111100010101101101010001101000110011111001101100110101,True,True,True,True,2,0.025509357452392578,0.011987924575805664,0.013182878494262695,0.0003237724304199219
WhatsApp Image 2025-06-02 at 15.40.18.jpeg,1111100101011111100001101100110110110010111000000011111010100101111010001010000111011000110010001000011100000111100000110011011100000100011111100111110011000100010111111001100001011111100110011101011011100000100101001110001010100000011011001011000100011110,1111100101011111100001101100110110110010111000000011111010100101111010001010000111011000110010001000011100000111100000110011011100000101011111100111110011000100010111111001100001011111100110011101011011100000100101001110001010100000011011001011000100011100,True,True,True,True,2,0.025521516799926758,0.012051105499267578,0.013126611709594727,0.00032782554626464844
WhatsApp Image 2025-06-02 at 15.41.15 (1).jpeg,1001110001100101101110000110000100110110101000101001001111100011001011000110100011010111101010100110101111011101100101110011001010000010110110000110110110001001100101100100000101101001111110011001011000110010011010110101100111010001001000111010111001010011,1001110001100101101110000110000100110110101000101001001111100011001011000110100011010111101010100110101111011101100101110011001010000000110110000110110110000001100101100101100101101001111111011001011000110010011010110101100111010001001000111010111001010011,True,True,False,True,5,0.024138927459716797,0.010354042053222656,0.013131856918334961,0.0006375312805175781
WhatsApp Image 2025-06-02 at 15.44.47.jpeg,1010011001000110101100100110111010011111011001110001111101111101010100010011001011101000001101101011011100010001110100001101101101001000100000010010110100100000001000110010101110100111000101110101000001100110111110111100111111001100110111011111000010000000,1010111001001110001100100010110010111111011001110001111101111101010100010011001011101000001101101011011100010001110100001101101101001000100000010010110100100000001000110010101110100111000101110101000001100110111110111100111111001100110111011111000010000000,False,True,True,True,6,0.026916027069091797,0.01268911361694336,0.013600826263427734,0.0006101131439208984
WhatsApp Image 2025-06-02 at 15.39.48.jpeg,1000011011111111001110111000100100000110111010100101001100010010011110101001111010000111011110100101000001110010000101011110111100010101111000110111101110100110010110111000011000000001011000100001101001000101110101111111000101011110001000000011101010100101,1000011011111111001110111000100100000110111010100101001100010010011110101001111010000111011110100101000001110010000101011110111100010101111000110111101110100110010110111000011000000001011000100001101001000101110101111111000101011110001000000011101010100101,True,True,True,True,0,0.02871870994567871,0.014660120010375977,0.013579607009887695,0.0004634857177734375
WhatsApp Image 2025-06-02 at 15.40.16.jpeg,1011010110100101111001010001011110001110000100101111011001001100010011000000000111100110101100111001001001011001100001001110110000011101100111111101010111011101000110111100011001101000110001010011110001011100101000010101101111110111000010101000010001010110,1011010110100101111001010001011110001110000100101111011001001100010011000000000111100110101100111001001001011001100001001110110000011101100111111101010111011101000110111100011001101000110001010011110001011100101000010101101111110111000010101000010001010110,True,True,True,True,0,0.02735280990600586,0.013761043548583984,0.013150930404663086,0.0004260540008544922
WhatsApp Image 2025-06-02 at 15.44.50 (1).jpeg,1000000100110110100100000110111101001110101011110000000111110101101110011010100111011110000110101101110000011100100000111101010100000010001011010111101100111000110110011000101111001011100100010011000011000101001011010001101111001110001001100100100111111110,1000000100110110100100000010111101001110101111110000000111110101101110011010100111011110000110101101110000011100100000111101010100000010001011010111101100111000110110011000101111001011100100010011000011000101001011010001101111001110001001100100100111111110,True,True,True,True,2,0.024914264678955078,0.011467456817626953,0.013103485107421875,0.0003285408020019531
WhatsApp Image 2025-06-02 at 15.44.23.jpeg,1111100001111010110011011101100111000111101101010011101001110011110001001101101101101011001001001001111010001001110001000011000000110011101001011100110010010001010110100011011010110110010010011000100010011001010110100100011011000010110000111001110010110101,1111100001101010110011011101100111000111101101010001101001110011110001001101101101101011001101001001111010001001110001000011000000110011101001011100110010010001110110000011011010010100000010111000100010011001010110100100011011000010110000111001110010110101,False,True,False,True,9,0.026986360549926758,0.012796401977539062,0.013120412826538086,0.001054525375366211
WhatsApp Image 2025-06-02 at 15.40.17.jpeg,1010101101010010110010011010010101101100101001110000001111010010010001100000110000111100100110010111100010110111011110110110000001101110010011101000011110001001010000100001101001111100101100101001010111101100001110011000011101111000110011110100101101111010,0111101101010010110010011010010101101110101001100000001111010010010001100000110000111100100110010111100010110111011110110110000001101110010011101000011110001001010000100001101001111100101100101001010111101100001110011000011101111000110011110100101101111010,False,True,True,True,5,0.025648117065429688,0.010964393615722656,0.013852596282958984,0.00081634521484375
WhatsApp Image 2025-06-02 at 15.40.51.jpeg,1111111011001101110100001000000110110001001100111010011100110110100011011100001000101001010110101001101000011010110100100110101111010101101000100101110111101001000101001000011011011110110010011110011100111101110010000011011001000011000000000011110111110001,1111111011001101110100001000000110110001001100111010011100110110100011011100001000101001010110100001101000011010110100100110101111010101101000100101110111101001000101101000011011011110110010011110011100111101110010000011011001000011000000000011110111110001,True,True,True,True,2,0.030462980270385742,0.015769481658935547,0.014297962188720703,0.00037980079650878906
WhatsApp Image 2025-06-02 at 15.40.49.jpeg,1111001101110011000110011001100000100110110011001110011001100011010110011001100110110011001100110001100110011000111001100110011000100110001110001101100111000111101110110011100101010011011001101010011001100011010011001000110010011001110110010000101100111000,1111001101110011000110011001100000100110110011001110011001100011010110011001100110110011001100110001100110011000111001100110011000100110001110001101100111000111101110110011100101010011011001101010011001100011010011001000110010011001110110010000101100111000,True,True,True,True,0,0.024347543716430664,0.010057926177978516,0.013876676559448242,0.0003981590270996094
WhatsApp Image 2025-06-02 at 15.44.20 (1).jpeg,1001001001001001011101001100100100101100100111101100110110110110110000101111011000110111000011010110110110110010110001100110100010101011100001001001001111001011011101100110010010101001001100101001101111001001011001101101001011011101001001101000100110010100,1001001001001001011101001100100100101100100111101100110110110110110000101111011000110111000011010110110110110010110001100110100010101011100001001001001111001011011101100110010010101001001100101001101111001001011001101101001011011101001001101000100110010100,True,True,True,True,0,0.0234982967376709,0.010308027267456055,0.012852191925048828,0.0003237724304199219
WhatsApp Image 2025-06-02 at 15.39.00.jpeg,1000110001110001100000010001001100110101000101010111101001100110110100010111100111100001110001101111100110110011010011010000010101001001001110101101101100101000111010111010111010001010101100111001100000010010101101101111011001010001101010111101001000101101,1000110001110001100000010001001100110101000101010111101001100110110100010111100111100001110001101111100110110011010011010000010101001001001110101101101100101000111010111010111010001010101100111001100000010010101101101111011001010001101010111101001000101101,True,True,True,True,0,0.02557206153869629,0.012510299682617188,0.012517929077148438,0.0005292892456054688
WhatsApp Image 2025-06-02 at 15.39.06 (1).jpeg,1110011011101100010001000010100010011001010100110011100111010110110110000011000010010001101010111100011111011010000110100001010011010010111001110100100101101000011010110101001000100111100101110110110001111100010011011100100010010011100010111011111000111011,1110011011101100010001000010100010011001010100110011100111010110110110000011000010010001101010111100011111011010000110100001010011010010111001110100100101101000011010100101001000100111100101110110110001111100010011011100100010110011100010111011111000111011,True,True,True,True,2,0.026015758514404297,0.011806011199951172,0.013351678848266602,0.000843048095703125
WhatsApp Image 2025-06-02 at 15.44.30.jpeg,1101010100010001100111100101111001100100111001001101001100010011011010010110100110010110110001000111000110110011000111100101110111010100111000000001101100011111011100011010100110000110110011000011100000001010111001011011010110010110010100110110100101111100,1101010100010001100111100101111001100100111001001101001100010011011010010110100110010110110001000111000100110011000111100101110111010100111000000001101100011111011100011010100110000110110011000011100000001110111001011011010110010110010100110110100101111100,True,True,True,True,2,0.022613525390625,0.009580612182617188,0.012575149536132812,0.00044226646423339844
WhatsApp Image 2025-06-02 at 15.44.45 (1).jpeg,1101011101001111001000001110110011100011111100000011011000001101100000001111101001101111101001111101100000001110001111011100110111110000000011010011001011111110001101001110010110000011001000011111101110000100110010001000001101011000010111100111001010101000,1101011101001111001000001110110011100011111100000011011000001101100000001111101001101111101001111101100000001110001111011100110111110000000011010011001011111110001101001110010110000011001000011111101110000100110010001000001101011000010111100111001010101000,True,True,True,True,0,0.026950359344482422,0.01321864128112793,0.013303518295288086,0.00041294097900390625
WhatsApp Image 2025-06-02 at 15.39.45 (1).jpeg,1110100101100011110100001101001110010110100111001011111100011100011001010110001101101101011000110001100101110011001100101001010010000000110001101100110111100110111110010010100111011011000110110110011100011010000110000100110000100000110001101010011011110011,11101001011000111101000011010011100101101001110010111111000111000110010101100011011011010110001100011001011100110011001010010100100100101100011010011101111001101111100100101001110110110001101100000100110011100011010000110000100110000100000110001001010011011110011,True,True,False,True,39,0.023871660232543945,0.010156631469726562,0.013147354125976562,0.0005519390106201172
WhatsApp Image 2025-06-02 at 15.39.51.jpeg,1001101100110001100110111001100100101111010101011000011000111110001111110101101011000111001011010011101000001011111010001100001110010101101001000010000110111100001011001011010001111110000000101010001000111011011110101101100001011101000101000101010100101101,1001101100110001100110111001100100101111010101011000111000111110001111110101101011000111001011010011101000001011011010001100001110010101101001000010000110111100001011001010010001111110010000101010001000111011011110101101100001011101000101000101010100101101,True,True,True,True,4,0.025795459747314453,0.012111902236938477,0.013214826583862305,0.0004534721374511719
WhatsApp Image 2025-06-02 at 15.40.43.jpeg,1000111000001001011100011100001010111111001101100011110011100010011001110001110110001000011100100111100100000110111011100001100010010001110000110111101111111100110001100111100110011000100011100111000101000001010101100010000010011000110111100110101100111111,1000111000001001011100011100001010111101001101100011110011100010011001110001110110001000011100100111100110000110111011100001100010010001110001110111101111111100110001100111100110011000100011100111000001000001010101100010000010011000110111100110101100111111,True,True,True,True,4,0.024257898330688477,0.010500431060791016,0.013216018676757812,0.00052642822265625
WhatsApp Image 2025-06-02 at 15.41.10 (1).jpeg,1001000111001100100100011000111100111001000111100111111100110001100001100011000111001110011110000100111001110001110011100110001011001110110000000011100011011010011100011100011110110001110001000011000110000011001100011000110111111001111100011000111011110100,1001001111101100100100011000111100111001000011100111111101010010100001100011000011001110011010010100111101110001010011100110001011001110110000010011100011011010011100011100011110110001110001000011000110000011001100011000110111111001111100011000111011110100,False,False,True,True,13,0.0294647216796875,0.01485443115234375,0.013620615005493164,0.0009746551513671875
WhatsApp Image 2025-06-02 at 15.39.43.jpeg,1100000001111110010000001100011110010111100000111000000011101100110101011000011001110101110011100011100010111111100011001000101100110111000010010110001100100001101001111010001100001101001110010000110111100101001111011010001110011011001110011011011101111000,11000000011111100100000011000111100101111000001110000000111011001101010110000110011101011100111000111000101111111000110010001011001101110000100101100011001000011010011110100011000011010011100100001110000110111100101001111011010001110011011001110011011011101111000,True,True,False,True,35,0.028090953826904297,0.014204025268554688,0.013214349746704102,0.0006568431854248047
WhatsApp Image 2025-06-02 at 15.40.15.jpeg,1001011010001011111010011111101110011100010101000100011110001000101110000110111011010000101101110010011110010111000111000100000011011010100010101110000101110111110001010011010000011110110001110011001001101001110001100010110010100001100101110010110011010101,1001011010001011111010011111101110011100010101000100011110001000101110000110111011010000101101110010011110010111000111000100000011011010100010101110000101110011110001010011010000011110110001110011001001101001110101100010110010100001100101110010110011010101,True,True,True,True,2,0.02783966064453125,0.013639211654663086,0.013695478439331055,0.0004885196685791016
WhatsApp Image 2025-06-02 at 15.40.22.jpeg,1101011000101000110100101000011011010100101101011101011001011101110001011010010010010101101000011000100011101001001011011010111000001001101000111011110001001011101101010100101101110110100100111011111001001010101010010110110010110111101101000100001001011000,1101011000101000110100101000011011010100101101011101011001011101110001011010010010010101101000011000100011101001001011011010111000001001101000111011110001001011101101010100101101110110100100111011111001001010101010010110110010110111101101000100001001011000,True,True,True,True,0,0.026654958724975586,0.012178421020507812,0.013822317123413086,0.0006375312805175781
WhatsApp Image 2025-06-02 at 15.41.07.jpeg,1000000111000101100001100101110010001101111000101001101000111100110001111110110111001011011111010111000010101101001100000110010100111010100101000101101100100111110110100001000001111011110100110000101001100010110110000101000010011011010110011100111001101110,1000000111000111100001100101110010001101111000101001101000111100110001111110110111001011011111010111000010101101001100000110010100111010100101000101101100100111110110100001000001111011110000110000101001100010110110000101000010011011010110011100111001101110,True,True,True,True,2,0.024344205856323242,0.010866880416870117,0.013057231903076172,0.0004038810729980469
WhatsApp Image 2025-06-02 at 15.40.13 (1).jpeg,1000001010111011001011011010011001111100010001011001011000111000100000011011001001011111010011110011111010110100101000000111000011011000010010110110011111111110010110111011000000101100010010011001011000100110110010111111100101010100110001000011001100100111,1000001010111011001011011010011001111100010001011001011000110000100000011011001001011111010011110011111010110100101000000111000011011000010010110110011111111110010110111011000000101100010010111001011000100110110010111111100101010100110001000011001100100111,True,True,True,True,2,0.023850202560424805,0.009603738784790039,0.013298511505126953,0.0009324550628662109
WhatsApp Image 2025-06-02 at 15.39.54.jpeg,1000011110110000000111001111000111011110011000000010100100101000100100011110011110101001011001000010110110011101111000110110111010110010111100011100000101101100101001110010011110010110100000001100100001110010110011001011001101100111101001110101001101011011,1000011110110000000111001111000111011110011000000010100100101100100100011110011110101001011001000010110110011101111000110110111010110010111100011100000101101100101001110010011110010110100000001100100001110010110011001001001101100111101001110011001101011011,True,True,True,True,4,0.024303674697875977,0.010692119598388672,0.013186931610107422,0.00041031837463378906
WhatsApp Image 2025-06-02 at 15.41.14 (1).jpeg,1101010000110111101001011001000100000100110010000001101001111010010010000111111111000100100101010001100111100000101100111101010011100110101111010101101101001011111100011000011110001101001100100011111000011100011100100000110111001001110000111001110110110110,1101010000110111101001011001000100000100110010000001101001111010010010000111111111000100100101010001100111100000101100111101010011100110101111010101101101001011111100011000011110001101001100100011111000011100011100100000110111001001110000111001110110110110,True,True,True,True,0,0.02391982078552246,0.010262250900268555,0.013158082962036133,0.0004851818084716797
WhatsApp Image 2025-06-02 at 15.40.47 (1).jpeg,1110011010010111000100110110010010001000111010011010010110110010011001100101101101011010010111010001100101100100011001011010001011110011101110111110100110011011101010100101110100100100001100100101000110100010010101111100010000101111011111001000100000011011,1110011010010111000100110110010010001000111010011010010110110010011001100101101101011010010111010001100101100100011001011010001011110011101110111110100110011011101010100101110100100100001100100101000110100010010101111100010000101111011111001000100000011011,True,True,True,True,0,0.02459239959716797,0.010805845260620117,0.013269901275634766,0.0005016326904296875
WhatsApp Image 2025-06-02 at 15.40.22 (1).jpeg,1101111100110100100100000110001101100110110010100001100011110011011000111001011011011100111010011101000100001001010011100110011000101001110101101011111000110001110110001110110101000111101110000011110001100110001100110001100010011010011101011100100010000101,1101111100110100100100000110001101100110110010100001100011110011011000111001011011011100111000011101000100001001010011100110011000000010011100111010110101111100011000111011000101011010100011110111001001111000110011000110011000110001001,True,False,False,False,63,0.024590253829956055,0.010193824768066406,0.013241767883300781,0.0011401176452636719
WhatsApp Image 2025-06-02 at 15.44.51.jpeg,1000110011101010100011101111011111100010000000010111001010010000011000000100100110001100101001101000111001111001110000110011101111100011010011110101100111111100110111011000001011110100011000110011011100011000000011101001010001100000110011001001011111110111,1000110011101010100011101111011111100010000000010111001010010001011000000100100110001100101001101000111001111001110000110011100111100011110011110101100111111100100111011000001011110100011000110011011100011000000011101001010001100000110011001001011111110111,True,True,True,True,4,0.023850440979003906,0.010191917419433594,0.013226985931396484,0.000415802001953125
WhatsApp Image 2025-06-02 at 15.41.02.jpeg,1000010000010101101101010000000101010101011110010001010101011000111111111000101011001100001101010001101100001101010100000000010001100111111100010101110111111010100100010001110011101010110000110000110111111110100011101111010111010001110101010111001101110000,1000010000010101101101010000000101010101011110000001010101011010111111111000101011001100011101010001101100001101010100000000010001100111111100110001110111111010100100010001110011101010110000110000110111111110100011101111010111010001100101010111001101110000,True,True,True,True,6,0.023220539093017578,0.009549140930175781,0.013154745101928711,0.0005011558532714844
WhatsApp Image 2025-06-02 at 15.39.40 (1).jpeg,1000000000010011110000011110011001110100000101010011101111010101110111011011001100100110111111010110000001110111011100000000101001011110100001000110111101110000110100111011101010000000110111110001110100000110101101111000001111010001010001001111110001101100,10000000000100111100000111100110011101000001010100111011110101011101110110110010001001101111110101100000011101111111000000001010010111101000010001101111011100001101001110111010100000001101111100001010001110100000110101101111000001111010001010001001111110001101100,True,True,False,True,38,0.022857189178466797,0.009717702865600586,0.012547731399536133,0.0005762577056884766
WhatsApp Image 2025-06-02 at 15.44.25 (1).jpeg,1001000101010101010000100001001100101011100011100001110001100011001101100111001110000011010111100001011010001010011110001101000010001000011011011010011101111111011001110001111110011100011000111110011111000110010101111010100001110000100111001110011100100110,1001000101010101010000100001001100101011100011100001110001100011001101000111001110000011010111100001011010000010011110001101000011001000011011011010011101111111011001110000111110011100011000111110011111000110010101111010100001110000100111001110011100100110,True,False,True,True,4,0.02912759780883789,0.014629125595092773,0.0135040283203125,0.0009796619415283203
WhatsApp Image 2025-06-02 at 15.44.29 (1).jpeg,1000100101001001001010111011110110010011101101100000110101010001101011100000000101010111111010101010010111010010110111010100011011100100001011001110000011011100111100001010110000111010101011000010110011101001101010110110010111100110000100110110101001010011,1000100101001001001010111011110110010011101101100000110101010001101011100000000101010111111010101010010111010010110111010100011011100100001011001110000010011100111100001010110000111010111011000010110011101001101010110110010111100110000100110110101001010011,True,True,True,True,2,0.03448367118835449,0.014304399490356445,0.019622087478637695,0.0005393028259277344
WhatsApp Image 2025-06-02 at 15.40.11.jpeg,1111111110111001101001100110010000011001100111111110011010000000100111111110010101011001100110011110001000100000000011011101100101110001011111001110001000111010000011011100000111110010100110101100001100100000001111011100011111110000000110010000111100100110,1111111110111001101001100110010000011001100111111110011010000000100111111110010101011001100110011110001000100000000011011101100101110001011111001110001000111010000011011100000111110010100110101100001100100000001111011100011111110000000110010000111100100110,True,True,True,True,0,0.029750347137451172,0.014984369277954102,0.01437830924987793,0.00037097930908203125
WhatsApp Image 2025-06-02 at 15.39.12.jpeg,1111000101101010111001101110101111001111101101001000100101110000101101101101101010010001101011011110001101000111011011001101100010011010001101001110000111000011011001101100011110011000001101000110101101001000100000101000110111000001101101101110000011000100,1111000101101010111001101110101111001111101101001000100101110000101101101101101010010001101011011110001101000111011011001101100010011010001101001110000111000011011001101100011110011000001101000110101101001001100000101000110111000001101101101110000011000000,True,True,True,True,2,0.023421525955200195,0.009173870086669922,0.01367640495300293,0.0005514621734619141
WhatsApp Image 2025-06-02 at 15.44.19.jpeg,1000001110010001101100100011110011111001000111110100011111000001010001111011000100011100001111000000100011001111000010001100011110010110111000001110010011101000101010010100111011110010000011101111100011010011010111110111000001000111001111000110011111001101,1000001110010001101100100011110011111011000111110100011111000001010001111011000100011100001111000000100011001111000010001100011110010110111000001110010011101000101010010100111011110010000011101111100011010011010111110101000001000111001111000110011111001101,True,True,True,True,2,0.027331829071044922,0.012998819351196289,0.013602018356323242,0.0007154941558837891
WhatsApp Image 2025-06-02 at 15.39.14.jpeg,1001100110010010001001100110100101110010011001101110010011000110000110011001100111011001100110010110011001100100011001100110011001100110011001101001100110011001100110011001100111100100111001000011001001100110011101000101101111011001110110011001100110011101,1001100110010010001001100110100101110010011001101110010011000110000110011001100111011001100110010110011001100100011001100110011001100110011001101001100110011001100110011001100111100100111001000011001001100110011101000101101111011001110110011001100110011101,True,True,True,True,0,0.023723363876342773,0.00938725471496582,0.013744115829467773,0.0005757808685302734
WhatsApp Image 2025-06-02 at 15.44.28 (1).jpeg,1010010001100001000011010001000000110100011100010111000110010110110000110110110100010101001100100100111001100000111100011001101011101001110111100011110001101010100001011000101011111111101010001101000111001010001000111011111001011111000010111010111011110110,1010010001100001000011010001000000110100011100010111000110010110110000110110110100010101001100100100111001100000111100011001101011101001110111100011110001101010100001011000101011111111101010001101000111001010001000111011111001011111000010111010111011110110,True,True,True,True,0,0.026624679565429688,0.012773752212524414,0.013499736785888672,0.00033593177795410156
WhatsApp Image 2025-06-02 at 15.44.52.jpeg,1001001011010001001101001110010101001101001010011101001100011010001100101001011011100110010101000001101100001001000110001001110111101110100101101100111101001010100101000110111000110110101001100110010010111111011010111100100010100011010110111010011001011001,1001001011010001001101001110010101001101001010011101001100011010001100101001011011100110010101000001101100001001000110001001110111101111101101101100111101000011100101000110111000110110100001000110010010111111011010111100100010100011010110111010001001011001,True,True,False,True,7,0.027874231338500977,0.013191938400268555,0.014127969741821289,0.0005371570587158203
WhatsApp Image 2025-06-02 at 15.41.05 (1).jpeg,1000000100000010011110101111110111000000100101100001101101111011110101001100111100101100001101001101101101001110000001011100101110111010001101010001101011001010110001010110100100110011100101111100101011001000011101010011001111000110110111010010100010000110,1000000100000010011110101111110111000000100101100001001101111011110101001100111100101100001101001101101101001110000001011101101110111010001101010001101011001010110001010110100100110011100101111100101011001000011101010011001111000110110111010010100010000110,True,True,True,True,2,0.027800321578979492,0.012162208557128906,0.015284299850463867,0.0003380775451660156
WhatsApp Image 2025-06-02 at 15.40.48.jpeg,1100011100010001001110000110111010111000011011100100011110010001100110000110000001101010010000011011110010001110010000111010010110011010110011110011010011100010110110110000111001000111110110011010011110110100101110001101110001101011101011011011000101000110,1100001100010101001101000110110110111000011001100100011110110001100110000110000001101010010000011011110010001110010000111010010110011010110011110011010011100010110110110000111001000111110110011010011110110100101110001101110001101011101011011011000101000110,False,True,True,True,8,0.03318476676940918,0.017496109008789062,0.01506352424621582,0.0006091594696044922
WhatsApp Image 2025-06-02 at 15.39.10 (1).jpeg,1001011111100000101000101101000101100000110110111001111000001110011100111111000010011100110111111100111000001000111100010101011001000011100010011000000111000111011111000110000000110011001111111100110010010111001101100100100100100001101111001100110100011110,1001011111100000101000101101000101100000110110111001111000001110011100111111000010011100110111111100111000001000111100010101011001000011100010011000000111000111011111000110000000110011001111111100010010010111001101100100110100110001101111001100110100001110,True,True,True,False,4,0.024985551834106445,0.011098861694335938,0.013285160064697266,0.0005862712860107422
WhatsApp Image 2025-06-02 at 15.39.41.jpeg,1010001010001111011010001001011100111000001001100100100001101110110000000111100100100111010110011100011100001011100111010011111001101001011101001100101111100000100101101000100110111110100111110010001011011100101101100101000001011101000000100110100101111111,1010001010001111011010001001011100111000001001100100100001101110110000000111100100100111010110011100011100001011100111010011111001101001011101001100101111100000100101101000100110111110100111110010001011011100101101100101000001011101000000100110100101111111,True,True,True,True,0,0.027741432189941406,0.013445377349853516,0.013904333114624023,0.0003764629364013672
WhatsApp Image 2025-06-02 at 15.44.20.jpeg,1110011101001001110111011011011011011011010110100100110111001011000000111001001000110010001100100011101011110010001101101100101110010110100100101100010011011010111001000101100010111100010111110000110100100000000111110010000001110001101011101110100000011011,1110011101001001110111011011011011011011010110100100110111001011000000111001001000110010001100100011101011110010001101101100101110010110100100101100010011011010111001000101100010111101010011110000110100100000000111110010000001110001101011101110100000011011,True,True,True,True,2,0.025147438049316406,0.012023448944091797,0.012605667114257812,0.0005037784576416016
WhatsApp Image 2025-06-02 at 15.39.04 (1).jpeg,1101110101110000110111010010010011001101101010001000011100000011100111111101010101000010100011110101111100000010011000111101101011000110011011100010100100010100101001011100010100100001111001010110000111100000011111001111111001111000001001110100100111011010,1101110101110000110111010010010011001101101010001000011100000011100111111101010101000010100011110101111100000010011000111101101011000110011011100010100100010100101001011100010100100001111001010110000111100000011111001111111001111000001001110100100111011010,True,True,True,True,0,0.02742791175842285,0.013964176177978516,0.01311802864074707,0.00033020973205566406
WhatsApp Image 2025-06-02 at 15.39.46 (1).jpeg,1111111000011010000000011010010100000000010111001111111101010000000001011011111111111010010111100110000010100000110110000011111100111011010000101110110000111101010010011111010010010111000100110110010010101101110000001111100010110111011000110110101100000101,1111111000011010000000011010010100000000010111001111111101010000000001011011111111111010010111100110000010100000110110000011111100111011010000101110110000111101010010011111010010010111000100110110010010101101110000001111100010110111011000110110101100000101,True,True,True,True,0,0.023494958877563477,0.009954214096069336,0.013157129287719727,0.0003693103790283203
WhatsApp Image 2025-06-02 at 15.40.14 (1).jpeg,1100001110010001000111001011110000100001010011111110010010110011001001111111100001101000010011001000110011110010111001001110111100000011000111001100110010001100001111011110011001010010011010010100100110110110101000111100110111111101001100101100001011100100,1100001110010001000111001011110000100001010011111110011010110011001001111111100001101000010011001000110011110010111001001110111100000011000111001100110010001100001111011110011001010010011010010100100110110010101000111100110111111101001100101100001011100100,True,True,True,True,2,0.024700641632080078,0.011003255844116211,0.013133764266967773,0.0005486011505126953
WhatsApp Image 2025-06-02 at 15.39.10.jpeg,1000000100110001110011001101100100101001001001100111001011011011010011110010011010010000110101111101001100110001011111101110011100110011000110001100010001110011001110001000110111010001001101011100111101001011001101101010110001000010011100111000110011010011,1000000100110001110011001101100100101001001001110111001011011011010011110010011010010000110101111101001100110001011111101110011110110001000110001100010001100011001110001000110111010001001101011100111101001011001101101010110001000010011100111000110011010011,True,True,True,True,4,0.023942232131958008,0.010164737701416016,0.013202905654907227,0.0005590915679931641
WhatsApp Image 2025-06-02 at 15.44.23 (1).jpeg,1100101010001010110010101011101100000001001101111111101100000110000001110110010001111101111100011001110011100101100001100110011001110101000110100000011111000011110110101000010000011001101100001110001111100010111001011100011000011111000011111110001001100110,1100101010001010110010101011101100000001001101111111101100000110000001110110010001111101111100011001110011100101100001100110011001110101000110100000011111000011110110101000010000011001101100001110001111100010111001011100011000011111000011111110001001100110,True,True,True,True,0,0.02502298355102539,0.01147007942199707,0.013211488723754883,0.00032639503479003906
WhatsApp Image 2025-06-02 at 15.39.04.jpeg,1110010011010110100110010010001110011011001101011010011001001101010001101100100100101001100100110001001100110100111001100110110010111001110010111100111010011001000110010110011000011110000000110110000100111100101110101001110101000101110011111110100100110010,1110010011010110100110010010001110011011001101011010011001001101010001101100100100101001100100110001001100110100111001100110110010111011110010111100111010011001000100010110011000011110000000110110000100111100101110001001110101000101110010111110100100110010,True,True,False,False,4,0.026146411895751953,0.012058019638061523,0.013213634490966797,0.0008599758148193359
WhatsApp Image 2025-06-02 at 15.39.43 (1).jpeg,1001100110001101010101010111001001101110001011010101101010010010001010110110010111000110100100101111101101001100001110011010011000110111010110100000001011110101110001001101001011110010011001011110110000100010000110100010110101001110100110101011001011001110,1001100110001101010101010111001001101110001011010101101010010010001010110110010111000110100100101111101101001100001110011010011000110111010110100000001011110101110001001101001011110010011001011110110000100010000110100010110101001110100110101011001011001110,True,True,True,True,0,0.028625011444091797,0.014172792434692383,0.01384878158569336,0.0005888938903808594
WhatsApp Image 2025-06-02 at 15.40.10.jpeg,1100001111000011111001001001101010011000011110000110010001110011000001111100001110011010001110000110110000110010100000111100111011011111100111100110011011001111100110111000001111111011110000000011111010010011110110010010011100100100001100110001110000100100,1010001111000011110000000001101010001000111110000110010001110011000001111100001110011010001110000110110000110010100000111100111011011111100111100110011011001111100110111000001111111011110000000011111010010011110110010010011100100100001100110001110000100100,False,True,True,True,7,0.02682209014892578,0.012882232666015625,0.01325535774230957,0.0006697177886962891
WhatsApp Image 2025-06-02 at 15.39.47 (1).jpeg,1000001100110011100110011011011001101000000110000111000001000111001110110000010010001111110000110100011111101000011100111011100000111000110000111000110011111100000011110011111011101101100011111111000111110001110111100111110000001100000011000111011001100000,1000001100110011100110011011011001101000000110000111000001000111001110110000010010001111110000110100011111101000011100111011100000111000100000111000110011111100100111110111111011100101100011111111000111110001110111100111110000001100000011000111011001100000,True,True,False,True,5,0.0254671573638916,0.01123189926147461,0.013338327407836914,0.0008819103240966797
WhatsApp Image 2025-06-02 at 15.39.48 (1).jpeg,1001010000000000100010111110111100001110101010110011110010110101011010000101010111110000010101111010000111010101010001111100101100011111100010101011110000100100111100000010110101100001101001010011001011011111111101101001101011011010000110000100101110110000,1001010000000000100010111110111100001110101010110011110010110101011110000101010111110000010101111010000111010101010001111100101100011111100000101011110000100100111100000010110101100001101001010011001011011111111101101001101011011010000110000100101110110000,True,True,True,True,2,0.02658867835998535,0.012403488159179688,0.013382673263549805,0.0007874965667724609
WhatsApp Image 2025-06-02 at 15.39.46.jpeg,1000010001000101111001010101001011100010001010011001000010000101111100100100101001111000101010010011111000100010001111110100011001111111110000011000111011110000000010111011110100111011110010110110000111110110001000101111111000110100111011110000011000100111,1000010001000101111001010101001011100010001010011001000010000101111100100100101001111000101010010011111000100010001111110100011001111111110000011000111011110000000010111011110100111011110010110110000111110110001000101111111000110100111011110000011000100111,True,True,True,True,0,0.024712800979614258,0.011107206344604492,0.013185501098632812,0.0004050731658935547
WhatsApp Image 2025-06-02 at 15.40.18 (1).jpeg,1011000000001111001001010000000110101100101101010011101000001111100100100101100100010110111101011110110111111101100100011000001101111110011111011010110101001100011000011111000011001011000011011001001000100010010101111000110010101111000111011001110000010011,101100000000111100100101000000011010110010110101001110100000111110010010010110010001011011110101111011011111110110010001100000110111111001111101101111010100110001101001001000100010010101111000110010101101000111011001110010010011,True,True,False,True,35,0.026562929153442383,0.012404918670654297,0.01317739486694336,0.0009665489196777344
WhatsApp Image 2025-06-02 at 15.39.49 (1).jpeg,1101001000010010110101010100010100100111001111100010110101000111001010100101100000001011111011111101001010010101110101011010011011100100101010010011010101011011000010110100101101100010010100101111100010010111101110101011110110011000101011010000011000101010,11010010000100101101010101000101001001110011111000101101010001110010101001011000000010111110111111010010100101011101010110100110111001001111101100110101010110110000101101001011011000100101001000000111111100010010111101110101011110110011000101011010000011000101010,True,True,False,True,38,0.024500370025634766,0.010675668716430664,0.013240337371826172,0.0005693435668945312
WhatsApp Image 2025-06-02 at 15.39.08 (1).jpeg,1000001101100001111100100001001010101111100111001000111111111111100110000110001101111000100000001100000000001110011101110110010011101111110010101000011100111011001100010001010110001010011000111100000011100011000111111100101001001101100111101110010000110101,1000001101100001111100100001001010101111100111001000111111111111100110000110001101111000100000001100000000001110011101110110010011101111110010101000011100111011001100010001010110001010011000111100000011100011000111111100101001001101100111101110010000110101,True,True,True,True,0,0.024692535400390625,0.011083126068115234,0.013223886489868164,0.0003695487976074219
WhatsApp Image 2025-06-02 at 15.44.31.jpeg,1000011101010111010110010001110001001100011110001001101010001000001101101000001111100101101001101101100001111000100111100111100000101101110001010010100111010111011101100100100000110111101110010100100011010010110010001001010110110111001011010111011011011000,1000011101010111010110010011110001001100011110001001101010001000001101101000001111100101101001101101100001111000100111100111100000101101110001010010100111010111011101100100100000110111101110010100100011000010110010001001010110110111001011010111011011011000,True,True,True,True,2,0.025060415267944336,0.010797977447509766,0.013834953308105469,0.0004119873046875
WhatsApp Image 2025-06-02 at 15.39.39.jpeg,1100000100110110010010100010001001001100100000000110110000001100011101110000101001110100100111001001010011011101100001101101100100100011100100111110001100110011111110000011100011001001101111001001101110101110000110111110111010001111111011001000111111101100,1100000100110110010010100010001001001100100000000110110000001100011101110000101001110100100111001001010011011101100001101101100100100011110100011110001100110011111110000011100011001001101111001001101110101110000110111110111010001111111011001000111111101100,True,True,True,True,2,0.022977113723754883,0.008966445922851562,0.013394355773925781,0.0006015300750732422
WhatsApp Image 2025-06-02 at 15.41.11 (1).jpeg,1000110011101100110111100111000111011010001100011010011001001001011110110101011000111001110011001001001100111001001110110011011000001100110011011100100110011001101101110000010001011001001000000110001111000110100110010110001101011100110000010110001111110011,1000110011101100110111100111000111011010001100011010011001001001011110110100011000111001110011001001001000111001000110110111011000001100110011011100100110011001101101111000010001011001001000000110000111000000100110010100001101011101110001010110001111110011,True,False,True,False,11,0.025526762008666992,0.011156558990478516,0.013544797897338867,0.0008096694946289062
WhatsApp Image 2025-06-02 at 15.41.12 (1).jpeg,1011011000100101101101100111001011011010111000001100110101100101111001001001101001100010110110101001100111001101100110000011011000111000001100001100110110010011011110001100111010000101100011100101001110011100101010011110100110011110001001100111101000011000,1011011000100101101101100111001011011010111000000100110101100001111001001001101001110010110110101001100111001101100110000011011000111000001100001100110110010011011110001100111010000101100011100101001110011100101010011110100110011110001001110111101000011000,True,True,True,True,4,0.02398514747619629,0.010436534881591797,0.013204574584960938,0.00032806396484375
WhatsApp Image 2025-06-02 at 15.40.39 (1).jpeg,1001110101101010111011001000110001001010100101011100001101110111111001110110011010000010011011011100000010101111000101110101001010000011001100100101011111011011110000100000100000101101101110011000001001100110001011000011110010010011010111010001110111100111,1001110101101010111011001000110001001010100101011100001101110111111001110110011010000010011011011100000010101111000101110101001010000011001100100101011111011011110000100000100000101101101110011000001001100110001011000011110010010011010111010001110111100111,True,True,True,True,0,0.02434372901916504,0.010778427124023438,0.01317596435546875,0.00037407875061035156
WhatsApp Image 2025-06-02 at 15.44.28.jpeg,1000011001001001100101010011011011100101100011011100101101010011111011111111010101001100100110000011011011100001110001001000101011011001001011010010101001101010000101000001110011010001011101011111011011000001001011011111101101010011001001001100010000010111,1000011001001001100101010011011011100101100011011100101101010011111011111111010001101100100110000011011011100001110001001000101011011001001011010010101001101010000101000001110011010001011101011111011011000101001011011111101100000011001001001110010000110111,True,True,True,False,7,0.027669191360473633,0.013613224029541016,0.0133056640625,0.0007357597351074219
WhatsApp Image 2025-06-02 at 15.40.11 (1).jpeg,1001011100011000011011000110001101101000011000010001000110001110100100111000000100110010100101110101101011000110101000011110110001101111010100011100011010111101101001011101111010011010011100111101011000101011001001010110110101001010010110011110010110011001,1000011100011000011010000110001101101000011000010000000110011111100100111000100100111010100101110111101011000110101000011111110001101111010100011100011010111101101001011101111010011010011100111101011000101011001001010110110101001010010110011110010110011001,False,False,True,True,9,0.025121212005615234,0.011027336120605469,0.013231039047241211,0.0008478164672851562
WhatsApp Image 2025-06-02 at 15.39.09.jpeg,1100011001000110110011001100110000011001100110010010001100010011111001100110011000011100110011000000001110011001110111001011100100001001110011010011001100011100111111100111001111100110011001100011001001110100111101110010011111100000111001100001110100011100,1100011001000110110011001100110000011001100110010010001100010011111001100110011000011100110011000000001110011001110111001011100100001001110011010011001100011100111111100111001111100110011001100011001001110100111101110010011111100000111001100001110100011100,True,True,True,True,0,0.023987770080566406,0.009840726852416992,0.013627290725708008,0.0005047321319580078
WhatsApp Image 2025-06-02 at 15.44.17 (1).jpeg,1011010001000000010100101011110111000001001111110011111011000000110011110100001100100000001111111001100110010010011010110110100010010010100100111100110100110010001101101100110111001000110010100011001110100110000010010101101111100111101111011001111001001101,1011010001000000010100101011111111000001001111110011111011000000110011110100001100100000001111111001100110010010011010110110100010010010100100111100110100110010001101101100110111001000110010100011001110100110000010010101101111100111101101011001111001001101,True,True,True,True,2,0.024275541305541992,0.010286808013916016,0.013520956039428711,0.0004520416259765625
WhatsApp Image 2025-06-02 at 15.39.11.jpeg,1100100001001011000110000101111010010010100101101110101001001001001101001000110011101011001101101001111100100011000101101010010100001110010000111000010110001001110011101000110110101101000111100100001010111111011000011011111100110001111100111000101111101001,1100100001001011000110000101111010010010100101101110101001001001001101001000110011101011001101101001111100100011000101101010010100001110010000111000010110001001110011101000110110101101000111100100001010111111011000011011111100110001111100111000101111101001,True,True,True,True,0,0.023525714874267578,0.009893178939819336,0.013278722763061523,0.0003364086151123047
WhatsApp Image 2025-06-02 at 15.40.47.jpeg,1111011011110010100110011011110100000001100100011010011001101001011010111000000101000110111011010110101010110110010010001101000101111101001100100111011001011110110111010110000001010010000111010010011001100101010111101010001111101101000001000001101010110100,1111011011110010100110011011110100000001100100011010011001101001011010111000000101000110111011000110101010110110010010001101000101111101001101100111011001011110110111010110000001010010000111010010011001100101010111101010001111101101000001000001101010110100,True,True,True,True,2,0.026787281036376953,0.012526750564575195,0.01391291618347168,0.00033283233642578125
WhatsApp Image 2025-06-02 at 15.44.29.jpeg,1001110111011000100100011000000110101010011111101010100111000110101010011110110000110010001011100110011010111110010011001010010001101111011010000110100001101010010011101101100111011000101100011101010100110011000101100100101010010001010101111001001100110101,1001110111011000100100011000000110101010011111101010100111000110101010011110110000110010001011100110011010111110010011001010010001101111011010000110101001101010010011101101100111011000101100011111101100101001001101110000001001110000001011100010001000111101,True,True,True,False,26,0.0252993106842041,0.011303424835205078,0.013236284255981445,0.0007441043853759766
WhatsApp Image 2025-06-02 at 15.39.54 (1).jpeg,1011111101011101100111110111110111101010001100000010101110001000111001111100100011010100000000010111111110010111001110010000010010000011111100101100011011111110011100001100000010001101011100000000000000100000101011111101011011010000001010110110101111001101,1011111101011101100111110111110111101010001100000010101110001000111001111100100011010100000000010111111110010111001110010000010010000011111100101100011011111111010100011100000010001101010100000000000000100000101011111101011011010000001010110110101111001101,True,True,False,True,4,0.02832508087158203,0.014149904251098633,0.013561725616455078,0.0005986690521240234
WhatsApp Image 2025-06-02 at 15.40.12.jpeg,1111000000010010100001101101101000001110000101110110101011110100100011110100011110010100000110000101000110100000010111011000110001110010011010010011011011111010011011111101001111001101001000001000000010111001101111011011111100000001010101001111011101101111,1111000000010010100001101101101000011110000101110110101001110100100011110100011110010100000110000101000110100000010111011000110001110010011010010011011011111010011011111101001111001101001000001100000010111001101111011011111000000001010101001111011101101111,True,True,True,True,4,0.02495884895324707,0.01121830940246582,0.013320684432983398,0.0004050731658935547
WhatsApp Image 2025-06-02 at 15.40.52.jpeg,1110101010101111111100100010101010001001010100011001101001100101001100001000100110110101110100010110000010000001011100001000001011111111000101111100111100100110110110011000100010001011010011001100001101111101001110100111011000111010010111100010101111111000,11101010101011111111001000101010100010010101000110011010011001010011000010001001101101011101000101100000100000010111000010000010111111110011011111001111001001101101100110001000100010110100110000000011100001101111101001110100111011000111010010111100010101111111000,True,True,False,True,32,0.028574228286743164,0.014674901962280273,0.013241767883300781,0.0006427764892578125
WhatsApp Image 2025-06-02 at 15.44.47 (1).jpeg,1101100011011110110001111001100100111101011110001110100001001110101001111110010110110101001001010100111000101011000110111101100000110011010101000001100010100010110100001011001101100111100000010100011001011110010011100101101101100110111101001000100100001100,110110001101111011000111100110010011110101111000111010000100011010100111111001011011010100100101010011100010101100011011110110000011001101010100010110001010001011000100011001011110010011100101101100100110111101001000100100001110,True,True,False,False,31,0.026409149169921875,0.011414051055908203,0.013846874237060547,0.0011341571807861328
WhatsApp Image 2025-06-02 at 15.40.45.jpeg,1001101100111001001011001001011001100100110101001001101101001101100110010001001110011011011010010110010011010110100110010111010110100100110111101001100100010001011101010110110001010001001101100111010101001110011001001001111010011011000010010110010011001110,1001101100111001001011001001011001100100110101001001101101001101100110010001001110011011011010010110010011010110100110010111000110100100110111101001100100010001111101010110110001010001001101100111010101001110011001001001111010011011000010010110010011001110,True,True,True,True,2,0.02733588218688965,0.012817621231079102,0.013966798782348633,0.0005345344543457031
WhatsApp Image 2025-06-02 at 15.41.09.jpeg,1001100001101010111101001010010011000111010010101111011100010101110010101010110110111100111101011000110011110001001011011000100100011011010010110011000001010001001001010110100001000110000100100110110110010010010000110011111011001011111101001100100101101111,1001100001101010111101001010010011000111010010101111011100010101110010101010110110111100111101011000110011110001001011011000100100011111010010110011001001010001001001010110110001001110000100100110110110010010010000110011111011001011111101001100100101101111,True,True,False,True,4,0.02739858627319336,0.013302326202392578,0.013409852981567383,0.0006718635559082031
WhatsApp Image 2025-06-02 at 15.40.39.jpeg,1011100110101011101110011010111010011000100101001001011010110100110101001011010011001110000010101110011000001010011000100100000100101111011100010010011100111001000101110011110010010001100111101101000010101010110110101101011011111010010101001111100100001100,101110011010101110111001101011101001100010010100100101101011010011010100101101001100111000001010111001100000101001100010010000010010111101110001001001110011100100010111001111001001000110011110110100001010101011011000110101101111101001010100111110010,True,True,True,False,1,0.027973175048828125,0.014139890670776367,0.013163328170776367,0.0006551742553710938
WhatsApp Image 2025-06-02 at 15.40.20.jpeg,1000000001011000001110110100101011001010011010100100111010111110000110101011011011010000110001101011110100010001110001101011100111000110001010011101100101101101000100001110111100111101010111100010011010110110111110101100001011010101000010011000011010101001,1000000001011000001110110100101011001010011010100100111010111110000110101011011011010000111001101011110100010001110001101011100111001110001010011101100101101101000000001110111100111101010111100010011010110110111110101100001011010101000010011000011000101001,True,True,True,True,4,0.026320695877075195,0.012739181518554688,0.013175010681152344,0.0003917217254638672
WhatsApp Image 2025-06-02 at 15.44.21.jpeg,1001100110010010001001100110100101110010011001101110010011000110000110011001100111011001100110010110011001100100011001100110011001100110011001101001100110011001100110011001100111100110011001000011001001100110111001001101101111011001110110011001100110001101,1001100110010010001001100110100101110010011001101110010011000110000110011001100111011001100110010110011001100100011001100110011001100110011001101001100110011001100110011001100111100110011001000011001001100110111001001101101111011001110110011001100110001101,True,True,True,True,0,0.02323603630065918,0.009513139724731445,0.01327371597290039,0.0004343986511230469
WhatsApp Image 2025-06-02 at 15.39.02.jpeg,1011111111110100101000000000010101111000010110000100111011110110011000110000000100111000010001101011100100100000100001011111111101000011001110110101110110101110011101001010101010111011101011001010000101100010100101011010100110011010001011011010011011101010,1011111111110100101000000000010101111000010110000100111011110110011000110000000100111000010001101011100100100000100001011111111101000011001110110101110110101110011101001010100010111011101011001010000101100010100101011010100110011010001011011011011011101010,True,True,True,True,2,0.02602219581604004,0.012470006942749023,0.013206958770751953,0.0003299713134765625
WhatsApp Image 2025-06-02 at 15.41.13.jpeg,1111010100110110110010111100011010111101000100011001001101011000000111000011011100110000110100111110101100001100011001001111011001001011010010110100110000110000010110001000001101011010001111001111001111100011111100111000111000000110101110000001011001110011,1111010100110110110010101100011010111101000100011001001101011001000111000011011100110000110100111110101100001100011001001111011001001011010010110100110000110000010110001000001101011010001111001111001111100011111100111000111000000110101110000001011001110011,True,True,True,True,2,0.022984743118286133,0.009370803833007812,0.013268709182739258,0.00033020973205566406
WhatsApp Image 2025-06-02 at 15.39.45.jpeg,1111101001111110110001101010111110100100100000011011000101000010100001011100111110001111011111001110100110110110001001001101100110110110011010110110100100110000010110111110000010011011001011001010011010010001100001101001000101000110000100101101011000101011,1111101001111110110001101010111110100100100000011011000101000010100001011100111110001111011111001110100110110110001001001101100110110110011010110110101100101000011110111110010010011011001011001010011010010001100001101001000101000110000100101101011000101011,True,True,False,True,5,0.027678728103637695,0.013857126235961914,0.013250350952148438,0.0005559921264648438
WhatsApp Image 2025-06-02 at 15.39.13.jpeg,1101010101011110100100000101000100101010101111010110101010101010010111001110001100010101010110001010011101110101011011101100010001011001101110111111001100100010000001000100111010111001100111011100001100110111000110100110110010110000100010101000110100110011,1101010101011110100100000101000100101010101111010110101010101010010111001110101100010101000110001010011101110101011011101100010001011001101110111111001100100010000001000100111010111001100111011100001100110111000110100110110010110000100010101000110100110011,True,True,True,True,2,0.023032188415527344,0.009198427200317383,0.013440847396850586,0.000377655029296875
WhatsApp Image 2025-06-02 at 15.39.40.jpeg,1100011001100101000111110111000101000011110001010111100110001100000000011100101011100100001110111001011001100101110000100100010010111001111101111110100100011010001011101101010110000010011111000101100101000110101100011110010000011100100110110110111001101101,1100011001100101000111110111000101000011110001010111100110001100000000011100101011100100001110111001011001100101110000100100010010111001111101111110100100011010001011101101010100000010011111000101100101000110101100011110110000011100100110110110111001101101,True,True,True,True,2,0.025458574295043945,0.01180267333984375,0.013307571411132812,0.0003333091735839844
WhatsApp Image 2025-06-02 at 15.40.20 (1).jpeg,1001110011001000010010011101100101011110110100011101100101001010001001111010101001110010010110010100100110100101100111111001001001111000001011010110001110110011110011010000101100111000101101000110001111010011100101010010110110001000111101010101000111000011,1001110011001000010010011101100101011110110100011101100101001010001001111010101001110010010110010100100110100101100111111001001001111000001011010110001110110011110011010000101100111000101101000110001111010011100111010010110110001000101101010101000111000011,True,True,True,True,2,0.027457714080810547,0.013773918151855469,0.013186216354370117,0.00048041343688964844
WhatsApp Image 2025-06-02 at 15.39.06.jpeg,1101011101100110100111011001100100100110011001100101001100110010110011001100100100110010001101100111110110011000110100000110011100101111001100110101000010011000101000110110001101111100100111110100001011011000101111110010011001010000110100111000111001001100,1101011101100110100111011001100100100110011001100101001100110010110011001100100100110010001101100011110110011000110100100110011100101111001100110101000010011000101000110110001101111100100111110100001011011000101011110010011001010000110100111000111001101100,True,True,True,True,4,0.0241549015045166,0.009560585021972656,0.013966083526611328,0.0006124973297119141
WhatsApp Image 2025-06-02 at 15.39.42.jpeg,1101010011100110010010011100011110110111001110000110101100011000001101100110111010100100001101001101100100011001100011001110011110011010101100111001100111001100001100011000010010010011110110011000101100110011101101100110011011101001100010000010011100111100,1101010011100110010010011100011110110111001110000110101100011000001101100110111010100100001101001101100100011001100011001110011110011010101100111001100111001100001100011000010010010011110110011000101100110011101101100110011011101001100010000010011100111100,True,True,True,True,0,0.02353072166442871,0.009207963943481445,0.013918161392211914,0.00038933753967285156
WhatsApp Image 2025-06-02 at 15.40.16 (1).jpeg,1001100001111000000000111000111101111100101100001010010110010111001001001010011101011110011111100110001110000011100111000011100000111011110001010010110100101111110100101110011001011110010000100000001000111000001111101100101101101101100011011100011010110010,1001100001111000000000111000111101111100101100001010010110010111001001001010011101011110011111100110001110000011100111000011100000111011110001010010110100101111110100101110011001011110010000100000001000111000001111101100101101101101100011011100011010110010,True,True,True,True,0,0.023003101348876953,0.00901341438293457,0.013326406478881836,0.0006492137908935547
WhatsApp Image 2025-06-02 at 15.40.15 (1).jpeg,1001001100010011001110000011101100010010100101110110110101101010010001101100000011101100011011101100011111000100111011010110100000010011100101011011100000111011011011000100111001000110110001010100011111000100000100111011000110111000011111111011100100011110,1001001100010011001110000011101100010010101101110110110101101010010001101100000011101100011011101100011111000100111011010110101000010011100101011011100000111011011011000100111001000110110001010100011111000000000100111011000110111000011111111011100000011110,True,True,True,True,4,0.022749900817871094,0.009139060974121094,0.013033628463745117,0.0005614757537841797
WhatsApp Image 2025-06-02 at 15.41.04.jpeg,1001010110000001110001101101010100000000110101100001000110100011011001100011001111111110000001001110100111001000000011000100100110010010001101101111001010100111101101011011100100101100101111010111100001011101101010100001011101101111101010010110101111001110,1001010110000001110001101101010100000000110101100001000110100011011001100011001111111110000001001110100111001000010011000100100110010010001101101111001010100111101101011011100100101100101011010111100001011101101010100001011101101111101010010110101111001110,True,True,True,True,2,0.025040149688720703,0.011171102523803711,0.013259410858154297,0.0005948543548583984
WhatsApp Image 2025-06-02 at 15.44.27 (1).jpeg,1011000010111111011101010010111010111110100101001011011110100001011011000001011110110010110010111110011101101001001101000110110100101011011001100101110111010000101101001011010100001001100101101000000110010101000101100111100000110100100000011010010101100010,1011000010111111011101010010111010111110100101001011011110100001011011000001011110110010110010111110011101101001001101000110110100101011011001100101110111010000101101001011010100001001100101101000000110010101000101100111100000110100100000011010010101100010,True,True,True,True,0,0.026238203048706055,0.012023687362670898,0.013861417770385742,0.00033783912658691406
WhatsApp Image 2025-06-02 at 15.41.05.jpeg,1001011001111110011110111110000010001000110011110101000011011100100111000110100001110000110011111001100010100001000010101101111111011001100000001010101011001111010111000001000110001000111111110110001000000000100011001011111011100010100010101001101110111111,1001011001111110011110111110000010001000110011110101000011011100100111000110100001110000110011111001100010100001000010101101111111011001100000001010101011001111010111000000000110001000111111110110001000000000100110011011111011100010100010101001101110111111,True,True,True,True,4,0.029691219329833984,0.015755891799926758,0.013448715209960938,0.00047135353088378906
WhatsApp Image 2025-06-02 at 15.44.25.jpeg,1111111010110110001110110110101100001110111101100100010111111101110000001011101100110100001011100000110100000011111010100100000000010011011010001001011011101100010101010011101100001001000111101110001111010100000001101000010100111100101111100101010001101001,1111111010110110001110110110101100001110111101100100010111111101110000001011101100110100001011100000110100000011111010100100000000010011011010001001011011101100010101010011101100001001000111101110001111010100000001101000010100111100101111100101010001101001,True,True,True,True,0,0.02921915054321289,0.014468193054199219,0.014394044876098633,0.00034165382385253906
WhatsApp Image 2025-06-02 at 15.44.46.jpeg,1000110101011001101000101011010001011011000011100111110011010111001101110011101010101100110101011000100110011010110100100110011101100101110100001011100100110011100111101101110000010101001100000110001001000110011000111010101110010100100111000001110100100110,10001101010110011010001010110100010110110000111001111100110101110011011100111010101011001101010110001001100110101101001001100111000000101100111110110001011100100110011101111101110110000010101001100100110001001000110011000111010101110010100100111000001110100100110,True,False,False,True,60,0.02797698974609375,0.013310909271240234,0.013968467712402344,0.0006814002990722656
WhatsApp Image 2025-06-02 at 15.41.03 (1).jpeg,1100001011011010110110100101101011100001111000010110000111100001011100011110000111001110110000101010100111100001011000001011000110011110010111001110000100100001001111100011000111001100000011100011111100011111110111000011110000100011000101110011110011100110,1100001011011010110110100101101011100001111000010110000111100001011100011110000111001111110000101010100111100001011000001011000110011110010111000110000100100001001111100011000111001100000011100011111100011111110111000011110000100011000101110011110011100110,True,True,True,True,2,0.02173900604248047,0.008677482604980469,0.012724161148071289,0.0003204345703125
WhatsApp Image 2025-06-02 at 15.40.19 (1).jpeg,1100100110000110110010011011011000010010001110110110110011011001001101111101110011001101001001100010001001001101110010000001111111111100100000110111001100001100100011011110000101111111110000100001011101101100100010001111001100100010001001101001110000101111,1100100110000110110010011011011000010010001110110110110011011001001101111101110011001101001001100010001001001101110010000001111111111100100000110111001100001100100011011110000101111111110000100001011101101100100010001111001100100010001001101001110000101111,True,True,True,True,0,0.028905868530273438,0.014572381973266602,0.013794183731079102,0.0005242824554443359
WhatsApp Image 2025-06-02 at 15.44.26.jpeg,1010010110010010011001011010011011100011011110111001100000011010001111001001010001110000010001101100111001101110001110001111000001110111000100111000111100011011001111000100011110011001110011111100110010111100101011000111000010011000110000001110011100110001,1010010110010010011001011010011011100011011110111001100000011010001111001001010001110000010001101100111001101110001110001111000001110111001100111000111100111011011111000100011110011001010011111100110010111100101011000111000010011000110000001110011100110001,True,True,False,True,4,0.031174659729003906,0.015973329544067383,0.0143585205078125,0.0008273124694824219
WhatsApp Image 2025-06-02 at 15.39.50.jpeg,1010000110001011010001111111110011011101011110000011101000110011110001110000011101101001110011100101001010110001010110000111001100101000110011000011011000110000010010011110101110101111110011001001010001110010110010010011001001100110100110011001100101110100,1010000110001011010001111111110011011101011110000011101000110011100001110000011101101001010011100101001010100001010010000111011100101000110011000011011000110000010010011110101110101111110011001001010001110010110011011011100001101010100111011001100001010100,True,False,True,False,14,0.024890899658203125,0.010784626007080078,0.013302326202392578,0.0007879734039306641
WhatsApp Image 2025-06-02 at 15.40.10 (1).jpeg,1110101010011100101101010100101010001101010111000011100011110011100001001100011000100101010110100001011110001001011000100101010111010010000001101011110110000000111101101111000011101011111110010101110011001001011010110000010011110001110001100010101001111110,1110101010011100101101010100101010001101010111000011100011110011100001001100011000100101010110100001011110001001011000100101010111010010000001101011110110000000111101101111000011101011111110010101110011001001011010110000010011110001110001100010101001111110,True,True,True,True,0,0.02583932876586914,0.011982917785644531,0.013278961181640625,0.0005624294281005859
WhatsApp Image 2025-06-02 at 15.41.09 (1).jpeg,1100111100110011100100110111100000110011010011000110000010001110110011001011001100101101001100010110101100110110110001111000011011000110111001001011011001110001001101101100100110011000110011000110001001000100011001101100100011100111100110111001110100111001,1100111100110011100100110111100000110011010011000110000011001110110011001011001100101101001100010110101100110110110001111000011011000110111001001011011001110001001101101100100110011000110011000110001001000100011001101101100011000111100110111001100100111001,True,True,True,True,4,0.024006366729736328,0.010341167449951172,0.013270378112792969,0.00037980079650878906
WhatsApp Image 2025-06-02 at 15.40.40 (1).jpeg,1010011001100110101001110011001001011001110010110100110011011100000110111001110110000111010011011111001001100001111100110011011100001100100011000000011001110011000100110111001011001100110011001110001100010011010100110001111100011100111000010010011100110011,1010011001100110101001110011001001011001110010110100110011011000000110111001111110000111010011011111001001100001111100110011011100001100100011000000011001110011000100110111001011001100110011001110001100110011010100010001111100111100111000011010011100110011,True,True,True,False,6,0.024559736251831055,0.010421991348266602,0.013584613800048828,0.0005388259887695312
WhatsApp Image 2025-06-02 at 15.39.07 (1).jpeg,1000000001111111111111010101111110111101100000000001011111100000011000101111010101000001000111111011110100011010101100100110100111000110111001000001010010011110011010011101001100001111010000001001000100101111001100101110000001001110010111011100100111010010,1000000001111111111111010101111110111101100000000001011111100000011000101111010101000001000111111011110100001010101100100110100111000110111001000001010010011110011010011101001100001111010000001001000100101111001100101110000001101110010111011100100111010010,True,True,True,True,2,0.023801803588867188,0.009963274002075195,0.013319969177246094,0.0005025863647460938
WhatsApp Image 2025-06-02 at 15.39.49.jpeg,1000001100110011100110010011011001101000000110000111000001000111001110110000010010001111110000110100011111101000011100111011100000111000110000111000110011111100000011110011111011101101100011111111000111110001111111100111110000001100000011000111011001100000,100000110011001110011001001101100110100000011000011100000100011100111011000001001000111111000011010001111110100001110011101110000001100010000011100011001111110010011111000110010001111111100111110000001100000001000111010001100000,True,True,False,False,31,0.02586674690246582,0.011530637741088867,0.013322591781616211,0.0009982585906982422
WhatsApp Image 2025-06-02 at 15.39.52.jpeg,1100010101001100100011010100011000101100010001111100111001011011111011101101010011001110110101101100110100111011110101010011000011110101001110001010010110001000110000001000101001001010101011100101001010001110100110100000111110001011001010111000111101101001,1100010101001100100011010100011001101100010001111100110001011011111011101101010011001110110101101100110100111011110101010011000011110101001110001010010110001000110000001000101001001010101011100101001010001110100110100000111110001011001010111001111100101001,True,True,True,True,4,0.02814316749572754,0.01436471939086914,0.013329267501831055,0.0004343986511230469
WhatsApp Image 2025-06-02 at 15.40.23.jpeg,1101010001101001000111010101011011011110101010100000010111100001100110001001001001010110011111101110101011000111100000010111111101011111111010011100100000010101100000010110101000100110101001010010101010011010011110100000101011010110100101101100011110100001,1101010001101001000111010101011011011110101010100000010111100001100110001101001001011110010100101110101011000111100000010111111101011111111010011100100000010101100000010110101000100100101000000010001110010100011110100000101011010010100101101100011110110000,True,False,False,False,16,0.029337644577026367,0.014772176742553711,0.013385772705078125,0.0011639595031738281
WhatsApp Image 2025-06-02 at 15.44.22.jpeg,1001010101010001100011010011101110000101011110111111111111000000001011000111000100110010001111111111101110011000100000011000111000100000101011111101111111001010110000010011100000000100011101111101110110000100001000110001000110000000011111111101110111000100,1001010101010001100011000011101110000101011110111111111111000000001011000111000100110010001111111111101110011000100000011010111000100000101011111101111111001010110000010011100000000100011101111101110110000100001000110001000110000000011111111101110111000100,True,True,True,True,2,0.02398991584777832,0.010258913040161133,0.013190746307373047,0.0005247592926025391
WhatsApp Image 2025-06-02 at 15.44.21 (1).jpeg,1101000011000111111100011001100000001100001011100111110001100010011101000010111001110110010000111110000110000000010011111100101111001101100010010110010110000000101101100101001101111100001011101100110001100011001011000111111011110001100110110110100011100111,1101000011000111111100011001100000001100001011100111110001100010011101000010111001110110010000111110000110000000010011111100101111001101100010010110010110000000101101100101001101111100001011101100110001100011001011000111111011110001100110110110100011100111,True,True,True,True,0,0.02437138557434082,0.010959386825561523,0.013057470321655273,0.00033974647521972656
WhatsApp Image 2025-06-02 at 15.40.25.jpeg,1100001011000110011011101110001000101101111110000101000111010100001111000000001111010100000111110000101110111110110000011110010011010011011011001000010110001111111100110110011000100010011111101111010100000100000011101101110011101100010100110100100010011001,1100001011000110011011101110001000111101111110000101000111010100001111000000001111010100000111110000101110111100110000011110010011010011011011001000010110001111111100110110011000100010011111101111010100000100000011101101110011101100010100110100100010011001,True,True,True,True,2,0.02594447135925293,0.01136159896850586,0.014047384262084961,0.0005204677581787109
WhatsApp Image 2025-06-02 at 15.40.42 (1).jpeg,1011001010100001101111101000001011011101000011110100000101000010010000100110101110111000100111001101110100110010010010010111011001101000101001101011110010001101110111011011001101001001001100100100100000111110001101101001010011011101011111111100100100110010,1011001010100001101111101000001011011101000011110100000101000010010000100110101110111000100111001101110100110010010010010111011001101000101001101011110010001101110111011011001101001001001100100100100000111110001101101001010011011101011111111100100100110010,True,True,True,True,0,0.022738933563232422,0.009754657745361328,0.01256871223449707,0.0004010200500488281
WhatsApp Image 2025-06-02 at 15.40.24 (1).jpeg,1001000000100110101110000000011011111000000111010101111110011101001111001000111010110000110101001100100101010101100111010100011110011001001011110100111000101111010001101000111111001101110110111100111111110010000001001110000000101000111000011110000011010001,1001000000100110101110000000011011111000000111010101111110011101001111001000111010110000110101001100100101010101100111010100011110011001001011110100111000101111010001101000111111001101110110111100111111110010000001001110000000101000111000011110000011010001,True,True,True,True,0,0.02407670021057129,0.010807037353515625,0.012836694717407227,0.0004177093505859375
WhatsApp Image 2025-06-02 at 15.40.50 (1).jpeg,1101111100101001000000101111010101101101100100110000010110110010110110110110011100000110010010001000010010111011011111001100001000001001101111001111111100100011000100111111110011110110010011010000110110110000011001001011011110011001001001000100001001101101,1101111100101001000000101111010101101101100100110000010110110010110110110110011100000110010010001000010010111011011111001100001000001001101111001111111100100011000100111111110011110110010011010000110110110000011001001011011010011001001001000100001101101101,True,True,True,True,2,0.02280569076538086,0.009213447570800781,0.013248920440673828,0.00032830238342285156
WhatsApp Image 2025-06-02 at 15.44.27.jpeg,1011000010011001110011110110011010001100011110000110000111001000000110110011011111001100111110010000011111001110010100100011000100001100110101001100101111011100000001000010001111011011011000000110010010011011100001110011011001011100111011001110111110001111,1011000010011001110011110110011010001100011110000110000111001000000110110011011111001100111110010000011111001110010100100011000100001100110101001100101111011100000001000010001111011011011000000110010010011011100001110011011001011100111011001110111110001111,True,True,True,True,0,0.03235459327697754,0.011073827743530273,0.020551443099975586,0.0007083415985107422
WhatsApp Image 2025-06-02 at 15.44.44.jpeg,1001010100101101110010011100110010010001001100111010100100110100011011011000001001001011110010010100110001001101010001010010111001110010100110011011000010010111100100111101001010111111101000011001100110110110110011011100110001001100100110110101110011100101,1001010100101101110010011100110010010001001100111010100100110100011011011000001001001011110010010100110001001101010001010110111001110010100110011001000010010111100100111101001010111111101000011001100110110110110011011100110001001100100110110101110011100101,True,True,True,True,2,0.03148794174194336,0.013224124908447266,0.017350196838378906,0.0008835792541503906
WhatsApp Image 2025-06-02 at 15.41.17.jpeg,1000111000001001011100011100001010111101001101100011110011100011011001110001110110001000011100100111100100000110111011100001100010010001110001110110101111111000110001100011110110011000100011100111000000100001110111101010000010011001110101100110001100111111,1000111000001001011100011100001010111101001101100011110011100011011001110001110110001000011100100111100100000110111011100001100010010001110001110110101111111000110001100011100110011000100011100111000001100001110101101010000010011001110111100110001100111111,True,True,True,True,4,0.03201913833618164,0.01259303092956543,0.018268585205078125,0.0011315345764160156
WhatsApp Image 2025-06-02 at 15.44.46 (1).jpeg,1101010011001100111011111011001011101011010101001000101010000101100101111010011100101111010010100110011101010110010111101010010010010000001100011111001010000000101001001001100111011000011000111011100101000110101001101011100100101100001001011101101001100111,1101010011001100111011111011001011101011010101001000101010000101100101111010011100101111010010100110011101010110010111101010010010010000001100011111001010000000101001001001100111011000011000111011100101000110101001101011100100101100001001011101101001100111,True,True,True,True,0,0.0315549373626709,0.013204097747802734,0.017636537551879883,0.0006871223449707031
WhatsApp Image 2025-06-02 at 15.39.14 (1).jpeg,1101101000001010110110001001001011101010011101111011011001110101111010111010011100101101110010011011110110110110000101000011010000000100000111011000001000000110000111011010101110000001011001010111010110100010111011010000100010110110100110101001111001111010,1101101000001010110110001001001011101010011101111011011001110101111010111010011100101101110010011011110110110110000101000011010000000100000111011000001000000110000111011010101110000001011001010111010110100010111011010000100010110110100110101001111001111010,True,True,True,True,0,0.03611469268798828,0.016032695770263672,0.019307613372802734,0.0007534027099609375
WhatsApp Image 2025-06-02 at 15.41.15.jpeg,1101110001100000000100011101110011110001100011011010000011110001010010011000100110011001101111010110001100110000100011110001111101110000011110001000001101100111001111100011111011110010001100010001111000100011101100110110111010110111010000000111000010110111,1101110001100000000100011101110011110001100011011010000011110001010011011000100110011001101111010110001100110000100011110001111101110000011110001000001101100111001111100011111011110010001100010000111000100011101100110110111010110111010000000111000010110111,True,True,True,True,2,0.029549360275268555,0.01314544677734375,0.015819787979125977,0.0005640983581542969
WhatsApp Image 2025-06-02 at 15.41.11.jpeg,1001010101101110000011001101001101111010000101010000010100100001101111011111101011001010011011001101011111010110001110000000000110101011101010011101110011011010011101100101111011000011011001000010110010001001111010111000100111011010010101000011010000001110,1001010101101110000011001101001101111010000101010000010100100001101111011111101011001010011011001101011111010110001110000000000110101011101010011101110011011010011101100101111011000011011001000010110010001001111010111000100111011010010101000011010000001110,True,True,True,True,0,0.03415060043334961,0.011018753051757812,0.022133827209472656,0.0009706020355224609
WhatsApp Image 2025-06-02 at 15.41.04 (1).jpeg,1011001100011100111100011110000010101100110010110001101100010011111011000010000110000101110001100001011001011011011110000110110010100001101101011010011100011010001110110110100001100010001111011010000110010011010111110011100111011100011010011010011011010010,1011001100011100111100011110000010101100110010110001101100010011111011000010000110000101110001100001011001011011011110000110110010100001101101011010011100011010001110110110100001100010001111011010000110010011010111110011100111011100011010011010011011010010,True,True,True,True,0,0.028385162353515625,0.012259721755981445,0.015544891357421875,0.0005609989166259766
WhatsApp Image 2025-06-02 at 15.40.49 (1).jpeg,1011000101110010110011001110000000011111111100110101111111110010011001101111011111011011001100111001010001010010100110100011001111000000001100111100000101100110011000001001000011110011011000001111111011000000000110101111001000010100111110101000100010111000,1011000101110010110011001110000000011111111100110101111111110010011001101111011111011010011100111001010001000010100110101011001111000000001100111100000101100110011000001001000011110011011000001111111011000000000110101111001000010100111110101000100010111000,True,False,True,True,4,0.02570199966430664,0.010842084884643555,0.013966560363769531,0.0008759498596191406
WhatsApp Image 2025-06-02 at 15.41.07 (1).jpeg,1101001101010001100111011101110000100101110101101000101101110001010110100100110111100110101101100001010010100000110001011010100000111101011010100111001101011110100011001101010001100001100101010011011000101101100110011010001101100011101110100010110011001010,1101001101010001100111011101110000100101110101101000101101110001010110100100110111100110101101100001010010100000110001011010101000111101011010100111001101011110100011001101010001100001100101010011011000101101100110011010001101100011101110100010110011000010,True,True,True,True,2,0.029565811157226562,0.013327360153198242,0.015528678894042969,0.0006921291351318359
WhatsApp Image 2025-06-02 at 15.44.44 (1).jpeg,1110101101011010111000101010011111010000101000011001110101011100100010010111110110111011100000001011000001010101100000100011010111110111101010111001010101111010000101100101010011101000000001001111000111101011000001111100100011001010100010101011110100101010,1110101101011010111000101010011111010000101000011001110101011100100010010111110010111011100000001011000001010101100000100011010111110111101010111001010101111010000101100101010011101000000001001111000111101011000001111100100011001010100010101011110110101010,True,True,True,True,2,0.029579639434814453,0.014058113098144531,0.014703989028930664,0.0007984638214111328
WhatsApp Image 2025-06-02 at 15.44.43.jpeg,1000111010001101111001010011010111010010011100101010100111110100011100101001111100000010001010000010010111110011010111101000110001001001000111011101100101101010110100101001000010110111011111010010110100111011011010101010011111000011010010011001000000110100,10001110100011011110010100110101110100100111001010101001111101000111001010011111000000100010100000100101111100110101111010001100010010010001110111011001001010101101001010010000101101110111110100101101001110110110111110100101110000110100100110010000001101000000100,True,True,True,False,4,0.030438899993896484,0.013509750366210938,0.01603102684020996,0.0008790493011474609
WhatsApp Image 2025-06-02 at 15.41.06 (1).jpeg,1000010100101010101001001100010111100011001100100001110110000110101111111100111011101110111101011100001100111011000100011001100100001100011110010011101001100110110100000110000110000110101110100001100110001100111011100101001011110100100001001110001111100011,1000010100101010101001001100010111100011001100100001110110000110101111111100111011101110111101011100001100111011000100011001100100001100011110010011101001100110110100000110000110000110101110100001100110001100111011100100001011110100100001001110001111110011,True,True,True,True,2,0.03236842155456543,0.013353109359741211,0.0183258056640625,0.0006694793701171875
WhatsApp Image 2025-06-02 at 15.44.30 (1).jpeg,1110010111000111101101100001110000110000010110001000111101100011100111110011000111111000110011001101110001100110110011011100011011101000100011101111001100011100111100011001100011000001101110111110011000111001110000001001100010000000001111010000011000111001,1110010111000111101101100001110000110000010110001000111101100011100111110011000111111000110011001101110001100110110011011100011011101000100011101111001100011100111100011001100011000001101110111110011000111001110000001001100010000000001111010000011000111001,True,True,True,True,0,0.030551910400390625,0.009888887405395508,0.020071744918823242,0.00057220458984375
WhatsApp Image 2025-06-02 at 15.40.14.jpeg,1111010110100110100011100100011110110000001001100110000010011101100011011001110000011111000010000010000111011111011110000001100011001111100100010010001101101111110101001110000100011100001100001000011100100111111110100110001101101000011111101011111110100100,1111010110100110100011100100011110110000001001100110000010011101100011011001110000011111000010000010000111011111011110000001100011001111100100010010001101101111110101001110000100011100001100001000011100100111111110100110001101101000011111101011111110100100,True,True,True,True,0,0.03379368782043457,0.013428449630737305,0.01973557472229004,0.0006117820739746094
WhatsApp Image 2025-06-02 at 15.44.16.jpeg,1010101101000101100011010111010011000110101101101001010101001101000101111110100001100000011001110101001011110010011011100011011000011101000101101101000010010100101011111000011110010101010001010101010101011000001101110010110111110101001011001010101010100011,1010101101000101100011010111010011000110101101101001010100001101000101111110100001100000011001110101001011110010011011100011011000011101000101101111000010010100101011111000011110010101010001010101010101011000001101110010110111110101001011001010101010100011,True,True,True,True,2,0.026346206665039062,0.012238740921020508,0.013716936111450195,0.0003731250762939453
WhatsApp Image 2025-06-02 at 15.41.08 (1).jpeg,1101000010001100011111010100100000110000011111011111100111111011000110100011000101111011101111001000101010110010111010101011111000001011100010001100011001000111001000010001101111000110011001111110011001101111010001000100100011001110101000011011000100011010,1101000010001100011111010100100000110000011111011111100101111011000110100011000101111011101111001000101010110010111010101010111000011011100010001100011001000111001000010001101111000110011001111110011001101111010001010100100011001110101000011011000100011010,True,True,True,True,4,0.028356313705444336,0.01160740852355957,0.0162050724029541,0.0005257129669189453
WhatsApp Image 2025-06-02 at 15.41.03.jpeg,1000110110011000100011000110010000110010110011000011100010011111111001000110001110110111001101010000001101101010100011011100011001100010011101011101100110110110001111011000110101110100011101010001110110011011000111010110001100101110001100110110001000011001,1000110110011000100011000110010000110010110011000011100010011111111001000110001110110111001101010000001101101010100011011100011001100010011101011101100110110110001111011000110101110100011101010001110110011011000111010110001100101110001100110110001000011001,True,True,True,True,0,0.025092363357543945,0.010735750198364258,0.013956785202026367,0.0003819465637207031
WhatsApp Image 2025-06-02 at 15.44.16 (1).jpeg,1101000001010101110011110001011110000111000001101011010010101000000101000111101101100010111001110000111100010111101110000101100000000101111001101110001101101001000110001001000010111111111001100110001100001110100110011001001100111100011110011110011111100100,1101000001010101110011110001011110000111000001101011010010101000000101000111101101100110111001110000111100010111101110000101100000000101111001101110001101101001000110001001000110111111011001100110001100001110100110011001001100111100011110010110011111100100,True,True,True,True,4,0.023699283599853516,0.009266853332519531,0.013796329498291016,0.0006189346313476562
WhatsApp Image 2025-06-02 at 15.41.17 (1).jpeg,1011011000111001100100010111100111000011100011101110011000000001110110010010001101101100100001110100011010010001001111100101110000111100110011101011011000011101100010010111110101000000111110001000101110100111110011000110111001110011000100101011000110010011,10110110001110011001000101111001110000111000111011100110000000011101100100100011011011001000001101000110100100010011111001011100001111001100111010110110000111011000100101111101010000001111110010001011101001111100110001101110011100111001001010110001100100110000100,True,True,True,False,3,0.026181936264038086,0.01183772087097168,0.013651132583618164,0.0006763935089111328
WhatsApp Image 2025-06-02 at 15.40.50.jpeg,1011001101000100101100001110111010010110001011010001101101110011111010010011101011110111001000110111100011110100011010011100111100111110000111011011000011000001001110010001100100110001101101001001110000000000100010011100110011011000110001101100011111001100,1011011101000100001110001110111010010110001001010001101100110011111010010011001011110111001000110111110011110100011010011100111100111110000111011011000011000001001110010001100100110001101101001001110000000000100010011100110011011000110001101100011111001100,False,True,True,True,7,0.03351449966430664,0.014225006103515625,0.018572330474853516,0.0006988048553466797
WhatsApp Image 2025-06-02 at 15.40.38.jpeg,1100000000010111111010000010011100101110001101110001111100111011010101101111100011010011110011001101110110001101010101011110001011100101111000001100000011111000001101000110001100011100011000111011010001100000000011111110000000101100010100110001111111100011,1100000000010111111010000010011100101110001101110001111100111011010101101111100011010011110011001101110110001101010101011110001011100101111000001100000011111000001101000110001100011100011000111111010101101000000011111110000000101100010101110001111011100111,True,True,True,False,6,0.03190755844116211,0.012691259384155273,0.018247127532958984,0.0009436607360839844
WhatsApp Image 2025-06-02 at 15.44.51 (1).jpeg,1010101011010000100101001010100110010101111011100000111001110110000110011001010011100111011010000110001000100000110011000000001010011101001010001000011100011010111010110101011111101001011111001010011100111010101101110001000010011110011111010100101111011101,1010101011010000100101001010100110010101111011100000111001110110000110011001010011100111011010000110001000100000110011000000001010011101001010001000011100011010111010110101011111101001011111001010011100111010101101110001000010011110011111010100101111011101,True,True,True,True,0,0.025534868240356445,0.010601043701171875,0.01454472541809082,0.0003714561462402344
WhatsApp Image 2025-06-02 at 15.44.18 (1).jpeg,1000110111111111100100011111111010100010011100001010011101101111011001110011100100011011000011110000100100001101000110001100000100010000100100000111000001100110110111001011000110110101101001001100010100110001110001110000111010001111011011110000101111011011,1000110111111111100100011111111010100010011100001010011101101111011001110011100100011011000011110000100100001101000110001100000100010000100100000111000001100110110111001011000110110101101001001100010100110001110001110000111010001111011011110000101111011011,True,True,True,True,0,0.028456449508666992,0.012618064880371094,0.015395164489746094,0.0004248619079589844
WhatsApp Image 2025-06-02 at 15.40.41 (1).jpeg,1110110100110001110010110101101010010111110011001011010100101101000111001101001011100000100001110011011000110000110010111000010010111011011011101001010110001101010010100111001110110100100100000011000011101110110011100001111101101000110001110000101111000100,1110110100110001110010110101101010010111110011001011010100101101000111001101001011100000100001110011011000110000110010111000010010111011011011101001010110001101010010100111001110110100100100000011000011101110110011100001111101101000110001110000101111000100,True,True,True,True,0,0.026250123977661133,0.01189279556274414,0.013965129852294922,0.0003752708435058594
WhatsApp Image 2025-06-02 at 15.41.12.jpeg,1100110001110011110110011000010001001100111100110011010101100111001110001000110110100010111001110110010110011101011000001100011011100101100101011011110001001111001110010100010000011111000100100011111111100111000011010001110000001110010010010101000101101010,1100110001110011110100011000010001001100111100110011010101100111001110001000110110100010111001110110010110011101011000001100011011100101100101011011110001001111001110010100010000011111000100100011111111100111000011010001110000001110010010010101000101101110,True,True,True,True,2,0.02561640739440918,0.01116633415222168,0.013663053512573242,0.0007710456848144531
WhatsApp Image 2025-06-02 at 15.39.53.jpeg,1101011001001101101001100111001101000110001100110001100101101110000010011001001111100011100100010110110101101001110011101100101000011001110111000001100100001100010101100001101111100110101001011100101100101101100101101000101000010101111101100100100111011100,1111011001001101101001000101001101000110001101110001100101100110000010011001001111100011100100010110110101101001110011101100101000011001111111000001100100001100010101100001101111100110101001011100101100101101100101101000101000010101111101100100100111011100,False,True,True,True,6,0.02360820770263672,0.009875297546386719,0.01314234733581543,0.0005741119384765625
WhatsApp Image 2025-06-02 at 15.41.14.jpeg,1000100001110111100101111001100011100000011001111010001111000111000111000011100000101011011110000011010110000111110100100010101111101001111110001010010000100011000100111111011000011110000110101110000110001111111101001110001110100110011010010101000110010100,1000100001110111100101111001100011100000011001111010001111000111000111000011100000101010011110000011010110000111110100100010111111101001111110001010010000100011000100111111011000011110000110101110000110001111111101001110001110100110011010010101000110010100,True,True,True,True,2,0.028254032135009766,0.01368260383605957,0.014145612716674805,0.0004074573516845703
WhatsApp Image 2025-06-02 at 15.41.08.jpeg,1110100110011000110101000110011011101010100100101001100101011100001111000000011101101000001011110100000111010010000001100001000000110111111001111110000110100100101011100101011100001101011001011101100011110110110110111110000101000011111101100010011101010101,1110100110011000110101000110011011101010100100101001100101011100001111000000011101101000001011110100000111010010000001100001000000110111111001111110000110100100101011100101011100001101011001011101100011110110110110111110000101000011111101100010011101010101,True,True,True,True,0,0.02957463264465332,0.013659954071044922,0.01540517807006836,0.0004897117614746094
WhatsApp Image 2025-06-02 at 15.44.42.jpeg,1000010111110001101101110101110000011010111011100111000111100010001010100001110101000111100100010110110100101110100010100000101000110010111000011000110100101011001100111110001111111101111000011001101100001010001110001001010000111100001111011011001000011011,1000010111110001101101110101110000011010111011100111000111100010001010100001110101000111100100010110110100101110100010100000101000110010111000011000110100101011001100111110001111111101111000011001101100001010001110001001010000111100001111011011001000011011,True,True,True,True,0,0.029233455657958984,0.014278650283813477,0.01456451416015625,0.00037384033203125
WhatsApp Image 2025-06-02 at 15.39.05.jpeg,1111001011011110100010010010000100011100001100111101010110100111101010001101101000011100100011111101100111001100000110110101100011110011101101010111011000010000001001100011110101100010010000100101110000101101000010111100011011111000011000100001111110101101,1111001011011110100010010010010100011100001100111101010110100111101010001101101000011100100011111101100111001100000110110101100011110011101101010111011000010000001001100011110101100010010000100101110000101001000010111100011011111000011000100001111110101101,True,True,True,True,2,0.02472996711730957,0.009967327117919922,0.01428985595703125,0.0004544258117675781
WhatsApp Image 2025-06-02 at 15.40.44.jpeg,1101100101011010100100000101111100100110101001011000011110000100110111010101101011001100011100011001000111001011110100001110101001100110101001010010001110000101010101110111101001100110011100110010011101011001011100101100111001111010001011000010110100001100,1101100101011010100100000101111100100110101001011000011110000100110111010101101011001100011100011001000111001011110100001110101001100110101001010010001110000101010101110111101001100110011100110010011101011001011100101100111001111010001011000010110100001100,True,True,True,True,0,0.025880098342895508,0.011980772018432617,0.013485193252563477,0.0003979206085205078
WhatsApp Image 2025-06-02 at 15.41.13 (1).jpeg,1010110010010010000100110010011001011000110010000000101110111011000001111000111101111001001011111101001011110000111111011110010000111010001000011111000100011100100010010100100101111110000100101110000111011101100011100100010000101110001101101110000111101111,1010110010010010000100110010011001011000110010000000101110111011000001111000111101111001001011111101001011110000111111011110010000111010001000011111000110011100100010010100100100111110000100101110000111011101100011100100010000101110001101101110000111101111,True,True,True,True,2,0.025099515914916992,0.011724710464477539,0.012799978256225586,0.0005602836608886719
WhatsApp Image 2025-06-02 at 15.44.49 (1).jpeg,1110100100010000100101000101111010010001111110100101111001010010100100001101011000001000010101010100010101000111001111000111011111111001000011110100010101101000010011111110011010110110010001110011110111101101000011001110000010001100100111111101010111100000,1110100100010000100101000101111010010001111110100101111001010010100100001101011000001000010101010100010101000101001111100111011111111001000001110100010101101000010011111110011010110111010001110011110111101000000011001110001010001100100111111101110111000000,True,True,False,False,9,0.0276033878326416,0.013322591781616211,0.0135040283203125,0.0007615089416503906
WhatsApp Image 2025-06-02 at 15.40.23 (1).jpeg,1001101010011010100010100110001001100001011001111011001110011011010101010001100110101001110000111101011001010011110111100011100000000001110111010110000001101101111011000011101100000100100101110001110100110001110001001001111000101010111010110101110101011001,1001101010011010100010100110001001100001011001111011001110011011010101010001100110101001110000111101011001010011110111101011100000000001110111010110000001101101111011000011101100000100100101110001110100110001110001001001111000101010111010110101110101010001,True,True,True,True,2,0.025469541549682617,0.011989831924438477,0.013010263442993164,0.0004525184631347656
WhatsApp Image 2025-06-02 at 15.39.09 (1).jpeg,1101011101111111110011001011001110001000000101010111000100101111100000001011011100110011011000001001011110110110110000000001110101011101111010000011000001110100011110010010111110000110000101100111000101100010001111101101000101101101101110010001101010000101,1101011101111111110011011011001110001000000101010111000100101111100000001011011100110011011000001001011110110110110000000001110101011101111010000011000001110100011110010010111110000100000101100111000101100010001111101101000101101101101110010001101010000101,True,True,True,True,2,0.025422096252441406,0.011541366577148438,0.013436555862426758,0.0004284381866455078
WhatsApp Image 2025-06-02 at 15.39.05 (1).jpeg,1000001110101100101000111111000001000011011000001101100011100111001011000001111101011001011110111110000100010100001000111110111010010110111010000011010001111011011010010001101110001111100101101011001001110100010001001110010101001101111100010011101000101010,1000001110101100101000111111000001000011011000001101100011100111001011000001111101011001011110111110000100010100001000111110111010010110111010000011010001111011011010010001101110001111100101101011001001110100010001001110010101001101111100010011101000101010,True,True,True,True,0,0.033417463302612305,0.017879486083984375,0.015107393264770508,0.0004150867462158203
WhatsApp Image 2025-06-02 at 15.44.49.jpeg,1001010101000110110111111110111001101100101111011001011010001101010010100100010110100101011001000101101010110011011010000101010110010111100000100110101000110001100001111101010001011001010110100010011010101001110110100001011001101001111100011101011000000110,1001010101000110110111111110111001101100101111011001011010001101010010100100010110100101011001000101101010110011011010000101010110010111100000100110101000110001100001111101010001011001010110100010011010101001110110100001011001101101111100011101001000000110,True,True,True,True,2,0.02478337287902832,0.011802434921264648,0.012636184692382812,0.00032830238342285156
WhatsApp Image 2025-06-02 at 15.39.42 (1).jpeg,1000010000010101001001000010110001010000001111111001101101101010000111111010101111010000110101100010001000011110000111011000011111011001011110010011010100111101101011111111010110011001011110100011100001110101111011110100010010000000100010000011000011011111,10000100000100010010000000101100010100000011011110011011010010100001111110101011110100001101011000100010000111100001110110010111000001110011001011110010011010100111100100011111111010010011001011110100011110001110101111011110100010010000000100010000011000011011111,False,False,False,True,64,0.029784679412841797,0.015698909759521484,0.013158082962036133,0.0009114742279052734
WhatsApp Image 2025-06-02 at 15.39.53 (1).jpeg,1101110000001100101111010010110111111111111100111100111000001100011100010001111001100100110010101000001100011101100101101111010000000011111110111101111111011000111110100111000011111100110010000000100011010111001010000001001000000000110101110010001000000011,1101110000001100101111010010110111111111111100111100111000001110011100010001111001100100110010101000001100011101100101101111010000000011111110111101111111011000111110100111000011111100110010000000100011010111001010000001001000000000110001110010001000000011,True,True,True,True,2,0.025965213775634766,0.012539863586425781,0.013080835342407227,0.0003292560577392578
WhatsApp Image 2025-06-02 at 15.44.19 (1).jpeg,1100010010001110111010101110000010111101111111101001011110010101110100000100111110110101110000011100000010011101100101000110001110010010011111110001011011110101000001001111111101101011100010001111010010100100011001101000000001000110000010010100010010101111,11000100100010100010101011100100101101011111111010010111100101011101100001001111101101011100000111000000100111011001010001100011000010110010010011111110001011011110101000001001111111101101011100010001111010010100100011001101000000001000110000010010100010010101111,False,False,True,True,75,0.025791406631469727,0.012119054794311523,0.012961387634277344,0.0006952285766601562
WhatsApp Image 2025-06-02 at 15.40.17 (1).jpeg,1100001100000100110101100000001001111001110000110100001111100001010000100011111001111100001111101001110000001101110001110100100100111000100110000001100000110110110000110110011111011001100010110000110010111000011101101111100110011001110011011111101110110111,1100001100000100110101100000001001111001110000110100001111100001010000100011111001111100001111101001110000001101110001110100100100111000100110000001100000110110110000110110011111011001100010110000110010111000011101101111100110011001110011011111101110110111,True,True,True,True,0,0.024846315383911133,0.011009454727172852,0.013158798217773438,0.0006625652313232422
WhatsApp Image 2025-06-02 at 15.41.10.jpeg,1111111111001000100111010110010001001000001011111010011011001101000111001101001100110011010101001101000000011111100101110110110101000011000110101100001011111111001000100010100111100101000010010110110011100110011000111100011011100100100000101111000100001011,1111111111001000100111010110010001001000001011111010011011001101000111001101001100110011010101001101000000011111100101110110110101000011000110101100001011111111001000100010100111100101000010010110110011100110011000111100011011100100100000101111000100001011,True,True,True,True,0,0.028998613357543945,0.015015363693237305,0.01316070556640625,0.0008075237274169922
WhatsApp Image 2025-06-02 at 15.44.22 (1).jpeg,1111100110111101100000011011001001111000011000100000011111011101100101001110010001000011100100100000001010001101011111011111100011001111000001111011100001110001010111011010001000001111001001100110011011001111100011111010110001100011000111001001100100000111,1111100110111101100000011011001001111000011000100000011111011101100101001110010001000011100100100000001000001101011111011111100011001111000001111011100001110001010111011010001000001111101001100110011011001111100011111010110001100011000111001001100100000111,True,True,True,True,2,0.026861906051635742,0.012950897216796875,0.013487577438354492,0.0004069805145263672
WhatsApp Image 2025-06-02 at 15.44.50.jpeg,1111101001101001111111110100010110000110000001011100000011011110110100011111100010000101000010101000010100101010101100001110111000011001101010110101100100111000111110001011000101111000101101010101010010100100110111001010000010111111101000010011111110001001,1111101001101001111111110100010110000110000001011100000011011010110100011111100010000101000010101000010100101010101100001110111000011001101010110101100100111000111110001011000100111000101101010101010010100100110111101010000010111111101000010011111110011001,True,True,True,True,4,0.025921106338500977,0.012664556503295898,0.0126800537109375,0.0005609989166259766
WhatsApp Image 2025-06-02 at 15.40.46.jpeg,1001111011110111111000000001110011100011100010001100001111110001100110111100011100011100110001111011100011110000010001100011100010011110000000110100001000001110011000011110111110010011110001110100011111110001101111001111000001000000000111001011111000000111,1001111011110111111000000001110111100011100010001100001111110001100110111100011100011100110001111011100011110000010001100011100010011110000000110100001000001110011000011110111110010011110001110100011111110001101111001111000001000000000011001011111000000111,True,True,True,True,2,0.023874282836914062,0.010170221328735352,0.013293743133544922,0.00039577484130859375
WhatsApp Image 2025-06-02 at 15.40.46 (1).jpeg,1100001010010010101001010110110110000000111100101101100001000011001011010110110110010011100101101101101001101101011111100001001000001011000111111100001011101010011011100001010100100111001010011100001011011110111001010110101100110111000101011001011010010010,0100001010010010101001010110110110000000111100101101100001000011001011010110110110010011100101101101101001101101011111100001001000001011000111111100001011101011011011100001010100100111001010011100000011011110111001010110101100110111000101011001011010010010,False,True,True,True,3,0.02542567253112793,0.011656999588012695,0.013137340545654297,0.0006160736083984375
WhatsApp Image 2025-06-02 at 15.39.13 (1).jpeg,1101111100011011000101101010010111000001101011101110000010001100010000000111000000111101000110111110111100000100001101110111111000101010110010011110010111100101110010010111110000000011111100111010010101010001010110111011101100011110100001010101000010100100,1101111100011011000111101010010111000001101011001110000010001100010000000111000000111101000110111110111100000100001101110111111000101010110010011110010111100101110010010111110000000011111100111010010101010001010110111011101100011110100001010101000010100100,True,True,True,True,2,0.02739882469177246,0.013662099838256836,0.013104438781738281,0.0006172657012939453
WhatsApp Image 2025-06-02 at 15.40.37.jpeg,1010101010101000110010010100101010011101010100011101011010010101100101001110100001110001100110110110100101100101100110010100110110010010101011010110110110010011100100101100010011011010110110111011110000010110111001101100001011110000100110101100001001100101,1010101010101000110010010100101010011101010100011101011010010101100101001110100001110001100110110110100101100101100110010100110110010010101011010110110110010011100100101100010011011010110110111011110000110110111001101100001011110000100110101100001001100001,True,True,True,True,2,0.026655912399291992,0.012854337692260742,0.013184785842895508,0.0006020069122314453
WhatsApp Image 2025-06-02 at 15.39.11 (1).jpeg,1101100000011110110011111000010101000110100100101100011100011001010011011000010111001110101110011100110011111011100011000111000100110110100110010001110011011011110011000110000000110010010111100011001011011100000100110000110011011010011000101101100010111110,1101100000011110110011111000010101000110100100101100011100011001010011011000010111001110101110011100110011111011100011000111000100110110100110010001110011011011110011000110000000110010010111100011001011011100000100110000110011011010011000101101100010111110,True,True,True,True,0,0.02326822280883789,0.009813547134399414,0.013106346130371094,0.00033402442932128906
WhatsApp Image 2025-06-02 at 15.44.24 (1).jpeg,1111011110001010110000100001110100011001011101011110000110011110111000001001111000110110011110010100101010100110100111010011011100000111111010110110011111011001000000001000010001001101011010101011100000001111100111110100000101101110100000100001011111010100,1111011110001010110000100001110100011001011101011110000110011110111000001001111000110110011110010100101010100110100111010011011100000111111010110110011111011001000000001000010001001101011010101011100000001111100111110100000101101110100000100001011111010100,True,True,True,True,0,0.027231693267822266,0.013173341751098633,0.013648509979248047,0.0003948211669921875
WhatsApp Image 2025-06-02 at 15.39.08.jpeg,1100000101010101111100010101000100110111001010100100110011001010110010000101010100111111101001100011110110101010110010000101101111010010001001110011011110110100100011011001101101011010001010010011011000110000100011111001111110001001010011110111000001101000,1100100101010101111100010101000100110111101010100100110011001010110010000101010100111111101001100011110110101010110010000101101111010010001001110011011110110100100011011001101001011010000010010011011000110100100011111001111010001001010011110111000001101000,True,True,True,True,6,0.025114059448242188,0.011512279510498047,0.013190269470214844,0.0003962516784667969
WhatsApp Image 2025-06-02 at 15.40.19.jpeg,1101110000110001101100011100001011101011011101100110011000011001110110011100110100010011101111001001100100000010001011001110011000111111111111110110011001111000000000000100000011100000000111001101001100011111000100001000001100000111111011100110111110101111,11011100001100011011000111000010111010110111011001100110000110010000010110110011100110100010011101111001001100100000010001011001110011000111111111111110110011001111000000000000100000011100000000111001101001100011111000100001000001100000111111011100110111110101111,False,True,True,True,90,0.025113821029663086,0.010752201080322266,0.013811588287353516,0.0005345344543457031
WhatsApp Image 2025-06-02 at 15.40.51 (1).jpeg,1101001100010000111001010110111011011010110001010001000101110011001010011000110010000101010000111101010010000101111010110001111000110101010110101001100011100100100011110010101100110011110111000100110100100111011110100101000110110001011110001010111110010110,110100110001000011100101011011101100111011000101000100010111001100101111100011001000010101000011110101001000010111101011000111101010010101111010100100001110010010001111101010110011001111011010010011010011011101111110010100011011,True,True,False,False,13,0.027713775634765625,0.013534307479858398,0.013133525848388672,0.0010313987731933594
