Image Name,Computed Full Hash,Extracted Full Hash,WM Present (Top Left),WM Present (Top Right),WM Present (Bottom Left),WM Present (Bottom Right),Total Hamming Distance,E2E_time,Fingerprinting_time,wm_time,ECC_time
WhatsApp Image 2025-06-02 at 15.30.01.jpeg,1100100010001010110010101011101100000001001101011101001000000110100101111110011001111101111100011001110011100101000001101110111001111101000110100001011111000011110100101000010000011001101100001110001101100000111001111100011000111111000011111110001000100110,1100101010001010110010101011101100000001001101111111101100000110000001110110010001111101111100011001110011100101100001100110011001110101000110100000011111000011110110101000010000011001101100001110001111100010111001011100011000011111000011111110001001100110,True,True,True,True,20,0.024949073791503906,0.011324167251586914,0.013244152069091797,0.0003638267517089844
WhatsApp Image 2025-06-02 at 15.31.34.jpeg,1101010001110011110101010101010011100001010101011000010101100101110011010101011010100110110101001001011110100101110010101001011100011010110111000001000110001100100010101010110100111011010010011111100100101010010111001010101010101010010101000101110100101010,110101100010100011010010100001101101010010110101110101100101110111000100111010000010011101000001110010100001110110010101101101000000100110100001101111000000100010110111010010100111010010010011001110000101001110101001110010101011,True,False,False,False,113,0.027826547622680664,0.013069868087768555,0.01357579231262207,0.0011653900146484375
WhatsApp Image 2025-06-02 at 15.32.45.jpeg,1101010111110000010111101000011111101110000001111000000001010111110101000110000011101110000000100011110101010111110111101101011110011100000001100011110101011010001011100001011100100010100000111111100101100000011011100001011101001110000101101101100101011000,011010001001000111101100000000111100101010100110101000101000000101001011000000000110000010001000011011110101001010000110001001000011010000010100000011010111000000001000001000110110001001010010001000111011001001010000000101100100000001001101101011000011101110011011000011,False,False,False,False,109,0.029477596282958984,0.014838457107543945,0.01364898681640625,0.0009739398956298828
WhatsApp Image 2025-06-02 at 15.29.30.jpeg,1110001000000000111111110100110000001111111111111100000011111111001111000001001111000111000000000111100111101111000011100010001111110011000010000001110011000111110001000110000000111110001110001000010111001111111110000111000000001111001110111111000000110001,0100101001000101101001010110010001011010101100110110100001010101011000110110101100011100111110001111001111111000110110111110010001010010010011010101001110110100001011001101101111100011101001000000110110000110011011100110011000000000110000010101100111010100,True,True,True,False,131,0.02343130111694336,0.010102033615112305,0.012571096420288086,0.0007429122924804688
WhatsApp Image 2025-06-02 at 15.33.22 (1).jpeg,1000000001111111111111001110011110111101000000000001011111100000011000101111010111000001000111111011110100011000101100100110100011000110111001000011010010010110011010011111001100001101011000011001000100101111001100101110000001001110100111011100100111011010,1100010001111011111111000101110111111101100100000001011111100000011000101111010101000001000111111011110100001010101100100110100111000110111001000001010010011110011010011101001100001111010000001101000100111111001100101110000001111010011101111100111111010011,False,True,True,False,35,0.02402520179748535,0.00966191291809082,0.013517379760742188,0.0008304119110107422
WhatsApp Image 2025-06-02 at 15.30.36.jpeg,1100100101100110010101110101011000101100010010000001001010110110101010110010111111100110111011011101010010101101001111101000000010100010011010011110111100001111000101011101010010101001110001110001011000011000101000010111100101001110110011100011110110000100,111000111100100101110000000010111101111011110010001011010010000111110100000110110110001110101010011100001100101011101011010100001000011000100110001100000110101010011100000111100000110001011011100000101110110001000000010101111010001010010000111100110,False,False,False,False,136,0.020954132080078125,0.007617950439453125,0.012135505676269531,0.0011844635009765625
WhatsApp Image 2025-06-02 at 15.31.26.jpeg,1001000010100101110101100000100011100100001010011111100100100011011110010100101010001110110010101001111100010110011001110000110010001001101010011011000111100010011001101111101010101100011110001011001100110100010101101100110000101000110101111110011100110111,100100011010010011010010101000001110010001101011111110011010001001111011010010001000111001001010100001011001011001000101000000001000110111001001100110011110101001100110011100101010110001111010101110010011110001110110010111000101,True,False,True,False,39,0.025557518005371094,0.011545181274414062,0.013064146041870117,0.0009334087371826172
WhatsApp Image 2025-06-02 at 15.30.38 (1).jpeg,1001101001010010111101001011011011000011010010101110010100101101110010100010110110111100011101111010110011110101101001001000010100011011110010010011000101011001001001010010101001000110000100100110010110110000010000110111111011011010010101011101000001101111,1001100001101010111101001010010011000111010010101111011100010101110000111101101110111101111001011000010011110000101001110000100000011111010010110011001001010001001001010110110001010110010100100110110110010010010000110011111011001011111101001100100101101111,True,False,False,True,57,0.02698349952697754,0.012826919555664062,0.013248682022094727,0.0008902549743652344
WhatsApp Image 2025-06-02 at 15.31.32.jpeg,1011101111110010100100111010111111100100100110000100110001100000011011000000001110010011001101111011011100011001110100011001110001001110110111000001100011101100100100011100011101010000110000101111110000000011111011100110011101101110000000111000011100011101,101110111110011010011011101101101110010010011000010001100100100101001110000000111001101100111111101001011011000010010001110111000100111011011000000110100110110010000001110001110101100111000110110100101100111010111000100111110110001001111011100000010,True,False,True,False,56,0.02696537971496582,0.012539148330688477,0.013602256774902344,0.0008077621459960938
WhatsApp Image 2025-06-02 at 15.32.46.jpeg,1110101110001111001001110001011110010101111110000011000010101000100111001110011110011001100101001100011100010000100000111001011111000110010111001101111000011010000111100001110011011110010111101000101101010000100110001100001111010011001110000011100111100001,101000011100100000001111010001111011001100101101011000110110000101010101100001111100001111001101101010011110010111011111110111011001100011111101110111000111011101101001000111110011010100011101010111011101011100101101110100010111011001110011100010001110000111100011000010,False,False,False,False,118,0.029240846633911133,0.012963294982910156,0.015204191207885742,0.0010559558868408203
WhatsApp Image 2025-06-02 at 15.29.37 (1).jpeg,1110010111000110101101100101100010110010010110001001111100100011100110110110100111111000110011001101110001100110110011011100011011111000100011101111000110011000111100011001100011000001101110111110011000111001110000001001100010000000001110010000011000011101,1110010101000111101101100001111100110000010010001000111100100011101111110011000111111000110011011101110001111110110011011000011011111000100001111110011100001100111000011101000011010001100100111110101001100001111001001001010010010000001110100101011100101001,False,False,False,False,51,0.02315354347229004,0.008774042129516602,0.013221025466918945,0.001142740249633789
WhatsApp Image 2025-06-02 at 15.32.49 (1).jpeg,1000011001100101100110011110011001110011111001110110011001001010011111000001110001101110011000000110101101101100011010110110110101101000010111100010110010110010001101111001011010100010011100011011000001010011111100000100101101010010111011000000101100101100,1001100110010010001001100110100101110010011001101110010011000110000110011001100111011001100110010110011001100100011001100110011001100110011001101001100110011001100110011001100111100100111001000011001001100110011101000101101111011001110110011001100110011101,True,True,True,True,116,0.022951602935791016,0.009140491485595703,0.013167381286621094,0.0006284713745117188
WhatsApp Image 2025-06-02 at 15.32.43.jpeg,1111101101110000100011100111101010100110000010011010000110111111100011011100010010101100001100011111100100000011011100001110111101111010011101001000100000010011101011111000100011111110000011001101011000111000010001001010010101011001101000101111100110010010,0101101100001000101011001000000001001111000110101000001011010001001010110110101100100110001100110001101100000100110110100110001100101001100100110101101100010011100111010011001101011000011110000,False,False,False,False,91,0.02793145179748535,0.013204336166381836,0.013129472732543945,0.0015835762023925781
WhatsApp Image 2025-06-02 at 15.31.31 (1).jpeg,1011111001111111101111110111101100011101101110110001000111111111000010011111111010111100010000111100110000010011100010010111001110010011101010110000001010100011110000001011001111000000000100111100110000000001111011100010000000111100001000001111110000100000,101100010011110100111000010100111111100111101100100001010101000110011111010010100011001000110100111010100110001011111110111011010010101100010101010001111111101010111100001010111010110011110111101111010101111110110110100010011000100010011000110001001000100110100010100000,False,True,False,False,129,0.03103160858154297,0.015434980392456055,0.014577627182006836,0.001003265380859375
WhatsApp Image 2025-06-02 at 15.29.33 (1).jpeg,1101011101001111011001001110010011100011111100010010011000101111110100101101000001001111101001111100100001101110001111011100110111110010000011000001001011111110001101001110010110000011001000000110001110010110110011001000000011111010010101100011000010101100,1101011101001111001000001110110011100011111100000011011000001101100000001111101001101111101001111101100000001110001111011100110111110001000011010011001111111110001101001110010111000001101001111111101110000100110010001000001101011000010111100111001010101000,True,True,False,True,43,0.026709794998168945,0.012929201126098633,0.013120174407958984,0.0006449222564697266
WhatsApp Image 2025-06-02 at 15.33.27.jpeg,1110010000000110000111111111001100011001011110011110011110000011111001100110011000111000110011000000011110011001000110011111101111001110000111011111111000100100110110000100110011000011100110010001100001110001001100111001111011000011110010100011011000001000,1101110000100010000010011111000100010110100110011111011000111110100001111111100011000100111000111001100000001111001101100011000001110001110111001110110011100010010010111000001100111100111001001110001111010011000111000010011011001001100,False,True,False,True,125,0.025799274444580078,0.011662483215332031,0.013164043426513672,0.000957489013671875
WhatsApp Image 2025-06-02 at 15.33.21 (1).jpeg,1011010000110101111101100110010011101011110101001110001110011001100001111110011000011010001001111001100100101000101101110000100000111110001100011001010001110010111101000101111110000001001111110101000111100000110010001110000010011111010001100101111001000110,000011000000000010010010111101001110100111110110010011000010010110001001011100000110010111101001100110001010001111000100011111100001001010111110000100000111001000010111000100011100010000,False,False,False,False,83,0.030668020248413086,0.014678478240966797,0.014343500137329102,0.0016322135925292969
WhatsApp Image 2025-06-02 at 15.30.01 (1).jpeg,1110110110111011001001110111000110010010011100010000101011011000110001010110110001101011001101010011111110000111101101001100010110011101101110010100111100111000110010100111100010010100101100100011000100110110000110000000101101101010110010010010010001101101,0011000101010100100011101100001001110100101111010001101001110000010011010100011101101000001001001010011100000000110000010011000000010001110001001100110010010001010110100010110010010100000100011000000111010011101010010011101110010100011011101111111000011001,False,False,False,False,122,0.02631378173828125,0.012089014053344727,0.013116121292114258,0.001092672348022461
WhatsApp Image 2025-06-02 at 15.29.35.jpeg,1001000100100101110010001100110010011001001110111110001110100110010011011101001001001010010010000100110011001101010001010010011001110010110111011011000110010110100111110101001010011111100000011000101100110110010011011101110011001100110010110100111001110101,001111010011110011001010111011011001011011011000001001001011110010010100110001001101010001010110111000110000000100101001100101001101000010111010110011001110100011111001100110110110110011011100110001001100100110110101110011100101,False,True,False,True,123,0.025960683822631836,0.011827468872070312,0.013095617294311523,0.0010228157043457031
WhatsApp Image 2025-06-02 at 15.32.50.jpeg,1101010111111011000101101110010111000001101011100110010010001110010000100101000000111101000110101110100100000100001000010111111100101011110010111110011111100001110010110101110000000111111100111010010101010001010100011011101100111110100001010101000010100100,10011111000100110001110000100101110000011010110011010000100111100000001010000000111000000111101000110111110111100000100001101110111111000101010110010011110010111100101110010010111110000000011111100111010010101010001010110111011101100011110100001010101000010100100,False,True,True,True,107,0.027247190475463867,0.013504981994628906,0.013061761856079102,0.0006644725799560547
WhatsApp Image 2025-06-02 at 15.31.56.jpeg,1011010000001111001001010000000110001100011101100011101000001111100110100101100100010110111101011100100111111101000100011100001101111110011111011001100101011100011100010111000011001010000011010000000000101010010101111000111110101011010111001011110000110111,101100000000111100100101000000011010110010110101001110100000111110010010010110010001011011110101111011011111110110010001100000110111111001111101101111010100110001101001011010100010000101111000110010001101000111011001111010010011,True,True,False,False,50,0.026456356048583984,0.012258529663085938,0.01312565803527832,0.0010571479797363281
WhatsApp Image 2025-06-02 at 15.32.53 (1).jpeg,1000000110010001110011001100110000101001001110110111001001000010010011111011110010010000110101111100011101011000011111101010001101110111010010001100010011110011001010001000110111010001001101011100111101001011001101101010111001000010110110111000110001010011,10000001001100011100111011011001001010010010011001110010110110110000000010011110010011010010000110101111101001100110001011111101110011110110001000110001100010001100011001110001000110111010001001101011100111101001011001101101010110001000010011100111000110011010011,False,True,True,True,122,0.023853302001953125,0.010103225708007812,0.013097047805786133,0.0006368160247802734
WhatsApp Image 2025-06-02 at 15.29.38 (1).jpeg,1000100100000001001010111011110110100001111111001000110101010001101010100001001101000111111010101010010101000010110101000100011011100100001011001111000010111100111000001110110001101010111011010011110111101101101011010100000111100111010100110000101101010011,1000100101001001001010111011110110010011101101100000110101010001101011100000000101010111111010101010010111010010110111010100011011100100001011001110000010011100111100001010110000111010111011000010111000100001101010110110011111100110000100110111101001010011,True,True,True,False,42,0.027123451232910156,0.013371706008911133,0.013130664825439453,0.0006058216094970703
WhatsApp Image 2025-06-02 at 15.32.47 (1).jpeg,1000000000010101110000011110011001100100000001010011111111001011110111011011110010100110111111010100000001010110101110010000101010011110100000000100111101111001011101111011101101100000110111110100110000000110001001110000101101110001011001001111100101101100,10000000000100111100000111100110011101000001010100111011110101010011010100011010001000101101011000000000101001111010100101010100010111101000010001101111011100001101001110111010100000001101111100001010001110100000110101101111000001111010001010001001111110001101100,True,False,False,True,76,0.02294182777404785,0.009699344635009766,0.012553930282592773,0.0006725788116455078
WhatsApp Image 2025-06-02 at 15.30.02.jpeg,1100001101100011100011010111101101101100101010000001000000101001010010111011101100011110101101010001001001111101010011110011011010111001101100001110010001011001111010110100001000111010001011000001000011011111000100111010000001010101011001011011100111011101,1111101110110001110010000001000000111101010101001000000101010111000011001101000011100001001011111101100100100100110000110010101011000100110010110100000010001010001010000101010100000111110110101,False,False,False,False,109,0.024789094924926758,0.009818553924560547,0.013350725173950195,0.001605987548828125
WhatsApp Image 2025-06-02 at 15.30.12 (1).jpeg,1010011000001100110110010111001100101100101100111011001101001100010110110011001000101101101100110001011001001100111000111000110010111100011100111001111011011000011001010000011001100010101100111011110001000100010001100010111110100011110100000101110000111111,100111110001010010111000010001000000001011000101001101010100110100101011101000001100101110000101110110010000000000111101101000111000010101001110101010000111011001100010001000011000100100100000100011010110000001000000101000010000,False,False,False,False,110,0.02581787109375,0.009758472442626953,0.014694929122924805,0.0013494491577148438
WhatsApp Image 2025-06-02 at 15.32.02.jpeg,1101000111110010100011110000011000111110101101001110110110000011110101100101101001111011111000000010111010011111100001000010001010000101111010000100100011001100010000101011101111111011011000100110010000010110111111101101100100000001101001010001100011011101,000000000110000001000010111000100110011011111010000110011101100101100011001001101100000111110010111000111101011000001101000101011001011100010001011101010011110010100001101110000111100001110000000111111101100001001111001110010101,False,False,False,False,114,0.02271270751953125,0.00881648063659668,0.012537002563476562,0.0013434886932373047
WhatsApp Image 2025-06-02 at 15.30.48 (1).jpeg,1111011100100011000111011000100000100101010011001110011001100011010111011001100110110011001100010001101010011100110000101100011101001010100110010101101011010101010010101001000101011010110101111110001001110011010010101101110011011001110110010000101100011010,1111001101110011000110011001100000100110110011001110011001100011010111011001100110110011001100110001100100011001111101110110111000100110001110001101100111000111101110110011100101010011011001101010011001100011010011001000110010011001110110010000101100111000,True,False,True,True,58,0.024065732955932617,0.009698152542114258,0.013825178146362305,0.0005261898040771484
WhatsApp Image 2025-06-02 at 15.31.29.jpeg,1011101010100111111111010101000101000111011110000000101011101001011001001010111101110011001100001001000101100110100001001011101011000111101101010010111001000101110011100100110100110011001101111001000110011011110010100110010101101100111001000001000100110000,1010101101000010011110110100110000000111110100000111100000000000010010111010000000111000101001011110000100011110100011000100010001001110111000100110000111101111010010101111110011100000111001010011101010000000100001000010100101101100100,False,False,False,False,109,0.024944543838500977,0.010521888732910156,0.013104677200317383,0.0013022422790527344
WhatsApp Image 2025-06-02 at 15.31.33.jpeg,1101001111100010000010000001010111001010010110100111010110100111100011100000010011010101011110100101011111100010100000101001000110001101010001001011010110100010110111000000010100101011010100100010110101011011001011011111101000111111111111111101010100010100,01111011110111100010110010011111000001110010100001000100110100001110101111101101110001110101000000000100011000010111000001011110100011001110000010110101100101100001010001110111011011010011101111110101001101000110000001111110001100111010101000011001110111110010001,False,False,False,False,114,0.028879404067993164,0.014342069625854492,0.013446331024169922,0.0010745525360107422
WhatsApp Image 2025-06-02 at 15.30.08.jpeg,1101000001010101110011111101010110000101000001101011011010101010100100000111100000101110111001110110001100010001001110000101110000001111111001101110001111000001000111000011110011100111111001000010111100000111110000000011111000111100111000111110111100100100,11010000010101011100111100010111100001110000011010110100101010000001010001111011011001101110011100001111000101111011100001011000011000110000100011110100110000110110100001011001010000010001110010010010110001100001110100110011001001100111100011110010110011111100100,True,True,False,True,88,0.02279067039489746,0.00900578498840332,0.013115882873535156,0.0006532669067382812
WhatsApp Image 2025-06-02 at 15.29.33.jpeg,1000110101011001101000101011011001011011010011100111110011010101001101110010101010101100110101011000100110011010110100100110011101100101110110001011100100110001100111101100111000011101001100000110001001000100011000011010101110010100100111000001110100110110,10001101010110011010001010110100010110110000111001111100110101110011011100111010101011001101010110001001100110101101001001100111000000101110101010110011010101100110011001101100110111101010011011100100110001001000110011000111010101110010100100111000001110100100110,True,False,False,True,63,0.026957988739013672,0.012694358825683594,0.013570547103881836,0.0006771087646484375
WhatsApp Image 2025-06-02 at 15.31.28.jpeg,1011000010101001100001011111111101001111010100101000001101101110000011101110010001011011010100010111100010100010001101000010001010001001011101010110000011001001100000011111111100110100010111101000001001111111011101011011001110000110010110010110110110100101,100011011001101100001010000101000100010101111111101101111101001010000110010000110001110000010010110100010010000111111010111000011100010101101010011100111010101100111,False,False,False,False,81,0.024429798126220703,0.009807586669921875,0.012801408767700195,0.0018079280853271484
WhatsApp Image 2025-06-02 at 15.31.23 (1).jpeg,1111011001100110111001100110011000101101101000111001100110011001010110001001110001001100110010011100110011001001001101011001010010110101111001000100101101001001100110010000110000110110101101100010011011100110110111011000010000011011001110010101110101011001,1110011001100110111001100110011000001101101000111101100110111001010110011001110001001100110010011100110011011001001111011001010010110100111001000100101101001001100110000000110000110110101101100010011011100110110111011000010000011011001110010101110001011001,False,True,True,True,10,0.024307727813720703,0.010624170303344727,0.013158798217773438,0.0005095005035400391
WhatsApp Image 2025-06-02 at 15.31.57 (1).jpeg,1000001110010010111000111101000101100111110101100000011111010000011001111110010001000111101100000111011111000100010110101101010001110010110001000100101011110011010110100001010001011111101101100101101100001110010010011101010101010111000001110101100010110001,0011101101000010110010011011110011100110001101110100101011011100101001000000110000001000010110100011110001111001001110111111011011011001110100100110001001010101100010001001110000110001110001100001100111010101100110001111101101101100000,False,False,False,False,109,0.025447607040405273,0.01026153564453125,0.013868331909179688,0.0013017654418945312
WhatsApp Image 2025-06-02 at 15.30.38.jpeg,1111100000101010110000111110101100000101110000110001010000000001111111000011110000111100011111000001100011110000001111111011110101111111100000011100001110100000110000101000011111100000000001010101001111000101000111101000011111011110001111101110000001111111,1111100100110000101100110001000000000111110100110101001110100000111110100000111000101001101100011111110001110001111011011000010011110011001010101010110101101111110111110110110111101000011010111100000111010010001010101111100101001001001111101100101100100100,False,False,False,False,114,0.02133345603942871,0.007747173309326172,0.012463569641113281,0.0011067390441894531
WhatsApp Image 2025-06-02 at 15.33.23.jpeg,1001010010101010110101001010101101101010010101000100101001011110111101001010100110101101000100100011001001111001110101011010101010101001011011010111101010010100100011010101011100110001001010011000111010010110000010010110101111010110101010011100100101100110,000110011010011111101010100110100100011011100001110101101011110010001001001110000101000100011000110100010110011011010111100001011011000011010000111011111111110011101001100000101100100100011101011000001011111001101001110010010101,False,False,False,False,110,0.028968095779418945,0.012159109115600586,0.015456438064575195,0.0013370513916015625
WhatsApp Image 2025-06-02 at 15.32.04 (1).jpeg,1111111000101100100111000000001111101001111101110100000110011100011000101000110111010011111011100011110100000010011101011100011000001111000001011110011010000001011110001111100010001111001000100000110001110000011000101101100011110100001011110100110111110110,00101000100000101100010000100010001000100111011100011000110001100011101000111010010111010111001100000010001001001011111111011110001001001011001101111111100110100001010011000000110001100101010111010111010100011011000000010110001011000101000110101000010101001011110,False,False,False,False,130,0.027083158493041992,0.012635946273803711,0.013348579406738281,0.0010824203491210938
WhatsApp Image 2025-06-02 at 15.31.25 (1).jpeg,1110110100110001100010110101101010010110110011001011010000101101000111001101001011100000001001110111011000110001110000111011010011110011001011101001010110001101110010100111000010110101100100000011000011100110101011100001111101101001110001110000101011001110,100010000000010010110101010000110111101000100100000011111000111001101001011101000100001110001010000110000110011111000010010111011011011101001010110001101010010100111001110110100100100000011000011101110110011100001111101101000110001110000101111000100,False,False,True,True,121,0.024967432022094727,0.011132955551147461,0.013049602508544922,0.0007691383361816406
WhatsApp Image 2025-06-02 at 15.29.38.jpeg,1101010101010001100111110001111001100100111001001101001100010011011010010111100110010110110001000110000011100011000111100001111111010101111000000001101000011111011100010010100110000111110001000011110001001110111001011011000110010011000100110110110001101101,1101010100010001100111100101111001100100111001001101001100010011011010010110100110010110110001000111000100110011000111100101110111010100111000000001101100011111011100011010100110000110110011000011100000001110111001011011010110010110010100110110100101111100,True,True,True,True,26,0.02267622947692871,0.00948643684387207,0.012597084045410156,0.0005774497985839844
WhatsApp Image 2025-06-02 at 15.31.35.jpeg,1000010011101100110011111011001100001010101110100011000010101110111011011011110101010110100110001001010101000010100110110100011101110100000011101010110101010101111001111101011110111001001001110001101001001000000110000111011110010000011000100001111010000110,1000110001111101000101110101001010100001111110011011101110101000101111011010101010111000000100101100101010011101100000001000111100111101011001011000100111011010011101000011100010010110011000010,False,False,False,True,95,0.029363155364990234,0.013776540756225586,0.01408243179321289,0.0014905929565429688
WhatsApp Image 2025-06-02 at 15.32.39 (1).jpeg,1001111100000011011100011011100000101111010001010110010010100111111100011001100110101100110001101001000110010111111110011110100010001100011110011100001001101001100001000110110110011110010001100100100011010111011110010011110001101001100110000010010100110101,00100111010100010100101100011010010001111011100001101111001111000010110101010010000110101100001111101111011100111000101100011100001100110010000010101100100111011011010100011000010000000010010011010101000001101101100000100111001000000001101110111010111010000010110,False,False,False,False,140,0.02920246124267578,0.014484643936157227,0.013622045516967773,0.0010793209075927734
WhatsApp Image 2025-06-02 at 15.32.40.jpeg,1010001000110011100000001110111110001011000011011100010000110011010001001001101001100011000011000111001111100111011110001111111000110000001111001111011000110001100110011100000111011001000011111111111000011011111011111010001101110110010010000011000100000110,0001101000000010110011011100001010101000010100111010100001010000111010000011000001110000000101101100011011010111000000100000101000100001010110000011110101101011001001110010001100111010011011010100001011010101010111110011010101110100001111111001101010100001,False,False,False,False,128,0.024884462356567383,0.011006832122802734,0.012745141983032227,0.001116037368774414
WhatsApp Image 2025-06-02 at 15.30.47.jpeg,1011010101011000101001010101100001101101010000110010100110001111100101101010110101110110101010001100100010111011010011101010011001011010100001010100001010010111100110101100010001110100100110000100100100111111011010110110010010010110011011011111010010101001,0110110011000000010001001001001000010001010000101100000000001110100010000100001111000101101100001010101100001010101000100001000101111100000011001100010001000000100000000101100000001110100010001011010010000111000000010101100001000000010,False,False,False,False,118,0.0266878604888916,0.01105046272277832,0.014347553253173828,0.0012743473052978516
WhatsApp Image 2025-06-02 at 15.33.29.jpeg,1010110101011011100010011101000010000100101111011110110000101001110000011000110011010110111111111100000010000100000100101001111011000010011110011001011011100000100101001110100000000100111001001101011111100011011100111110011010000101111001101111001111001010,1111111110101011010100111000000010000100010110001110110000101101000010011100110000001110100010111100010101010101000000110110110011000110011110011011001011100000100011101110100000000100111000101110001111000011011100111110011011000101111001101111000111001010,True,False,True,True,59,0.02630138397216797,0.012427806854248047,0.013138294219970703,0.0007185935974121094
WhatsApp Image 2025-06-02 at 15.30.42 (1).jpeg,1001011001111110011110111110000010001000110011110101000011011100100111000110100001110000110011011001100010100001000010101101111111011111010000001000100011001111011101000001010110001000111111110111001010000000100111001011011011100010100010100001101110111110,1001011001111110011110111110000010001000110011110101000011011100100111000110100001110000110011111001100010100001000010101101111111011001100000001010101011001111010111000000000110001000111111110110001000000000100110011011111011100010100010101001101110111111,True,True,True,True,18,0.028523921966552734,0.014962911605834961,0.013102293014526367,0.00044274330139160156
WhatsApp Image 2025-06-02 at 15.32.49.jpeg,1101001000001010110011001001001011100010011101111010011001110101111010111110011100101101100010111010110011011110001100000011010000000110000111011010000010000110000101010010101110000001011001010111010110101000111011010100001010110110100110101011111001111110,1101101000001010110110001001001011101010011101111011011001110101111010111010011100101101110010011011110110110110000101000011010000000100000111010000001000000110010111011010111110110101111001010111010110100010111011010000100010110110100110101001111001111010,True,True,False,True,35,0.027683496475219727,0.013835906982421875,0.013196468353271484,0.0006346702575683594
WhatsApp Image 2025-06-02 at 15.32.46 (1).jpeg,1100011001110011110111000000101101001000001011001000011111110100011001111110100000000111111100000011111000000011001100100011011101110001001101110011001111010011011100110000000100110011111100110111001101000010001100001010111101100011011110001101011010010101,0100001100111001111101000000101101001000001011011000001001010000011100111111000000001111111100000011110000000011000110000111011101111000011011100001101111100100111100001100010011001001111001101110111101000110100101001010111111101011011111001101011010000101,False,True,False,True,65,0.027196645736694336,0.013306617736816406,0.013038158416748047,0.0008358955383300781
WhatsApp Image 2025-06-02 at 15.30.46.jpeg,1101000100010000111001010110111011011110110001010001000101110011001011111000110010010111010000111101010010000101111010110001111000110001010110100001000011100100100011110010101110110011110111001100110100100111101110100001000110110001011110001010001110010110,000111111010010011001111010010101100011001000101011100010100000100100011000101010100111101011100011001110000100101101010000010101011100100001000011100100100011110010101100010011110111100100110100100111001110100101000110110001011110001010011111010110,False,False,False,False,104,0.028060436248779297,0.01367497444152832,0.013184070587158203,0.0011851787567138672
WhatsApp Image 2025-06-02 at 15.32.08 (1).jpeg,1000001100011111010111100101110111111000100001000010000100100101110111101111000101101001100100000101101001100111010111011000111110101001100010000011001001000011110011011001010010100100111010000001001011000110110011011001011100100110111010011101110110101110,0000001111010110111001110001110110000110000011110111000011001000100010000101110110111101110000110000101101010110011100000100111000001011111101010010001000001100000101001101010111000101001000010110011011100010001100011011001110011000001,False,False,False,False,110,0.020261764526367188,0.0069925785064697266,0.01194143295288086,0.0013127326965332031
WhatsApp Image 2025-06-02 at 15.29.32.jpeg,1010111001000110101100100110111010011111011001110101111101111101010110010011001011101000001101101011011100010001110100001101101101001000100000010010100100100000101000010011101100000111000100110101000001100110111110111100111110001100110111011111000110000000,1010111001001110001100100010110010111111011001110001111101111101000100010011001111101000001101101111011100010011110000001101101101001000100000010010110100100000001000110010101110100111000101110101000001100110111110111100111111001100110111011111000010000000,False,False,True,True,21,0.02685689926147461,0.012308835983276367,0.013745546340942383,0.0007870197296142578
WhatsApp Image 2025-06-02 at 15.30.44.jpeg,1100001011011010110110100101101011101001111000010110000111100001011100011110000111000110011000100010001101100001011100011001000110011100110111000110000100100001001111100111010111000110000011100001111100011111110111000011110000100011000111110011111001100110,1100001011011010110110100101101011100001111000010110000111100001011100011110000111001111110000101010100111100001011000001011000110011110010111000110000100100001001111100011000111001100000011100011111100011111110111000011110000100011000101110011110011100110,True,True,True,True,22,0.021056175231933594,0.008245468139648438,0.012479305267333984,0.0003154277801513672
WhatsApp Image 2025-06-02 at 15.30.43 (1).jpeg,1001000110000001110001101101010100000010110101100001000110100011011001100011001111111110000001001110100111001000000011000100100110110010001001101111001010110111101001011011000100111000101011010111100001011100101011100011011101101111101010110110101111001110,1001010110000001110001101101010100000000110101100001000110100011011001100011001111111110000001001110100111001000010011000100100110010010001101101111001010100111101101011011100100101100101011010111100001011101101010100001011101101111101010010110101111001110,True,True,True,True,14,0.024437427520751953,0.01064753532409668,0.013141393661499023,0.0006327629089355469
WhatsApp Image 2025-06-02 at 15.31.54 (1).jpeg,1100100110100110110010011001111000011000000111010110011001110011100111111001110001001101000011001000100010001101111000100010011111111000100000111101110011001100001100110011000100111110110000101100110001101100100100110111001111001100100111000001110001101111,1100100110000110110010011011011000010010001110110110110011011001001101111101110011001101001001100010001001001101110010000001111111111100001000110011101100001001100011011110000101111111110001100001011101101100100010001111001100100010001001101001110000101111,True,True,False,True,83,0.02790379524230957,0.013629436492919922,0.013582229614257812,0.0006766319274902344
WhatsApp Image 2025-06-02 at 15.32.42 (1).jpeg,1101101110100000110101011110100010010000010101111011100000011111011110101010101101100011101000000000100110111000001111010101010010111101010000011110001101010000111010101011001111011000100010110111100110101100000100100001110001001110010111110010010111110001,100101111001011000001100100010100001110111110010111100000010010001000001110010110010001100100000111101010010000010000001100011100001001000010110101110111001001010110010011101100000001100000000000001001010010101001011000000010010,False,False,False,False,110,0.028739213943481445,0.012937068939208984,0.014522075653076172,0.0012650489807128906
WhatsApp Image 2025-06-02 at 15.30.40.jpeg,1101010100101000100001111101001100101011110001001101100010101010000001110010001111101001010101001001100101011011110011101010100001101000101010000111011101110111110001000101100000011001101001110111001010100101110010001101101001101101011010110010011001110101,01000010010100001101101101011010110110010100001111101100011001010100100011100000111100000010100000011010000000001110101110010110111101011011111111000001001010110100111100011000001101101011000111011101,False,False,False,False,104,0.025841474533081055,0.01071929931640625,0.01356053352355957,0.0015478134155273438
WhatsApp Image 2025-06-02 at 15.31.35 (1).jpeg,1001000011001100110011011001100101011010110100011101000101100010101011101011101101110010010110010100100110100100001101101101101111101000001001010110001110110010001111010000101110011000101101000100001111011010100111010010101100101000111101001101011101010010,1001110011001000010010011101100101011110110100011101100101001010001001111010101001110010010110010100100110100101100111111001001001111101101111001010000101010010110111011000101100011111111000110110001111010011101111010010110110001000111101010101000111001010,True,True,False,False,65,0.02666330337524414,0.012778282165527344,0.013097763061523438,0.0007715225219726562
WhatsApp Image 2025-06-02 at 15.29.39.jpeg,1001010111011001100110011000000010101010101111101010100111000111101010110110111000000110000011100110011010111110011000001010011001101111000011100100100001011000010110101111100101010000101101111101010100111001100100000100001010110011010101111001001101110101,1001110111011000100100011000000110101010011111101010100111000110101010011110110000110010001011100110011010111110010011001010010001001100011110000010101000001010011011011011001011010011011101000110011010100110111010100010011111011110101,True,True,False,False,76,0.024875640869140625,0.010852336883544922,0.013016462326049805,0.0009920597076416016
WhatsApp Image 2025-06-02 at 15.30.04.jpeg,1001001101001001011101000100100100101100000100101100100110110110101000111111011000110110010010010110110110110010101100010100100010101011001001111001011111001001011101001110010110111001001100101001101111001101011001101101001011010001001001111000100110011100,1001001001001001011101001100100100101100100111101100110110110110110000101111011000110111000011010110110110110010110001100110100010101011101001101001111011001011011101000111010010101001111000101001101111001001011001101101001011011101001001101000100110010100,True,True,False,True,36,0.02344989776611328,0.010146379470825195,0.012771129608154297,0.0005168914794921875
WhatsApp Image 2025-06-02 at 15.29.29 (1).jpeg,1110100100000000100101000101101110010001111110100101111001010110100100001001011000001000010101010100010101000101001111100011011111111001100011100101010101101000010011111110011010111110010011110011111101101001000011001110011010001000100111101101010111100000,1110100100010000100101000101111010010001111110100101111001010010100100001101011000001000010101010100010101000101001111100111011111111001000001110100011101101000010011111110011011110110010001110011110111101000000011001110001010001100100111111101110111000000,True,True,False,False,22,0.027287006378173828,0.013145923614501953,0.013350486755371094,0.0007753372192382812
WhatsApp Image 2025-06-02 at 15.32.08.jpeg,1001001101000011111010100100001101101110001000100101100110111100011011001101110010110110011100000101100110110010110010011110001111000110011101111001101000110111010001001001110101010110100010001010101111000011100001011010010000011110111000100110001101011010,1001001101010011111010100100001001101110001001100001100110111000011011001100110010110110011100001100100100110011010010011110001111000010111001111001101010100111010001000001110101001110100110011010001111000011101101011010010100011010100011100110001101010010,True,True,True,False,31,0.02405381202697754,0.010185480117797852,0.013105154037475586,0.0007476806640625
WhatsApp Image 2025-06-02 at 15.30.13.jpeg,1011111100101010111100001100011100000000100001000011111100101111111010001110010100001110001110001111101011100001110001111010100000001110011111011101001011010000000011001101100101111001010001001001001010001110101101011111001110110000010101100100011010110110,0101011110110000000110111100100011101010101100111100101011010001000000011100100000100000000000010110100000000010100110100011010110000011010101000101010000001101001011000010010011000100100110010000111100101111111011,False,False,False,False,123,0.022469043731689453,0.008089542388916016,0.012978315353393555,0.0013866424560546875
WhatsApp Image 2025-06-02 at 15.33.24 (1).jpeg,1101000000001110100100000001110000111110110011111110111000111110100011000011100000110111101000010110001100000110100100001100000111111100111110000110000111111001000010111111000110010111000001111111111100011110011000000011110000000011111100011011110011100001,00100000100110110100101100111010110010000000000100101011111111001111101101011100111010010101100111100100111010101111101101000011100000000001111011100101110001110100010100011001001111100101101100011100001100101001110111101100001001011000010111011111100011100110111,False,False,False,False,139,0.025966167449951172,0.010955572128295898,0.013938426971435547,0.0010561943054199219
WhatsApp Image 2025-06-02 at 15.31.59 (1).jpeg,1001111101011100111001011011100010010000101000010110101100010110111100011110011011011011110110000010011100000101000011001010011101011001010010101111000101010011100010101001100100111110001011100011001100110001110001100101001011100101110010000011110011001101,0001010010010001000110000001001010000100001001100100111101010001011101000011000110000001000011000010111100111111111001101111001100100100001001001011000101101100101101111100000110110001110110101011010001000101001011111100111000000001001,False,False,False,False,122,0.024173259735107422,0.010367870330810547,0.012536287307739258,0.0012538433074951172
WhatsApp Image 2025-06-02 at 15.30.10.jpeg,1101001000111100110111001000000101010100100100111010001111100110011111100001000011001010011111010101101110010110001000011101001100111110010011101110110000111000110100111000011100100000110100001111001001011101111011000001011010010010110110010010001111100110,000011011110101011111000110000101101101000111101110111110100000000000011010010111111100001110110100100000000000110011100001110100001110111100101110100100100100101111101110010000000101011001111100010000101011,False,False,False,False,115,0.023814916610717773,0.009157180786132812,0.013130903244018555,0.001512289047241211
WhatsApp Image 2025-06-02 at 15.29.32 (1).jpeg,1101010011001100111011111011001011001011010101101000001010001101001101111010011100101111010110111110111101010110010111111010110010010000011010011111000000000010100001001001100110011000111000010011010111000110101001000011100100101000011001011001101100100110,1101010011001100111011111011001011101011010101001000101010000101000101011011011100101011011010100110011101000110010111101010010010010000001100011111001010000000101001001001100111011000011000111011100101000110101001101011100100101100001001011101101001100111,True,False,True,True,38,0.02493762969970703,0.011614322662353516,0.012726545333862305,0.0005815029144287109
WhatsApp Image 2025-06-02 at 15.30.37.jpeg,1111111111001000100111010110010001001000001011111010011011001101000111001101001100110011010101001101000000011111100101010110110101000011000110101100001011111111001000100010100111100101000010010110110011100110011000111100011011100100100000111111000100001011,1111111111001000100111010110010001001000001011111010011011001101000111001101001100110011010101001101000000011111100101110110110101000011000110101100001011111111001000100010100111100101000010010110110011100110011000111100011011100100100000101111000100001011,True,True,True,True,2,0.028404951095581055,0.014430761337280273,0.013130426406860352,0.0008289813995361328
WhatsApp Image 2025-06-02 at 15.30.11 (1).jpeg,1000100110100110001111001001010011010101001111011001101000110011101001101111000101001101001101101001100110010010101001110110110101001000100001011001011011111011011001010010111111001010001001010110001110100010111111000100110010100001001101001100111010011000,0110100010110001000010110000111010111010110000101001111011011000001011011010100011001110110111100111100010000010010100110000101111011001001100100110011110011000001000100101001100010001011110101101000010001100100100001000101000011000100111111011011011010000110001100000111000001,False,False,False,False,139,0.026053190231323242,0.011310577392578125,0.013761520385742188,0.000965118408203125
WhatsApp Image 2025-06-02 at 15.32.01.jpeg,1000001010011001001011011001100101111100000010011001011000111001001000011011011001011001011011110010111000100110101000010110011011001000011011110110011111110101010010111011000000101100000110011001011010111100110010111001100101010100100110010011001100111111,1000000000101011101111011000011001101100011001011000101111110010100000111011001001011101010011110111110011111110001000100111000111011000010010110110011111111110010110111011000000101100010010111001011000100110110010111111100101010100110001000011001100100111,False,False,True,True,69,0.0232694149017334,0.00908350944519043,0.013155698776245117,0.00101470947265625
WhatsApp Image 2025-06-02 at 15.33.24.jpeg,1101011101100100101111011001101100100110011001000101100110011010111101100110001100000000000111100111111110111100110100000100101100101111101100100101001010011010100010010100100101111100000111100100001011000000101111010010110101010000110100111000111101101100,1101011101100110100111011001100100100110011001100101001100110010110011001100100100110010001101100011110110011000110100100110011100101111001100110101000010011000101000110110001101111100100111110100001011011000101011110010011001010000110100111000111001101100,True,True,True,True,50,0.024111032485961914,0.009727001190185547,0.013808012008666992,0.0005605220794677734
WhatsApp Image 2025-06-02 at 15.30.41 (1).jpeg,1100110011100111011001100110011000110011000110011001100110001100011001100110001111001101011000111000110011001110011001100110100101110011001001101101100110011100111000001101100111000100011100101000110011001001001001100100011100010111001000101001111110110011,1100110011100011011001100100001000110011000110011001100110011100011001100110001111001100011100111000110011001110011001100110100101110011001001101001100110011110111001001001100111000110011000101000110011001001001001100100111111010011001100101001110110110011,True,True,True,True,18,0.02319622039794922,0.009643793106079102,0.013153553009033203,0.0003833770751953125
WhatsApp Image 2025-06-02 at 15.29.30 (1).jpeg,1100100010010110100011011010111000001101001110011101101100110100111111100101010011101010011110011011100001110001110100100100011000111101010011001100000100001100111100000000000101101110011110000011111101111010000010111000011110010100110001111110100001111000,11010001100001100110010110111111000010000001100011011110001101100111001101011100111000110110000110111011001101111101101000111100010010010010101110001100010001001010001100111100010111011111000100001110001111100111001100001101010000111001101101011011111100100001100,False,False,False,False,98,0.02845931053161621,0.014235734939575195,0.013159990310668945,0.0010471343994140625
WhatsApp Image 2025-06-02 at 15.30.03.jpeg,1001100100100100111101101001101100001011110111000101110101100110010010010011110101001100011001110111001000010010111100100111001110010010011100110111101110001110000011011110011001001001101101010001110100100110001001001001110101110100101001110001100100100100,10010101010111100100000110000010100110110001011010001000001011001101101100111011000010100000000001001110101100101000110011101010000100000001100000100010000000000000111000000000000001000110000001001000100011000010101011100,False,False,False,False,105,0.02560901641845703,0.010492801666259766,0.013719558715820312,0.0013821125030517578
WhatsApp Image 2025-06-02 at 15.30.04 (1).jpeg,1110101001001001110010011011011011011101010110101000110111001011000100101001011000010010001100100011100001110010001101101100101001010110100110101100011010010010101001001111110010111101010111110000101101000010010110110110101000110001011010101010010100111011,111001110100100111011101101101101101101101011010010011011100101100000011100100101011011000010010000110010110100100101100010011011010111001000101100010111101010011110000110100100000000111110010000001110001101011101110100000011011,True,False,True,True,82,0.024976491928100586,0.01148223876953125,0.012571096420288086,0.0009081363677978516
WhatsApp Image 2025-06-02 at 15.30.02 (1).jpeg,1001010101100001100011000011101110000100011110111111111111000000001011000111000100110010001111111111101110011100100000011000111000100010101011111101110111001010110000001011100000000100011101111101110110000100001000110001000110000000011111111101110111001100,100101010101000110001100001110111000010101111011111111111100000000101100011100010011001000111111111110111001100010000001101011100010000010101111110111111100101011000001001110000000010001110111110111011000010000100011001100011000001001111111110111010,True,True,True,False,12,0.02367234230041504,0.009829282760620117,0.013068675994873047,0.000759124755859375
WhatsApp Image 2025-06-02 at 15.31.58.jpeg,1001100001111000000001111000111101111100001100001010010101010111001001101010011101011110101111100110000111001011110110000001100000110011101001010010110100101101110110000100001001010110110101100001011000111101001111100100101101101001100101001100011010110101,1001100001111000000000111000111101111100101100001010010110010111001001001010011101011110011111100110001110000011100111000011100000111011110001010010110100101111110100101110011001011110010000100000001000111000001111101100101101101101100011011100011010110010,True,True,True,True,38,0.022887706756591797,0.008916139602661133,0.013076543807983398,0.0008795261383056641
WhatsApp Image 2025-06-02 at 15.30.45.jpeg,1000000000000100111110000000111100110001110000111010001110111110001011000011000011000010000000001101111100011111010111110100000100111111101111101010011000111000111001001000000101101011101011111100111101011100100110111000111101010000010110000111011111000111,01001001000101111000100100001000010000000001010100001111110101000001010011101010100100101100010100011001001000110010000010001010010000111100001001111111010000001111011110101000011000000011001111100010,False,False,False,False,101,0.02591729164123535,0.010637044906616211,0.013708114624023438,0.0015573501586914062
WhatsApp Image 2025-06-02 at 15.29.28.jpeg,1000000100110110100110000110111101001110101011110000000111110100101110011010100111111110000111101101110000000100100000111001010100000010001011000111101100111000111110011001001111101011100100010111000011000111011011010001101111001110001001000000100111111100,1000000100110110100100000010111101001110101111110000000111110101101110011010100111011110000110101101110000011100100000111101010100000010001011010111101100111000110110011000101111001011100100010011000011000101001011010001101111001110001001100100100111111110,True,True,True,True,20,0.025220394134521484,0.011379241943359375,0.013362646102905273,0.0004630088806152344
WhatsApp Image 2025-06-02 at 15.30.46 (1).jpeg,1111111011000100110110001101010110010001001100011010000100110100101011011101111000100011010110001111101100011111100100000110001111011101101100100101110111100001000101101110000001010110100011011010011100011000110011010001011000001111011100001010110011010000,1111111011001101110100001000000110110001001100111010011100110110100011011100001000101001010110100001101000011010110100100110101101100000000000100111000011110101111010101010110001010000111110011110011100111101110010000011011001000011000000000011110111110001,True,True,False,True,75,0.029445409774780273,0.014821290969848633,0.014066219329833984,0.00054168701171875
WhatsApp Image 2025-06-02 at 15.29.29.jpeg,1111111001101001111111100100010110000100000001011000010111010011110101011101101011000101000010101100010100111010001100101110011100011001101010010101100100111000011110001010000100111000101101010001010010100100110111101010000110101111101110000111100010111001,1111101001101001111111110100010110000110000001011100000011011010110100011111100010000101000010101000010100101010101100001110111000010001101010110001100100111000111110001010000100111010101101010101010010100100110111101010000010111111101000010011111110011001,True,True,False,True,34,0.02667379379272461,0.01162576675415039,0.014258146286010742,0.00077056884765625
WhatsApp Image 2025-06-02 at 15.32.03 (1).jpeg,1010101100001000100101101010010000011100101101110011000111001011010000110110110001110011001110110101100101011010101011011101001111011010110001100110011100000101010110110111000010111100100110000111001001101001110110011010000101001000111011000010001100111011,001001101101101010110010100010101111001010000100001010111011010110011011000000101110010010010101110110111011101010001100101111001010011001011011001010001011011001010011101000101010111011010001101000100001000010101100011111010111,False,False,False,False,115,0.0324406623840332,0.011424779891967773,0.019180774688720703,0.0018162727355957031
WhatsApp Image 2025-06-02 at 15.30.08 (1).jpeg,1010101101000101100011010111011011000110101101101001010101001101000101111110100101100000011001110101001011110000011011100011011000001101000101101101000010010100101011111000011110010101010001010101010101011001001101110010010111110001101011001010101010100011,1010101111000001100011010111010010000110101100101001000101011101000101111110100001100000011001110101001011110010011011100011011000011101000101101111000010010100101011111000011110010101010001010101010101011000001101110010110111110101001011001010101010100011,False,True,True,True,15,0.026409387588500977,0.011957168579101562,0.013874530792236328,0.0005595684051513672
WhatsApp Image 2025-06-02 at 15.32.48 (1).jpeg,1100010000110011010010100000001101001000100011110110010010001000000101100010110100110111110110010001111111001011100111111100001100101111000100110000000100110011110110010001000010011000100001001001111100000100001111110110011000111110111011111110111011111111,00111101000101110001001011011001101110100101101100001100000011100000011110100011100011001011100000110010111011010111101101101001100000000000110100101001010110000000101011110000011,False,False,False,False,89,0.023272991180419922,0.008480072021484375,0.013028621673583984,0.0017504692077636719
WhatsApp Image 2025-06-02 at 15.30.13 (1).jpeg,1111010100000101110011111100011010111101011110111000001101011100000111000010011100110100110100111110101100001100011001001011010001001011010010110100100010110001010110001100001100011010001111001101001011100011111100101010111000000110101110000001011001110011,01110101001001100100100001010110001010101001010110100011011111001010000000111000011011100110000110100111110101100001100011001001111011001001011010010110100110000110000010110001000001101011010001111001111001111100011111100111000111000000110101110000001011001110011,False,True,True,True,123,0.022875070571899414,0.009284257888793945,0.01308751106262207,0.0004868507385253906
WhatsApp Image 2025-06-02 at 15.30.14.jpeg,1011100111001111001111001000011011010000000001001100100100001001101001011011111100010110111000111100000101111000110011001111001000000110111110111110011101100110010000000000011010100011100110000001011110000000110010111111000010011100111110110001011111111101,00011000000000110010100001010101011000101101010110100101100100000000001001001001010111000110000110000101110001000011000010011010011111110000000101100110011000111110110101100111011111011000100110110010001001110001000101110001000011111011101111101010100011000010010,False,True,False,False,125,0.02530837059020996,0.010355710983276367,0.013907194137573242,0.0010285377502441406
WhatsApp Image 2025-06-02 at 15.30.49.jpeg,1010011001011001101001100100110011111000111011001000011100000101111000111001001001011101001001101001000011000010000000100101001011111001001001010101000111110010001111111000110111010001111100100111110000001111100010111111000001111100000111101001101111100011,101000100101100110110110010011001111000010110100100001110000011110001011000101110001110000110010100111111101001001010001000110110010001010110000111111011001011100100111010000001111100010111111000001101100000011111001111111110011,True,False,True,True,81,0.025635957717895508,0.010760784149169922,0.013970136642456055,0.0008895397186279297
WhatsApp Image 2025-06-02 at 15.32.44.jpeg,1011110111010100100101111000110111100010001010101110100100011011110001000111010111100000000011101100010001010101111101101110101010100010001000111111001010101100111100110000001010110011100010010101001101110101010110010100000101010011111101000111100101000010,01011011011101011101110000000000111001100011010100100001101000100010111011101101010001111110011111001110110010000110111011100011100010010101110101100011010010110011111011010101010111100010110111100100111000111011000100111100111011100011100000,False,True,False,False,130,0.02518606185913086,0.010881662368774414,0.013100385665893555,0.0011887550354003906
WhatsApp Image 2025-06-02 at 15.31.24.jpeg,1000110110011001011100010100101010110110011001100011101011110101010010111001110110001000111101010111100010000101101011010001100110110111011001100110100001011000110010110011100100111010010011101101100010000001110110010011000110110000010011100100101001011011,1000110000001101011100011101001010111101001101110011110011000010011111101010001011011100011010000001111001001110110110100001100110010001110001110111101111111100110001100111100110011000100011100111000001000001010101100010000010011000110111100110101100111111,False,False,True,True,95,0.024481773376464844,0.010215520858764648,0.013263463973999023,0.0009849071502685547
WhatsApp Image 2025-06-02 at 15.33.20.jpeg,1101010100101110111001100100011011001001010101000111110010111100111101101101110000111001100010001011000000001101111000100111111100001111011100100001011111111001011010001001011110000111111010100011100110001000000101101011000001101100110000100000110000110011,110100000111101111001011001000001101010100111010010110110110100100011101000000010110111001100110110000010010111101101101100000000011101110101100111000011000000110001010000101110100100100011111000000010011100111010100100011001110101101000101111101101110010000101010000001,False,True,False,False,142,0.028666019439697266,0.013408660888671875,0.014375448226928711,0.0008649826049804688
WhatsApp Image 2025-06-02 at 15.30.47 (1).jpeg,1011001101000100101100001110111010010110001011010001101100110011111010010011101010110111001000111111100011110100011010011100111100111110000111001011000011000001001110010001100100110001101100001001110000000000110010011100110011111000110001101100011111101100,1011011101000100001110001110111010010110001001010001101100110011111010010011001011110111001000110111110011110100011010011100111100111110000111011011000011000001001110010001100100110001101101001001110000000000100010011100110011011000110001101100011111001100,False,True,True,True,13,0.02699732780456543,0.012329339981079102,0.014058351516723633,0.0005917549133300781
WhatsApp Image 2025-06-02 at 15.31.54.jpeg,1000000001011000001110110100101011101010111011100100111010111110000110101011011011010100111001101011110100010001110000001010100110111110101010011101100101101101000001001010111100111101010101100010010010110110111110101100001011000101000010011000001010101001,1000010001001000001110110101101010011010011010100101111010111010000110101011011011010000111001101011110100010001110001101011100111001110001010011101100101101101000000001110111100111101010111100010011010110110111110101100001011010101000010011000011000101001,False,True,True,True,25,0.026978015899658203,0.012773752212524414,0.013583660125732422,0.0006039142608642578
WhatsApp Image 2025-06-02 at 15.31.58 (1).jpeg,1011010010010110110001100011110110000110011011111100001001100110000010111101100110010111110000001000100111000100011001001101001111011001011010011110001001110101100110110101101001000010110110001001101101000011010011011100111101011000101011001000001110111100,110000010101011000000001011000101100011000010010110010101111110000101010000000100110111000010100100100011001110101100001001000100100000000000000001010111111101000000000100111111101101101010000010000101000110001001111110010101011000000100001101110001,False,False,False,False,120,0.038382530212402344,0.01298069953918457,0.023173093795776367,0.002201557159423828
WhatsApp Image 2025-06-02 at 15.30.35.jpeg,1101000011110000110110010000110000001110011000110100110001100011101100011000110010110111111110010100100101011110011101100011000111011110011100111000000110001100100111100111100001001100111000101001000011111111110110010001101000000110100011010100001101111110,0010001000000000011010110100011001100110101100000100101001000000111000010110110000101011010111100010000110111010110110100100000001011000011101000000100001010110011010000000111001110101010001001101100101000010101101001011111001010011000,False,False,False,False,113,0.20187735557556152,0.0075817108154296875,0.19231724739074707,0.0019528865814208984
WhatsApp Image 2025-06-02 at 15.33.23 (1).jpeg,1010111001111110011000000100000010011101110110010011010100111011111101001000000000010000111111111101001110010110011100110010000011001000011100111100011111000011011011001101110000111101101000100110001001101111100111101100100011000100100100010011100100100111,111001101110110001000100001010001001100101010011001110011101011000101011001101001001010111001011111110111010110111001010000010000011100001100010010101000110101110100000111111000111000010000111111111100110110111011111100111110011,True,False,False,False,94,0.05182361602783203,0.017424345016479492,0.03232550621032715,0.002044677734375
WhatsApp Image 2025-06-02 at 15.32.05 (1).jpeg,1100110000000010110000111111000011100010100011101110011101110101001111001100101001001110000111111011100000110111111101110010010010000010111111101001100000000000001001011100001111001101101011100000101100111000010000100101001001001111110111100011001101101111,010111110100100011010000110000101100100000010100000010001011010010110110000010110111110110011111000010110010111011001011000111010101010110000001000000010001001010001,False,False,False,False,79,0.03475689888000488,0.012548208236694336,0.019989013671875,0.0022017955780029297
WhatsApp Image 2025-06-02 at 15.32.06 (1).jpeg,1001011001011001011010101010110110011001101001100010111101010101011001101001100110110101010011100110111001100101100100011010101000001001110001101101001000111001001110011001100011000000001001110011011001011001110010011010011100110110011001100110110110011001,0001010001011001101101100011000000100000101001011000100101111111011001100001100110110111100010100110101001100100110000100110100100001101101011110001110001000100101111110010111010000101111000001110011010100010101011000110111010111010101,False,True,True,False,96,0.026111841201782227,0.01160573959350586,0.013395309448242188,0.0010943412780761719
WhatsApp Image 2025-06-02 at 15.31.57.jpeg,1100001100000100110000110000111100101001111111001000011001011110001111100100000101011011111000011100011000011111101111000000110110000011011001010110000001111110000111000000011011010011110011000011100011111110100001110010011010100110110010001111110011111100,1101100101111110000111010111110101001100101110000001011110001100001011010100110000011000101000001000010011000110110101000101011010011100000001000110001010100010011100100100111011010111110000111001010101010110100101111110000111111000100,False,False,False,False,103,0.03194570541381836,0.015346050262451172,0.015254497528076172,0.0013287067413330078
WhatsApp Image 2025-06-02 at 15.29.27.jpeg,1010101011010110100101001010000110010101111011100101111001110010000110011000000111100111011010010110001000100000110011000100001010001101001010001010011100111010111010110011010101101000001111001010011100111010100101111001001010011110011111010100101101011110,101010101101000010010100101010011001010111101110000011100111011000101101101001011110110101101010000010011101001010001000011100011010111010110101011111101001011111001010011100111010101101110001000010011110011111010100101111011101,True,False,True,True,82,0.024631738662719727,0.009900093078613281,0.013987541198730469,0.0007278919219970703
WhatsApp Image 2025-06-02 at 15.32.07 (1).jpeg,1001010010101010110110111010101000010011010011011000011101001101011110011000101010010010100010100101001100110110110010010001000110011110011111010100111000011000001001111110100101110000111001111000011110100111011111100010010001110001011010100111001110100010,1001100100111100111011001100011101101100101001101011000011001010001011101001111000011000101001010101000111011100010010100101111100001000100101011000010000011001000010110000100110010000111101010,False,False,False,False,92,0.02849292755126953,0.012685060501098633,0.014233112335205078,0.001560211181640625
WhatsApp Image 2025-06-02 at 15.29.39 (1).jpeg,1010010001100001000011010011000000110100011100010111000110010110110100110111110100010101001100110100111101100100101100001001101011100001110111100001110101101010000001001010101011111111101010011101000111001010001000011011111001011110000010101010111011110110,1010010001100001000011010001000000110100011100010111000110010110110000110110110100010101001100100100111001100000111100011001101011000001001111010010110001111011110001001100001011111011101010001101000111001010001000111011111001011111000010111010111011110110,True,True,False,True,29,0.025879383087158203,0.012139320373535156,0.013195037841796875,0.0005295276641845703
WhatsApp Image 2025-06-02 at 15.32.52.jpeg,1001011111100100110000001111101011001010110110011100001101100110010000000100101111001111001111001101110101001100100111100101001000101001001011010001110101101001100111000011000000101101111011010010110110110011001101011100010110010100101000011001101110010100,110110001000111011011111100000010100011110010010010011110101111100001011110111001101110010010101100111110110011001110011101110010100110010001100010011010100011000110000100010010010111100101111011011011011101001001001011010110000111111100010001001011,False,False,False,False,122,0.028714418411254883,0.01272130012512207,0.014774799346923828,0.0012009143829345703
WhatsApp Image 2025-06-02 at 15.30.36 (1).jpeg,1100100110010100110010011001011100110001010011100011011101101010100101100110100110001110011110010000011000111001100101100110100010010110010010010011000011001010011010011001011101111001100001100011100110000011001110010001111001101001111101111100101110110110,100100111110110010010001100011110011100100001110011111110101001001010000000001101000010101000010000111001110110000010011100011011010011100011100011110110001110001000011000110000011001100011000110111111001111100011000111011110100,False,False,True,True,102,0.03080582618713379,0.015113353729248047,0.014471054077148438,0.0012035369873046875
WhatsApp Image 2025-06-02 at 15.33.28.jpeg,1010111101100100110101001001100100000011110001110110010100100000001111100101110110011001100111101110111001111100001100010000100111001101111000110011001001111100100010001001100101001011011001100010011000111100111110001100000001100111011011111000100110010011,10001001011011101111011000011001010100111100000101101101001000000000111001111100110110100010001100111111110111001010010011100010010110111000101111000101011001001111100010010001001101101001001011001100010011000011100111110000100100001100101011011010001100010101011,False,True,True,False,104,0.02606511116027832,0.011726617813110352,0.013467550277709961,0.0008542537689208984
WhatsApp Image 2025-06-02 at 15.30.09 (1).jpeg,1000111000001100011100011101001110111100101100110011111101101100010000110000111110111000111100110110001100001100100101100100110010011001110000110110110110111100100100100110110000111000100010111100110110000011100110100110010000110011000110010110100110001111,100011100000100101110001110000101011110100110110001111001110001101100111000111011000100001110010011110010000011011101110000110001001000111000101011010111101101011010110001110010000000011001000011100000110000111010110101000001001,True,True,False,False,74,0.025119781494140625,0.010525703430175781,0.013351678848266602,0.0012271404266357422
WhatsApp Image 2025-06-02 at 15.30.05 (1).jpeg,1011000100000000101110111111101101000000000001100000111110011010110001010110111011111110000000001001111001111100111000000010001101101101011100011100000111111011000111101000000111010000110010000001001001101111101100010111110011001111101101000111011010011011,1110010001010011110011010001101110100010001010101001101010000000100111110011100000101000111010111000100000001010010100110101100100010001111001000101011001110101000111000100000011100011101001000110110001100001001000011101101101000011100,False,False,False,False,117,0.02044391632080078,0.007322549819946289,0.01179957389831543,0.0013065338134765625
WhatsApp Image 2025-06-02 at 15.31.21 (1).jpeg,1001111111100111111000000001110011100011000000000100000001110001100111011100011100011111100011111011000111111110010000110011100010011111000000110101100000001111011100000110111110011111100011100100011111111001101000011111000001100000110000001011110000000111,1001111011110111111000000001110111100011100010001100001111110001100110111100011100011100110001111011100011110000010001100011100010011110000000110100001000001110011000011110111110010011110001110100011111110001101111001111000001000000000011001011111000000111,True,True,True,True,46,0.02403402328491211,0.00995016098022461,0.013469457626342773,0.0005977153778076172
WhatsApp Image 2025-06-02 at 15.30.40 (1).jpeg,1000000111000101100001100101110010001101111000101001101000111100110001111110110111001011011111010111001010101101001100000110010000110010100101000101101100100111110110101001000001111011110100110000101001010010110110000101000010011011010110011100111001101110,1000000111000111100001100101110010001101111000101001101000111100110001111110110111001011011111010111000010101101001100000110010100111010100101000101101100100111110110100001000001111011110000110000101001100010110110000101000010011011010110011100111001101110,True,True,True,True,8,0.023712873458862305,0.010617256164550781,0.012704610824584961,0.00037550926208496094
WhatsApp Image 2025-06-02 at 15.30.35 (1).jpeg,1100010111110000101110100000111101111111101010000110111111010000000000000111111110111000000011110010111111100000110101111011000010011000010111110010001110100001011011111010001011111010010011100001010100000101001000110011001111001100110000100100000110011101,10100001010011111010101100111110001001101110101100111011010011010010000001001101011110000000011001001110101110011100101010011000110000001110011100000000010011011000001101101010110010101110100010010010001010000011100111000101010101110110011010000000110100000010001,False,False,False,False,112,0.017788410186767578,0.004106998443603516,0.012604475021362305,0.00106048583984375
WhatsApp Image 2025-06-02 at 15.32.52 (1).jpeg,1100100001001011000110000111111010010010101101101111101001001001001000111000110011111011001101101001110101100011010100101010010100001111010000111000010110011001110010101000110110100101000111100100001010111111000000011011111100110001101110111000100011101001,110010000100101100011000010111101001001010010110111010100100100100110100100011001110101100110110100111110010001100010110101001011000111010011101101000011000101101000100001010111111011000011011111100110001111100111000101111101001,True,True,False,True,51,0.024100780487060547,0.010082244873046875,0.013152837753295898,0.0008511543273925781
WhatsApp Image 2025-06-02 at 15.31.34 (1).jpeg,1100000110000100101111000001111111111110010111000101001001100000000110100110101100000101100001111010110100010110011010011111000011111111111110100100011100101111101110101000100101000010010001001000100001111000011100111100101010001100101100110110011110010101,10011111001000001010110011111100011111010110111010100111101000011011010000001000100100001011110101111100100100100100101100111101111100010101001010101011110001010010101111011010011010110000011110001010111100011101000100100001111000011011110000,False,False,False,True,111,0.02974557876586914,0.013743400573730469,0.01478719711303711,0.0011987686157226562
WhatsApp Image 2025-06-02 at 15.32.48.jpeg,1100001100100101000111110101000101000010111001010110110010110001000001011100001011100001001110110011011011100100110000100001010010101011111100111110110100011010001011001100010100000010111111000101110101000110101000011111110000011100100111110110111101101101,1100011001100101000111110111000101000011110001010111100110001100000000011100101011100100001110111001011001100101110000100100010010111001111101111110100100011010001011101101010100000010011111000101100101000110101100011110110000011100100110110110111001101101,True,True,True,True,36,0.024953842163085938,0.011355876922607422,0.013126850128173828,0.0004551410675048828
WhatsApp Image 2025-06-02 at 15.30.06 (1).jpeg,1100010001100111110011111000101101110000110011001000001000110001001011110001001101011000011001101111001110011110001011100100110001010000011100100111001111100010101001111100111101101000101111101001001011100001101111010000101111101010001011100001011000010100,1100110001110111010000111000101101110100110011001001001100110001001011110001001101011000011001101111001100101110001011100101110010010100011101001110000010000000111001111000011111001010111101000001001011110011110111000110111101101011001000100001111011010100,True,True,False,False,49,0.024443626403808594,0.010467767715454102,0.013159036636352539,0.0008006095886230469
WhatsApp Image 2025-06-02 at 15.32.41.jpeg,1001110000100111111110000000011110010011111110110011011011001000001100001100001111000111000011000011110011001100001100111101000010011000001101101100110100110111100110001111011011001111100011100111000110100000011010100011110001100111110011010011001011000001,1001110000100111111110000000011110010011111110110011011011001000001100001100011111000111000011000011110010011100001100111101000010011000001101101100110100110111100110001110101010000111100111100101110011110000011010110111110000100101111011010101000011010011,True,True,True,False,25,0.02432870864868164,0.010566949844360352,0.01318669319152832,0.0005590915679931641
WhatsApp Image 2025-06-02 at 15.30.49 (1).jpeg,1100011100010001001110001010111011111000111011100100011110010001100110000110000001101010010000011011110011001110010000110010110110011010010011010011010011100010100110110000111001000111101110011010011110110100101110001111010001101011101011011011000100010110,1100001100010101001101000110110110111000011001100100011110010001100110000110000000101000000000001011110010011110010000111010010110011010110011110011010011100010110110110000111001000111110110011010011110110100101110001101110001101011101011011011000101000110,False,False,True,True,28,0.033447980880737305,0.017589330673217773,0.015113353729248047,0.0007288455963134766
WhatsApp Image 2025-06-02 at 15.32.42.jpeg,1000010001000110111001001101100111100010001010011111000010000110111100011000100001111010001000110011111000000010001111110000011001111111010000011100111011110000100001111011111100101011110010100100100111110001101000101111111000111010111011110000110000100011,1000010001000101111001010101001011100010001010011001000010000101111100100100101001111000101010010011111000100010001111110100011001111111110000011000111011110000000010111011110100111011110010111110000011110100011000001001110000100100111011110000011000100011,True,True,True,False,48,0.024547100067138672,0.010779619216918945,0.013168573379516602,0.0005834102630615234
WhatsApp Image 2025-06-02 at 15.31.23.jpeg,1101100101011010100100000101101100100110101001011000011110000100110111010101101011001100011100011011000111001011110100001110101001101110101001010010001110000101110101010111001001101110011100110010010101011001011110101100101011011010001011000010110100001100,1101100101011010100100000101111100100110101001011000011110000100110111010101101011001100011100011001000111001011110100001110101001100110101001010010001100000101010101110110101001100110111100111001011101011001010100100100111001101010001011000010111100001100,True,True,False,False,22,0.024830102920532227,0.010953903198242188,0.013126134872436523,0.0007350444793701172
WhatsApp Image 2025-06-02 at 15.31.56 (1).jpeg,1111111111110100100001001100000010110110010100100000011101010101001011000001111111011100100011011001000010111110100100110011001010100111011000001110111001101100101111000100100101000001111111000101001111011001010000010011010001000100011111000100111101111100,101110000111101111000101110110001010001100111010101111100110110110010010100110101000110010000000011010100010100000101111000000101011111100111110011100100010111111011100001011101100110011101011000100000000111001110001010100000011011000011000100011100,False,False,False,False,111,0.029985666275024414,0.014565229415893555,0.014223814010620117,0.0011801719665527344
WhatsApp Image 2025-06-02 at 15.31.59.jpeg,1011001100110110000110010001101100011011001110110110110011001100011011001100110001001100110011001110010011100100110001001100110010010011001100110001000100110011010011001100110011101110011001100110110011001110101100110011101110011111001100010001100011001100,0011001111101001000110110100001000001111101000001000100100011000100001011001010100001000100010001101101000101011100010000010100000000000110010010000001010011111000011111000011000010011100000100100001011111011100001011001000101111101110,False,False,False,False,117,0.028340578079223633,0.012406587600708008,0.014649629592895508,0.0012688636779785156
WhatsApp Image 2025-06-02 at 15.32.00.jpeg,1100000111010001000111001011110000100001010110011110010010010001001011111111100001101000011001011010110011111110111001001110111100000011100111101100010010100001001111011110011011010010110010000100100110110010001000110110110111111101101000101100001011000100,1100001110010001000111001011110000100001010011111110011010110011001001111111100001101000010011001000110011110010111001001110111100000011000111001100110010001100001111011110011001010010011010010100100110110010101000111100110111111101001100101100001011100100,True,True,True,True,32,0.024765968322753906,0.010910272598266602,0.013210535049438477,0.0006303787231445312
WhatsApp Image 2025-06-02 at 15.31.22.jpeg,1100010101001100110110010000111101101010001111001101011000110111101001010110011111011010100110000101101011010000101001011010100000110101001000101000101001101001010100101011110001111010001000111010010110011001101100010000101100101101111001000101101001111111,1100011101001100110110011010111110100110011010101101001001011111110001010100011011110100100101011001010010111100101100111000110100011000011000101000110011101000000100001011110011111010001000111010011110001011010100100010000100110001011001001001000011111101,True,False,True,False,74,0.02881002426147461,0.014899492263793945,0.01315617561340332,0.0007390975952148438
WhatsApp Image 2025-06-02 at 15.32.39.jpeg,1001010000000000100010111110111100001110101010110011111010110101011010000101010111110000010101101010000111010101010001111100101100000111100010101011110000100100111101100010100101100001101011010011011011011111111101100001101011110011100110000000101000111000,100101000000000010001011111011110000111010101011001111001011010101111000010101011111000001010111101000011101010101000111110010110001001110100000000011011100010111000011001011011111111101101001101011011010000110000100101110110000,True,True,False,True,51,0.026462316513061523,0.01227712631225586,0.013163566589355469,0.0010073184967041016
WhatsApp Image 2025-06-02 at 15.32.51.jpeg,1011101000110011101101000101100011000101111000110100101010100100011111000101011100110100101110100010001010001000111101110101010101100011000010100010101001110001011111110111010110010000000000101011010011010111011010110110011110000001000010001111110011011111,11010101111101100001111111010011101100101111101101110000100001000100010010111011101010000001010101001000000010001010110111000011110000111101111011010011111010111111010100000101011111001010100001001000110100100111101100111100111101000101110100,False,False,False,False,119,0.03036046028137207,0.014988422393798828,0.01410818099975586,0.0012471675872802734
WhatsApp Image 2025-06-02 at 15.29.36.jpeg,1000111010001101111001010011010111010011011100101010100110110101011100101101110100000010001010000010010111110011010111101001100101001001000011011101100101001010110100101001000110110111011101010010110100111011011011001000111111000011010010011001000000110100,10001110100011011110010100110101110100100111001010101001111101000111001010011111000000100010100000100101111100110101111010001100010010010001110111011001001010101101001010010000101101110111110100101101001110110110111010100101110000110100100110010000001101000000100,True,True,True,False,17,0.026118993759155273,0.012176513671875,0.013266563415527344,0.0006618499755859375
WhatsApp Image 2025-06-02 at 15.32.06.jpeg,1101010001010101100001100101010101100110101000110010110001101010000011101111010111100010101101010110010100111000110000110110101000110011111101000010110100001011110111010000111011010111100001011110001100101001100101100000001000010101110111100110011011110100,1101011011001101101001100101001111000010001101110001110101101110100010011001001011101000100100010110110001101011110011101100101001111111111110000001100100001101010100100101101111100111100100011010101000101101000001101000101011011111111101110001100111001100,False,False,False,False,89,0.02322220802307129,0.009531974792480469,0.012578248977661133,0.0010962486267089844
WhatsApp Image 2025-06-02 at 15.30.11.jpeg,1001110001100101101110000110001100110110100100101001001101100011001011000110100111010111101010000110101101010101100101110001101010000010111110100110110110001001100101100101001101100001111110011001011000110000011010110101100111010001001000001010111011011011,1001110001100101101110000110000100110110101000101001001111100011001011000110100011010111101010100110101111011101100101110011001010000010110110000110110110000001100101100101000101101001111110011001011000110010011010110101100111010001001000111010111001010011,True,True,True,True,20,0.024045944213867188,0.010239124298095703,0.013178586959838867,0.0006132125854492188
WhatsApp Image 2025-06-02 at 15.30.43.jpeg,1011001100011100111100011110000010101100110010110001101100010011111011000010000110000101110001100001011001011011011110000110110010100001101101011010011100011010001110110110100001100010001101011010000110010011010111110011100111011100011010011010111011010010,1011001100011100111100011110000010101100110010110001101100010011111011000010000110000101110001100001011001011011011110000110110010100001101101011010011100011010001110110110100001100010001111011010000110010011010111110011100111011100011010011010011011010010,True,True,True,True,2,0.024807453155517578,0.010715007781982422,0.013640642166137695,0.0004360675811767578
WhatsApp Image 2025-06-02 at 15.31.33 (1).jpeg,1100101101011010101110010110101101100110110010100101100011010010001100101011010010011100101001001001000110101101000101100110010100110001100111011010101000111001110010001110100101001101101110110110100101100010001010110001001011011010011101111101001010010100,110111110011010010010000011000110110011011001010000110001111001101100111101101101111100011000000110111111000100000001111000001000011100111010110101111100011000111011000101011010100011110111001010111011111101110010001010100011101111101101011110010001,True,False,False,False,75,0.0251772403717041,0.010828256607055664,0.013342142105102539,0.0009903907775878906
WhatsApp Image 2025-06-02 at 15.29.40.jpeg,1001001001001001100101110011010011100101001011011100100111000111111011111111010001101100111100000011011011100011110001101010101011011001001010010010001101001010000111000001010011011001011101011100011001000101001011001111101101010011000001001100010100010111,1000011001001001100101010011011011100101100011011100101101010011111011111111010001101100100110000011011011100001110001001000101010110011001011010010000001110010001101100011010011010001000001101111011011000101001011011111101100000011001001001110010000110111,True,True,False,False,46,0.027437448501586914,0.013450860977172852,0.013128519058227539,0.0008428096771240234
WhatsApp Image 2025-06-02 at 15.32.05.jpeg,1101000111000110000001111100111101001011111000110001110011100100110111000001110100101100000000110100110001100110001110010101101100011110010000110110100110111100100100101111110010110001001100101101111111100000011001101001000111111000010001101000100110101110,1000010000111011001001111000000111010110001000000000110001110110100100011110011110101001011001000010110110011101111000110110111000001000101011001110100101011100100101000011111110010011101001111100100001110010110011001001001101100111101001110011001101011011,False,True,False,True,125,0.024277925491333008,0.010359764099121094,0.013171672821044922,0.0007302761077880859
WhatsApp Image 2025-06-02 at 15.31.22 (1).jpeg,1001001011010000001010010010111101111001001011111101001011010000110001100001110110010011110000100010100101101111100010110011101101100100110001001100011011000111001100001111000001001111000011110011100111110011011011001011110011010010110000110011100111100000,11010000000110100101000100100101010000101001100000000110111101101100100001000100000111100000011000001111001110000010000001001011000010101011100111010000011111001001011101111001001,False,True,False,False,90,0.022069215774536133,0.007388114929199219,0.01298379898071289,0.0016837120056152344
WhatsApp Image 2025-06-02 at 15.31.24 (1).jpeg,1011001000100001101111101000001011011101000011110100000101000010010000100110101110111100100101001101110100110110010010010111011101101001011011101011100000001101110111011011001101001001001100100100101000111110001101101001010011001101011110111100100100110010,1011001010100001101111101000001011011101000011110100000101000010010000100110101110111000100111001101110100110010010010010111011001101000101001101011110010001101110111011011001101001001001100100100100000111110001101101001010011011101011111111100100100110010,True,True,True,True,14,0.02290034294128418,0.009785890579223633,0.012531280517578125,0.0005681514739990234
WhatsApp Image 2025-06-02 at 15.29.27 (1).jpeg,1010011101100000111001110110101111011110100100001100100010101101010110000101010001011001010110100000110101011110001001011010110000110111101101011101001110000011110001100011000011100010010101111011001101011010010100010110001110101100101011010001110010010101,111000001011001011011101011100000100100001111011100100101111100101101001100110111100010010100100110111100011100011101101111011011100000000000011010011101101101010110001000110010111101001100111001011010001101110001100000011111110,False,False,False,False,121,0.025426387786865234,0.01089024543762207,0.013200759887695312,0.0013203620910644531
WhatsApp Image 2025-06-02 at 15.32.50 (1).jpeg,1100010001001100100100010001001100111011101100110110111011101100010111001100100010010001000100111010011101010101011011101100010001011011101010011111001100100010100001000101011010111001110111010110001100110101100110101110111010110000110010100010010100110011,11010101010111101001000001010001001010101011110101101010101010100101110011101011000101010001100010100111011101010110111011000100010110011011101111110011001000100000010001001110101110011001110111100101101000010010101001001110101000101000100110011101011100110000011,True,True,True,False,53,0.023203134536743164,0.00946497917175293,0.013085126876831055,0.000637054443359375
WhatsApp Image 2025-06-02 at 15.31.30 (1).jpeg,1010101010101000110010010100101010011101010100011101011010010101100101101110101001100001100110110110110101100001100110010100100110010010001011010110110110010011110100101100010011010011110110111110000100010100111001101111000010110100100110101101101001100001,000000010000100011001111001110111111100101001110100001110001100110110110100101100101100110010100110110010010101011010110110110010011100100101100010011011010110110111011110000110110111001101100001011110000100110101100001001100001,False,True,True,True,105,0.026819229125976562,0.012742280960083008,0.013111591339111328,0.0009500980377197266
WhatsApp Image 2025-06-02 at 15.32.07.jpeg,1100110111111001110011001111110111001010111110011100101010110001110010011011010111010001011001010000101001000100010110000100011010110001001000101011010100111011111001011010111111011010000111001001101100110100101111010010001100010100110000100100000101000010,10001001100010011010010011111000111001111001001000111001010101011010101010010001111101101110111010000101100110100011000100111011001011100001100010101111000110100101001110100001100110101011011111011110,False,False,False,False,96,0.026849985122680664,0.012448310852050781,0.012815475463867188,0.001569509506225586
WhatsApp Image 2025-06-02 at 15.30.41.jpeg,1011110101101010101001001100010111100010001100100001111110000110100111001100100011111110001001010100001111111011100100011001101100001101111010011111100011110110110000000000011111100110111100000001000100001101001010100100000011010100100011001110101101110111,1000010100101010101001001100010111100011001100100001110110000110101111111100111011101110111101011100001100111011000100011001100100000100000000000001011001100010110101110010001010000110101100000001100110001100111011100100001011110100100001001110001111110011,True,True,False,True,58,0.028956890106201172,0.01266026496887207,0.01542210578918457,0.0008454322814941406
WhatsApp Image 2025-06-02 at 15.32.03.jpeg,1011000011001100101100001100100000001100110011011111111101110100100000101000101000001100111111011111001100110100000011000000001000111111110100001111001101110101100011001001101101111000011010001111001110110100000011100000101011011101011100011101001111010101,110110111010101010011100110101001001011010010110100000011000000101111011000101110110100000000100010011110011001001000000001100111110010000000100110100011110000000011011010010101010010000001110010001101110101111101100001001110110,False,False,True,False,125,0.0313568115234375,0.012805700302124023,0.01691412925720215,0.0016162395477294922
WhatsApp Image 2025-06-02 at 15.33.22.jpeg,1101010101001000111101111111000101111110101001110100110010001100100010010100100000110010000001110110111010010101010011011111100010010001011110100011011000100110011111101000100111001111111110011001001001110110001001001000000010001101100010010100001101110111,1111000101001110110000101100110000101101011101010011010111110011000010101101011010000111010110001101010010011001110001011100110011010011010100101010001110011100111010100100001101010000100101110100011011000010101010011000111111011101111,False,False,False,False,115,0.029064655303955078,0.013115644454956055,0.014605283737182617,0.0013270378112792969
WhatsApp Image 2025-06-02 at 15.32.09.jpeg,1101001000010010110101010100010100100110001111100010100101000111001010100101100000001011111011111101001000010101110101011010011011100101101010010011010101011011000010110100101101100010010101101111100010010111101110101011110110011000101011010001011000101010,110100100001001011010101010001010010011100111110001011010100011100101010010110000000101111101111110100101001010111010101101001101010010001011000010011000100100000000011111110010010101111111100010010111101110101011110110011000101011010000011000101010,True,True,False,True,57,0.024921417236328125,0.010892629623413086,0.013296365737915039,0.0007162094116210938
WhatsApp Image 2025-06-02 at 15.32.41 (1).jpeg,1111111100110110000000010010011000000001001101101111111101010000000001011001100111111100110110010110010011001001111101001001100100111110110010011110110000101101010110010011010010010011000100100111100100100101110100000111100010110111011000110110101100001101,1111111000011010000000011010010100000000010111001111111101010000000001011011111111111010010111100110000010100000110110000011111100111011010000101110110000111101010010011111010010010111000100110110010010101101110000001111100010110111011000110110101100000101,True,True,True,True,54,0.023586750030517578,0.009909629821777344,0.013223409652709961,0.00043773651123046875
WhatsApp Image 2025-06-02 at 15.29.31.jpeg,1000011001011000010000101100110110010001001100111111110001111100011011000111010000001010110000110001001111001011111001010000111011111001001101011011111001110100010010001110001100010011001000111010110110011100111011110001011010100100011110011011101000100001,1000011101010000010001101100110110010011000001011111110100110110011011001011010000001010110000110001001011001010111001010000111011111001101100011011011001111100010010001110101100010011001000111010110110011100111001110001111010100100011110011001101000110011,True,True,True,True,26,0.024465560913085938,0.01057291030883789,0.013471126556396484,0.00040531158447265625
WhatsApp Image 2025-06-02 at 15.31.32 (1).jpeg,1001101010111010100010100110001001100001011000111010001110011011010100010001110110101001110110111101010001010011110110101011110010000001110110010110000001101101111011010011111100000100100101111000110100110001110001001001111000001010111010110101010101010001,1001101010011010100010100110001001100001011001111011001110011011010101010001100110101001110000111101011001010011110111101011100010100001110111110010000011111101011011110011101000010010100101010001110100110001110001001001111000101010111010110101110101010001,True,True,False,True,28,0.025745868682861328,0.012341499328613281,0.012762784957885742,0.0006256103515625
WhatsApp Image 2025-06-02 at 15.32.01 (1).jpeg,1101011000110000001101011010000000101100100011000101001111000011100100110111100001101100111010011001001111100011010111110001111001111000111010010110000110110010100100111100111100111100011111001100010110100001001001101000110110011010001110010011000111100101,1101000111100001000100110100001010101010001100011010100011000100011001111100010010100011000110100011010100011111110100100100110011101011000100011001000000000000100110011010011010011010111101011000100100000100111000110001000010010101101000010000001000001111,False,False,False,False,135,0.02453446388244629,0.010561227798461914,0.012830257415771484,0.0011265277862548828
WhatsApp Image 2025-06-02 at 15.33.30.jpeg,1000110001110101100000010001001101010110000101000111101001100110110100010111100111100001110000101011100110111010010111010010110101001001000111001100101100110100111010111010111000001010101100111001110100011010001101101011011110000001101010111001001100101101,1000110001110001100000010001001100110101000101010111101001100110110100001111100111100001110001101111001110110011010111000000010101001001001110101101101100101000111010111010111010001010101100111001100000001010101101111111011001010001111010111001001000101101,True,False,True,False,37,0.02619457244873047,0.012711286544799805,0.012623310089111328,0.0008444786071777344
WhatsApp Image 2025-06-02 at 15.33.25.jpeg,1011001001111100111010010110100100000101110000111111010110000110010011100101110001000110001110000101101000111101100010100111010001111100101010100011000011110011001100011010001101110011100101110000010101101010111110101001010101001011110111101100010000101000,10011110111000101100000100001001101101100001001111110111011000111010100011011010000111001000111111011001110011000001101101011000010100111011101010011100101000111100011000110010100100110010001100001010101110000101001000010111100011011111000011000100001111110101101,False,True,False,True,112,0.02875375747680664,0.013034343719482422,0.014992952346801758,0.0007097721099853516
WhatsApp Image 2025-06-02 at 15.33.21.jpeg,1100010011100110110011001100110000011001100110000010001110010011111111100110011100011100110011000000001110011001111111000111100100000001110011000011001100011101111111100111001101100110110001110011001100100100011001110001001111100010011001100001110010011100,1100011001000110110011001100110000011001100110010010001100010011111001100110011000011100110011000000001110011001110111001011100100001001110011010011001100011110111111100111001011101110010001100001001001011100111111110010011111110000111001100001110100011100,True,True,False,False,37,0.024277448654174805,0.010175466537475586,0.013254880905151367,0.0008313655853271484
WhatsApp Image 2025-06-02 at 15.31.31.jpeg,1101011100110111011001111011000100101001110110100000111101010111001000011101001000111001000101100100101101110111100100100111011011001100011011101011011001101111001100100011001100110010010110110010010000100110001101001100001101001100001010000110101011000011,110101001011110010011110101000110111001011001110110100101101000111101110000011110111000010100100101010001011001110000000000111000001011001011001110101100100110010111010000011100001100111101100011011111111010,False,False,False,False,103,0.022062063217163086,0.007439136505126953,0.013127326965332031,0.0014815330505371094
WhatsApp Image 2025-06-02 at 15.31.25.jpeg,1111011011100000110001100100100111100011011100001100111000010111011001100100000000010100010101111100101010100111001101110111011111011010101101101010000101100111000100110010111111100001001001000001011100110010100000111001001011110100100110100011111010001011,111000010110110010010110010111110100011000001010001011110011101100100011110101111111110110100111111011011111101000110001000011101111101111010111110101100000100101111110011111000010110010100011101000011110110,False,False,False,False,106,0.04352998733520508,0.0058269500732421875,0.03621244430541992,0.0014753341674804688
WhatsApp Image 2025-06-02 at 15.30.45 (1).jpeg,1110100010111001110100111010101010011000010100011000111111100111011100001000100110110101110110011110000010000011001110000010010011111111100001110100111000101000110100111000001010001000011111001100001101011101001110100111000100111110010111100110000111100001,1110101010101111111100100010101010001001010100011001101001100101001100001000100110110101110100010110000010000001011100001000001011101011111000110100001101100101010010001011100010000111111101100100001010001101000110100111000010101100011100100101100011001110,True,True,False,False,74,0.028228282928466797,0.013979434967041016,0.013324975967407227,0.00090789794921875
WhatsApp Image 2025-06-02 at 15.30.00 (1).jpeg,1011010010100111100000001111110010010011011110000011110011101101010011111111110000100010110110101101110100000000110011000010010100110110100100001000001101011110000100010011111101001101101111111000011010010110001101100101101011100001101001000011001100001111,0001010010100111100000001101101000010011111110000101111111111100010011111110110010100010110100101001110100110000010011010010010100110110000100001010001101011110000100010011111101000101101111111000011010010110001111100101100001100101101000000011001100001111,False,False,True,True,29,0.02402186393737793,0.009307384490966797,0.013973236083984375,0.0007252693176269531
WhatsApp Image 2025-06-02 at 15.30.42.jpeg,1000000000001000011111101111111111000011010000100001110010011101110101011010011000101110001111011100011111100110000010110001111111110111101010100000110001111001011100100100111000011010000000011111010011111100010011011100000101100010100001100001110110110001,100000010000001001111010111111011100000010010110000100110111101111010100110011110010110000110100110110110100111000000101110110111110100100110000010010100100101010101111101101010001111100110001010011111001001010101000001100010100111110001011011100011011110110010011010100,True,True,False,True,105,0.026947498321533203,0.01125645637512207,0.015083789825439453,0.0005898475646972656
WhatsApp Image 2025-06-02 at 15.30.05.jpeg,1100010011100100001110111011101111000100010010001011011110110100110110001100100010110101010010110111100010011101100001000110111100010010011100111001010010110100011001101110110001111011110010011111011010100100011001101000100101000110110010000100011010100101,110001011000101001101010111001001011110111111110100101111001010111011000010011111011010111000001110000001001110110010100011000110000101010101110011110100010001111100001001100101010010110110100101000011101011111010010100100011001101000000001000110000010010100010010101111,False,False,False,True,114,0.02525806427001953,0.011497735977172852,0.012938737869262695,0.0008053779602050781
WhatsApp Image 2025-06-02 at 15.29.36 (1).jpeg,1001010111100000101101110101110100011010111011100111000111100110001010010001110101000011100100010110110001101110100010100001101010110000101100111000110100101011001101111110001111111101111000011001101101001000001100001011010000101100001111010010010001011010,1000010111110001101101110101110000011010111011100111000111100010001011100001111111000111100100010110111100101110100010100100110100110010111000011000110100101011001100111110001111111101111000011001101100001010001110001001010000111100001111011011001000011011,True,False,True,True,36,0.0263214111328125,0.011822700500488281,0.013856887817382812,0.0006268024444580078
WhatsApp Image 2025-06-02 at 15.30.07 (1).jpeg,1100000100000010000000110100010001111000110001000111001100111101011001101000001011001111111010110000000111001000010110011110101100011100010011111110110111100110011111011011110000001011000110000011110011100000111101110111000100110110110011101111111011000000,1100101100100000100001110100010011110100100100100111001100011100011011110100001101001101101110101001001111101000110110011110101100011100110001111100110101100110011111011110110000001101100110000011101000100101000010110100011000110110101000000111011011100101,False,False,True,False,66,0.028639793395996094,0.01397562026977539,0.013659238815307617,0.0009884834289550781
WhatsApp Image 2025-06-02 at 15.31.27.jpeg,1111010000100100111101000011010001011010101100010000101011000010110111101110011111101100111011100001001000111011000000111001011111010110001100110010110001111110000111110010001111010010001000101000010001000010011011001110000010000111111100011111011100011011,1001100111011100111000001000011011101010001100100000111101110100010001010110110001111111010000000111111001010111111000101001001100010000110010110100110000000000001100110010111000011111010111011101110110001010100111101111010001100011100,False,False,True,False,115,0.0276486873626709,0.01204991340637207,0.014305830001831055,0.0012767314910888672
WhatsApp Image 2025-06-02 at 15.31.55.jpeg,1111100110001100101001100010001101000001110110000111010011011110001100110011001000111111110011000011100110001001011111001101100111000110110001101100011000011111000100100111010100001000011100010011100111101001001011011001100001100110010111100101011110000110,11100000010000111100110001000000100010010001010011000001001111010011111101111111101100010011100001000101000001010101100010001000001101100100101100010000100110010001011000010101001010101000000010001101100101111110011000101,False,False,False,False,106,0.028991222381591797,0.012741804122924805,0.01486968994140625,0.001363992691040039
WhatsApp Image 2025-06-02 at 15.31.20.jpeg,1111011011110010100110011011110100000001110100111010011001101001011010111000000101000110111011100110101010110110010010001101000101111101001101100111011000011010110111010110000001010000000111010010011001100101010111111010001111101100000001000001101010110100,1111011011110010100110011011110100000001100100011010011001101001011010111000000101000110111011000110101010110110010010001101000101111101001101100111011001011110110111010110000001010010000111010010011001100101010111101010001111101101000001000001101010110100,True,True,True,True,8,0.026999711990356445,0.012525081634521484,0.014005899429321289,0.0004534721374511719
WhatsApp Image 2025-06-02 at 15.31.28 (1).jpeg,1011100111101110101110010010100110111000100001001001011011110100110101001011010111001110100011101110011001101011011100100100000000101111011100010010011101110001000101110011110010010001100000101101000010101110110110100001000011111011010101001100110100001100,1011100110101011101110011010111010011000100101001001011010110100110101001011010011001110000010101110011000001010011000100100000110000010011111100011111011000101011100100101011010000000011100010010100110100001010101011011010110101101110101001010100111110010,True,True,False,False,84,0.02786731719970703,0.013898849487304688,0.01316523551940918,0.0007867813110351562
WhatsApp Image 2025-06-02 at 15.32.38.jpeg,1000001000110011100110011011011001101000001110000111000001000111001110110000010010001101100000110100011111111001011000111111100010111000110000111000110010111100010011110011111011101101100011111011000111110001110111100111110000001010000011001111010001100000,10000011001100111001100100110110011010000001100001110000010001110011101100000100100011111100001101000111111010000111001110111000000110001000001110001100111111001001101111011111000111111110011111001000,True,True,False,False,34,0.025414705276489258,0.011110544204711914,0.013129234313964844,0.0011610984802246094
WhatsApp Image 2025-06-02 at 15.32.44 (1).jpeg,1001100010001101010101010111001001101110001011010001101010010010001011110110010111000110100100101111101101001000001110011011011100110111111010100000001011111001110001001101001011110010101001011110100100101010000101100010110101001110100110001010001101001110,100110011000110101010101011100100110111000101101010110101001001000101011011001011100011010010010111110110100110000111001101001100011011101011010000000101111010111000100110100101111001001100101110011001100001110011100000001110001,True,True,True,False,29,0.028929948806762695,0.014202594757080078,0.013726234436035156,0.000986337661743164
WhatsApp Image 2025-06-02 at 15.30.50.jpeg,1011100011001000100001100111111011010001101100110010111111010101101101000101011001110000101010101000101011101001111010010100010000001110000101101000111000011101001100011001100011011000110000101110101001100001100000110011110101010100100101101111111101110011,011001011001001100010000101000000011000000110100101001110111100001000101110000101001110101010010110101100010111100110101100101100011010010111001011011001110000111101110010000001010000100000011000010011100111,False,False,False,False,121,0.019024133682250977,0.005718708038330078,0.011817455291748047,0.001474142074584961
WhatsApp Image 2025-06-02 at 15.32.43 (1).jpeg,1001010101000001100101010100101010000100010100011110110111010110001010101111010111001010111001001011010010111011110010101010110010100110010110111001100100101100011000001101100011010111010100110111001010101100110100011001001001000101011010111011101010110100,100101010100001110010101110010001101001010101111010111001010101101001011010010111001110010101010111010101100000110111001100100101010011100000011100011000101010100100111001010101100110111011001001001000101011111100001101010111100,False,True,False,False,106,0.025421619415283203,0.01158452033996582,0.012683629989624023,0.0011379718780517578
WhatsApp Image 2025-06-02 at 15.30.07.jpeg,1001110001000000100101011011010111000001001111110101111011000000100001110101000101100001001011111001101010010010011001110100110010010110101010111100101100110011001101100101110010001100100010100111001011100110000011010101001111100111101110010001111001101101,10110100010000000101001010111111110000010011111100111110110000001100111101000011001000000011111110011001100100100110101101101000100100101001001111001101001100100011011011001101110010001100101010110011100001001100100001001111011001110111110001001010010110010000101,True,True,True,False,61,0.023788928985595703,0.009937047958374023,0.013291597366333008,0.0005445480346679688
WhatsApp Image 2025-06-02 at 15.30.12.jpeg,1101011001001101101000010010011100111001101101100101101011101001010010110000110110110101001101111000001011010010100111101001010000110101011011010100100110010010010011011001011010100110011010011001001101011000000110011101011111110010101000011110011000011001,00000001110001110110010000100100001001100000111000010110101010000100011000000011101000001111000100000010010010100110111110110011001010101101001001010000000000000101000001110000010,False,False,False,False,85,0.024464130401611328,0.00887751579284668,0.013848543167114258,0.0017244815826416016
WhatsApp Image 2025-06-02 at 15.30.09.jpeg,1011000000111001110100010111000110100011100110011110101000101110100111010010001101101010100000110101011000000100001111001101110001001110011100011011010111011101110010100011100110000101110011010100001110100101100110111010111001100101010100010011001110100110,101101100011100110010001011110011100001110001110111001100000000111011001001000110110110010000011010001101001000100111110010111000011110011011111111101010000110110001011111001010011001011111100011010110111001101010000111111110110101010010001100001110,True,True,False,False,83,0.024523258209228516,0.010588645935058594,0.013131141662597656,0.0007874965667724609
WhatsApp Image 2025-06-02 at 15.29.41.jpeg,1001000100011001110011101100011010001100011110010111000111000010010000110001111011001100011110010000101110000011011000100011000100001000110101001100101111011100000001000110001101111111111000010001001100011111000001111011011101011100111011001110111111001111,1011000010011001110011110110011010001100011110000110000111001000000110110011011111001100111110010000011111001110010100100011000100001100110101001100101111011100000001000010001111011011011000000110010010011011100001111011101011011000011011001110111110000111,True,True,True,False,49,0.02416253089904785,0.010403871536254883,0.013149023056030273,0.0005936622619628906
WhatsApp Image 2025-06-02 at 15.31.29 (1).jpeg,1111101001111110111010100001111100101011100111000000011110011100000001111000010001110011000000011100001011110000000101110111000000000001101111110100000010110100111110001111000101000000101111110001111001011101110100001010111111010000101101100101101011101010,01010101010000101000100000000110101000100011011100110101001010110111110001101001111001100110111011000110101010101111000101010010001011000010000000111000001111011010001100000000011111110000000101100010100110001111111100011,False,True,False,True,123,0.02830815315246582,0.013122797012329102,0.014062643051147461,0.0011072158813476562
WhatsApp Image 2025-06-02 at 15.30.03 (1).jpeg,1001100110010010001001100100100101100111011001100110111010100110100110001001100110011001110110010110001001100110011011100110011000100101001101101100100110111001010010011101100110110110110000100011011001100111011000011111110101001001100011010000110110110100,10011011100100100100111001011001011100100010011011100101110001100011100110011001110110011001100101100110001000100110011001000110101001100011011011110101111111010001110100101010001100101110010000001010011001011100110111001000101101111011001110110011101100110000001,False,False,False,False,82,0.023445844650268555,0.00920557975769043,0.013163566589355469,0.0010612010955810547
WhatsApp Image 2025-06-02 at 15.30.39 (1).jpeg,1110100110011000110101000010011111101010100100101001110101011100001111000100011101101010001011110100000111010000100001110001100100110101111001111110000110100100001011100101011000001100011001011101101010110110110110111110000101000011101101100010010110010101,0110100110011010110101000110011011101010000100101001100101011100001111000000011101101000001011110100000111010010000001100001000000110111111001111110000110100100101011100101011100001101011001011101100011110110110110111110000101000011111101100010011101010101,False,True,True,True,23,0.02683854103088379,0.013180971145629883,0.01312112808227539,0.0005211830139160156
WhatsApp Image 2025-06-02 at 15.30.48.jpeg,1101111111010100101110010000000001010111100000000111110111100110001000100000100110111010101011001101111000000101111101100000100101001111111101001101100101110000001100001101100001001101111111001010110100100010001111110001111001001011001001101110101000001011,011000010101100100001101110001101101011101010010110110100010010000110011111000101010111101000001101110000111000010000100001010001010110101001001010010101001100100101101000111000001100101110110000111011110000011101001001010100100,False,False,False,False,109,0.02087545394897461,0.0064198970794677734,0.01309967041015625,0.0013403892517089844
WhatsApp Image 2025-06-02 at 15.29.59 (1).jpeg,1111111010110100001111110100101100001110111101100000010111111111111000001011101100110100000011100000110100000011111010100100000000010011010010001111011011101100010101010011101000001001000110101100001111010110111000101110010100011100101111100101010001101000,1111111010110110001110110110101100001110111101100100010111111101110000001011101100110100001011100000110100000011111010100100000010010011010110001000001001001101010111110111101000101101100011111110001111010100000001101000010100111100101111100101010001101001,True,True,False,True,35,0.02886819839477539,0.014110803604125977,0.01421356201171875,0.0005278587341308594
WhatsApp Image 2025-06-02 at 15.33.30 (1).jpeg,1110100100100100111111001010010000100001111101110000010111010111000111110001111011001010000010111101001001000001011100100010000000011110110111111100000110010110110000010111110100001010111100100111010101001011111111000001111010001000011101110000001111110001,1010010110001010001010000100011101101101110110100001111111011101001101001010000001110011111000010010011010010001111000000110010010000111111110000010000100010100011101111011111001000011001101100,False,False,False,False,90,0.02517533302307129,0.010333538055419922,0.013240575790405273,0.0015869140625
WhatsApp Image 2025-06-02 at 15.33.25 (1).jpeg,1101100011000101110111011110000111111000110100111100101001111111111001100010110000000111010010000110010110111011001100100001001111101111110000100101100101111000100010100100110010011010111001110010010011000001001110101100001000110100101100000111000100011011,1101110111011001111110101000101111011101011000100110000011001000000010101010011110100111100111001100010100100000001101000000111011110011100011100000010110101110011010010011100001000000000001101011011100110000101010101000100010111101011,False,False,False,False,110,0.03124547004699707,0.015508413314819336,0.014391183853149414,0.001329660415649414
WhatsApp Image 2025-06-02 at 15.30.39.jpeg,1111111101101111001101101110100101001001000110100011011011100100101101100000100001010101111000001111011110000000010101010110100010110100001011000001000111101010101010001101000001110111111010000110101101101110100101101001010101001001011011111010001010010100,00100010000010010000100001100100001000000001000000001011000000000000010000100010000100001011000000000110100111110000110101100011001111001101010000001100000000011101010010001001001,False,False,False,False,89,0.028032302856445312,0.012400150299072266,0.013875246047973633,0.0017440319061279297
WhatsApp Image 2025-06-02 at 15.32.53.jpeg,1001111111001000101100101101000001100000010110111000111010001100011000111101000010011000110001110110111000001010111100010101110011000111001110011000100111000111001111000111001010100011000111111100111010000111101101000110001100111000101110001110111000001110,1101011111100000101010001001000101011000110010111001011110001110011100111111000010011100110111111100111000001000111100010101011001000011100010011000000111000111011111000110000000110011001111111100111111010100001001100100010101100100101110101100110100001110,False,True,True,False,59,0.02438521385192871,0.010425329208374023,0.013153076171875,0.0007905960083007812
WhatsApp Image 2025-06-02 at 15.29.31 (1).jpeg,1111100001011110100011111000001100111101011110001110100001001110100001111110000101110101001001010100111000001101010110111101100001110011010101000101000010100010110100001011001101100111100000010100011001101110101001110100111111100100111101011001100000001100,11000010110100111000011001011001101001110111110001101010010010111000000000100010101100011011101110100011001101010100010110001010001011000100011001011110010011100101101100100110111101001000100100001110,False,False,False,False,86,0.0266571044921875,0.011217355728149414,0.013915061950683594,0.0015101432800292969
WhatsApp Image 2025-06-02 at 15.33.29 (1).jpeg,1000000001100101011111011001000110010000100101101011010101100111001010011010000011001111101111111111001001000000111000111011111100000110100011100101111100111001101000011111100110100111000011100001011100011111010110001110001111001010101000001000000110011100,1011000001111010000100100001110000001111000011100001110111101111001100001001011001010010010101011111000001100110110011001010100111101100000000100011100001001111010000011111100011000110010001011101100011000111010101,False,False,False,False,101,0.027919530868530273,0.01210641860961914,0.014332056045532227,0.0014657974243164062
WhatsApp Image 2025-06-02 at 15.29.26.jpeg,1001001011010001001001011110010101001101001011011100001100011010001100101101011011100100010101000001101100101001000110001001110101111100110101101100111101001010100101000110111000110110101001000110010010111011011010111101100010110011010110011010011001011001,0000001011000001001000001111010101000001001000011111001100101010001100101001011011100110010101000001101100001001000110001001110111101111101101101100111101000011100101000110111000110110100001000110010010111111011010111100100010100011010110111010001001011001,False,True,False,True,31,0.027759075164794922,0.01285409927368164,0.014157772064208984,0.0007317066192626953
WhatsApp Image 2025-06-02 at 15.33.27 (1).jpeg,1111111000011110100000111110101101000000111110000101100000001111010000111111000010010011100101001101100111010000010011010001111001101101110010011010100110111110101011011000100110101101111010010100110110100001010011001001110001100010110110111011000001010000,0111001000110011000110110100011101101010001110101010100001001010011000100010111101011000000001001110001001101101101000101101000110100110000011010000001101110011001101100110100100000010110001110000111000110101010001,False,False,False,False,109,0.026922941207885742,0.012206315994262695,0.013280868530273438,0.0014197826385498047
WhatsApp Image 2025-06-02 at 15.29.35 (1).jpeg,1000010111000111001010100101000110110000011101010101101000001110111101100001001011010111101010101001011000001101100001011111011110011111100101110111000010101001110010101010000001100100010111101101110001101000001011100001011100001011110110100111010110011000,1000000111000011001010101101000110110000011101010101011000101110111101100001100011011111101010101001011000000111100001010110011110011011100101110111000110101001010010101010000101100110010111101101110000101000001010100001011100001111111110100111010010011001,True,True,True,True,24,0.02533888816833496,0.011006355285644531,0.013872385025024414,0.00044417381286621094
WhatsApp Image 2025-06-02 at 15.32.00 (1).jpeg,1101000010011111101010100110000000010011011010100110111001001001100111100011101101110110001011101110001111000011110111000110001111000100000010100111000111010000110011000101100100101111000110001100001111011111000111111111001100000110000100000111000110100111,111010011000110100011001100010110000000001101000110110110110110111111111001100000110110111111110011010111111101111101111101101011000000000101101110101010000001101101111101100010110001011011011111000111101000010010100011000011100100111001111100101111000011010111010010010,False,False,False,False,117,0.02448582649230957,0.010788917541503906,0.012647867202758789,0.0010328292846679688
WhatsApp Image 2025-06-02 at 15.31.26 (1).jpeg,1010011001100110101101100110011001001001100110000000100110011011001110011011001111010100011100001110001010101110101001100010001001011100111110100101100001110100010110100000001010001001100110011111011111101010111010110101010101011000100010001011011001110111,101001100100001010100000000100000100000001101001101100100000101010100010111000100010000001011011101110110000110110000110000110111001100010000000000000010111110111000000011001010001100111100001011010010110011100101100101011001100,False,False,False,False,107,0.031363487243652344,0.015140056610107422,0.01486349105834961,0.0013439655303955078
WhatsApp Image 2025-06-02 at 15.33.26 (1).jpeg,1110100101011010110001111000001110010110101001010011100001111100011010010100101011000111100000111011011010110100011110000111010011000011110010111000011100101001000110000111001000110010110101100110010110100101110011010011100110011011010010100011010011001011,11111100101000101110110000000110000000001010010011010000001101001011110101001011111100001110001111000010101111000000111100000100100110010111001010100000001100010010010100111011010010000111111011010011010101111111111000001,False,True,False,False,99,0.023598670959472656,0.009258031845092773,0.013063907623291016,0.0012612342834472656
WhatsApp Image 2025-06-02 at 15.29.34 (1).jpeg,1011110101011100101000110110001111010010001010111001110010010100000001011011110101111011010010100111000001010010100001001010010111100111101011011101100001011010000011111001000011101000000101010111000111111111001001011110100011110010000011110001111010010000,11101011010110101110001010100111110100001010000110011101010111001000100100011110101101011100011001111100111111110110101111100100011110011110111101010111001010101111010000101100101010011101000000001001111000111101011000010111100001011101100011011101111010110111011,True,False,True,False,126,0.02587413787841797,0.011810541152954102,0.01321101188659668,0.0008370876312255859
WhatsApp Image 2025-06-02 at 15.30.00.jpeg,1111011110001010110010101001110100011001011101011110000110011110111000001001110100110110011110010100100010100110100111010110011000000111111110110110011111111000000000001100010001001101011000101001100000001110101111110001000101101110100000100001011111010100,1111011110001010110000100001110100011001011101011110000110011110111000001001111000110110011110010100101010100110100111010011011100000111111010110110011111011001000000001000010001001101011010101011100000001111100111110100000101101110100000100001011111010100,True,True,True,True,18,0.02680039405822754,0.012681007385253906,0.013710975646972656,0.00039267539978027344
WhatsApp Image 2025-06-02 at 15.30.06.jpeg,1100110110010001110100111100010011100010001100001011010011101110011101011011101100011000101011100000110100100100000010110100010111000111000110000111001001000110111111001001101110111000110001101110110000110001000011110010110000001111011111010000101111011011,1001110110100111111110011011101110101110011111011011011111101101011101110011100100011011000011110001100100001100000110001100010100010000100100000111000001100110110111001011000110110101101001001100010100110001110001110000111010001111011011110000101111011011,False,False,True,True,74,0.02611851692199707,0.011484146118164062,0.013880014419555664,0.0007379055023193359
WhatsApp Image 2025-06-02 at 15.32.47.jpeg,1010001010011101010010011001011001111001001001100110111001100111110000100110100100000111010110101000011100011011010110100010010101111001011111001000100111110000010111101000010110110010100111011010011011011010001110101101000001111011000001010010000101111011,101000101000111101101000100101110011100000100110010010000110111011000000011110010010011101011001110001110000101110011101001111100110100100110110110010111110000010001110000010001011110010011111001100100101100001100110011010010110,True,True,False,False,61,0.02801966667175293,0.013138771057128906,0.013891935348510742,0.0009737014770507812
WhatsApp Image 2025-06-02 at 15.32.45 (1).jpeg,1000000100110001001001000011111001011000101011101001110011001000001101110010001111110000000101100010011000001110000111001100011111011001011110110011010100111001101011101111010110101110011110100011100101111101111010111100010010001100100010000011000001011111,10000100000100000010000100101100010100001011010110011011010010100001101110101011010100001101011000100010000111100001110110000111000001110011001011110010011010100111101100011111111010010011001011100100011110001110101111011110100010010000000100010000011000011011111,False,False,False,True,87,0.029494762420654297,0.015311479568481445,0.013219356536865234,0.0009474754333496094
WhatsApp Image 2025-06-02 at 15.29.59.jpeg,1000000101000110011010100101001010101011010011101001100101100011010100110110101111010011001011001001011010101101101110001101000010101000111110010010011111011011011001101001101010011100101000111000001011000110100110111011100001111000100110101110011000001110,100100010101010101000010000100110010101110001110000111000110001101100001100100000001010001110010001011001000011011011010011101111111011001110000111110011100011000111110011111000110010101111010100011110100100111101110011110100110,True,False,True,False,105,0.028476715087890625,0.014048576354980469,0.01324772834777832,0.0011653900146484375
WhatsApp Image 2025-06-02 at 15.33.26.jpeg,1110010111010010110110100010100111001000111111101010010111000111010100100011100000101001111001100001011001111001111000110011001010111001100001111100111000101001000110010110010000111100000100110110100101100110100110101010110001100110010111011110100000110010,11100000010101101001100001100011100110110011010110100110110011010101011011001001001010011101001100010010001101001110011001111100100111011001101111000110110110110101001111100100000110110110001100010110110110100111100001110000001010101000101110010111111100100110010,False,False,False,False,103,0.026044845581054688,0.011778593063354492,0.013163328170776367,0.0010867118835449219
WhatsApp Image 2025-06-02 at 15.29.34.jpeg,1000111000010110110110010111110001011001110011110111011001101001101100101000110011111000100011110100110011001110000011010111100000110100110011001101010011010011010001011011000110001001101100010010011100100110011010010001011100000011101101100001011010110110,1000111000010110110110010001110001011000110011110111011001101001101100101000110111111100100011100100110011001110000011010111100000110100110011101100010011010001110011011011000100100001101100010010111100010110011011010011011100000011101101001001011010110100,True,True,True,True,22,0.02437448501586914,0.010850906372070312,0.013072729110717773,0.00043582916259765625
WhatsApp Image 2025-06-02 at 15.29.40 (1).jpeg,1010101010010101010000001110101110101101101011010110001010111110110100101011101101110010100010100100100001000101010111011100110001101011001101101010100000110110011111101101101010110011010100010010101100000101000110100101111100100000110100101010111110000001,10000000011100111010100001000100100000100011110000101101110000011000101110110010110111100100010010000101010001101111011001010110111111110110100000000111100000001010101100000010010101101011100010110100110010101100001100111000100000010100010011010000100101110001100,False,False,False,False,146,0.026250123977661133,0.01148676872253418,0.013683557510375977,0.0010635852813720703
WhatsApp Image 2025-06-02 at 15.32.51 (1).jpeg,1111000101111010111001101110100111001011101101001000100101110010101101101101101010010001101011011110101101000110011011001101100110010011001001101110110110000001011001101100010010010001101101000110100101001001100000101100100110000001101101101010011011000100,1111000101101010111001101110101111001111101101001000100101110000101101101101101010010001101011011110001101000111011011001101100010011010001101001110000111000011001001101100011110011000001101110110101101001001100000101000110111000001101101101110000011000000,True,True,False,True,31,0.022104263305664062,0.008440017700195312,0.012925148010253906,0.0007238388061523438
WhatsApp Image 2025-06-02 at 15.32.02 (1).jpeg,1010110101110001111011010000000101110010000011100101000101001100000100101001100000001010101010100101010101001100000000111111100000100011110111011011010111111011100010101110111111000101011100111010011011010101000010110011101101001101101010010000101111111001,1011011001110000001000000110001101001111000001010000000011101111100100010000001110111010110101110110101001000110101001111011011010011101000000010100100111010010001001010101111110110001111101101100011001100110011101000001001010000100111,False,False,False,False,118,0.02465033531188965,0.010186910629272461,0.01315164566040039,0.0012967586517333984
WhatsApp Image 2025-06-02 at 15.31.21.jpeg,1100001010010010101001010110110110000000111110101101101000000011001011010110110111010011100101101101101101101101011111001111001000100001000111001100111010100011011011000111000001100110001011001000001110010110111001000111101100110111000101011001011010000011,0100001010010010101001010110110110000000111100101101100001000011001011010110110110010011100101101101101001101101011111100001001000001011001111111101000111101011011011000001010100100111011010011100000011011110111001010110101100110111000101011001011010010010,False,True,False,True,41,0.02506279945373535,0.011241674423217773,0.012994527816772461,0.0008111000061035156
WhatsApp Image 2025-06-02 at 15.32.04.jpeg,1100001110001110111001100100110000111000111100010011000000110111001011101000111110011001001100100110010011011001011001110000011010011011100011001111100001110001000001111110011010001111100100011110010011100000001101110000110011011001000111111110001001101110,0101011101101011010100001101100011101010100101111011001111001101010011110100011110010101101011101101011111001111111010111001111110011001101000110101010011011001110011010110010101110010010001110101110010101110100011010001001101001110000,False,False,False,False,115,0.025402545928955078,0.011178255081176758,0.012904882431030273,0.0013041496276855469
WhatsApp Image 2025-06-02 at 15.29.37.jpeg,1000011101010111010110010011110001110110011110010001101010001000001111101000001111100101101001111101000001111010001101100101100010001101100001011000101101110011011101101100101000100101100110100100001011010010110010100011000110110111001011010100110011011010,1000011101010111010110010011110001001100011110001001101010001000001101101000001111100101101001101101100001111000100111100111100000101101110001010010100111010111011101100100100000110111101110010100100011000010110010001001010110110111001011010111011011011000,True,True,True,True,42,0.024878263473510742,0.010657072067260742,0.013678312301635742,0.0005271434783935547
WhatsApp Image 2025-06-02 at 15.29.41 (1).jpeg,1001111010010010011001101101001011100011011011110001110100101011001110001101000000110010111001101100111001100110000000001111000000100111100100011000111100010001001101101010011110001001100011111101100000111100111011100111000110011001111000001110011100111001,100100010001001011100101101000101110001101111011100110100101100001101010011101100101101100001110010010110111001100110000111100011100011110000100011110011001010000111000100100001100011010011011001110111111110100100010111011010000,False,False,False,False,94,0.03005218505859375,0.014484882354736328,0.014186382293701172,0.0013651847839355469
WhatsApp Image 2025-06-02 at 15.30.44 (1).jpeg,1001010111100010111011110001101000110011110011101101000001001010011001101010100010110001010011000101001101100100011100101011110000011010110011100010011001101011110100110001110011101001101101001011001100110010110010011011011000110010110101011100100100011010,01000001100010110101100101110011100000010100001001000010010001001000100000001001101100001110110110110100010001001010100010010011101101001110100111001001010011000101000010101000010111011001010100100111001000101000010010010000000100101001100001101101011111111101101,False,False,False,False,116,0.01854872703552246,0.005826234817504883,0.01168680191040039,0.0010204315185546875
WhatsApp Image 2025-06-02 at 15.31.30.jpeg,1110110010011001101110110001110110001011000011011110001100011111001000010000101101100110010001110011100111100011100100001110001100011000111011001001110001110001111000010001100111100100001111001010111100111000101010010101110010011110001010111001000011011010,1100100011111101101010111011100001010100111000111000111111110101010010000101100000001100000010000010001011111000010000011001110111001001000111110000110001001100011001110011111101011010101100001000000000001001101101011010101110001011011011101110110100000000,False,False,False,False,134,0.031466007232666016,0.016103506088256836,0.014202594757080078,0.0011432170867919922
