Image Name,Computed Full Hash,Extracted Full Hash,WM Present (Top Left),WM Present (Top Right),WM Present (Bottom Left),WM Present (Bottom Right),Total Hamming Distance,E2E_time,Fingerprinting_time,wm_time,ECC_time
photo_2025-06-02_15-24-03 (2).jpg,1111111000011010000000011010010100000000010111001111111101010000000001011011111111111010010111100110000010100000110110000011111100111011010000101110110000111101010010011111010010010111000100110110010010101101110000001111100010110111011000110110101100000101,1111111000011010000000011010010100000000010111001111111101010000000001011011111111111010010111100110000010100000110110000011111100111011010000101110110000111101010010011111010010010111000100110110010010101101110000001111100010110111011000110110101100000101,True,True,True,True,0,0.020838499069213867,0.00709223747253418,0.013290166854858398,0.00044155120849609375
photo_2025-06-02_15-20-50.jpg,1011001101000100101100001110111010010110001011010001101101110011111010010011101011110111001000110111100011110100011010011100111100111110000111011011000011000001001110010001100100110001101101001001110000000000100010011100110011011000110001101100011111001100,1011011101000100001110001111111010010110001001010001101100110011111010010011001011110111001000110111110011110100011010011100111100111110000111011011000011000001001110010001100100110001101101001001110000000000100010011100110011011000110001101100011111001100,True,True,True,True,8,0.022799253463745117,0.008585453033447266,0.013665199279785156,0.0005335807800292969
photo_2025-06-02_15-20-45.jpg,1000010000010101101101010000000101010101011110000001010101011000111111111000101011001100011101010001101100001101010100000000010001100111111100110001110111111010100100010001110011101010110000110000110111111110100011101111010111010001110101010111001101110000,1000010000010101101101010000000101010101011110000001010101011010111111111000101011001100011101010001101100001101010100000000010001100111111100110001110111111010100100010001110011101010110000110000110111111110100011101111010111010001100101010111001101110000,True,True,True,True,2,0.020736217498779297,0.007016420364379883,0.01314544677734375,0.0005593299865722656
photo_2025-06-02_15-23-47.jpg,1100001100000100110101100000001001111001110000110100001111100001010000100011111001111100001111101001110000001101110001110100100100111000100110000001100000110110110000110110011111011001100010110000110010111000011101101111100110011001110011011111101110110111,1100001100000100110101100000001001111001110000110100001111100001010000100011111001111100001111101001110000001101110001110100100100111000100110000001100000110110110000110110011111011001100010110000110010111000011101101111100110011001110011011111101110110111,True,True,True,True,0,0.020792722702026367,0.007175445556640625,0.013145208358764648,0.0004572868347167969
photo_2025-06-02_15-20-41.jpg,1000010100101010101001001100010111100011001100100001110110000110101111111100111011101110111101011100001100111011000100011001100100001100011110010011101001100110110100000110000110000110101110100001100110001100111011100100001011110100100001001110001111110011,1000010100101010101001001100010111100011001100100001110110000110101111111100111011101110111101011100001100111011000100011001100100001100011110010011101001100110110100000110000110000110101110100001100110001100111011100100001011110100100001001110001111110011,True,True,True,True,0,0.02134108543395996,0.007730245590209961,0.013086557388305664,0.0005099773406982422
photo_2025-06-02_15-20-09.jpg,1000011101010111010110010001110001001100011110001001101010001000001101101000001111100101101001101101100001111000100111100111100000101101110001010010100111010111011101100100100000110111101110010100100011010010110010001001010110110111001011010111011011011000,1000011101010111010110010011110001001100011110001001101010001000001101101000001111100101101001101101100001111000100111100111100000101101110001010010100111010111011101100100100000110111101110010100100011000010110010001001010110110111001011010111011011011000,True,True,True,True,2,0.022310256958007812,0.008008241653442383,0.013823270797729492,0.00046372413635253906
photo_2025-06-02_15-20-22 (2).jpg,1110011101001001110111011011011011011011010110100100110111001011000000111001001000110010001100100011101011110010001101101100101110010110100100101100010011011010111001000101100010111100010111110000110100100000000111110010000001110001101011101110100000011011,1110011101001001110111011011011011011011010110100100110111001011000000111001001000110010001100100011101011110010001101101100101110010110100100101100010011011010111001000101100010111101010011110000110100100000000111110010000001110001101011101110100000011011,True,True,True,True,2,0.02018570899963379,0.007059574127197266,0.012645959854125977,0.00046539306640625
photo_2025-06-02_15-23-52.jpg,1000011101100000001001000111101101101001010101100101000111100110101101111010101101111111100101000111100000011100011000010110101010010101110001110001111010000111110010000111100001100101110110011101111100100001001100101011110111001011000100000000100111001001,1000011100100000001001000111101111101001010101100100010111101010101101111010101101111111100101000111100000011100011000010110101010010101110001110001111010000111110010000111100001100101110110011101111100100001001100101011110111001011000100000000100111001001,False,True,True,True,6,0.02156805992126465,0.007852792739868164,0.013096809387207031,0.0006041526794433594
photo_2025-06-02_15-24-19.jpg,1000000001111111111111010101111110111101100000000001011111100000011000101111010101000001000111111011110100001010101100100110100111000110111001000001010010011110011010011101001100001111010000001001000100101111001100101110000101001110010111011100100111010010,1000000001111111111111010101111110111101100000000001011111100000011000101111010101000001000111111011110100001010101100100110100111000110111001000001010010011110011010011101001100001111010000001001000100101111001100101110000001101110010111011100100111010010,True,True,True,True,2,0.020563364028930664,0.007056236267089844,0.013102054595947266,0.0003902912139892578
photo_2025-06-02_15-19-59.jpg,1000000100110110100100000110111101001110101011110000000111110101101110011010100111011110000110101101110000011100100000111101010100000010001011010111101100111000110110011000101111001011100100010011000011000101001011010001101111001110001001100100100111111110,1000000100110110100100000010111101001110101111110000000111110101101110011010100111011110000110101101110000011100100000111101010100000010001011010111101100111000110110011000101111001011100100010011000011000101001011010001101111001110001001100100100111111110,True,True,True,True,2,0.021646976470947266,0.007788181304931641,0.01349186897277832,0.0003502368927001953
photo_2025-06-02_15-20-30.jpg,1101110001100000000100011101110011110001100011011010000011110001010010011000100110011001101111010110001100110000100011110001111101110000011110001000001101100111001111100011111011110010001100010001111000100011101100110110111010110111010000000111000010110111,1101110001100000000100011101110011110001100011011010000011110001010011011000100110011001101111010110001100110000100011110001111101110000011110001000001101100111001111100011111011110010001100010000111000100011101100110110111010110111010000000111000010110111,True,True,True,True,2,0.021061420440673828,0.007710933685302734,0.013005733489990234,0.00032973289489746094
photo_2025-06-02_15-23-50.jpg,1100001110010001000111001011110000100001010011111110011010110011001001111111100001101000010011001000110011110010111001001110111100000011000111001100110010001100001111011010011001010010011010010100100110110110101000111100110111111101001100101100001011100100,1100001110010001000111001011110000100001010011111110011010110011001001111111100001101000010011001000110011110010111001001110111100000011000111001100110010001100001111011110011001010010011010010100100110110010101000111100110111111101001100101100001011100100,True,True,True,True,2,0.021208763122558594,0.007569074630737305,0.013150691986083984,0.00047397613525390625
photo_2025-06-02_15-24-16 (3).jpg,1000000100110001110011001101100100101001001001100111001011011011010011110010011010010000110101111101001100110001011111101110011101110001000110001100010001110011001110001000110111010001001101011100111101001011001101101010110001000010011100111000110011010011,1000000100110001110011001101100100101001001001110111001011011011010011110010011010010000110101111101001100110001011111101110011110110001000110001100010001100011001110001000110111010001001101011100111101001011001101101010110001000010011100111000110011010011,True,True,True,True,4,0.021172523498535156,0.007388114929199219,0.01334834098815918,0.00041961669921875
photo_2025-06-02_15-24-23 (2).jpg,1111110000100110000010111110000100000011100111001111011000111111111111000110001001110001110011000000011110011011000110000011110011101100011101001110001110000111110011100100100000111001100110000001100111100111001001110001111010011000111000010011011001001100,1111110000100110000010111110000100000011100111001111011000111111111111000110001001110001110011000000011110011011000110000011100011101100011101001110000111010111110011100100110000111011110110000001100111100111001001110001111010011000111000010011011001001100,True,True,False,True,7,0.02217888832092285,0.008067607879638672,0.013529777526855469,0.0005660057067871094
photo_2025-06-02_15-23-56.jpg,1000011110110000000111001111001111011110011000000010100100101000100100011110011110101001011001000010110110011101111000110110111010110010111100011100000101101100101001110010011110010110100000001100100001110010110011001011001101100111101001110001001101011011,1000011110110000000111001111000111011110011000000010100100101100100100011110011110101001011001000010110110011101111000110110111010110010111100011100000101101100101001110010011110010110100000001100100001110010110011001001001101100111101001110011001101011011,True,True,True,True,4,0.020956993103027344,0.007478952407836914,0.013087034225463867,0.0003764629364013672
photo_2025-06-02_15-24-20.jpg,1110011011101100010001000010100010011001010100110011100111010110110110000011000010010001101010111100011111011010000110100001010011010010111001110100100101101000011010110101001000100111100101110110110001111100010011011100100010010011100010111011111000111011,1110011011101100010001000010100010011001010100110011100111010110110110000011000010010001101010111100011111011010000110100001010011010010111001110100100101101000011010100101001000100111100101110110110001111100010011011100100010110011100010111011111000111011,True,True,True,True,2,0.021676301956176758,0.007830142974853516,0.01309061050415039,0.0007412433624267578
photo_2025-06-02_15-20-37.jpg,1100111100110011100100110111100000110011010011000110000010001110110011001011001100101101001100010110101100110110110001111000011011000110111001001011011001110001001101101100100110011000110011000110001001000100011001101100100011100111100110111001110100111001,1100111100110011100100110111100000110011010011000110000011001110110011001011001100101101001100010110101100110110110001111000011011000110111001001011011001110001001101101100100110011000110011000110001001000100011001101101100011000111100110111001100100111001,True,True,True,True,4,0.020745515823364258,0.007269859313964844,0.013070344924926758,0.0003905296325683594
photo_2025-06-02_15-20-23 (2).jpg,1000001110010001101100100011110011111001000111110100011111000001010001111011000100011100001111000000100011001111000010001100011110010110111000001110010011101000101010010100111011110010000011101111100011010011010111110111000001000111001111000110011111001101,10000011100100011011001000111100111110110001111101000111110000010100011110110001000111000011110000001000110011110000100011000111100101101110000011100100111010001010100101001110111100100000111011111000110100110101111101100000010101110011110000100111110011000000001,True,True,True,True,5,0.021789073944091797,0.00797414779663086,0.013189315795898438,0.0006108283996582031
photo_2025-06-02_15-23-57.jpg,1101011001001101101001100111001101000110001100110001100101101110000010011001001111100011100100010110110101101001110011101100101000011001110111000001100100001100010101100001101111100110101001011100101100101101100101101000101000010101111101100100100111011100,1101011001001101101001100101001101000110001100110001100101101110000010011001001111100011100100010110110101101001110011101100101000011001111111000001100100001100010101100001101111100110101001011100101100101101100101101000101000010101111101100100100111011100,True,True,True,True,2,0.02035045623779297,0.00672149658203125,0.013050079345703125,0.0005633831024169922
photo_2025-06-02_15-24-26.jpg,1100000111110010111000011101001000111110000011000011111000011100001110101110100111000001111001111100001001001101001000111100000000110100100110111101110000011111110001111000000000111011101001000011010101011001110000111111000111001000110101100011111000011111,1100000111110010111000011101001000111110000011000011111000011100001110101110100111000001111001111100001001001101001000111100000000110100100110111101110000011111110001111000000000111011101001000011010101011001110000111111000111001000110101100011111000011111,True,True,True,True,0,0.02092576026916504,0.007164955139160156,0.013323545455932617,0.0004215240478515625
photo_2025-06-02_15-24-23.jpg,1110100101111010100110111000000110010110100001010110010000111110011010010111101010011111111000011100011110000101011110000001111000111000011110001100011110100001110000110001001010011110011100100010010010100101011010010000110110011010011010101110011111100001,1110100101111010100110111000000110010110100001010110010000111110011010010111101010010111111000011100011110000101011110000001111000111000011110001100011110100001110000110001011010011110011100100010010010100101011010010000110111011010011010101110011111000001,True,True,True,True,4,0.021625280380249023,0.0074274539947509766,0.013564586639404297,0.0006165504455566406
photo_2025-06-02_15-20-20.jpg,1101000011000111111100011001100000001100001011100111110001100010011101000010111001110110010000111110000110000000010011111100101111001101100010010110010110000000101101100100001101111100001011101101110001100011001011000111111011110001100110110110100011100111,1101000011000111111100011001100000001100001011100111110001100010011101000010111001110110010000111110000110000000010011111100101111001101100010010110010110000000101101100101001101111100001011101100110001100011001011000111111011110001100110110110100011100111,True,True,True,True,2,0.022411346435546875,0.007787942886352539,0.014186382293701172,0.00041794776916503906
photo_2025-06-02_15-20-49 (2).jpg,1101111100101001000000101111010101101101100100110000010110110010110110110110011100000110010010001000010010111011011111001100001000001001101111001111111100100011000100111111110011110110010011010000110110110000011001001011011010011001001001000100001101101101,1101111100101001000000101111010101101101100100110000010110110010110110110110011100000110010010001000010010111011011111001100001000001001101111001111111100100011000100111111110011110110010011010000110110110000011001001011011010011001001001000100001101101101,True,True,True,True,0,0.02158188819885254,0.007139921188354492,0.014028787612915039,0.0003948211669921875
photo_2025-06-02_15-20-07 (2).jpg,1000111010001101111001010011010111010010011100101010100111110100011100101001111100000010001010000010010111110011010111101000110001001001000111011101100100101010110100101001000010110111011111010010110100111011011011101010011111000011010010011001000000110100,10001110100011011110010100110101110100100111001010101001111101000111001010011111000000100010100000100101111100110101111010001100010010010001110111011001001010101101001010010000101101110111110100101101001110110110111010100111110000110100100110010000001101000000100,True,True,True,False,0,0.023118972778320312,0.008123636245727539,0.014298200607299805,0.0006792545318603516
photo_2025-06-02_15-23-51.jpg,1000001010111011001011011010011001111100010001011001011000111000100000011011001001011111010011110011111010110100101000000011000011011000010010110110011111111110010110111011000000101100010011011001011000100110110010111111100101010100110001000011001100100111,1000001010111011001011011010011001111100010001011001011000110000100000011011001001011111010011110011111010110100101000000111000011011000010010110110011111111110010110111011000000101100010010111001011000100110110010111111100101010100110001000011001100100111,True,True,True,True,4,0.022434473037719727,0.007105588912963867,0.014517068862915039,0.0007941722869873047
photo_2025-06-02_15-20-36 (2).jpg,1111111111001000100111010110010001001000001011111010011011001101000111001101001100110011010101001101000000011111100101110110110101000011000110101100001011111111001000100010100111100101000010010110110011100110011000111100011011100100100000101111000100001011,1111111111001000100111010110010001001000001011111010011011001101000111001101001100110011010101001101000000011111100101110110110101000011000110101100001011111111001000100010100111100101000010010110110011100110011000111100011011100100100000101111000100001011,True,True,True,True,0,0.024001121520996094,0.009245157241821289,0.014081001281738281,0.0006570816040039062
photo_2025-06-02_15-24-20 (3).jpg,1000001110101100101000111111000001000011011000001101100011100111001011000001111101011001011110111110000100010100001000111110111010010110111010000011010001111011011010010001101110001111100101101011001001110100010001001110010101001101111100010011101000101010,1000001110101100101000111111000001000011011000001101100011100111001011000001111101011001011110111110000100010100001000111110111010010110111010000011010001111011011010010001101110001111100101101011001001110100010001001110010101001101111100010011101000101010,True,True,True,True,0,0.03814339637756348,0.013762235641479492,0.02393317222595215,0.0004291534423828125
photo_2025-06-02_15-20-26.jpg,1101000001010101110011110001011110000111000001101011010010101000000101000111101101100010111001110000111100010111101110000101100000000101111001101110001101101001000110000001000110111111011001100110001100001110100110011001001100111100011110011110011111110100,1101000001010101110011110001011110000111000001101011010010101000000101000111101101100110111001110000111100010111101110000101100000000101111001101110001101101001000110001001000110111111011001100110001100001110100110011001001100111100011110010110011111100100,True,True,True,True,4,0.02161550521850586,0.0072515010833740234,0.013766765594482422,0.0005807876586914062
photo_2025-06-02_15-23-36.jpg,1001101011111010101110110111100101000001000000010100111001011000011001011101111100110011100011100011101001100100110111010001000110110001001101101101110011011110110011100110010100101101100001111001000110011000100101001110000001100010001001100011000111001111,1001101011111010101110110111100101000001000000010100111001011000011001011101111100110011100011101011101001100100110111010001000110110001001101101100110011011110110011100110010100101101100001111001000110011000100101001110000001100010001001100011000111001111,True,True,True,True,2,0.023737668991088867,0.007828712463378906,0.015485763549804688,0.0004057884216308594
photo_2025-06-02_15-20-37 (3).jpg,1101000010001100011111010100100000110000011111011111100111111011000110100011000101111011101111001000101010110010111010101010111000011011100010001100011001000111001000010001101111000110011001111110011001101111010001000100100011001110101000011011000100011010,1101000010001100011111010100100000110000011111011111100101111011000110100011000101111011101111001000101010110010111010101010111000011011100010001100011001000111001000010001101111000110011001111110011001101111010001010100100011001110101000011011000100011010,True,True,True,True,2,0.021557331085205078,0.007469892501831055,0.013628005981445312,0.0004413127899169922
photo_2025-06-02_15-24-13 (2).jpg,1101111100011011000101101010010111000001101011101110000010001100010000000111000000111101000110111110111100000100001101110111111000101010110010011110010111100101110010010111110000000011111100111010010101010001010110111011101100011110100001010101000010100100,1101111100011011000111101010010111000001101011001110000010001100010000000111000000111101000110111110111100000100001101110111111000101010110010011110010111100101110010010111110000000011111100111010010101010001010110111011101100011110100001010101000010100100,True,True,True,True,2,0.024060726165771484,0.009026050567626953,0.014271736145019531,0.0007448196411132812
photo_2025-06-02_15-23-49 (2).jpg,1001011010001011111010011111101110011100010101000100011110001000101110000110111011010000101101110010011110010111000111000100000011011010100010101110000101110111110001010011010000011110110001110011001001101001110001100010110010100001100101110010110011010101,1001011010001011111010011111101110011100010101000100011110001000101110000110111011010000101101110010011110010111000111000100000011011010100010101110000101110011110001010011010000011110110001110011001001101001110101100010110010100001100101110010110011010101,True,True,True,True,2,0.024238109588623047,0.008927106857299805,0.014906883239746094,0.00038695335388183594
photo_2025-06-02_15-20-56 (2).jpg,1000111000001001011100011100001010111111001101100011110011100010011001110001110110001000011100100111100100000110111011100001100010010001110000110111101111111100110001100111100110011000100011100111000101000001010101100010000010011000110111100110101100111111,1000111000001001011100011100001010111101001101100011110011100010011001110001110110001000011100100111100110000110111011100001100010010001110001110111101111111100110001100111100110011000100011100111000001000001010101100010000010011000110111100110101100111111,True,True,True,True,4,0.0216372013092041,0.007477521896362305,0.01353907585144043,0.0006041526794433594
photo_2025-06-02_15-20-02 (2).jpg,1000011101010000010001101100110110010011000001011111110100110110011011001011010000001010110000110001001011001010111001010000111011111001101100011011011001111100010010001110101100010011001000111010110110011100111001110001111010100100011110011001101000110011,1000011101010000010001101100110110010011000001011111110100110110011011001011010000001010110000110001001011001010111001010000111011111001101100011011011001111100010010001110101100010011001000111010110110011100111001110001111010100100011110011001101000110011,True,True,True,True,0,0.024233102798461914,0.007798433303833008,0.015974998474121094,0.0004336833953857422
photo_2025-06-02_15-20-19 (2).jpg,1001010101010001100011010011101110000101011110111111111111000000001011000111000100110010001111111111101110011000100000011000111000100000101011111101111111001010110000010011100000000100011101111101110110000100001000110001000110000000011111111101110111000100,1001010101010001100011000011101110000101011110111111111111000000001011000111000100110010001111111111101110011000100000011010111000100000101011111101111111001010110000010011100000000100011101111101110110000100001000110001000110000000011111111101110111000100,True,True,True,True,2,0.022316455841064453,0.008040428161621094,0.013812541961669922,0.0004475116729736328
photo_2025-06-02_15-19-57.jpg,1001001011010001001101001110010101001101001010011101001100011010001100101001011011100110010101000001101100001001000110001001110111101110100101101100111101001010100101000110111000110110101001100110010010111111011010111100100010100011010110111010011001011001,1001001011010001001101001110010101001101001010011101001100011010001100101001011011100110010101000001101100001001000110001001110111101110110101101100111101001010100101000110111000110110101001100110010010111111011010111100100010100011010110111010001001011001,True,True,True,True,2,0.023964643478393555,0.009076833724975586,0.01439046859741211,0.00048089027404785156
photo_2025-06-02_15-24-02 (2).jpg,1000001100110011100110011011011001101000000110000111000001000111001110110000010010001111110000110100011111101000011100111011100000111000110000111000110011111100000011110011111011101101100011111111000111110001110111100111110000001100000011000111011001100000,1000001100110011100110011011011001101000000110000111000001000111001110110000010010001111110000110100011111101000011100111011100000111000100000111000110011111100100011110111111011101101100011111111000111110001110111100111110000001100000011000111011001100000,True,True,False,True,3,0.02192974090576172,0.007688760757446289,0.013437747955322266,0.0007872581481933594
photo_2025-06-02_15-20-32 (2).jpg,1011011000100101101101100111001011011010111000000100110101100101111001001001101001110010110110101001100111001101100110000011011000111000001100001100110110010011011110001100111010000101100011100101001110011100101010011110100110011110001001100111101000011000,1011011000100101101101100111001011011010111000000100110101100001111001001001101001110010110110101001100111001101100110000011011000111000001100001100110110010011011110001100111010000101100011100101001110011100101010011110100110011110001001110111101000011000,True,True,True,True,2,0.021037817001342773,0.007487297058105469,0.013115167617797852,0.0004200935363769531
photo_2025-06-02_15-20-00.jpg,1111101001101001111111110100010110000110000001011100000011011110110100011111100010000101000010101000010100101010101100001110111000011001101010110101100100111000111110001011000101111000101101010101010010100100110111001010000010111111101000010011111110001001,1111101001101001111111110100010110000110000001011100000011011010110100011111100010000101000010101000010100101010101100001110111000011001101010110101100100111000111110001011000100111000101101010101010010100100110111101010000010111111101000010011111110011001,True,True,True,True,4,0.02299189567565918,0.0074481964111328125,0.014796018600463867,0.000728607177734375
photo_2025-06-02_15-24-03.jpg,1001110000100111111110000000011110010011111110110011011011001000001100001100011111000111000011000011110010011100001100111101000010011000001101101100110100110111100110001110101010000111100111100111100111100000011010110011100000100101110011010011001011010001,1001110000100111111110000000011110010011111110110011011011001000001100001100011111000111000011000011110010011100001100111101000010011000001101101100110100110111100110001110101010000111100111100111100111100000011010110011100000100101110011010011001011010001,True,True,True,True,0,0.02236485481262207,0.008339643478393555,0.013656139373779297,0.0003535747528076172
photo_2025-06-02_15-20-38.jpg,1110100110011000110101000110011011101010100100101001100101011100001111000000011101101000001011110100000111010010000001100001000000110111111001111110000110100100101011100101011100001101011001011101100011110110110110111110000101000011111101100010011101010101,1110100110011000110101000110011011101010100100101001100101011100001111000000011101101000001011110100000111010010000001100001000000110111111001111110000110100100101011100101011100001101011001011101100011110110110110111110000101000011111101100010011101010101,True,True,True,True,0,0.022493600845336914,0.008679389953613281,0.01339411735534668,0.0004050731658935547
photo_2025-06-02_15-20-52.jpg,1100011100010001001110000110111010111000011011100100011110010001100110000110000001101010010000011011110010001110010000111010010110011010110011110011010011100010110110110000111001000111110110011010011110110100101110001101110001101011101011011011000101000110,1100011100010001001110000110111010111000011011100100011110010001100110000110000001101010010000011011110010001110010000111010010110011010110011110011010011100010110110110000111001000111110110011010011110110100101110001101110001101011101011011011000101000110,True,True,True,True,0,0.02873682975769043,0.012136459350585938,0.015927791595458984,0.0006549358367919922
photo_2025-06-02_15-24-09.jpg,1000010000010101001001000010110001010000001111111001101101101010000111111010101111010000110101100010001000011110000111011000011111011001011110010011010100111101101011111111010110011001011110100011100001110101111011110100010010000000100010000011000011011111,10000100000100010010000000101100010100000011010110011011010010100001101110101011110100001101011000100010000111100001110110010111000001110011001011110010011010111111100100011111111010010011001011110100011110001110101111011110100010010000000100010000011000011011111,False,False,False,True,64,0.024027585983276367,0.009448766708374023,0.013641595840454102,0.000919342041015625
photo_2025-06-02_15-20-09 (2).jpg,1110010111000111101101100001110000110000010110001000111101100011100111110011000111111000110011001101110001100110110011011100011011101000100011101111001100011100111100011001100011000001101110111110011000111001110000001001100010000000001111010000011000111001,1110010111000111101101100001110000110000010110001000111101100011100111110011000111111000110011001101110001100110110011011100011011101000100011101111001100011100111100011001100011000001101110111110011000111001110000001001100010000000001111010000011000111001,True,True,True,True,0,0.02092885971069336,0.007219552993774414,0.013299226760864258,0.0003941059112548828
photo_2025-06-02_15-24-17.jpg,1101011101111111110011011011001110001000000101010111000100101111100000001011011100110011011000001000011110110110110000000001110101011101111010000011000001110100011110010010111110000110000101100111000101100010001111101101000101101101101110010001101010000101,1101011101111111110011011011001110001000000101010111000100101111100000001011011100110011011000001001011110110110110000000001110101011101111010000011000001110100011110010010111110000100000101100111000101100010001111101101000101101101101110010001101010000101,True,True,True,True,2,0.021116971969604492,0.007672309875488281,0.012964963912963867,0.00046515464782714844
photo_2025-06-02_15-20-08.jpg,1000010111110001101101110101110000011010111011100111000111100010001010100001110101000111100100010110110100101110100010100000101000110010111000011000110100101011001100111110001111111101111000011001101100001010001110001001010000111100001111011011001000011011,1000010111110001101101110101110000011010111011100111000111100010001010100001110101000111100100010110110100101110100010100000101000110010111000011000110100101011001100111110001111111101111000011001101100001010001110001001010000111100001111011011001000011011,True,True,True,True,0,0.022075414657592773,0.00799250602722168,0.013749361038208008,0.0003190040588378906
photo_2025-06-02_15-20-18 (2).jpg,1111100001111010110011011101100111000111101101010011101001110011110001001101101101101011001001001001111010001001110001000011000000110011101001011100110010010001010110100011011010110110010010011000100010011001010110100100011011000010110000111001110010110101,1111100001101010110011011101100111000111101101010011101001110011110001001101101100101011000101001001111010001001110011001011000000110011101001011100110010010001110110100010011010110101000010111000100010011001010110100100011011000010110000111001110010110101,True,False,False,True,12,0.022179126739501953,0.00815272331237793,0.013073444366455078,0.0009377002716064453
photo_2025-06-02_15-23-54 (2).jpg,1100001111000011111001001001101010011000011110000110010001110011000001111100001110011010001110000110110000110010100000111100111011011111100111100110011011001111100110111000001111111011100000000011111010010011110110010010011101100100001100110001110000100100,1000001111000011111000001001101010001000111110000110010001110011000001111100001110011010001110000110110000110010100000111100111011011111100111100110011011001111100110111000001111111011110000000011111010010011110110010010011100100100001100110001110000100100,False,True,True,True,6,0.021453142166137695,0.007831573486328125,0.013000726699829102,0.000606536865234375
photo_2025-06-02_15-24-12.jpg,1100000100110010010010100010001001001100100000000110110000001100011101110000101001110100100111001001010011011101100001101101100100100011110100111110001100110011111110000011100011001001101111001001101110101110000110111110111010001111111011001000111111101100,1100000100110110010010100010001001001100100000000110110000001100011101110000101001110100100111001001010011011101100001101101100100100011110100011110001100110011111110000011100011001001101111001001101110101110000110111110111010001111111011001000111111101100,True,True,True,True,2,0.020235300064086914,0.006664276123046875,0.013098478317260742,0.0004582405090332031
photo_2025-06-02_15-20-13 (2).jpg,1010010110010010011001011010011011100011011110111001100000011010001111001001010001110000010001101100111001101110001110001111000001110111000100111000111100011011001111000100011110011001110011111100110010111100101011000111000010011000110000001110011100110001,1010010110010010011001011010011011100011011110111001100000011010001111001001010001110000010001101100111001101110001110001111000001110111000100111000111100011011001111000100011110011001110011111100110010111100101011000111000010011000110000001110011100110001,True,True,True,True,0,0.024583101272583008,0.009837150573730469,0.014131307601928711,0.0006000995635986328
photo_2025-06-02_15-23-44.jpg,1000000001011000001110110100101011001010011010100100111010111110000110101011011011010000110001101011110100010001110001101011100111001110001010011101100101101101000100001110111100111101010111100010011010110110111110101100001011010101000010011000011000101001,1000000001011000001110110100101011001010011010100100111010111110000110101011011011010000111001101011110100010001110001101011100111001110001010011101100101101101000000001110111100111101010111100010011010110110111110101100001011010101000010011000011000101001,True,True,True,True,2,0.0219268798828125,0.008258819580078125,0.013189554214477539,0.0004634857177734375
photo_2025-06-02_15-20-35.jpg,1000110011101100110111100111000111011010001100011010011001001001011110110101011000111001110011001001001100111001001110110011011000001100110011011100100110011001101101110000010001011001001000000110001111000110100110010110001101011100110000010110001111110011,1000110011101100110111100111000111011010001100011010011001001001011110110101011000111001110011001001001100111001001110110011011000001100110011011100100110011001101101111000010001011001001000000110000111000100100110010100001101011101110001010110001111110011,True,True,True,False,6,0.02130579948425293,0.007517337799072266,0.013022661209106445,0.0007510185241699219
photo_2025-06-02_15-23-59 (2).jpg,1001001101010011111010100100001001101110001001100001100110111000011011001100110010110110011100001100100100110011010010011110001111000010111001111001101010100111010001000001110101001110100110011010101111000011101101011010010000011110110011100110001101011010,1001001101010011111010100100001001101110001001100001100110111000011011001100110010110110011100001100100100110011010010011110001111000010111001111001101010100111010001000001110101001110100110011010001111000011101101011010010100011110110011100110001101010010,True,True,True,False,3,0.020691394805908203,0.006961345672607422,0.012933969497680664,0.0007817745208740234
photo_2025-06-02_15-24-16.jpg,1100100001001011000110000101111010010010100101101110101001001001001101001000110011101011001101101001111100100011000101101010010100001110010000111000010110001001110011101000110110101101000111100100001010111111011000011011111100110001111100111000101111101001,1100100001001011000110000101111010010010100101101110101001001001001101001000110011101011001101101001111100100011000101101010010100001110010000111000010110001001110011101000110110101101000111100100001010111111011000011011111100110001111100111000101111101001,True,True,True,True,0,0.02039337158203125,0.00691676139831543,0.013135671615600586,0.00032639503479003906
photo_2025-06-02_15-20-06 (2).jpg,1001010100101101110010011100110010010001001100111010100100110110011011011000001001001011110010010100110001001101010001010010011001110010100110011011000010010111100100111101001010111111101000011001100110110110110011011100110001001100100110110101110011100101,1001010100101101110010011100110010010001001100111010100100110100011011011000001001001011110010010100110001001101010001010110111001110010100110011001000010010111100100111101001010111111101000011001100110110110110011011100110001001100100110110101110011100101,True,True,True,True,4,0.021363496780395508,0.00779414176940918,0.013026714324951172,0.0005280971527099609
photo_2025-06-02_15-20-40.jpg,1000000111000101100001100101110010001101111000101001101000111100110001111110110111001011011111010111000010101101001100000110010100111010100101000101101100100111110110100001000001111011110100110000101001100010110110000101000010011011010110011100111001101110,1000000111000111100001100101110010001101111000101001101000111100110001111110110111001011011111010111000010101101001100000110010100111010100101000101101100100111110110100001000001111011110000110000101001100010110110000101000010011011010110011100111001101110,True,True,True,True,2,0.019753217697143555,0.006850004196166992,0.012512922286987305,0.00037598609924316406
photo_2025-06-02_15-23-40 (2).jpg,1101010001101001000111010101011011011110101010100000010111100001100110001001001001010110011111101110101011000111100000010111111101011111111010011100100000010101100000010110101000100110101001010010101010011010011110100000101011010110100101101100011110100001,1101010001001001000111000100011011011110101010100000010111100001100110001101001001011110010100101110101011000111100000010111111101011111111010011100100000010101100000010110101000100110101000010010001110010110011110000000101011010010100101101100011110100000,False,False,True,False,16,0.02295994758605957,0.008691549301147461,0.013157367706298828,0.0010960102081298828
photo_2025-06-02_15-19-58.jpg,1010101011010000100101001010100110010101111011100000111001110110000110011001010011100111011010000110001000100000110011000000001010011101001010001000011100011010111010110101011111101001011111001010011100111010101101110001000010011110011111010100101111011101,1010101011010000100101001010100110010101111011100000111001110110000110011001010011100111011010000110001000100000110011000000001010011101001010001000011100011010111010110101011111101001011111001010011100111010101101110001000010011110011111010100101111011101,True,True,True,True,0,0.02133011817932129,0.007322549819946289,0.013681650161743164,0.0003113746643066406
photo_2025-06-02_15-23-56 (2).jpg,1101110000001100101111010010110111111111111100111100111000001100011100010001111001100100110010101000001100011101100101101111010000000011111110111101111111011000111110100111000011111100110010000000100011010111001010000001001000000000110101110010001000000011,1101110000001100101111010010110111111111111100111100111000001110011100010001111001100100110010101000001100011101100101101111010000000011111110111101111111011000111110100111000011111100110010000000100011010111001010000001001000000000110001110010001000000011,True,True,True,True,2,0.021320104598999023,0.007932186126708984,0.013056516647338867,0.00031685829162597656
photo_2025-06-02_15-20-20 (2).jpg,1001100110010010001001100110100101110010011001101110010011000110000110011001100111011001100110010110011001100100011001100110011001100110011001101001100110011001100110011001100111100110011001000011001001100110111001001101101111011001110110011001100110001101,1001100110010010001001100110100101110010011001101110010011000110000110011001100111011001100110010110011001100100011001100110011001100110011001101001100110011001100110011001100111100110011001000011001001100110111001001101101111011001110110011001100110001101,True,True,True,True,0,0.020937442779541016,0.007025480270385742,0.013398885726928711,0.0004975795745849609
photo_2025-06-02_15-20-16.jpg,1111111010110110001110110110101100001110111101100100010111111101110000001011101100110100001011100000110100000011111010100100000000010011011010001001011011101100010101010011101100001001000111101110001111010100000001101000010100111100101111100101010001101001,1111111010110110001110110110101100001110111101100100010111111101110000001011101100110100001011100000110100000011111010100100000000010011011010001001011011101100010101010011101100001001000111101110001111010100000001101000010100111100101111100101010001101001,True,True,True,True,0,0.02400350570678711,0.009462833404541016,0.014136075973510742,0.00038933753967285156
photo_2025-06-02_15-23-53.jpg,1001011100011000011011000110001101101000011000010001000110001110100100111000000100110010100101110101101011000110101000011110110001101111010100011100011010111101101001011101111010011010011100111101011000101011001001010110110101001010010110011110010110011001,1001011100011000011011000110001101101000011000010001000110001110100100111000000100111011100101110101101011000110101000011111110001101111010100011100011010111101101001011101111010011010011100111101011000101011001001010110110101001010010110011110010110011001,True,False,True,True,3,0.021442413330078125,0.007598876953125,0.013051986694335938,0.0007770061492919922
photo_2025-06-02_15-24-21 (2).jpg,1101110101110000110111010010010011001101101010001000011100000011100111111101010101000010100011110101111100000010011000111101101011000110011011100010100100010100101001011100010100100001111001010110000111100000011111001111111001111000001001110100100111011010,1101110101110000110111010010010011001101101010001000011100000011100111111101010101000010100011110101111100000010011000111101101011000110011011100010100100010100101001011100010100100001111001010110000111100000011111001111111001111000001001110100100111011010,True,True,True,True,0,0.021948575973510742,0.008535146713256836,0.013043880462646484,0.00035500526428222656
photo_2025-06-02_15-20-24.jpg,1000110111111111100100011111111010100010011100001010011101101111011001110011100100011011000011110000100100001101000110001100000100010000100100000111000001100110110111001011000110110101101001001100010100110001110001110000111010001111011011110000101111011011,1000110111111111100100011111111010100010011100001010011101101111011001110011100100011011000011110000100100001101000110001100000100010000100100000111000001100110110111001011000110110101101001001100010100110001110001110000111010001111011011110000101111011011,True,True,True,True,0,0.02202916145324707,0.008061647415161133,0.013587713241577148,0.0003650188446044922
photo_2025-06-02_15-24-21.jpg,1111001011011110100010010010000100011100001100111101010110100111101010001101101000011100100011111101100111001100000110110101100011110011101101010111011000010000001001100011110101100010010000100101110000101101000010111100011011111000011000100001111110101101,1111001011011110100010010010010100011100001100111101010110100111101010001101101000011100100011111101100111001100000110110101100011110011101101010111011000010000001001100011110101100010010000100101110000101001000010111100011011111000011000100001111110101101,True,True,True,True,2,0.02014303207397461,0.006756305694580078,0.01306009292602539,0.0003116130828857422
photo_2025-06-02_15-20-51.jpg,1111001101110011000110011001100000100110110011001110011001100011010110011001100110110011001100110001100110011000111001100110011000100110001110001101100111000111101110110011100101010011011001101010011001100011010011001000110010011001110110010000101100111000,1111001101110011000110011001100000100110110011001110011001100011010110011001100110110011001100110001100110011000111001100110011000100110001110001101100111000111101110110011100101010011011001101010011001100011010011001000110010011001110110010000101100111000,True,True,True,True,0,0.022736549377441406,0.007423877716064453,0.01491546630859375,0.0003802776336669922
photo_2025-06-02_15-23-47 (2).jpg,1010101101010010110010011010010101101100101001110000001111010010010001100000110000111100100110010111100010110111011110110110000001101110010011101000011110001001010000100001101001111100101100101001010111101100001110011000011101111000110011110100101101111010,0111101101010010110010011010010101101100101001100000001111010010010001100000110000111100100110010111100010110111011110110110000001101110010011101000011110001001010000100001101001111100101100101001010111101100001110011000011101111000110011110100101101111010,False,True,True,True,4,0.022659778594970703,0.007754802703857422,0.014036893844604492,0.0008533000946044922
photo_2025-06-02_15-24-10 (2).jpg,1010001010001111011010001001011100111000001001100100100001101110110000000111100100100111010110011100011100001011100111010011111001101001011101001100101111100000100101101000100110111110100111110010001011011100101101100101000001011101000000100110100101111111,1010001010001111011010001001011100111000001001100100100001101110110000000111100100100111010110011100011100001011100111010011111001101001011101001100101111100000100101101000100110111110100111110010001011011100101101100101000001011101000000100110100101111111,True,True,True,True,0,0.02309870719909668,0.009022235870361328,0.013696432113647461,0.0003643035888671875
photo_2025-06-02_15-24-11.jpg,1000000000010011110000011110011001110100000101010011101111010101110111011011001000100110111111010110000001110111011100000000101001011110100001000110111101110000110100111011101010000000110111110001110100100110101101111000001111010001010001001111110001101100,10000000000100111100000111100110011101000001010100111011110101011101110110110010001001101111110101100000011101111111000000001010010111101000010001101111011100001101001110111010100000001101111100001000001110100000110101101111000001111010001010001001111110001101100,True,True,False,True,35,0.01930522918701172,0.00630497932434082,0.012522459030151367,0.0004630088806152344
photo_2025-06-02_15-23-39 (2).jpg,1011101111100110100110111011011011100100100110000100011001001001010011100000001110011011001101111010010100111000100101011001110001001110110110000001101001101000100000011100011101011001110001101111010010100011101111100000011101101010010010110000101101011101,1011101111100110100110111011011011100100100110000100011001001001010011100000001110011011001101111010010100111000100101011001110001001110110110000001101001101100100000011100011101011001110001101111010010100011101111100000011101101010010010110000001101011101,True,True,True,True,2,0.02181410789489746,0.008103132247924805,0.013210535049438477,0.0004856586456298828
photo_2025-06-02_15-23-53 (2).jpg,1111111110111001101001100110010000011001100111111110011010000000100111111110010101011001100110011110001000100000000011011101100101110001011111001110001000111010000011011100000111110010100110101100001100100000001111011100011111110000000110010000111100100110,1111111110111001101001100110010000011001100111111110011010000000100111111110010101011001100110011110001000100000000011011101100101110001011111001110001000111010000011011100000111110010100110101100001100100000001111011100011111110000000110010000111100100110,True,True,True,True,0,0.02258014678955078,0.008620262145996094,0.01361703872680664,0.00032782554626464844
photo_2025-06-02_15-20-43.jpg,1011001100011100111100011110000010101100110010110001101100010011111011000010000110000101110001100001011001011011011110000110110010100001101101011010011100011010001110110110100001100010001111011010000110010011010111110011100111011100011010011010011011010010,1011001100011100111100011110000010101100110010110001101100010011111011000010000110000101110001100001011001011011011110000110110010100001101101011010011100011010001110110110100001100010001111011010000110010011010111110011100111011100011010011010011011010010,True,True,True,True,0,0.020586490631103516,0.0071523189544677734,0.013036966323852539,0.0003829002380371094
photo_2025-06-02_15-24-12 (2).jpg,1101101000001010110110001001001011101010011101111011011001110101111010111010011100101101110010011011110110110110000101000011010000000100000111011000001000000110000111011010101110000001011001010111010110100010111011010000100010110110100110101001111001111010,1101101000001010110110001001001011101010011101111011011001110101111010111010011100101101110010011011110110110110000101000011010000000100000111011000001000000110000111011010101110000001011001010111010110100010111011010000100010110110100110101001111001111010,True,True,True,True,0,0.022170305252075195,0.008735418319702148,0.01306462287902832,0.00035572052001953125
photo_2025-06-02_15-20-04 (2).jpg,1000110101011001101000101011010001011011010011100111110011010111001101110011101010101100110101011000100110011010110100100110011101100101110100001011100100110011100111101100110000010101001100000110001001000110011000111010101110010100100111000001110100100110,1000110101011001101000101011010001011011000011100111110011010111001101110011101010101100110101011000100110011010110100100110011101100101110110001011100100110011101111101110110000010101001100100110001001000110011000111010101110010100100111000001110100100110,True,True,False,True,5,0.022426605224609375,0.008302688598632812,0.013586044311523438,0.0005233287811279297
photo_2025-06-02_15-20-26 (2).jpg,1010101101000101100011010111010011000110101101101001010101001101000101111110100001100000011001110101001011110010011011100011011000011101000101101101000010010100101011111000011110010101010001010101010101011000001101110010110111110101001011001010101010100011,1010101101000101100011010111010011000110101101101001010100001101000101111110100001100000011001110101001011110010011011100011011000011101000101101111000010010100101011111000011110010101010001010101010101011000001101110010110111110101001011001010101010100011,True,True,True,True,2,0.02103137969970703,0.007744550704956055,0.01295781135559082,0.0003139972686767578
photo_2025-06-02_15-23-46.jpg,1111100101011111100001101100110110110010111000000011111010100101111010001010000111011000110010001000011100000111100000110011011100000100011111100111110011000100010111111001100001011111100110011101011011100000100101001110001010100000011011001011000100011110,1111100101011111100001101100110110110010111000000011111010100101111010001010000111011000110010001000011100000111100000110011011100000101011111100111110011000100010111111001100001011111100110011101011011100000100101001110001010100000011011001011000100011100,True,True,True,True,2,0.020957469940185547,0.0077056884765625,0.012917518615722656,0.0003190040588378906
photo_2025-06-02_15-24-01 (2).jpg,1001010000000000100010111110111100001110101010110011110010110101011010000101010111110000010101111010000111010101010001111100101100011111100010101011110000100100111100000010110101100001101001010011001011011111111101101001101011011010000110000100101110110000,1001010000000000100010111110111100001110101010110011110010110101011110000101010111110000010101111010000111010101010001111100101100011111100000101011110000000100111100000010110101110011101001010011001011011111111101101001101011011010000110000100101110110000,True,True,False,True,5,0.021799325942993164,0.00798940658569336,0.013039827346801758,0.0007550716400146484
photo_2025-06-02_15-20-03.jpg,1101100011011110110001111001100100111101011110001110100001001110101001111110010110110101001001010100111000101011000110111101100000110011010101000001100010100010110100001011001101100111100000010100011001011110010011100101101101100110111101001000100100001100,110110001101111011000111100110010011110101111000111010000100011010100111111001011011010100100101010011100010101100011011110110000011001101010100000110001010001011000100011001011110010011100101101101100110111101001000100100001100,True,True,False,True,30,0.022709369659423828,0.00782918930053711,0.01387333869934082,0.0009925365447998047
photo_2025-06-02_15-24-16 (2).jpg,1001011111100000101000101101000101100000110110111001111000001110011100111111000010011100110111111100111000001000111100010101011001000011100010011000000111000111011111000110000000110011001111111100110010010111001101100100100100100001101111001100110100011110,1001011111100000101000101101000101100000110110111001111000001110011100111111000010011100110111111100111000001000111100010101011001000011100010011000000111000111011111000110000000110011001111111100110010010111001101100100100100100001101111001100110100011110,True,True,True,True,0,0.021012067794799805,0.007559061050415039,0.012933731079101562,0.0005047321319580078
photo_2025-06-02_15-20-44 (2).jpg,1000110110011000100011000110010000110010110011000011100010011111111001000110001110110111001101010000001101101010100011011100011001100010011101011101100110110110001111011000110101110100011101010001110110011011000111010110001100101110001100110110001000011001,1000110110011000100011000110010000110010110011000011100010011111111001000110001110110111001101010000001101101010100011011100011001100010011101011101100110110110001111011000110101110100011101010001110110011011000111010110001100101110001100110110001000011001,True,True,True,True,0,0.020414113998413086,0.0071637630462646484,0.012920618057250977,0.0003151893615722656
photo_2025-06-02_15-20-53.jpg,1111011011110010100110011011110100000001100100011010011001101001011010111000000101000110111011010110101010110110010010001101000101111101001101100111011001011110110111010110000001010010000111010010011001100101010111101010001111101100000001000001101010110100,1111011011110010100110011011110100000001100100011010011001101001011010111000000101000110111011000110101010110110010010001101000101111101001101100111011001011110110111010110000001010010000111010010011001100101010111101010001111101101000001000001101010110100,True,True,True,True,2,0.022395849227905273,0.008316278457641602,0.013749122619628906,0.0003154277801513672
photo_2025-06-02_15-24-18 (2).jpg,1100000101010101111100010101000100110111001010100100110011001010110010000101010100111111101001100011110110101010110010000101101111010010001001110011011110110100100011011001101111011010000010010011011000110000100011111001111110001001010011110111000001101000,1100100101010101111100010101000100110111101010100100110011001010110010000101010100111111101001100011110110101010110010000101101111010010001001110011011110110100100011011001101001011010000010010011011000110100100011111001111010001001010011110111000001101000,True,True,True,True,6,0.020633459091186523,0.007245302200317383,0.012996196746826172,0.0003764629364013672
photo_2025-06-02_15-20-04.jpg,1101010011001100111011111011001011101011010101001000101010000101100101111010011100101111010010100110011101010110010111101010010010010000001100011111001010000000101001001001100111011000011000111011100101000110101001101011100100101100001001011101101001100111,1101010011001100111011111011001011101011010101001000101010000101100101111010011100101111010010100110011101010110010111101010010010010000001100011111001010000000101001001001100111011000011000111011100101000110101001101011100100101100001001011101101001100111,True,True,True,True,0,0.021128177642822266,0.0076215267181396484,0.012854576110839844,0.0006372928619384766
photo_2025-06-02_15-23-43.jpg,1101010010011100101010001111001000010001010110100011011111011110110010111010001011011010110010111111001110101111100000010100100101100101110001001100010100101010110111100100001100110001000011010111101011001011000100111011010011101000011100010010110011000010,1101010010011100101010001111001000010001010110100011011111011110110010111010001011011010110010111111001110101111100000010100100101100101110001001100010100101010110111100100001100110001000011010111101011001011000100111011010011101000011100010010110011000010,True,True,True,True,0,0.019565343856811523,0.006807088851928711,0.012400388717651367,0.00034332275390625
photo_2025-06-02_15-24-01.jpg,1000001100110011100110010011011001101000000110000111000001000111001110110000010010001111110000110100011111101000011100111011100000111000110000111000110011111100000011110011111011101101100011111111000111110001111111100111110000001100000011000111011001100000,100000110011001110011001001101100110100000011000011100000100011100111011000001001000111111000011010001111110100001110011101110000011100011000011100011001111110010001111000111110001111111100111110000001100000011000111011001100000,True,True,False,True,24,0.02153468132019043,0.007641792297363281,0.013007879257202148,0.0008704662322998047
photo_2025-06-02_15-20-54 (2).jpg,1001111011110111111000000001110111100011100010001100001111110001100110111100011100011100110001111011100011110000010001100011100010011110000000110100001000001110011000011110111110010011110001110100011111110001101111001111000001000000000011001011111000000111,1001111011110111111000000001110111100011100010001100001111110001100110111100011100011100110001111011100011110000010001100011100010011110000000110100001000001110011000011110111110010011110001110100011111110001101111001111000001000000000011001011111000000111,True,True,True,True,0,0.020711898803710938,0.007012605667114258,0.013262748718261719,0.0004215240478515625
photo_2025-06-02_15-24-24 (2).jpg,1000110101101110111100101001100101010011110010110110110100100000001111100110110100010001100111101110111001010010011100010010110111000101111000101011001001111100010010001001101101001011011001100010011000011100111110001110000001100101011011011000100010100011,1000110101101110111100101001100101010011110010110110110100100000001111100110110100010001100111111110111001010010011100010010110111000101111000101011001001111100010010001001101101001001011001100010011000011100111110001110000001100101011011011000100010100011,True,True,True,True,2,0.021029949188232422,0.007433891296386719,0.01307368278503418,0.0005071163177490234
photo_2025-06-02_15-20-37 (2).jpg,1001100001101010111101001010010011000111010010101111011100010101110010101010110110111100111101011000110011110001001011011000100100011011010010110011000001010001001001010110100001000110000100100110110110010010010000110011111011001011111101001100100101101111,1001100001101010111101001010010011000111010010101111011100010101110010101010110110111100111101011000110011110001001011011000100100011011010010110011001001010001001001010110110001001110000100100110110110010010010000110011111011001011111101001100100101101111,True,True,False,True,3,0.0217132568359375,0.007908344268798828,0.013082027435302734,0.0007078647613525391
photo_2025-06-02_15-24-09 (2).jpg,1101010011100110010010011100011110110111001110000110101100011000001101100110111010100100001101001101100100011001100011001110011110011010101100111001100111001100001100011000010010010011110110011000101100110011101101100110011011101001100010000010011100111100,1101010011100110010010011100011110110111001110000110101100011000001101100110111010100100001101001101100100011001100011001110011110011010101100111001100111001100001100011000010010010011110110011000101100110011101101100110011011101001100010000010011100111100,True,True,True,True,0,0.0211946964263916,0.007136344909667969,0.013668537139892578,0.0003752708435058594
photo_2025-06-02_15-24-25 (2).jpg,1000110001110001100000010001001100110101000101010111101001100110110100010111100101100001110001101111100110110011010011010000010101001001001110101101101100101000111010111010111010001010101100111001100000010010101101101111011101010001101010111101001000101101,1000110001110001100000010001001100110101000101010111101001100110110100010111100111100001110001101111100110110011010011010000010101001001001110101101101100101000111010111010111010001010101100111001100000010010101101101111011001010001101010111101001000101101,True,True,True,True,2,0.02041316032409668,0.007535696029663086,0.012424945831298828,0.00043773651123046875
photo_2025-06-02_15-20-13.jpg,1011000010011001110011110110011010001100011110000110000111001000000110110011011111001100111110010000011111001110010100100011000100001100110101001100101111011100000001000010001111011011011000000110010010011011100001110011011001011100111011001110111110001111,1011000010011001110011110110011010001100011110000110000111001000000110110011011111001100111110010000011111001110010100100011000100001100110101001100101111011100000001000010001111011011011000000110010010011011100001110011011001011100111011001110111110001111,True,True,True,True,0,0.020435810089111328,0.007089376449584961,0.012955904006958008,0.0003757476806640625
photo_2025-06-02_15-20-12.jpg,1000011001001001100101010011011011100101100011011100101101010011111011111111010101001100100110000011011011100001110001001000101011011001001011010010101001101010000101000001110011010001011101011111011011000001001011011111101101010011001001001100010000010111,1000011001001001100101010011011011100101100011011100101101010011111011111111010001101100100110000011011011100001110001001000101011011001001011010010101001101010000101000001110011010001011101011111011011000101001011010111101100000011001001001110010000010111,True,True,True,False,7,0.021700143814086914,0.00798487663269043,0.013125896453857422,0.0005741119384765625
photo_2025-06-02_15-20-05.jpg,1101011101001111001000001110110011100011111100000011011000001101100000001111101001101111101001111101100000001110001111011100110111110000000011010011001011111110001101001110010110000011001000011111101110000100110010001000001101011000010101100111001010101100,1101011101001111001000001110110011100011111100000011011000001101100000001111101001101111101001111101100000001110001111011100110111110000000011010011001011111110001101001110010110000011001000011111101110000100110010001000001101011000010111100111001010101000,True,True,True,True,2,0.02150416374206543,0.007945537567138672,0.013096809387207031,0.00044655799865722656
photo_2025-06-02_15-24-20 (2).jpg,1101011101100110100111011001100100100110011001100101001100110010110011001100100100110010001101100111110110011000110100000110011100101111001100110101000010011000101000110110001101111100100111110100001011011000101011110010011001010000110100111000111001101100,1101011101100110100111011001100100100110011001100101001100110010110011001100100100110010001101100011110110011000110100100110011100101111001100110101000010011000101000110110001101111100100111110100001011011000101011110010011001010000110100111000111001101100,True,True,True,True,2,0.0208282470703125,0.0065996646881103516,0.013661861419677734,0.0005521774291992188
photo_2025-06-02_15-23-34.jpg,1101001111000101111100110100010001110111101100110010110000111010010011001110000011001100110011100010100100110011001011110011001110000011101100110111010011101111010011000101101110000011001110100101101101111011001100001010000110001100001111001101000101000000,1101001111000101111100110100010001110111101100110010110000111010010011001110000011001100110011100010110100110010001011110011001110000011101100110111010011101111010011000101101110000011001110100101101101111011001100001010000110001100001111001101000101000000,True,True,True,True,2,0.0202786922454834,0.00688481330871582,0.012910604476928711,0.00046825408935546875
photo_2025-06-02_15-24-00 (2).jpg,1101001000010010110101010100010100100111001111100010110101000111001010100101100000001011111011111101001010010101110101011010011011100100101010010011010101011011000010110100101101100010010100101111100010010111101110101011110110011000101011010000011000101010,11010010000100101101010101000101001001110011111000101101010001110010101001011000000010111110111111010010100101011101010110100110111001001011101100110101010110110000101101001011011000100101001000000111111100010010111101110101011110110011000101011010000011000101010,True,True,False,True,37,0.02058887481689453,0.007049560546875,0.01297616958618164,0.0005481243133544922
photo_2025-06-02_15-20-54 (3).jpg,1100011101001100110110011010111110100110011010001101001001011111110011011100011011110110100100001001010010111001110000111100110100011000011000101000110011101000000100001011110011111010001000111010010110001001010100100010101100110101111101001001000001101111,1100011101001100110110011010111110100110011010101101001001011111110011011100011011110110100100001001010010011001110000111100110100011000011000101000110011101000000100001011110011111010001000111010010110001001010100100010101100110101111101001001000001101111,True,True,True,True,2,0.02202153205871582,0.008554220199584961,0.013133049011230469,0.0003192424774169922
photo_2025-06-02_15-24-17 (2).jpg,1100011001000110110011001100110000011001100110010010001100010011111001100110011000011100110011000000001110011001110111001011100100001001110011010011001100011100111111100111001111100110011001100011001001110100111101110010011111100000111001100001110100011100,1100011001000110110011001100110000011001100110010010001100010011111001100110011000011100110011000000001110011001110111001011100100001001110011010011001100011100111111100111001111100110011001100011001001110100111101110010011111100000111001100001110100011100,True,True,True,True,0,0.020537853240966797,0.0069277286529541016,0.013260126113891602,0.0003325939178466797
photo_2025-06-02_15-24-22.jpg,1110010011010110100110010010001110011011001101011010011001001101010001101100100100101001100100110001001100110100111001100110110010111001110010111100111010011001000110010110011000011110000000110110000100111100101110101001110101000101110011111110100100110010,1110010011010110100110010010001110011011001101011010011001001101010001101100100100101001100100110001001100110100111001100110110010111011110010111100111010011001000110010110011000011110011000110110000100111100101110101001110101000101110011111110100100110010,True,True,False,True,3,0.021337032318115234,0.007609128952026367,0.012986421585083008,0.0007269382476806641
photo_2025-06-02_15-23-33 (2).jpg,1010011001100110101001110011001001011001110010110100110011011000000110111001110110000111010011011111001001100001111100110011011100001100100011000000011001110011000100110111001111001100110011001110001100010011010100110001111100011100111000010010011100110011,1010011001100110101001110011001001011001110010110100110011011000000110111001111110000111010011011111001001100001111100110011011100001100100011000000011001110011000100110111001011001100110011001110001100110011010100010101111100011100111000011010011100110011,True,True,True,False,6,0.02048492431640625,0.0065805912017822266,0.013341665267944336,0.0005481243133544922
photo_2025-06-02_15-20-02.jpg,1101100010000110100001011011111000001001000110001101111000110110111100100101110011100011011000011011101100110111100110100011110000111110010011101100100110001000111100000000110101100110110000100000111100111001000011100010110110000101110011001111100111001110,1101100010000110100001011011111000001001000110001101111000110110111100100101110010100011011000111011101100110111110110100011110000111110010011101100100110001000111100000000110101100110110000100000111100111001000011100010110110000101110011001111100111001110,True,False,True,True,3,0.022697925567626953,0.008469343185424805,0.013248682022094727,0.0009646415710449219
photo_2025-06-02_15-24-04.jpg,1000010001000101111001010101001011100010001010011001000010000101111100100100101001111000101010010011111000100010001111110100011001111111110000011000111011110000000010111011110100111011110010110110000111110110001000101111111000110100111011110000011000100111,1000010001000101111001010101001011100010001010011001000010000101111100100100101001111000101010010011111000100010001111110100011001111111110000011000111011110000000010111011110100111011110010110110000111110110001000101111111000110100111011110000011000100111,True,True,True,True,0,0.020770549774169922,0.007304191589355469,0.013060569763183594,0.0003910064697265625
photo_2025-06-02_15-20-22.jpg,1001001001001001011101001100100100101100100111101100110110110110110000101111011000110111000011010110110110110010110001100110100010101011100001001001001111001011011101100110010010101001001100101001101111001001011001101101001011011101001001101000100110010100,1001001001001001011101001100100100101100100111101100110110110110110000101111011000110111000011010110110110110010110001100110100010101011100001001001001111001011011101100110010010101001001100101001101111001001011001101101001011011101001001101000100110010100,True,True,True,True,0,0.020021915435791016,0.006815195083618164,0.012877225875854492,0.0003154277801513672
photo_2025-06-02_15-20-49.jpg,1111111011001101110100001000000110110001001100111010011100110110100011011100001000101001010110100001101000011010110100100110101111010101101000100101110111101001000101101000011011011110110010011110011100111101110010000011011001000011000000000011110111110001,1111111011001101110100001000000110110001001100111010011100110110100011011100001000101001010110100001101000011010110100100110101111010101101000100101110111101001000101101000011011011110110010011110011100111101110010000011011001000011000000000011110111110001,True,True,True,True,0,0.024150371551513672,0.009640693664550781,0.014125347137451172,0.0003681182861328125
photo_2025-06-02_15-24-06.jpg,1001010101000001100101010100100010000100010100111110110111010110001010101111010111001010101101001011010010111001110010101010111010100100010110111001101100101010011100001101100011000111010100100111001010101100110110011001001001000101011011101001101010111100,100101010100001110010101010010001101001010101111010111001010101101001011010010111001110010101010111010100100010110111001100100101010011100000111100011000101010100100111001010101100010111011001001001000101011011001001101010111100,False,True,False,False,106,0.02075982093811035,0.007180690765380859,0.012418746948242188,0.0011448860168457031
photo_2025-06-02_15-20-42.jpg,1000000100000010011110101111110111000000100101100001101101111011110101001100111100101100001101011101101101001010000001011100101110111010001101010001101011001010110001010110100100110011100101111100101011001000011101010011001111000110110111010010100010000110,1000000100000010011110101111110111000000100101100001001101111011110101001100111100101100001101001101101101001110000001011101101110111010001101010001101011001010110001010110100100110011100101111100101011001000011101010011001111000110110111010010100010000110,True,True,True,True,4,0.025206327438354492,0.009856939315795898,0.015001773834228516,0.0003323554992675781
photo_2025-06-02_15-23-35.jpg,1001110101101010111011001000110001001010100101011100001101110111111001110110011010000010011011011100000010101111000101110101001010000011001100100101011111011011110000100000100000101101101110011000001001100110001011000011110010010011010111010001110111100111,1001110101101010111011001000110001001010100101011100001101110111111001110110011010000010011011011100000010101111000101110101001010000011001100100101011111011011110000100000100000101101101110011000001001100110001011000011110010010011010111010001110111100111,True,True,True,True,0,0.020833969116210938,0.0075337886810302734,0.01296377182006836,0.0003216266632080078
photo_2025-06-02_15-20-57.jpg,1011001010100001101111101000001011011101000011110100000101000010010000100110101110111000100111001101110100110010010010010111011001101000101001101011110010001101110111011011001101001001001100100100100000111110001101101001010011011101011111111100100100110010,1011001010100001101111101000001011011101000011110100000101000010010000100110101110111000100111001101110100110010010010010111011001101000101001101011110010001101110111011011001101001001001100100100100000111110001101101001010011011101011111111100100100110010,True,True,True,True,0,0.018932342529296875,0.006350040435791016,0.012258291244506836,0.0003097057342529297
photo_2025-06-02_15-23-37 (2).jpg,1010101010101000110010010100101010011101010100011101011010010101100101001110100001110001100110110110100101100101100110010100110110010010101011010110110110010011100100101100010011011010110110111011110000010110111001101100001011110000100110101100001001100101,1010101010101000110010010100101010011101010100011101011010010101100101001110100001110001100110110110100101100101100110010100110110010010101011010110110110010011100100101100010011011010110110111011110000110110111001101100001011110000100110101100001001100001,True,True,True,True,2,0.021620512008666992,0.008036613464355469,0.01303410530090332,0.0005347728729248047
photo_2025-06-02_15-20-23.jpg,1100010010001110111010101110000010111101111111101001011110010101110100000100111110110101110000011100000010011101100101000110001110010010011111110001011011110101000001001111111101101011100010001111010010100100011001101000000001000110000010010100010010101111,11000100100011101110101011100000101111011111111010010111100101011101100001001111101001011100000111000000100111011001010001100011000010110010010011111110001011011110101000001001111111101101011100010001111010010100100011001101000000001000110000010010100010010101111,True,False,True,True,71,0.021101713180541992,0.007650852203369141,0.01277470588684082,0.0006606578826904297
photo_2025-06-02_15-23-44 (2).jpg,1100100110000110110010011011011000010010001110110110110011011001001101111101110011001101001001100010001001001101110010000001111111111100100000110111001100001100100011011110000101111111110000100001011101101100100010001111001100100010001001101001110000101111,1100100110000110110010011011011000010010001110110110110011011001001101111101110011001101001001100010001001001101110010000001111111111100100000110111001100001100100011011110000101111111110000100001011101101100100010001111001100100010001001101001110000101111,True,True,True,True,0,0.0231778621673584,0.009113073348999023,0.013598918914794922,0.0004513263702392578
photo_2025-06-02_15-23-52 (2).jpg,1111000000010010100001101101101000001110000101110110101001110100100011110100011110010100000110000101000110100000010111011000110001110010011010010011011011111010011011111101001111001101001001001100000010111001101111011011111000000001010101001111011101101111,1111000000010010100001101101101000011110000101110110101001110100100011110100011110010100000110000101000110100000010111011000110001110010011010010011011011111010011011111101001111001101001000001100000010111001101111011011111000000001010101001111011101101111,True,True,True,True,2,0.02111339569091797,0.0076792240142822266,0.013071537017822266,0.00034809112548828125
photo_2025-06-02_15-24-15 (2).jpg,1101100000011110110011111000010101000110100100101100011100011001010011011000010111001110101110011100110011111011100011000111000100110110100110010001110011011011110011000110000000110010010111100011001011011100000100110000110011011010011000101101100010111110,1101100000011110110011111000010101000110100100101100011100011001010011011000010111001110101110011100110011111011100011000111000100110110100110010001110011011011110011000110000000110010010111100011001011011100000100110000110011011010011000101101100010111110,True,True,True,True,0,0.02042222023010254,0.007065534591674805,0.013024091720581055,0.0003180503845214844
photo_2025-06-02_15-23-40.jpg,1001101010011010100010100110001001100001011001111011001110011011010101010001100110101001110000111101011001010011110111100011100000000001110111010110000001101101111011000011101100000100100101110001110100110001110001001001111000101010111010110101110101011001,1001101010011010100010100110001001100001011001111011001110011011010101010001100110101001110000111101011001010011110111101011100000000001110111010110000001101101111011000011101100000100100101110001110100110001110001001001111000101010111010110101110101010001,True,True,True,True,2,0.02037644386291504,0.007416486740112305,0.012533903121948242,0.0004105567932128906
photo_2025-06-02_15-23-42.jpg,1111100101100011100010011100001011010110111110000011011000111101000101100000100001001000000110111000000100110110011111111110000010011110011111010110000010011001100111001001111101110010011000011000011111000110011111001011100010001111000010110110100101011010,1111100101100011100010011100001011010110111110000011011000111101000101100000100001001000000110111000000100110110011111111110000010011110011111010110000010011001100111001001111101110010011000011000011111000110011111001011100010001111000010110110100101011010,True,True,True,True,0,0.02244281768798828,0.007981300354003906,0.014055490493774414,0.0003914833068847656
photo_2025-06-02_15-20-50 (2).jpg,1011000101110010110011001110000000011111111100110101111111110010011001101111011111011011001100111001010001010010100110100011001111000000001100111100000101100100011000001001000111110011011000001111111011000000000110101111001000010100111110101000100010111000,1011000101110010110011001110000000011111111100110101111111110010001001101111011111011010011100111001010001000010100110101011001111000000001100111100000101100110011000001001000011110011011000001111111011000000000110101111001000010100111110101000100010111000,True,False,True,True,7,0.020912885665893555,0.007280111312866211,0.01303410530090332,0.0005838871002197266
photo_2025-06-02_15-23-41.jpg,1101111100110100100100000110001101100110110010100001100011110011011000111001011011011100111000011101000100001001010011100110011000101001110101101011111000110001110110001110110101000111101110000011110001100110001100110001100010011010011101111100100010000101,110111110011010010010000011000110110011011001010000110001111001101100011100101101101110011100001110100010000100101001110011001100010100111010110101111100011000111011000111011010100011110111000001111000110011000110011000110001001,True,True,True,False,0,0.02127695083618164,0.007308483123779297,0.013115644454956055,0.0008392333984375
photo_2025-06-02_15-24-05 (2).jpg,1111101001111110110001101010111110100100100000011011000101000010100001011100111110001111011111001110100110110110001001001101100110110110011010110110100100110000010110111110000010011011001011001010011010010001100001101001000101000110000100101101011000101011,1111101001111110110001101010111110100100100000011011000101000010100001011100111110001111011111001110100110110110001001001101100110110110011010110110101100100000011110111110010010011011001011001010011010010001100001101001000101000110000100101101011000101011,True,True,False,True,4,0.02218174934387207,0.008422136306762695,0.013144254684448242,0.0006005764007568359
photo_2025-06-02_15-23-43 (2).jpg,1001110011001000010010011101100101011110110100011101100101001010001001111010101001110010010110010100100110100101100111111001001001111000001011010110001110110011110011010000101100111000101101000110001111010011100101010010110110001000111101010101000111000011,1001110011001000010010011101100101011110110100011101100101001010001001111010101001110010010110010100100110100101100111111001001001111000001011010110001110110011110011010000101100111000101101000110001111010011100111010010110110001000101101010101000111000011,True,True,True,True,2,0.021908283233642578,0.008391141891479492,0.013082265853881836,0.0004189014434814453
photo_2025-06-02_15-23-32.jpg,1110110100110001110010110101101010010111110011001011010100101101000111001101001011100000100001110011011000110000110010111000010010111011011011101001010110001101010010100111001110110100100100000011000011101110110011100001111101101000110001110000101111000100,1110110100110001110010110101101010010111110011001011010100101101000111001101001011100000100001110011011000110000110010111000010010111011011011101001010110001101010010100111001110110100100100000011000011101110110011100001111101101000110001110000101111000100,True,True,True,True,0,0.020891666412353516,0.007556915283203125,0.01300811767578125,0.00031185150146484375
photo_2025-06-02_15-20-29 (2).jpg,1001110001100101101110000110000100110110101000101001001111100011001011000110100011010111101010100110101111011101100101110011001010000010110110000110110110001001100101100100000101101001111110011001011000110010011010110101100111010001001000111010111001010011,1001110001100101101110000110000100110110101000101001001111100011001011000110100011010111101010100110101111011101100101110011001010000010110110000110110110000001100101100101000101101001111110011001011000110010011010110101100111010001001000111010111001010011,True,True,True,True,2,0.020790576934814453,0.007214784622192383,0.013010501861572266,0.0005502700805664062
photo_2025-06-02_15-23-48 (2).jpg,1011010110100101111001010001011110001110000100101111011001001100010011000000000111100110101100111001001001011001100001001110110000011101100111111101010111011101000110111100011001101000110001010011110001011100101000010101101111110111000010101000010001010110,1011010110100101111001010001011110001110000100101111011001001100010011000000000111100110101100111001001001011001100001001110110000011101100111111101010111011101000110111100011001101000110001010011110001011100101000010101101111110111000010101000010001010110,True,True,True,True,0,0.022044897079467773,0.00843191146850586,0.013073205947875977,0.0005247592926025391
photo_2025-06-02_15-20-17.jpg,1111011110001010110000100001110100011001011101011110000110011110111000001001111000110110011110010100101010100110100111010011011100000111111010110110011111011001000000001000010001001101011010101011100000001111100111110100000101101110100000100001011111010100,1111011110001010110000100001110100011001011101011110000110011110111000001001111000110110011110010100101010100110100111010011011100000111111010110110011111011001000000001000010001001101011010101011100000001111100111110100000101101110100000100001011111010100,True,True,True,True,0,0.022766590118408203,0.008777856826782227,0.013589859008789062,0.0003840923309326172
photo_2025-06-02_15-23-54.jpg,1110101010011100101101010100101010001101010111000011100011110011100001001100011000100101010110100001011110001001011000100101010111010010000001101011110110000000111101101111000011101011111110010101110011001001011010110000010011110001110001100010101001111110,1110101010011100101101010100101010001101010111000011100011110011100001001100011000100101010110100001011110001001011000100101010111010010000001101011110110000000111101101111000011101011111110010101110011001001011010110000010011110001110001100010101001111110,True,True,True,True,0,0.021338939666748047,0.00787663459777832,0.013031244277954102,0.00041604042053222656
photo_2025-06-02_15-23-33.jpg,1001000110100100110100101010000011100100011010111111100110100010011110110100101010001110010010101001110110010110011001110000100010001101110000011001100111101010011001100111001010101100011110101001100100111100010101101101010001101000110011111001101100110101,1001000110100100110100101010000011100100011010111111100110100010011110110100101010001110010010101001110110010110011001110000000010001101110010011001100111101010011001100111001010101100011110101001100100111100010101101101010001101000110011111001101100110101,True,True,True,True,2,0.021442651748657227,0.007934093475341797,0.013181924819946289,0.00031185150146484375
photo_2025-06-02_15-20-28.jpg,1011011000111001100100010111100111000011100011101110011000000001110110010010001101101100100000110100011010010001001111100101110000111100110011101011011000011101100010010111110101000000111111001000101110100111110011000110111001110011000100101011000110010011,10110110001110011001000101111001110000111000111011100110000000011101100100100011011011001000001101000110100100010011111001011100001111001100111010110110000111011000100101111101010000001111110000001011101001111100110001101010011100111001001010110001100100110000100,True,True,True,False,3,0.021451711654663086,0.007691860198974609,0.013112068176269531,0.0006325244903564453
photo_2025-06-02_15-20-57 (2).jpg,1101000110000011001101010110101100011110101111010010010100101011000101101011100101001011010100100010010110101010000100101101010000101001010010101110110010110101011110100101101010111011001011010111111010010010111001100100101010100011001011011000100110010110,1101000110000011001101010110101100011110101111010010010100101011000101101011100101001011010100100010010110101010000100101101010000101001010010101110110010110101011110100101101010111011001011010111111010010010111001100100101010100011001011011000100110010110,True,True,True,True,0,0.02147507667541504,0.007932424545288086,0.01320958137512207,0.0003173351287841797
photo_2025-06-02_15-24-15.jpg,1111000101100010111001101110101111001111101101001000100101110000101101101101101010010001101011011110001101000110011011001101100010011011001101001110000111000011011001101100011110011000001101000110101101001001110000101000110110000001101101101110000011000100,1111000101101010111001101110101111001111101101001000100101110000101101101101101010010001101011011110001101000111011011001101100010011010001101001110000111000011011001101100011110011000001101000110101101001001100000101000110111000001101101101110000011000000,True,True,True,True,6,0.020064115524291992,0.0066525936126708984,0.012919902801513672,0.00047659873962402344
photo_2025-06-02_15-20-36.jpg,1001000111001100100100011000111100111001000111100111111100010001100001100011000111001110011110000100111001110001110011100110001011001110110000000011100011011010011100011100011110110001110001000011000110000011001100011000110111111001111100011000111111110100,1001000111101100100100011000111100111001000001100111111001010000100001100011000111001110011010010100111101110001110011100110001011001110110000010011100011011010011100011100011110110001110001000011000110000011001100011000110111111001111100011000111011110100,False,False,True,True,11,0.02366161346435547,0.009246826171875,0.013631820678710938,0.0007677078247070312
photo_2025-06-02_15-20-25 (2).jpg,1100100100000000000001110100010011110100100000100111001100011101011011110100001111001101101010101001000111001000110110011110101100011100110001111100110101100110011111011110110000001101100110000011111011000000111100110110000100110110110111101110111011000000,1110101100100000100001110100010011110100100100100111001100011100011011110100001111001101101010101001000111001000110110011110101100011100110001111100110101100110011111011110110000001101100110000011111011000000111100110110000100110110110111101110111011000000,False,True,True,True,6,0.023648500442504883,0.009269952774047852,0.013662576675415039,0.0007014274597167969
photo_2025-06-02_15-24-02.jpg,1000011011111111001110111000100100000110111010100101001000010010011110101001111010000111011110100101000001110010000101011110111100010101111000110111101110100110010110111000011000000101011000100001101001000101110101111111000101011110001000000011101010100101,1000011011111111001110111000100100000110111010100101001100010010011110101001111010000111011110100101000001110010000101011110111100010101111000110111101110100110010110111000011000000001011000100001101001000101110101111111000101011110001000000011101010100101,True,True,True,True,2,0.023040056228637695,0.009202003479003906,0.0135040283203125,0.00031876564025878906
photo_2025-06-02_15-20-28 (2).jpg,1000111000001001011100011100001010111101001101100011110011100011011001110001110110001000011100100111100100000110111011100001100010010001110001110110101111111100110001100011100110011000100011100111000000100001110111101010000010011001110111100110001100110111,1000111000001001011100011100001010111101001101100011110011100011011001110001110110001000011100100111100100000110111011100001100010010001110001110110101111111000110001100011100110011000100011100111000001100001110101101010000010011001110111100110001100111111,True,True,True,True,4,0.021529197692871094,0.0074999332427978516,0.013156652450561523,0.0008575916290283203
photo_2025-06-02_15-20-48 (2).jpg,1101001100010000111001010110111011001110110001010001000101110011001011011000110010000101010000111101010010000101111010110001111000110101010110101001000011100100100011110010101100110011110111000100110100100111011110100101000110110001011110001010111110010110,1101001100010000111001010110111011001110110001010001000101110011001011111000110010000101010000111101010010000101111010110001111000110001011110101001000001110100100011111010101100110011110111000100110100100111011111100101000110110101011110001010011110010110,True,True,False,False,9,0.02234053611755371,0.00841975212097168,0.013174772262573242,0.0007307529449462891
photo_2025-06-02_15-20-38 (2).jpg,1101001101010001100111011101110000100101110101101000101101110001010110100100110111100110101101100001010010100000110001011010100000111101011010100111001101011110100011001101010001100001100101010011011000101101100110011010001101100011101110100010110011001010,11010011010100011001110111011100001001011101011010001011011100010101101001001101111001101011011000010100101000001100010110101010001111010110101001110011010111101000110011010100011000011001010100001110011011000101101100110011010001101100011101110100010110011000010,True,True,False,True,27,0.02173614501953125,0.007982015609741211,0.013130903244018555,0.0006089210510253906
photo_2025-06-02_15-23-49.jpg,1001001100010011001110000011101100010010101101110110110101101010010001101100000011101100011011101100011111000100111011010110101000010011100101011011100000111011011011000100111001000110110001010100011111000100000100111011000110111000011111101011100000011110,1001001100010011001110000011101100010010101101110110110101101010010001101100000011101100011011101100011111000100111011010110101000010011100101011011100000111011011011000100111001000110110001010100011111000000000100111011000110111000011111111011100000011110,True,True,True,True,2,0.020713090896606445,0.007173776626586914,0.01301717758178711,0.0005075931549072266
photo_2025-06-02_15-20-34.jpg,1100110001110011110100011000010001001100111100110011010101100111001110001000110110100010111001110110010110011101011000001100011011100101100101011011110001001111001110010100010000011111000100100011111111100111000011010001110000001110010010110101000101101010,1100110001110011110100011000010001001100111100110011010101100111001110001000110110100010111001110110010110011101011000001100011011100101100101011011110001001111001110010100010000011111000100100011111111100111000011010001110000001110010010010101000101101110,True,True,True,True,2,0.021161317825317383,0.00744938850402832,0.013049602508544922,0.0006477832794189453
photo_2025-06-02_15-20-56.jpg,1111011001100110111001100110011000101101101000111001100110011001010110011001110001001100110010011100110011001001001111011001010010111100111001000100101101001001100110000000110000110110101101100010011011100110110111011000010000011011001110010101110001011001,1111011001100110111001100110011000101101101000111001100110011001010110011001110001001100110010011100110011011001001111011001010010110100111001000100101101001001100110000000110000110110101101100010011011100110110111011000010000011011001110010101110001011001,True,True,True,True,2,0.02083563804626465,0.007409334182739258,0.013042449951171875,0.0003688335418701172
photo_2025-06-02_15-23-38.jpg,1100001011000110011011101110001000111101111110000101000111010100001111000000001111010100000111110000101110111100110000011110010011010011011011001000010110001111111100110110011000100010011111101111010100000100000011101101110011101100010100110100100010011001,1100001011000110011011101110001000111101111110000101000111010100001111000000001111010100000111110000101110111100110000011110010011010011011011001000010110001111111100110110011000100010011111101111010100000100000011101101110011101100010100110100100010011001,True,True,True,True,0,0.022410869598388672,0.007943153381347656,0.014004707336425781,0.00044798851013183594
photo_2025-06-02_15-20-07.jpg,1000000111000011001010101101000110110000011101010101011000101110111101100001100011011111101010101001011000000111100001010110011110011011100101110111000110101001010010101010000101100110010111101101110000101000001010100001011100001111111110100111010010011001,1000000111000011001010101101000110110000011101010101011000101110111101100001100011011111101010101001011000000111100001010110011110011011100101110111000110101001010010101010000101100110010111101101110000101000001010100001011100001111111110100111010010011001,True,True,True,True,0,0.02206110954284668,0.0077972412109375,0.013892173767089844,0.0003573894500732422
photo_2025-06-02_15-20-03 (2).jpg,1010011001000110101100100110111010011111011001110001111101111101010100010011001011101000001101101011011100010001110100001101101101001000100000010010110100100000001000110010101110100111000101110101000001100110111110111100111111001100110111011111000010000000,1010111001001110001100100010111010111111011001110001111101111101010100010011001011101000001101101011011100010001110100001101101101001000100000010010110100100000001000110010101110100111000101110101000001100110111110111100111111001100110111011111000010000000,False,True,True,True,5,0.022837400436401367,0.008526802062988281,0.013706207275390625,0.0005891323089599609
photo_2025-06-02_15-24-14 (2).jpg,1011101000011010100101010111011101001011101000000110110001010111001101001011101010110010110101010110011100001100001010100010101101110110011101001001000010000010011001111111011111001001000010000011110011011101100111001011000001100111001111001100100111001001,1011101000011010100101010111011101001011101000000110110001010111001101001011101010110010110101010110011100001100001010100010101101110110011101001001000010000010011001111111011111001001000010000011110011011101100111001011000000100111001111101100100111001001,True,True,True,True,2,0.02141261100769043,0.007781028747558594,0.013108968734741211,0.0005080699920654297
photo_2025-06-02_15-20-15.jpg,1001000101010101010000100001001100101011100011100001110001100011001101100111001110000011010111100001011010001010011110001101000011001000011011011010011101111111011001110001111110011100011000111110011111000110010101111010100001110000100101001110011100100110,1001000101010101010000100001001100101011100011100001110001100011001101100111001110000011010111100001011010001010011110001101000011001000011011011010011101111111011001110000111110011100011000111110011111000110010101111010100001110000100111001110011100100110,True,True,True,True,2,0.023157835006713867,0.009044408798217773,0.01324915885925293,0.0008497238159179688
photo_2025-06-02_15-24-19 (2).jpg,1000101100011101101010010010110001010101101101000101010000000010101100110100110011001011110110010011011001011111110001101100001011111000101000100110010101011111100010011011100100111100101001101000110101010101000100001010011010101111111001101101000011011001,1000101100011101101010010010110001010101101101000101010000000010101100110100110011001011110110010011011001011111110001101100001011111000101010100110010101011111100010011011100100111100101001101000110101010101000100001010011010101111111001001101000011011001,True,True,True,True,2,0.021062612533569336,0.006940603256225586,0.013794422149658203,0.0003132820129394531
photo_2025-06-02_15-20-25.jpg,1011010001000000010100101011110111000001001111110011111011000000110011110100001100100000001111111001100110010010011010110110100010010010100100111100110100110010001101101100110111001000110010100011001110100110000010010101101111100111101111011001111001001101,1011010001000000010100101011111111000001001111110011111011000000110011110100001100100000001111111001100110010010011010110110100010010010100100111100110100110010001101101100110111001000110010100011001110100110000010010101101111100111101101011001111001001101,True,True,True,True,2,0.020726919174194336,0.0072400569915771484,0.01315760612487793,0.00031447410583496094
photo_2025-06-02_15-23-37.jpg,1100010010000100100100111101001110010011110100111111001111011011101000111001000111100010111111000110101111111110011000100011110001110000011001010001011000111011000100000101001010011100011100100001001100010101111101000111010001111011010100000110001100001110,1100010010000100100100111101001111010011110100111111001111011011101000111001000111100010111111000110101111111110011000100011110001110000010001010001011000101011000100000101101010011100011100100001001100010101111101000111010001111011010100100110001100001010,True,True,True,True,6,0.027570724487304688,0.011923074722290039,0.015114545822143555,0.0005180835723876953
photo_2025-06-02_15-20-06.jpg,1110101101011010111000101010011111010000101000011001110101011100100010010111110110111011100000001011000001010101100000100011010111110111101010111001010101111010000101100101010011101000000001001111000111101011000001111100100011001010100010101011110100101010,1110101101011010111000101010011111010000101000011001110101011100100010010111110010111011100000001011000001010101100000100011010111110111101010111001010101111010000101100101010011101000000001001111000111101011000001111100100011001010100010101011110110101010,True,True,True,True,2,0.022084712982177734,0.00830388069152832,0.01320648193359375,0.0005590915679931641
photo_2025-06-02_15-20-42 (2).jpg,1001011001111110011110111110000010001000110011110101000011011100100111000110100001110000110011111001100010100001000010101101111111011001100000001010101011001111010111000000000110001000111111110110001000000000100011011011111011100010100010101001101110111111,1001011001111110011110111110000010001000110011110101000011011100100111000110100001110000110011111001100010100001000010101101111111011001100000001010101011001111010111000000000110001000111111110110001000000000100110011011111011100010100010101001101110111111,True,True,True,True,2,0.02273273468017578,0.00908041000366211,0.013256549835205078,0.00038051605224609375
photo_2025-06-02_15-20-19.jpg,1111100110111101100000011011001001111000011000100000011111011101100101001110010001000011100100100000001010001101011111011111100011001111000001111011100001110001010111011010001000001111001001100110011011001111100011111010110001100011000111001001100100000111,1111100110111101100000011011001001111000011000100000011111011101100101001110010001000011100100100000001000001101011111011111100011001111000001111011100001110001010111011010001000001111101001100110011011001111100011111010110001100011000111001001100100000111,True,True,True,True,2,0.02153491973876953,0.008064031600952148,0.013139963150024414,0.0003159046173095703
photo_2025-06-02_15-20-55 (2).jpg,1101100101011010100100000101101100100110101001011000011110000101110111010101101011001100011100011001000111001011110100001110101001100110101001010010001110000101010101110111101001100110011100110010011101011001011100101100111001111010001011000010110100001100,1101100101011010100100000101111100100110101001011000011110000100110111010101101011001100011100011001000111001011110100001110101001100110101001010010001110000101010101110111101001100110011100110010011101011001011100101100111001111010001011000010110100001100,True,True,True,True,2,0.02117156982421875,0.0077037811279296875,0.013102531433105469,0.0003504753112792969
photo_2025-06-02_15-23-48.jpg,1001100001111000000000111000111101111100101100001010010110010111001001001010011101011110011111100110001110000011100111000011100000111011110001010010110100101111110100101110011001011110010000100000001000111000001111101100101101101101100011011100011010110010,1001100001111000000000111000111101111100101100001010010110010111001001001010011101011110011111100110001110000011100111000011100000111011110001010010110100101111110100101110011001011110010000100000001000111000001111101100101101101101100011011100011010110010,True,True,True,True,0,0.02044200897216797,0.00693964958190918,0.013109683990478516,0.0003781318664550781
photo_2025-06-02_15-24-14.jpg,1101010101011110100100010101000100101010101111010110101010101010010111001110001100010101010110001010011101110101011011101100010001011001101110101111001100100010000001000100111010111001100111011100001100110111000110100110110010110000100010101000110100110011,1101010101011110100100000101000100101010101111010110101010101010010111001110101100010101000110001010011101110101011011101100010001011001101110111111001100100010000001000100111010111001100111011100001100110111000110100110110010110000100010101000110100110011,True,True,True,True,4,0.02051830291748047,0.006947040557861328,0.013129949569702148,0.0004267692565917969
photo_2025-06-02_15-19-58 (2).jpg,1000110011101010100011101111011111100010000000010111001010010000011000000100100110001100101001101000111001111001110000110011101111100011010011110101100111111100110111001000001011110100011000110011011100011000000011111001010001100000110011001001011111110111,1000110011101010100011101111011111100010000000010111001010010001011000000100100110001100101001101000111001111001110000110011100111100011110011110101100111111100100111011000001011110100011000110011011100011000000011101001010001100000110011001001011111110111,True,True,True,True,6,0.020490407943725586,0.007008552551269531,0.013150691986083984,0.00031638145446777344
photo_2025-06-02_15-20-10.jpg,1101010100010001100111100101111001100100111001001101001100010011011010010110100110010110110001000111000010110011000111100101110111010100111000000001101100011011011100011010100110000110110011000011100000001110111001011011010110010110010100110110100101111110,1101010100010001100111100101111001100100111001001101001100010011011010010110100110010110110001000111000100110011000111100101110111010100111000000001101100011111011100011010100110000110110011000011100000001110111001011011010110010110010100110110100101111100,True,True,True,True,4,0.0198514461517334,0.006835222244262695,0.012608051300048828,0.0003936290740966797
photo_2025-06-02_15-24-18.jpg,1000001101100001111100100001001010101111100111001000111111111111100110000110001101111000100000001100000000001110011101110110010011101111110010101000011100111011001100010001010110001010011000111100000011100011000111111100101001001101100111101110010000110101,1000001101100001111100100001001010101111100111001000111111111111100110000110001101111000100000001100000000001110011101110110010011101111110010101000011100111011001100010001010110001010011000111100000011100011000111111100101001001101100111101110010000110101,True,True,True,True,0,0.02115774154663086,0.007589578628540039,0.01307368278503418,0.0004792213439941406
photo_2025-06-02_15-20-18.jpg,1100101010001010110010101011101100000001001101111111101100000110000001110110010001111101111100011001110011100101100001100110011001110101000110100000011111000011110110101000010000011001101100001110001111100010111001011100011000011111000011111110001001100110,1100101010001010110010101011101100000001001101111111101100000110000001110110010001111101111100011001110011100101100001100110011001110101000110100000011111000011110110101000010000011001101100001110001111100010111001011100011000011111000011111110001001100110,True,True,True,True,0,0.020789146423339844,0.007352590560913086,0.01310420036315918,0.0003178119659423828
photo_2025-06-02_15-24-08.jpg,1001100110001101010101010111001001101110001011010101101010010010001010110110010111000110100100101111101101001100001110011010011000110111010110100000001011110101110001001101001011110010011001011110110000100010000110100010110101001110100110101011001011001110,1001100110001101010101010111001001101110001011010101101010010010001010110110010111000110100100101111101101001100001110011010011000110111010110100000001011110101110001001101001011110010011001011110110000100010000110100010110101001110100110101011001011001110,True,True,True,True,0,0.0233151912689209,0.009137630462646484,0.013750314712524414,0.0004124641418457031
photo_2025-06-02_15-20-35 (2).jpg,1001010101101110000011001101001101111010000101010000010100100001101111011111101011001010011011001101011111010110001110000000000110101011101010011101110011011010011101100101111011000011011001000010110010001001111010111000100111011010010101000011010000001110,1001010101101110000011001101001101111010000101010000010100100001101111011111101011001010011011001101011111010110001110000000000110101011101010011101110011011010011101100101111011000011011001000010110010001001111010111000100111011010010101000011010000001110,True,True,True,True,0,0.020868301391601562,0.007079124450683594,0.013184785842895508,0.0005896091461181641
photo_2025-06-02_15-20-31 (2).jpg,1010110010010010000100110010011001011000110010000000101110111011000001111000111101111001001011111101001011110000111111011110010000111010001000011111000100011100100010010100100101111110000100101110000111011101100011100100010000101110001101101110000111101111,1010110010010010000100110010011001011000110010000000101110111011000011111000111101111001001111111101000011110000111111010110010100111010001000011111000110011100100010010100100100111110000100101110000111011101100011100100010000101110001101101110000111101111,True,False,True,True,7,0.02029561996459961,0.007019996643066406,0.012680768966674805,0.0005791187286376953
photo_2025-06-02_15-23-45.jpg,1101110000110001101100011100001011101011011101100110011000011001110110011100110100010011101111001001100100000010001011001110011000111111111111110110011001111000000000000100000011100000000111001101001100011111000100001000001100000111111011100110111110101111,11011100001100011011000111000010111010110111011001100110000110010000010110110011100110100010011101111001001100100000010001011001110011000111111111111110110011001111000000000000100000011100000000111001101001100011111000100001000001100000111111011100110111110101111,False,True,True,True,90,0.021452665328979492,0.0071713924407958984,0.013798713684082031,0.00046634674072265625
photo_2025-06-02_15-24-13.jpg,1001100110010010001001100110100101110010011001101110010011000110000110011001100111011001100110010110011001100100011001100110011001100110011001101001100110011001100110011001100111100100111001000011001001100110011101010101101111011001110110011001100110001101,1001100110010010001001100110100101110010011001101110010011000110000110011001100111011001100110010110011001100100011001100110011001100110011001101001100110011001100110011001100111100100111001000011001001100110011101000101101111011001110110011001100110011101,True,True,True,True,2,0.020167112350463867,0.006703615188598633,0.013067007064819336,0.0003814697265625
photo_2025-06-02_15-24-24 (3).jpg,1111111110101011010100111000000010000100010110001110110000101101110000101000110010000111111110111100010101000100000101000101111011000110011110011011001011100000100011101110100000000100111000101110001111000011011100111110011011000101111001101111000111001010,1111111110101011010100111000000010000100010110001110110000101101110000101000110010000111111110111100010101000100000101000101111011000110011110011011001011100000100011101110100000000100111000101110001111000011011100111110011011000101111001101111000111001010,True,True,True,True,0,0.0255126953125,0.00804901123046875,0.016869783401489258,0.0005714893341064453
photo_2025-06-02_15-23-50 (2).jpg,1111010110100110100011100100011110110000001001100110000010011101100011011001110000011111000010000010000111011111011110000001100011001111100100010010001101101111110101001110000100011100001100001000011100100111111110100110001101101000011111101011111110100100,1111010110100110100011100100011110110000001001100110000010011101100011011001110000011111000010000010000111011111011110000001100011001111100100010010001101101111110101001110000100011100001100001000011100100111111110100110001101101000011111101011111110100100,True,True,True,True,0,0.025627613067626953,0.008619546890258789,0.016373395919799805,0.0006153583526611328
photo_2025-06-02_15-20-17 (2).jpg,1011010010100111100000001111100010010011011110000011110111111101010111111111110000100010110110101101110100000000110011000010010100110110000100001010001101011110000100010011111101000101101111111000011010010110001111100101100001100101101000000011001100001111,1011010010100111100000001111100010010011011110000011110111111101010111111111110000100010110110101101110100000000110011000010010100110110000100001010001101011110000100010011111101000101101111111000011010010110001111100101100001100101101000000011001100001111,True,True,True,True,0,0.021406888961791992,0.00726318359375,0.013815164566040039,0.00031375885009765625
photo_2025-06-02_15-23-41 (2).jpg,1101011000101000110100101000011011010100101101011101011011011101110001011010010010010101101000011000100011101001001011011010111000001001101000111011110001001011101101010000101101110110100100111011111001001010101010010110110010110111101101000100001001011000,1101011000101000110100101000011011010100101101011101011001011101110001011010010010010101101000011000100011101001001011011010111000001001101000111011110001001011101101010100101101110110100100111011111001001010101010010110110010110111101101000100001001011000,True,True,True,True,2,0.021518468856811523,0.007886171340942383,0.013116598129272461,0.0005011558532714844
photo_2025-06-02_15-23-36 (2).jpg,1100000000010111111010000010011100101110001101110001111100111011010101101111100011010011110011001101110110001101010101011110001011100101111000001100000011111000001101000110001100011100011000111011010001100000000011111110000000111100010100110001111101100011,1100000000010111111010000010011100101110001101110001111100111011010101101111100011010011110011001101110110001101010101011110001011100101111000001100000011111000001101000110001100011100011000111011010001101000000011111110000000101100010100110001111011100111,True,True,True,False,5,0.022719860076904297,0.00844120979309082,0.013660669326782227,0.0006036758422851562
photo_2025-06-02_15-23-45 (2).jpg,1011000000001111001001010000000110101100101101010011101000001111100100100101100100010110111101011110110111111101100100011000001101111110011111011010110101001100011000011111000011001011000011011001001000100010010101111000110010101101000111011001110010010011,101100000000111100100101000000011010110010110101001110100000111110010010010110010001011011110101111011011111110110010001100000110111111001111101101111010100110011101001001000100010010101111000110010101101000111011001110010010011,True,True,False,True,36,0.021930456161499023,0.007749319076538086,0.013324260711669922,0.0008425712585449219
photo_2025-06-02_15-20-48.jpg,1110101010101111111100100010101010001001010100011001101001100101001100001000100110110101110100010110000010000001011100001000001011111111000101111100111100100110110110011000100010001011010011001100001101111101001110100111011000111010010111100010101111111000,11101010101011111111001000101010100010010101000110011010011001010011000010001001101101011101000101100000100000010111000010000010111111110011001111001111001001101101100110001000100010110100110000000011100001101111101001110100111011000111010010111100010101111111000,True,True,False,True,33,0.022690534591674805,0.008734703063964844,0.013361692428588867,0.0005784034729003906
photo_2025-06-02_15-20-10 (2).jpg,1000100101001001001010111011110110010011101101100000110101010001101011100000000101010111111010101010010111010010110111010100011011100100001011001110000011011100111100001010110000111010101011000010110011101001101010110110010111100110000100110110101001010011,1000100101001001001010111011110110010011101101100000110101010001101011100000000101010111111010101010010111010010110111010100011011100100001011001110000010011100111100001010110000111010111011000010110011101001101010110110010111100110000100110110101001010011,True,True,True,True,2,0.022187471389770508,0.008449077606201172,0.01319742202758789,0.0005261898040771484
photo_2025-06-02_15-20-52 (2).jpg,1110011010010111000100110110010010001000111010011010010110110010011001100101101101011010010111010001100101100100011001011010001011110011101110111110100110011011101010100101110100100100001100100101000110100010010101111100010000101111011111001000100000011011,1110011010010111000100110110010010001000111010011010010110110010011001100101101101011010010111010001100101100100011001011010001011110011101110111110100110011011101010100101110100100100001100100101000110100010010101111100010000101111011111001000100000011011,True,True,True,True,0,0.020827531814575195,0.007105350494384766,0.01318216323852539,0.0005249977111816406
photo_2025-06-02_15-20-51 (2).jpg,1010001001011001101101100100110011010000101101001000011100000111111000110001001101011101001101101001000011000010000000110111101111111101001001010001000110110010001010110000111111011001011100100111010000001111100010111111000001101100000011111001111111110011,1010001001011001101101100100110011110000101101001000011100000111111000110001001101011101001101101001000011000010000000110111100111111101001001010001000110110010001010110000111111011001011100100111010000001111100010111111000001101100000011111001111111110011,True,True,True,True,2,0.02122187614440918,0.006938457489013672,0.013838052749633789,0.0004305839538574219
photo_2025-06-02_15-20-54.jpg,1100001010010010101001010110110110000000111100101101100001000011001011010110110110010011100101101101101001101101011111100001001000001011000111111100001011101010011011100001010100100111001010011100001011011110111001010110101100110111000101011001011010010010,1100001010010010101011010110110110000000111100101101100001000011001011010110110110010011100101101101101001101101011111100001001000001011000111111100001011101011011011100001010100100111001010011100000011011110111001010110101100110111000101011001011010010010,False,True,True,True,3,0.02150130271911621,0.007725715637207031,0.01314401626586914,0.0006160736083984375
photo_2025-06-02_15-20-55.jpg,1001101100111001001011001001011001100100110101001001101101001101100110010001001110011011011010010110010011010110100110010111010110100100110111101001100100010001011101010110110001010001001101100111010101001110011001001001111010011011000010010110010011001110,1001101100111001001011001001011001100100110101001001101101001101100110010001001110011011011010010110010011010110100110010111000110100100110111101001100100010001111101010110110001010001001101100111010101001110011001001001111010011011000010010110010011001110,True,True,True,True,2,0.023136615753173828,0.008703231811523438,0.013953685760498047,0.0004646778106689453
photo_2025-06-02_15-23-55.jpg,1011111101011101100111110111110111101010001100000010101110001000111001111100100011010100000000010111111110010111001110010000010010000011111100101100011011111110011100001100000010001101011100000000000000100000101011111101011011010000001010110110101111001101,1011111101011101100111110111110111101010001100000010101110001000111001111100100011010100000000010111111110010111001110010000010010000011111100101100011011111110011100001100000010001101011100000000000000100000101011111101011011010000001010110110101111001101,True,True,True,True,0,0.022875308990478516,0.00897073745727539,0.01336669921875,0.0005228519439697266
photo_2025-06-02_15-23-39.jpg,1001000000100110101110000000011011111000000111010101111110011101001111001000111010110000110101001100100101010101100111010100011110011001001011110100111000101111010001101000111111001101110110111100111111110010000001001110000000101000111000011110000011010001,1001000000100110101110000000011011111000000111010101111110011101001111001000111010110000110101001100100101010101100111010100011110011001001011110100111000101111010001101000111111001101110110111100111111110010000001001110000000101000111000011110000011010001,True,True,True,True,0,0.020229578018188477,0.007108449935913086,0.012697935104370117,0.0004086494445800781
photo_2025-06-02_15-20-12 (2).jpg,1011000010111111011101010010111010111110100101001011011110100001011011000001011110110010110010111110011101101001001101000110110100101011011001100101110111010000101101001011010100001001100101101000000110010101000101100111100000110100100000011010010101100010,1011000010111111011101010010111010111110100101001011011110100001011011000001011110110010110010111110011101101001001101000110110100101011011001100101110111010000101101001011010100001001100101101000000110010101000101100111100000110100100000011010010101100010,True,True,True,True,0,0.022198915481567383,0.008267879486083984,0.013598918914794922,0.0003170967102050781
photo_2025-06-02_15-20-43 (2).jpg,1001010110000001110001101101010100000000110101100001000110100011011001100011001111111110000001001110100111001000000011000100100110100010001101101111001010100111101101011011100100101100101111010111100001011101101010100001011101101111101010010110101111001110,1001010110000001110001101101010100000000110101100001000110100011011001100011001111111110000001001110100111001000010011000100100110010010001101101111001010100111101101011011100100101100101011010111100001011101101010100001011101101111101010010110101111001110,True,True,True,True,4,0.02132129669189453,0.007673025131225586,0.013153553009033203,0.0004799365997314453
photo_2025-06-02_15-20-30 (2).jpg,1101010000110111101001011001000100000100110010000001101001111010010010000111111111000100100101010001100111100000101100111101010011100110101111010101101101001011111100011000011110001101001100100011111000011100011100100000110111001001110000111001110110110110,1101010000110111101001011001000100000100110010000001101001111010010010000111111111000100100101010001100111100000101100111101010011100110101111010101101101001011111100011000011110001101001100100011111000011100011100100000110111001001110000111001110110110110,True,True,True,True,0,0.02097177505493164,0.007386922836303711,0.013010501861572266,0.0005598068237304688
photo_2025-06-02_15-20-32.jpg,1111010100110110110010111100011010111101000100011001001101011000000111000011011100110000110100111110101100001100011001001111011001001011010010110100110000110000010110001000001101011010001111001111001111100011111100111000111000000110101110000001011001110011,1111010100110110110010101100011010111101000100011001001101011001000111000011011100110000110100111110101100001100011001001111011001001011010010110100110000110000010110001000001101011010001111001111001111100011111100111000111000000110101110000001011001110011,True,True,True,True,2,0.02027606964111328,0.007030487060546875,0.012921571731567383,0.0003097057342529297
photo_2025-06-02_15-20-24 (2).jpg,1100110001110111010000111000101101110100110011001001001100110001001011110001001101011000011001101111001100101110001011100101110001010000011100101110000111100010101001111000111111001000001111000001001011110001100111110000111101101010001011100001111010010100,1100110001110111010000111000101101110100110011001001001100110001001011110001001101011000011001101111001100101110001011100101110001010000011100101110000111100010101001111000111111001000001111000001001011110001100111110000111101101010001011100001111010010100,True,True,True,True,0,0.02089834213256836,0.007537364959716797,0.012962579727172852,0.0003833770751953125
photo_2025-06-02_15-23-59.jpg,1001101100110001100110111001100100101111010101011000011000111110001111110101101011000111001011010011101000001011111010001100001110010101101001000010000110111100001011001011010001111110010000101000001000111011011110101101100001011101000101000101010100101101,1001101100110001100110111001100100101111010101011000111000111110001111110101101011000111001011010011101000001011011010001100001110010101101001000010000110111100001011001010010001111110010000101010001000111011011110101101100001011101000101000101010100101101,True,True,True,True,4,0.022472620010375977,0.007920503616333008,0.014057636260986328,0.00047969818115234375
photo_2025-06-02_15-24-10.jpg,1100011100110001111101000000101101001000001011011000001111110000011100111111000000001111111100000011110000000011000110000111011101111000001011100000101111100110111110000100000001001000111001111110111101000110100101001010111111101011011111001101011010000101,1100011100110001111101000000101101001000001011011000001111110000011100111111000000001111111100000011110000000011000110000111011101111000011011100000101111100110111110000100000001001000111001101110111101000110100101001010111111101011011111001101011010000101,True,True,True,True,2,0.022174358367919922,0.008544683456420898,0.013158082962036133,0.0004565715789794922
photo_2025-06-02_15-20-44.jpg,1100001011011010110110100101101011100001111000010110000111100001011100011110000111001110110000101010100111100001011000001011000110011110010111001110000100100001001111100011000111001100000011100011111100011111110111000011110000100011000101110011110011100110,1100001011011010110110100101101011100001111000010110000111100001011100011110000111001111110000101010100111100001011000001011000110011110010111000110000100100001001111100011000111001100000011100011111100011111110111000011110000100011000101110011110011100110,True,True,True,True,2,0.0188448429107666,0.0061359405517578125,0.012390851974487305,0.0003037452697753906
photo_2025-06-02_15-24-07.jpg,1010111011101010100100000010101010110111010101010011100011010100100101110100010010111101111111011100000100100101100101000101101111001010110010001001010101111011010000100010100100000100001010110101001110101011001010100001110111010011100110110100101101101101,1010111011101010100100000010101010110111010101010011100011010100100101110100010010111101111111011100000100100101100101000101101111001010110010001001010101111011010000100010100100000100001010110101001110101011001010100001110111010011100110110100101101101101,True,True,True,True,0,0.022771120071411133,0.008704662322998047,0.013721942901611328,0.0003294944763183594
photo_2025-06-02_15-24-25.jpg,1001011010001111111000001111110111011110101011011001001101001000010101101101110111001100011110001110000110000011000000100011101100111110101001111111100110100001111101100001110010000010010100100001101110110000011011011000111011101000100011111000000100001000,1001011010001111111000001111110111011110101011011001001101001000010101101101110111001100011110001110000110000011000000100011101100111110101001111111100110100001111101100001110010000010010100100001101110110000011011011000111011101000100001111000010100001000,True,True,True,True,2,0.020766258239746094,0.007198810577392578,0.013109207153320312,0.0004429817199707031
photo_2025-06-02_15-20-29.jpg,1100001100001111111110001111000000110000100011000100111111001101011100100011001011000010110000111111100110001100010011001001100001100001111100111111011001100001100010011000011100001100101110001101000111000111101100110010010010101110101111100101110010111001,1100001100001111111110001111000000110000100011000100111111001101011100100011001011000010110000111111100110001100010011001001100001100001111100111111011001100001100010011000011100001100101110001101000111000111101100110010010010101110101111100101110010111001,True,True,True,True,0,0.022763490676879883,0.008004426956176758,0.014351606369018555,0.000392913818359375
photo_2025-06-02_15-20-05 (2).jpg,1000111000010110110110010001110001011000110011110111011001101001101100101000110111111100100011100100110011001110000011010111100000110100110011101100010011010001110011011011000100100001101100010010111100010110011011010011011100000011101101001001011010110100,1000111000010110110110010001110001011000110011110111011001101001101100101000110111111100100011100100110011001110000011010111100000110100110011101100010011010001110011011011000100100001101100010010111100010110011011010011011100000011101101001001011010110100,True,True,True,True,0,0.02067732810974121,0.007233381271362305,0.013051033020019531,0.00037789344787597656
photo_2025-06-02_15-24-00.jpg,1010000110001011010001111111110011011101011110000011101000110011100001110000011101101001110011100101001010110001010110000111001100101000110011000011011000110000010010011110101110101111110011001001010001110010110010010011001001100110100111011001100101110100,1010000110001011010001111111110011011101011110000011101000110011100001110000011101101001010011100101001010100001010110000111011100101000110011000011011000110000010010011110101110101111110011001001010001110010110010011011100001101010100111011001100001010100,True,False,True,False,10,0.021165132522583008,0.00728154182434082,0.013048648834228516,0.000820159912109375
photo_2025-06-02_15-24-05.jpg,1110100101100011110100001101001110010110100111001011111100011100011001010110001101101101011000110001100101110011001100101001010010000000110001101100110111100110111110010010100111011011000110110110011110011010000110000100110000100000110001001010011011110011,11101001011000111101000011010011100101101001110010111111000111000110010101100011011011010110001100011001011100110011001010010100100100101100011010001101111001101111100100101001110110110001101100000100110011100011010000110000100110000100000110001001010011011110011,True,True,False,True,36,0.020917892456054688,0.007356166839599609,0.013073205947875977,0.0004734992980957031
photo_2025-06-02_15-20-11.jpg,1001110111011000100100011000000110101010011111101010100111000110101010011110110000110010001011100110011010111110010011001010010001101111011010000110100001101010010011101101100111011000101100011101010100110011000101100100101010010001010101111001001100110101,1001110111011000100100011000000110101010011111101010100111000110101010011110110000110010001011100110011010111110010011001010010001001110011011000110101001101110010111101101110111011000101100101111101100101001001101110100001011110001001011100010001000010101,True,True,True,False,31,0.021175384521484375,0.007445096969604492,0.012967109680175781,0.0007469654083251953
photo_2025-06-02_15-23-57 (2).jpg,1001011101010001011111100011110000011001101001101000000111110111011001100001100110110111100010100110101001100100110000100110100110011101100011101100100110000110100101100001100101111001100110000100110100110111001100100100100101101101000100111001011011100111,1001011101010001011111100011110000011001101001101000000111110111011001100001100110110111100010100110101001100100110000100110100110011101100011101100100110000110100101100001100101111001100110000100110100110111001100100100100101101101000100111001011011100111,True,True,True,True,0,0.021527528762817383,0.007977962493896484,0.013079404830932617,0.0004558563232421875
photo_2025-06-02_15-24-08 (2).jpg,1100000001111110010000001100011110010111100000111000000011101100110101011000011001110101110011100011100010111111100011001000101100110111000010010110001100100001101001111010001100001101001110010000110111100101001111011010001110011011001110011011011101111000,11000000011111100100000011000111100101111000001110000000111011001101010110000110011101011100111000111000101111111000110010001011001101110000100101100011001000011010011110100011000011010011100100001110000110111100101001111011010001110011011001110011011011101111000,True,True,False,True,35,0.02244424819946289,0.008653879165649414,0.013108491897583008,0.0006668567657470703
photo_2025-06-02_15-23-35 (2).jpg,1011100110101011101110011010111010011000100101001001011010110100110101001011010011001110000010101110011000001010011000100100000100101111011100010010011100111001000101110011110010010001100111101101000010101010110110101101011011111010010101001111100100001100,10111001101010111011100110101110100110001001010010010110101101001101010010110100110011100000101011100110000010100110001001000001001011110111000100100111001110010001011100111100100100011001111011010000101010101101100011010110111110100100010011111001000011000000000,True,True,True,False,2,0.021876096725463867,0.00823664665222168,0.013084173202514648,0.0005404949188232422
photo_2025-06-02_15-20-01.jpg,1001010101000110110111111110111001101100101111011001011010001101010010100100010110100101011001000101101010110011011010000101010110010111100000100110101000110001100001111101010001011001010110100010011010101001110110100001011001101001111100011101011000000110,1001010101000110110111111110111001101100101111011001011010001101010010100100010110100101011001000101101010110011011010000101010110010111100000100110101000110001100001111101010001011001010110100010011010101001110110100001011001101101111100011101001000000110,True,True,True,True,2,0.019741535186767578,0.0069696903228759766,0.012445449829101562,0.00031185150146484375
photo_2025-06-02_15-20-00 (2).jpg,1110100100010000100101000101111010010001111110100101111001010010100100001101011000001000010101010100010101000111001111000111011111111001000010110101010101101000010011111110011010110110010001110011110111101101000011001110000010001100100111111101010111100000,1110100100010000100101000101111010010001111110100101111001010010100100001101011000001000010101010100010101000101001111100111011111111001000011110100010101101000010011111110011010110110010001110011110111101101000011001110000010001100100111111101010111100000,True,True,True,True,4,0.02288055419921875,0.008686065673828125,0.013453483581542969,0.0007262229919433594
photo_2025-06-02_15-23-58.jpg,1100010101001100100011010100011001101100010001111100111001011011111011101101010011001110110101101100110100111011110101010011000011100101001110001010010110001000110000001000101001001010101011100101001010001110100110100000111110001011001010111000111101101001,1100010101001100100011010100011001101100010001111100110001011011111011101101010011001110110101101100110100111011110101010011000011110101001110001010010110001000110000001000101001001010101011100101001010001110100110100000111110001011001010111001111100101001,True,True,True,True,4,0.022269248962402344,0.00880742073059082,0.013064384460449219,0.0003826618194580078
photo_2025-06-02_15-20-41 (2).jpg,1100110011100011011001100110001000110011000110011001100110011100011001100110001111001100011100111000110011001110011001100110100101110011001001101001100110011110111001001001100111000110011000101000110011001001001001100100011111010011001100101001110110110011,1100110011100011011001100100001000110011000110011001100110011100011001100110001111001100011100111000110011001110011001100110100101110011001001101001100110011110111001001001100111000110011000101000110011001001001001100100111111010011001100101001110110110011,True,True,True,True,2,0.02058553695678711,0.007200717926025391,0.01297307014465332,0.00039696693420410156
photo_2025-06-02_15-20-31.jpg,1000100001110111100101111001100011100000011001111010001111000111000111000011100000101010011110000011010110000111110100100010111111101001111110001010010000100011000100111111011000011110000110101110000110001111111101001110001110100110011010010101000110010100,1000100001110111100101111001100011100000011001111010001111000111000111000011100000101010011110000011010110000111110100100010111111101001111110001010010000100011000100111111011000011110000110101110000110001111111101001110001110100110011010010101000110010100,True,True,True,True,0,0.022522926330566406,0.008502483367919922,0.013638019561767578,0.0003676414489746094
photo_2025-06-02_15-24-11 (2).jpg,1100011001100101000111110111000101000011110001010111100110001100000000011100101011100100001110111001011001100101110000100100010010111001111101111110100100011010001011101101010110000010011111000101100101000110101100011110010000011100100110110110111001101101,1100011001100101000111110111000101000011110001010111100110001100000000011100101011100100001110111001011001100101110000100100010010111001111101111110100100011010001011101101010100000010011111000101100101000110101100011110110000011100100110110110111001101101,True,True,True,True,2,0.021175146102905273,0.00780034065246582,0.01304316520690918,0.00031685829162597656
photo_2025-06-02_15-20-11 (2).jpg,1010010001100001000011010001000000110100011100010111000110010110110000110110110100010101001100100100111001100000111100011001101011101001110111100011110001101010100001011000101011111111101010001101000111001010001000111011111001011111000010111010111011110110,1010010001100001000011010001000000110100011100010111000110010110110000110110110100010101001100100100111001100000111100011001101011101001110111100011110001101010100001011000101011111111101010001101000111001010001000111011111001011111000010111010111011110110,True,True,True,True,0,0.021372318267822266,0.007823705673217773,0.013150453567504883,0.0003833770751953125
photo_2025-06-02_15-24-24.jpg,1011111111110100101000000000010101111000010110000100111011110110011000110000000100111000010001101011100100100000100001011111111101000011001110110101110110101110011101001010101010111011101011001010000101100010100101011010100110011010001011011010011011101010,1011111111110100101000000000010101111000010110000100111011110110011000110000000100111000010001101011100100100000100001011111111101000011001110110101110110101110011101001010100010111011101011001010000101100010100101011010100110011010001011011011011011101010,True,True,True,True,2,0.021457195281982422,0.007993221282958984,0.013124465942382812,0.0003249645233154297
