Image Name,Computed Full Hash,Extracted Full Hash,WM Present (Top Left),WM Present (Top Right),WM Present (Bottom Left),WM Present (Bottom Right),Total Hamming Distance,E2E_time,Fingerprinting_time,wm_time,ECC_time
143.jpg,1100110000000010110000111111000011100010100011101110011101110101001111001100101001001110000111111011100000110111111101110010010010000010111111101001100000000000001001011100001111001101101011100000101100111000010000100101001001001111110111100011001101101111,0101111101001000110100000110001011000100011001101000011110101001100000010000000010001011010010111110000010110011110110011110000010100010010001001011001111010101010000100001000010000001001010001,False,False,False,False,88,0.022057056427001953,0.006685495376586914,0.013737678527832031,0.0016198158264160156
66.jpg,1111100000101010110000111110101100000101110000110001010000000001111111000011110000111100011111000001100011110000001111111011110101111111100000011100001110100000110000101000011111100000000001010101001111000101000111101000011111011110001111101110000001111111,11111001001100001011001100010000100001111001001001010011110000011000101100011101001010110011001110010100110100010110001001011100000011011010001001110101010110101101111110111101110010110111000011010111100001111010011001010101101110101001100001111101100101110100100,False,False,False,False,119,0.019755125045776367,0.0055577754974365234,0.012966632843017578,0.0012145042419433594
86.jpg,1101111111010100101110010000000001010111100000000111110111100110001000100000100110111010101011001101111000000100111101100000100101001011111111011101100101110000001100001101100001001101111111001010110100100010001111110001111001001011001001101110101000001011,011000010011100100001011110001001100111100010001011111100000100111000111110100010011100101000011011010100000101001010110110010010001110110010010101001101001101100101100110000100011100000111101000000010000100,False,False,True,True,108,0.01894998550415039,0.0044782161712646484,0.013012886047363281,0.0014450550079345703
157.jpg,1000010001000110111001001101100111100010001010011111000010000110111100011000100001111010001000110011111000000000001111110000011001111111010000011100111011110000100001111011111100101011110011100100100111110001101000101111111000111010111011110000110000100011,100001000100010111100101010100101110001000101001100100001000010111110010010010100111100010101001001111100010001000111111010001100111111111000001100011101111000000001011101111010011101111001011111000001111010000100100101011000011,True,True,True,False,44,0.02105998992919922,0.00712132453918457,0.013092041015625,0.0008318424224853516
20.jpg,1001010111100000101101110101110100011010111011100111000111100110001010010001110101000011100100010110110001101110100010100001101010110000101100111000110100101011001101111110001111111101111000011001101101001000001100001011010000101100001111010010010001011010,1000010111110001101101110101110000011010111011100111000111100010001011100001111101000111100100010110111100101110100010100000100100110010111000011000110100101011001100111110001111111101111000011001101100001010001110001001010000111100001111011011001000011011,True,False,True,True,33,0.022019147872924805,0.007512807846069336,0.013860225677490234,0.0006301403045654297
130.jpg,1011001100110110000110010001101100011011001110110110110011001110011011000100110001001100110011001110010011100100110001001100110010010011001100110001000100110011010011001100110011101110011001100110110011001110101100110011101110011111001100010001100011001100,1001001111101001000110110100011000011011101100011100100100011000100011011001100101001000100011101100111000110011110110000010100000000010110010010000101010110111000011111000011000010011000000100110000001111011100101011001000101111101111,False,False,False,False,105,0.026299238204956055,0.01000356674194336,0.015002250671386719,0.0012772083282470703
16.jpg,1011110101011100101000110110001111010010001010111001110010010100000001011011110101111011010010100111000001010010100001001010010111100111101011111101100001011010000011111001000011101000000101010111000111111111001001011110000011110010000011110001111010010000,1110101101011010111000101010011111010000101000011001110101011100111000010011111010101101110100110110010011111110010010111100010011110111101010111001010101111010000101100101010011101000000001001011001111101011000010111100001011101100001011101111010110111011,True,False,True,False,92,0.02214646339416504,0.008025646209716797,0.013230323791503906,0.0008752346038818359
26.jpg,1010010001100001000011010011000000110100011100010111000110010110110100110111110100010101001100110100111101100100101100001001101011100001110111100001110101101010000001001010101011111111101010011101000111001010001000011011111001011110000010101010111011110110,1010010001100001000011010001000000110100011100010111000110010110110000110110110100010101001100100100111001100000111100011001101011000001011111010010110001111010100001001100000011111011101010001101000111001010001000111011111001011111000010111010111011110110,True,True,False,True,27,0.021098613739013672,0.007497072219848633,0.013006925582885742,0.000579833984375
22.jpg,1110010111000110101101100101100010110010010110001001111100100011100110110110100111111000110011001101110001100110110011011100011011111000100011101111000110011000111100011001100011000001101110111110011000111001110000001001100010000000001110010000011000011101,1110010101000111101101100001111000110000010010001000111101100011101111110011000111011000110011001101110001101110110011011000011011111000100001111011011100001100111000011101000011010000100100111100101001100001111001001001000111010000001111100101011101101000,False,False,False,False,56,0.020633220672607422,0.006422758102416992,0.013088464736938477,0.0011069774627685547
37.jpg,1100001101100011100011010111101101101100101010000001000000101001010010111011101100011110101101010001001001111101010011110011011010111001101100001110010001011001111010110100001000111010001011000001000011011111000100111010000001010101011001011011100111011101,0111101110110000100010001001000000111101000100000000000101010111000011001100000011101001001011111101100000100100110000110010101011000100110010010000000010001010001011010101010100000111110110101,False,False,False,False,107,0.02237701416015625,0.006140232086181641,0.014589548110961914,0.001630544662475586
166.jpg,1100011001110011110111000000101101001000001011001000011111110100011001111110100000000111111100000011111000000011001100100011011101110001001101110011001111010011011100110000000100110011111100110011001101000010001100001010111101100011011111001101011010010101,0100001100111001111101000000101101001000001011011000001011010000011100111111000000001111111100000011110000000011000110000111011101111000011011100001101111100100111100001100010011001001111001101110111101000110100101001010111111101011011111001101011010000101,False,True,False,True,64,0.022722959518432617,0.008358955383300781,0.013615846633911133,0.0007321834564208984
32.jpg,1111111010110100001111110100101100001110111101100000010111111111111000001011101100110100000011100000110100000011111010100100000000010011010010001111011011101100010101010011101000001001000110101100001111010110111000101110010100011100101111100101010001101000,1111111010110110001110110110101100001110111101100100010111111101110000001011101100110100001011100000110100000011111010100100000010010011010110001000001001001101010101110111101000101101100011101110001111010100000001101000010100111100101111100101010001101001,True,True,False,True,33,0.023528099060058594,0.008867740631103516,0.014114856719970703,0.0005297660827636719
59.jpg,1111010100000101110011111100011010111101011110111000001101011100000111000010011100110100110100111110101100001100011001001011010001001011010010110100100010110001010110001100001100011010001111001101001011100011111100101010111000000110101110000001011001110011,01110101001101100100001011010110101010100001000010100011010111001010000000111000011011100110000110100111110101100001100011001001111011001001011010010110100110000110000010110001000001101011010001111001111001111100011111100111000111000000110101110000001011001110011,False,True,True,True,120,0.020270109176635742,0.006694316864013672,0.013082027435302734,0.0004782676696777344
85.jpg,1011001101000100101100001110111010010110001011010001101100110011111010010011101010110111001000111111100011110100011010011100111100111110000111001011000011000001001110010001100100110001101100001001110000000000110010011100110011111000110001101100011111101100,1011011101000100001110001111111010010110001001010001101100110011111010010011001011110111001000110111110011110100011010011100111100111110000111011011000011000001001110010001100100110001101101001001110000000000100010011100110011011000110001101100011111001100,True,True,True,True,14,0.02216315269470215,0.007915258407592773,0.013721466064453125,0.0005114078521728516
139.jpg,1010101100001000100101101010010000011100101101110011000111001011010000110110110001110011001110110101100101011010101011011101001111011010110001100110011100000101010110110111000010111100100110000111001001101001110110011010000101001000111011000010001100111011,001000101100111010100010100010101100001010000100011010111011010110011011001000101010010010000001100110111010001010001100101000001010011001011011100010001011011000001011101000110010011011010101101010100101010,False,False,False,False,113,0.020942211151123047,0.006661415100097656,0.012769937515258789,0.001497030258178711
181.jpg,1101010100101110111001100100011011001001010101000111110010111100111101101101110000111001100010001011000000001101111000100111111100001111011100100001011111111001011010001001011110000111111010100011100110001000000101101011000001101100110000100000110000110011,110100000111101111001011001000010101010100110010010110110110100100011111000000010110111001100110110000010010111101101101100000000011101110101100110000011000000110101010000101110100100100011111000000010001100111000100100010001110100101000101111101101110010000101010000101,False,True,False,False,138,0.023381710052490234,0.008467912673950195,0.014056682586669922,0.0008411407470703125
18.jpg,1000010111000111001010100101000110110000011101010101101000001110111101100001001011010111101010101001011000001101100001011111011110011111100101110111000010101001110010101010000001100100010111101101110001101000001011100001011100001011110110100111010110011000,1000000111000011001010101101000110110000011101010101011000101110111101100001100011011111101010101001011000000111100001010110011110011011100101110111000110101001010010101010000101100110010111101101110000101000001010100001011100001111111110100111010010011001,True,True,True,True,24,0.02152109146118164,0.007333040237426758,0.013784170150756836,0.00038886070251464844
80.jpg,1000000000000100111110000000111100110001110000111010001110111110001011000011000011000010000000001101111100011111010111110110000100111111101111101010011000111000111001001000000101101011101011111100111101011100100110111000111101010000000110000111011111000111,00001001000101111100100100001000000000111010110110000100000000001101011010000010101010001011101011000111110000001010011110010111000010011101000100100101000010100010001110000110011001111001010010100111000001100111111110110001101001110000110111000000000111011100010,False,False,False,False,137,0.022379159927368164,0.007695674896240234,0.013595342636108398,0.0010709762573242188
156.jpg,1111111100110110000000010010011000000001001101101111111101010000000001011001100111111100110110010110010011001001111101001001100100111110110010011110110000101101010110010011010010010011000100100111100100100101110100000111100010110111011000110110101100001101,1111111000011010000000011010010100000000010111001111111101010000000001011011111111111010010111100110000010100000110110000011111100111011010000101110110000111101010010011111010010010111000100110110010010101101110000001111100010110111011000110110101100000101,True,True,True,True,54,0.020364761352539062,0.006906270980834961,0.013007164001464844,0.0004360675811767578
4.jpg,1000000100110110100110000110111101001110101011110000000111110100101110011010100111111110000111101101110000000100100000111001010100000010001011000111101100111000111110011001001111101011100100010111000011000111011011010001101111001110001001000000100111111100,1000000100110110100100000010111101001110101111110000000111110101101110011010100111011110000110101101110000011100100000111101010100000010001011010111101100111000110110011000101111001011100100010011000011000101001011010001101111001110001001100100100111111110,True,True,True,True,20,0.020751953125,0.0072307586669921875,0.013055086135864258,0.0004513263702392578
15.jpg,1000111000010110110110010111110001011001110011110111011001101001101100101000110011111000100011110100110011001110000011010111100000110100110011001101010011010011010001011011000110001001101100010010011100100110011010010001011100000011101101100001011010110110,1000111000010110110110010001110001011000110011110111011001101001101100101000110111111100100011100100110011001110000011010111100000110100110011101100010011010001110011011011000100100001101100010010111100010110011011010011011100000011101101001001011010110100,True,True,True,True,22,0.020542621612548828,0.007090091705322266,0.013029336929321289,0.000408172607421875
135.jpg,1101011000110000001101011010000000101100100011000101001111000011100100110111100001101100111010011001001111100011010111110001111001111000111010010110000110110010100100111100111100111100011111001100010110100001001001101000110110011010001110010011000111100101,11000001010001010000001000000010101010100011000110101000110000011111011100010000100111110111000010001000011010010111010000111111010010010011000101001111001001100100000011000010001001001011101001111111101110010110111010001000001001011010100010000100101011010000100,True,False,False,False,119,0.020413875579833984,0.006579875946044922,0.012752532958984375,0.0010662078857421875
118.jpg,1100000110000100101111000001111111111110010111000101001001100000000110100110101100000101100001111010110100010110011010011111000011111111111110100100011100101111101110101000100101000010010001001000100001111000011100111100101010001100101100110110011110010101,00011111101100001010010011011000011111000110111011100101101011111011010001001000100100001011100101111100100100100110101100111101111100010101001010101011100001010010101111111000011010100000001110101010111100011101000100100001011000000011110000,False,False,False,True,115,0.02535104751586914,0.009351253509521484,0.014768123626708984,0.001215219497680664
8.jpg,1100100010010110100011011010111000001101001110011101101100110100111111100101010011101010011110011011100001110001110100100100011000111101010011001100000100001000111100000000000101101110011110100011111101111010000010111000011110010100110001111110100001111000,110100001000011011100101101111110000100001011000110111100011011011110010010111001110001101100001101110110011011110011010001111000011100101101011100011100100010000100010000011100101111001110011010011100011111001110111000011011100001110011011010110111111001000011000000001,False,True,False,False,91,0.022580862045288086,0.008339166641235352,0.013222455978393555,0.0010037422180175781
89.jpg,1100011100010001001110001010111011111000111011100100011110010001100110000110000001101010010000011011110011001110010000110010110110011010010011010011010011100010100110110000111001000111101110011010011110110100101110001111010001101011101011011011000100010110,1100011100010001001110000110111010111000011011100100011110010001100110000110000000101000010000001011110000011110010000111010010010011010110011110011010011100010110110110000111001000111110110011010011110110100101110001101110001101011101011011011000101000110,True,False,True,True,22,0.026761531829833984,0.011011123657226562,0.015050649642944336,0.0006844997406005859
34.jpg,1011010010100111100000001111110010010011011110000011110011101101010011111111110000100010110110101101110100000000110011000010010100110110100100001000001101011110000100010011111101001101101111111000011010010110001101100101101011100001101001000011001100001111,1001010010100111100000001111101010010011111110000101111111111100010011111110110010100010110100101101110100110000010011010010010100110110000100001010001101011110000100010011111101000101101111111000011010010110001111100101100001100101101000000011001100001111,False,False,True,True,25,0.02124500274658203,0.0066912174224853516,0.013813495635986328,0.00072479248046875
140.jpg,1100001110001110111001100100110000111000111100010011000000110111001011101000111010011001001100110110010011011001011001110000011010011011100011001111100001110001000001111110011010001111100100011110010011100000001101110000110011011001000111111110001001101110,0001001101101011010100001101101011100011100100101011001011001111110010110100011010110101001001101001001111010010011100101011010001110101010111000111111011000001000110101010011001011110011000001010001110011010001100001000000101100100011011101001110000010010,False,False,False,False,131,0.02138066291809082,0.007357358932495117,0.012898921966552734,0.0011088848114013672
70.jpg,1101010100101000100001111101001100101011110001001101100010101010000001110010001111101001010101001001100101011011110011101010100001101000101010000111011101110111110001000101100000011001101001110111001010100101110010001101101001101101011010110010011001110101,010100100101000011010011010110101101100011000011101011000100010110000000111000100111000000101111001001101110100010101000000000110010101001111010101011101101001111101000010111010100101011011111110000100001010110100110100011000011101100011110111011101,False,False,False,False,127,0.02141094207763672,0.00675511360168457,0.013451576232910156,0.001188516616821289
62.jpg,1100010111110000101110100000111101111111101010000110111111010000000000000111111110111000000011110010111111100000110101111011000010011000010111110010001110100001011011111010001011111010010011100001010100000101001000110011001111001100110000100100000110011101,10100001010011100110101000000010010001100110101100001011010111011101001001110011100110101101110010001111001101110111110010011101001000011000000101001110001000101100101100111000010001010001101000111001101100011110101110110000001010000001011101,False,False,False,False,118,0.016607999801635742,0.0029456615447998047,0.012465476989746094,0.0011816024780273438
138.jpg,1011000011001100101100001100100000001100110011011111111101110100100000101000101000001100111111011111001100110100000011000000001000111111110100001111001101110101100011001001101101111000011010001111001110110100000011100000101011011101011100011101001111010101,111110111011101010011101111101001001011010010110100000010000000101111011000101110000100000000000010010110011001001000010001100111110010000001100110110011110000100011011010001101010010000000110010001101110001111101100001001101110,False,False,False,False,126,0.022168397903442383,0.0070705413818359375,0.013776779174804688,0.001306295394897461
95.jpg,1001001011010000001010010010111101111001001011111101001011010000110001100001110110010011110000100010100101101111100010110011101101100100110001001100011011000111001100001111000001001111000011110011100111110011011011001011110011010010110000110011100111100000,11010000000110100101000110100001010000101101000000000110111101101100101000010100001111110001011000101111001111001110000001001011001010100001100111010000011111101001011100111001001,False,False,False,False,89,0.019356727600097656,0.004637718200683594,0.013000726699829102,0.0017046928405761719
179.jpg,1001111111001000101100101101000001100000010110111000111010001100011000111101000010011000110001110110111000001010111100010101110011000111001110011000100111000111001111000111001010100011000111111100111010000111101101000110001100111000101110001110111000001110,1101011111100000101010001001000111000010110010111001011010001110011100111111000010011100110111111100111000001000111100010101011001000011100010011000000111000111011111000110000000110011001111111100111111010000101001100100010101100110101110101100110100001110,False,True,True,False,59,0.021355390548706055,0.0073413848876953125,0.013192176818847656,0.0008060932159423828
30.jpg,1001111010010010011001101101001011100011011011110001110100101011001110001101000000110010111001101100111001100110000000001111000000100111100100011000111100010001001101101010011110001001100011111101100000111100111011100111000110011001111000001110011100111001,100100011001001011100101111000101110001101110011100110100111101001111010000101110100101100000111100110110111001100110000111100011000011110000100011110011001110000111001100000001100111010010011001000001111111000100010111000010001,False,False,False,False,90,0.024875640869140625,0.00927591323852539,0.014225959777832031,0.0013592243194580078
117.jpg,1101010001110011110101010101010011100001010101011000010101100101110011010101011010100110010101001001011110100101110010101001011100011010110111000001100110001100100010101010110100111011010010011111100100101010010111001010101010101010010101000101110100101010,110101100010100011010010100001101101010010110101110101100101110111000100111010000010001100100001110010100001110110010101101101010000100110100011101111000000100010110101010010100101110010010011001111000101001110001001110010101011,True,False,False,False,115,0.02317190170288086,0.00829315185546875,0.013659000396728516,0.0012052059173583984
193.jpg,1110100101011010110001111000001110010110101001010011100001111100011010010100101011000111100000111011011010110100011110000111010011000011110010111000011100101001000110000111001000110010110101100110010110100101110011010011100110011011010010100011010011001011,11111100100010111110110000000110010000001010010011110001101101001011110101001011111100001110001111000010101111000000111100010101111110110111010100100010010100010010010101101011010010000111111111010011010101111111111000001,False,True,False,False,103,0.020580768585205078,0.006359100341796875,0.012906312942504883,0.0013005733489990234
61.jpg,1101000011110000110110010000110000001110011000110100110001110011101100011000110010110111111110010000100101011110011101100011000111011110011100111000000110001100100111100111100001001100111000101001000011111111110110010001101000000110100011010100001101111110,01001011000000100101000001010000011001111011010101011111011010001110000101100010001011110111010001000001001111100111001001000100010000100010000011101110010101101010110001110000000111001010100000000001101100101100010101001001111011001010011110,False,False,False,False,110,0.019762039184570312,0.003709554672241211,0.014823436737060547,0.0012135505676269531
159.jpg,1111101101110000100011100111101010100110000010011010000110111111100011011100010010101100001100011111100100000011011100001110111101111010011101001000100000010011101011111000100011111110000011001101011000111000010001001010010101011001101000101111100110010010,0110101101000000111010000000010000100011011110101000011010111011001010111110110100100110001100111101111110110100110110100110000101010111110001001100101001011000100110010011110110110000001110111,False,False,False,False,86,0.02250075340270996,0.0077898502349853516,0.013164520263671875,0.0015327930450439453
82.jpg,1101000100010000111001010110111011011110110001010001000101110011001011111000110010010111010000111101010010000101111010110001111000110001010110100001000011100100100011110010101110110011110111001100110100100111101110100001000110110001011110001010001110010110,100110110011010011101101010010101100111001100111011100110101001100100011000001000100011101011110111101100000111100101010000010101011100101001000011100100100011110010101100010011110111100100110100100111001110100101010110110001011110001010011111010110,False,False,False,False,90,0.0224759578704834,0.00818634033203125,0.013111114501953125,0.001163482666015625
187.jpg,1010111001111110011000000100000010011101110110010011010100111011111101001000000000010000111111111101001110010110011100110010000011001000011100111100011111000011011011001101110000111101101000100110001001101111100111101100100011000100100100010011100100100111,111001101110110001000100001010001001100101010011001110011101011000101010001101001001100111101011111110111010110101011010000000000101100001110010110111010111100110001000111010100111000010100111111111100110110111101111100101011011,True,False,False,False,90,0.021304845809936523,0.007097721099853516,0.01306915283203125,0.001123189926147461
119.jpg,1000010011101100110011111011001100001010101110100011000010101110111011011011110101010110100110001001010101000010100110110100011101110100000011101010110101010101111001111101011110111001001001110001101001001000000110000111011110010000011000100001111010000110,0000010011011101000101110101101010100001111110010011101110111001101110011010101010111000000000101100101010111101000000001000111110111101011001011000100111011010011101000011100010010110011000010,False,False,False,True,102,0.02447795867919922,0.008897542953491211,0.014060020446777344,0.0015072822570800781
188.jpg,1101011101100100101111011001101100100110011001000101100110011010111101100110001100010000000111100111111110111100110100000100101100101111101100100101001010011010100010010110100101110100000111100100001011000000101111010000110101010000110100111000111101101100,1101011101100110100111011001100100100110011001100101001100110010110011001100100100110010001101100011110110011000110100100110011100101111001100110101000010011000101000110110001101111100100111110100001011011000101011110010011001010000110100111000111001101100,True,True,True,True,50,0.02099132537841797,0.0066072940826416016,0.013787508010864258,0.0005819797515869141
108.jpg,1111101001111110111010100001111100101011100111000000011110011100000001111000010001110011000000011100001011110000000101110111001000000001101111110100000010110100111110001111000101000000101111110001111001011101110100001010111111010000101101000101101011101010,11010101010000101000100000000011101000100011011100110101011000110001101010101101111100011010011110011001101110110001101010101011110001000100100010110000100100001110000011101000111001001011100111000111011010001100000000011111110000000101100010100110001111111100011,False,True,True,True,121,0.023314714431762695,0.008591890335083008,0.013961553573608398,0.0007450580596923828
39.jpg,1001100100100100111101101001101100001011110111000101110101100110010010010011110101001100011001110111001000010010111100100111001110010010011100110111101110001110000011011110011001001001101101010001110100100110001001001001110101110100101001110001100100100100,10010101010111100000000110000010100110110001011010001000001011000101000100011011000010000000100001001110100000101000010101001110000100010001100000100010000000000010111000000000000001000111010001001000100001011010101011100,False,False,False,False,108,0.021992921829223633,0.0069122314453125,0.013712882995605469,0.0013535022735595703
27.jpg,1001001001001001100101110011010011100101001011011100100111000111111011111111010001101100111100000011011011100011110001101010101011011001001010010010001101001010000111000001010011011001011101011100011001000101001011001111101101010011000001001100010100010111,1000011001001001100101010011011011100101100011011100101101010011111011111111010001101100100110000011011011100001110001001000101011110011001011010010001001010010101101100011010011010001100001111111011011000101001011011111101100000011001001001110010000010111,True,True,False,False,43,0.021759986877441406,0.00788259506225586,0.013130664825439453,0.0007307529449462891
36.jpg,1110110110111011001001110111000110010010011100010000101011011000110001010110110001101011001101010011111110000111101101001100010110011101101110010100111100111000110010100111100010010100101100100011000100110110000110000000101101101010110010010010010001101101,011110010101010010001110110000000110010110111101000111100011000011101101010001110110101000100100101011110000000011000011001100000011000110100110100011001001100100011010101010001001010100000101111000011100110010011101100110100111001101101111000011000,False,False,False,False,115,0.02159881591796875,0.007396697998046875,0.012989521026611328,0.00119781494140625
146.jpg,1100110111111001110011001111110111001010111110011100101010110001110010011011010111010001011001010000101001000100010110000100011010111001001000101011010100111011111001011000111111011010000111001001101100110100101111010010001100010100110000100100000101000010,10001001100010010010010010111001110001101001001000111001010101011010101011011001111101101110111010000101100110100011000000110011001001000001100010101111100110000101001100100000100110101011011111011111,False,False,False,False,98,0.020852088928222656,0.006928443908691406,0.01239633560180664,0.0015134811401367188
56.jpg,1101011001001101101000010010011100111001101101100101101011101001010010110000110110110101001101111000001011010010100111101001010000110101011011010100100110010010010011011001011010100110011010011001001101011000000110011101011111110010101000011110011000011001,000000011100011101100100101001010010011100001110000101101000100001000110110000111010000011110001001010100100100101101111111100110001101010010010001111011000111101101001000001010100011000100101000001111000010,False,False,False,False,103,0.02140212059020996,0.006058454513549805,0.013852119445800781,0.0014777183532714844
147.jpg,1001010010101010110110111010101000010011010011011000011101001101011110011000101010010010100010100101001100110110110010010001000110011110011111010100111000011000001001111110100101110000111000111000011110100111011111100010010001110011011010100111001110100010,0001100100111100011011001110011101101110101001101011001011001010001011101001110000011000101001010101000111011100010010100101111100001000100101011010010000011001000010110000100110010000101101010,False,False,False,False,95,0.024159669876098633,0.00823521614074707,0.014272928237915039,0.0016374588012695312
64.jpg,1100100110010100110010011001011100110001010011100011011101101010100101100110100110001110011110010000011000111001100101100110100010010110010010010011000011001010011010011001011101111001100001100011100110000011001110010001111001101001111101111100101110110110,100100011110110010010001100011110011100100000110011111100101000011010001000001100000010101000010000111001110110000010011100011011010011100011100011110110001110001000011000110000011001100011000110111111001111100011000111011110100,False,False,True,True,105,0.023911237716674805,0.00925898551940918,0.013679742813110352,0.000957489013671875
155.jpg,1001110000100111111110000000011110010011111110110011011011001000001100001100001111000111000011000011110011001100001100111101000010011000001101101100110100110111100110001111011011001111100011100111000110100000011010100011110001100111110011010011001011000001,1001110000100111111110000000011110010011111110110011011011001000001100001100011111000111000011000011110010011100001100111101000010011000001101101100110100110111100110001110101010000111100111100101110011110000011010110011110000100101110011010111000011010011,True,True,True,False,22,0.02114081382751465,0.007500886917114258,0.013065099716186523,0.0005600452423095703
31.jpg,1000000101000110011010100101001010101011010011101001100101100011010100110110101111010011001011001001011010101101101110001101000010101000111110010010011111011011011001101001101010011100101000111000001011000110100110111011100001111000100110101110011000001110,100100010101010101000010000100110010101110001110000111000110001101010011001110100001010001110010001000111111000011110001111001000011011011010011101111111011001110000111110011100011000111110011111000110010101111010100001110100100111101110011110100110,True,False,True,False,101,0.022693157196044922,0.008388996124267578,0.013339996337890625,0.0009484291076660156
14.jpg,1101011101001111011001001110010011100011111100010010011000101111110100101101000001001111101001111100100001101110001111011100110111110010000011000001001011111110001101001110010110000011001000000110001110010110110011001000000011111010010101100011000010101100,1101011101001111001000001110110011100011111100000011011000001101100000001111101001101111101001111101100000001110001111011100110111110001000011010011001111111111001101001110010111000001101001111111101110000100110010001000001101011000010111100111001010101000,True,True,False,True,44,0.02178215980529785,0.007931947708129883,0.013181686401367188,0.0006530284881591797
91.jpg,1111011011110010100110011011110100000001110100111010011001101001011010111000000101000110111011100110101010110110010010001101000101111101001101100111011000011010110111010110000001010000000111010010001001100101010111111010001111101100100001000001101010110100,1111011011110010100110011011110100000001100100011010011001101001011010111000000101000110111011000110101010110110010010001101000101111101001101100111011001011110110111010110000001010010000111010010011001100101010111101010001111101101000001000001101010110100,True,True,True,True,10,0.022301673889160156,0.007913351058959961,0.013855218887329102,0.0005183219909667969
142.jpg,1101000111000110000001111100111101001011111000110001110011100100110111000001110100101100000000110100110001100110001110010101101100011110010000110110100110111100100100101111110010110001001100101101111111100000011001101001000111111000010001101000100110101110,1000011000011111000101110000000011010110001000000001110001110111100100011110011110101001011001000010110110011101111000110110111000001000101011101110000101011000100111100011111101010011101001111100100001110010110011001001001101100111101001110011001101011011,False,True,False,True,129,0.020521879196166992,0.006775379180908203,0.013016939163208008,0.0007135868072509766
170.jpg,1100010000110011010010100000001101001000100011110110010010001000000101100010110100110111110110010001111111001011100111111100001100101111000100110000000100110011110110010001000010011000100001001001111100000100001111110110011000111110111011111110111011111111,101101010111011100110110110110011111100000011010111010010001111000100101100101110110110110110010111001101110000001001010010010011010010010001010011111101011000101110110001100101011010100000100001010100000111,False,False,False,False,104,0.02058100700378418,0.006180763244628906,0.012905120849609375,0.0014812946319580078
189.jpg,1101000000001110100100000001110000111110110011111110111000111110100011000011100000110111101000010110001100000110100100001100000111111100111110000110000111111001000010111111000110010111000001111111111100011110011000000011110000000011111100011011110011100001,00100000100110110100101100111010110010000000000100101011111111000110100100111110100111000000000101101000111000111111001111111011100000000001110011110101110001010000010100011001001111100101101100011100001000101000110011111100011011010000010111011111100011101110111,False,False,False,False,132,0.02254033088684082,0.007492780685424805,0.013945817947387695,0.0010862350463867188
134.jpg,1001001010011001001011011001100101111100100010011001011000111001001000011011011001011001011011110010111000100110101000010110011011001000011011110110011111110101010010111011000000101100000010011001011010111000110010111001100101010100100110010011001100111111,100100101011101100111101101001100101100000111011001001010111000011111111111011111110101000100111000111011000010010110110011111111110010110111011000000101100010010111001011000100110110010111111100101010100110001000011001100100111,False,False,True,True,99,0.020916461944580078,0.006613016128540039,0.013037443161010742,0.0012516975402832031
46.jpg,1100010001100111110011111000101101110000110011001000001000110001001011110001001101011000011001101111001110011110001011100100110001010000011100100111001111100010101001111100111101101000001111101001001011110001101111010000101111101010001011100001011000010100,1100110001110111010000111000101101110100110011001001001100110001001011110001001101011000011001101111001100101110001011100101110010010000011101001110100010100000101000111000011111001010111101000001001011110011100111110100111101101011001001000001111011010100,True,True,False,False,46,0.021087169647216797,0.007068157196044922,0.013248443603515625,0.0007560253143310547
102.jpg,1001000010100101110101100000100011100100001010011111100100100011011110010100101010001110110010101001111100010110011001110000110010001001101010011011000111100010011001101111101010101100011110001011001100110100010101101100110000101000110101111110011100110111,100100011010010011010010101000001110010001101011111110011010001001111011110110001000111001001010000001011001011001010111000000001000110111001001100110011110101001100110011100101010110001111010101110010011110001010110110101000101,True,False,True,False,41,0.021493911743164062,0.007401943206787109,0.013096332550048828,0.0009818077087402344
151.jpg,1000001000110011100110010011011001101000001110000111000001000111001110110000010010001101100000110100011111111001011000111111100010111000110000111000110010111100010011110011111011101101100011111011000111110001110111100111110000001110000011001111010001100000,10000011001100111001100100110110011010000001100001110000010001110011101100000100100011111100001101000111111010000111001110111000001110001100001110001100111111001000101101011111000011111110011111001001,True,True,False,False,27,0.021398544311523438,0.007238864898681641,0.012990236282348633,0.001155853271484375
13.jpg,1000110101011001101000101011011001011011010011100111110011010101001101110010101010101100110101011000100110011010110100100110011101100101110110001011100100110001100111101100111000011101001100000110001001000100011000011010101110010100100111000001110100110110,1000110101011001101000101011010001011011000011100111110011010111001101110011101010101100110101011000100110011010110100100110011101100101010110011011100100110011000101100110111001010011011100100110001001000110011000111010101110010100100111000001110100100110,True,True,False,True,20,0.022466182708740234,0.00816798210144043,0.013756275177001953,0.0005266666412353516
6.jpg,1110100100000000100101000101101110010001111110100101111001010110100100001001011000001000010101010100010101000101001111100011011111111001100011100101010101101000010011111110011010111110010011110011111101101001000011001110011010001000100111101101010111100000,1110100100010000100101000101111010010001111110100101111001010010100100001101011000001000010101010100010101000101001111100111011111111001000001110100010101101000010011111110011011110110010001110011110111101101000011001110000010001100100111111101010111100000,True,True,False,True,20,0.022504568099975586,0.008297204971313477,0.01345515251159668,0.0007369518280029297
83.jpg,1111111011000100110110001101010110010001001100011010000100110100101011011101111000100011010110001111101100011111100100000110001111011101101100100101100111100001000101101110000001010110100011011010011100011100110011010001011000001111011100001010110011010000,1111111011001101110100001000000110110001001100111010011100110110100011011100001000101001010110100001101000011010110100100110101101100010000010101111000011110101011010101010111001010000111010011110011100111101110010000011011001000011000000000011110111110001,True,True,False,True,75,0.02390313148498535,0.009340524673461914,0.01401209831237793,0.0005352497100830078
88.jpg,1010011001011001101001100100110011111000111011001000011100000101111000111001001001011101001001101001000011000010000000100101001011111001001001010101000111110010001111111000110111010001111100100111110000001111100010111111000001111100000111101001101111100011,101000100101100110110110010011001111000010110100100001110000011110001011000101110101100000110100100111111101001001010001000110110010001010110000111111011001011100100111010000001111100010111111000001101100000011111001111111110011,True,False,True,True,81,0.021648645401000977,0.006970643997192383,0.013814926147460938,0.0008471012115478516
154.jpg,1010001000110011100000001110111110001011000011011100010000110011010001001001101001100011000011000111001111100111011110001111111000110000001111001111011000110001100110011100000111011001000011111111111000011011111011111010001101110110010010000011000100000110,00000000001000101100110111100011101010000101010111101011110100000110000000100000001100101001011011100110101000111000011000000110011111100101001111110000010110101101011001011111110001110111000010011010100001011010100010101110001100101010100101111111001101000100101,False,False,False,False,125,0.020697355270385742,0.006928205490112305,0.012690305709838867,0.0010628700256347656
3.jpg,1010011101100000111001110110101111011110100100001100100010101101010110000101010001011001010110100000110101011110001001011010110000110111101101011101001110000011110001100011000011100010010101111011001101011010010100010110001110101100101011010001110010010101,0010101110111011010101110100000001101001011011111011001011110100010010000100111110000110011101001101101000110100101001111000000011010010101111100010110001100110010111101001100111001001011011101110001100100111111110,False,False,False,False,117,0.021424531936645508,0.00699162483215332,0.01301717758178711,0.0014014244079589844
73.jpg,1100110011100111011001100110011000110011000110011001100110001100011001100110001111001101011000111000110011001110011001100110100101110011001001101101100110011110111000000101100111000100011100101000110011001001001001100100011100010111001000101001111110110011,1100110011100011011001100100001000110011000110011001100110011100011001100110001111001100011100111000110011001110011001100110100101110011001001101001100110011110111001001001100111000110011000101000110011001001001001100100111111010011001100101001110110110011,True,True,True,True,18,0.02017831802368164,0.0067293643951416016,0.0130462646484375,0.00038814544677734375
49.jpg,1101000001010101110011111101010110000101000001101011011010101010100100000111100000101110111001110100001100010001001110000101110000001111111001101110001111000001000111000011110011100111111001000010111100000111110000000011111000111100111100111110111100100100,11010000010101011100111100010111100001110000011010110100101010000001010001111011011001101110011100001111000101111011100001011000111001111110000011110001101000110110100100110011100011110101011010110010110001100001110100110011001001100111100011110010110011111100100,True,True,False,True,80,0.01993846893310547,0.006351947784423828,0.013005733489990234,0.0005648136138916016
191.jpg,1101100011000101110111011110000111111000110100111100101001111111111001100010110000000111010010000110010110111011001100100001001111101111110000100101100101111000100010100100110010011010111001110010010011000001001110101100001000110100101100000111001100010011,110111011101100111101010100010111101110101000010011000011101100100001011101001010010011100011100110001010010000000110100000011101111001110001110000001011010111001101001001110001100000001000100100101010001000110101011100010000011110101100111100110001,False,False,False,False,115,0.02515888214111328,0.009613752365112305,0.014326095581054688,0.0012040138244628906
110.jpg,1010101010101000110010010100101010011101010100011101011010010101100101101110101001100001100110110110110101100001100110010100100110010010001011010110110110010011110100101100010011010011110110111110000100010100111001101111000010110100100110101101101001100001,000001011000100011001111001110111111100101001110100001110001100110110110100101100101100110010100110110010010101011010110110110010011100100101100010011011010110110111011110000110110111001101100001011110000100110101100001001100001,False,True,True,True,105,0.02165818214416504,0.007708072662353516,0.013064861297607422,0.0008707046508789062
74.jpg,1000000000001000011111101111111111000011010000100001110110011101110101011010011000101110001111011100011111100110000010110001111111110011101010100000110001111001011100100100111000011010000100111111010011101100010011011100000101100000100001100001110110110001,10000001000000100111101011111101110000001001011000010011011110111101010011001111001011000011010011011011010011100000010111011011111100110011100101000011110010101111011111110001000101010001010101001001010101001001100000010001110001011011001010011110110010011010101,True,True,False,False,101,0.02475142478942871,0.009048700332641602,0.01500844955444336,0.0006775856018066406
17.jpg,1001000100100101110010001100110110011001001100111110001110100110010011011101001001001010010010000100110011001101010001010010011001110010110111011011000110010110100111110101001010011111100000011000101100110110010011011101110011001100110010110100111001110101,0011110100111100110010101110110110010001001100111111101100110100011011011000001001001011110010010100110001001101010001010110111000010011000100000001100100010010100001111110000011011110000001111001100110110110110011011100110001001100100110110101110011100101,False,True,False,True,60,0.02191162109375,0.007910013198852539,0.01313161849975586,0.0008547306060791016
9.jpg,1000011001011000010000101100110110010001001100111111110001111100011011000111010000001010110000110001001111001011111001010000111011111001001101011011111001110100010010001110001100010011001000111010110110011100111011110001011010100100011110011011101000100001,1000011101010000010001101100110110010011000001011111110100110110011011001011010000001010110000110001001011001010111001010000111011111001101100011011011001111100010010001110101100010011001000111010110110011100111001110001111010100100011110011001101000110011,True,True,True,True,26,0.021351337432861328,0.0077092647552490234,0.013244867324829102,0.0003819465637207031
112.jpg,1011111001111111101111110111101100011101101110110001000111111111000010011110111010111100010100111100110000010011100010010111001110010011101010110000001010100011110000001011001111000000000100111100110000000001111011100010000000111100001000001111110000100000,101100010011111100111001010100111111000011101101100011110101010010011111010110100011001001010100101000100110011010111100111011010010111100010101010001111111001010111100001110110010100011110111101111010001111110110110100010011100100010111100110001001000100110100010100000,False,False,False,False,127,0.025381803512573242,0.009708642959594727,0.01462864875793457,0.001028299331665039
33.jpg,1111011110001010110010101001110100011001011101011110000110011110111000001001110100110110011110010100100010100110100111010110011000000111111110110110011111111000000000001100010001001101011000101001100000001110101111110001000101101110100000100001011111010100,1111011110001010110000100001110100011001011101011110000110011110111000001001111000110110011110010100101010100110100111010011011100000111111010110110011111011001000000001000010001001101011010101011100000001111100111110100000101101110100000100001011111010100,True,True,True,True,18,0.022405147552490234,0.008272171020507812,0.013726234436035156,0.0003921985626220703
194.jpg,1110010000000110000111111111001100011001011110011110011110000011111001100110011000111000110011000000011111011001000110011111101111001110000111001111111000100100110110000100110011000011100110010001100001110001001100111001111011000011110010100011011000001000,1101110000100010000010011110000100010111100110011111011000110111100001111111100011000100111000111001100000001111001101100011000001110001110110001110110011100010000011111000001100111100111001001110001111010011000111000010011011001001100,False,True,False,True,126,0.02131819725036621,0.007319211959838867,0.01309061050415039,0.0008933544158935547
160.jpg,1001010101000001100101010100101010000100010100011110110111010110001010101111010111001010111001001011010010111011110010101010110010100110010110111001100100101100011000001101100011010111010100110111001010101100110100011001001001000101011010111011101010110100,100101010100001110010101010010001101001010101111010111001010101101001011010010111001110010101010111010100100010110111001100100101010011100000111100011000101010100100111001010101100010111011001001001000101011111100001101010111100,False,True,False,False,107,0.020428180694580078,0.006793975830078125,0.012499809265136719,0.0011196136474609375
71.jpg,1000000111000101100001100101110010001101111000101001101000111100110001111110110111001011011111010111001010101101001100000110010000110010100101000101101100100111110110101001000001111011110100110000101001010010110110000101000010011011010110011100111001101110,1000000111000111100001100101110010001101111000101001101000111100110001111110110111001011011111010111000010101101001100000110010100111010100101000101101100100111110110100001000001111011110000110000101001100010110110000101000010011011010110011100111001101110,True,True,True,True,8,0.01945972442626953,0.006508827209472656,0.012569189071655273,0.00036716461181640625
150.jpg,1101001000010010110101010100010100100110001111100010100101000111001010100101100000001011111011111101001000010101110101011010011011100101101010010011010101011011000010110100101101100010010101101111100010010111101110101011110110011000101011010001011000101010,110100100001001011010101010001010010011100111110001011010100011100101010010110000000101111101111110100101001010111010101101001101010010001011000010011000101100000100011111110010010101111111100010010111101110101011110110011000101011010000011000101010,True,True,False,True,57,0.020726442337036133,0.00695037841796875,0.013051748275756836,0.0007092952728271484
5.jpg,1111111001101001111111100100010110000100000001011000010111010011110101011101101011000101000010101100010100111010001100101110011100011001101010010101100100111000011110001010000100111000101101010001010010100100110111101010000110101111101110000111100010111001,1111101001101001111111110100010110000110000001011100000011011010110100011111100010000101000010101000010100101010101100001110111000010001101010110101100100111000111110001010000100111000101101010101010010100100110111101010000010111111101000010011111110011001,True,True,False,True,32,0.020104169845581055,0.006946086883544922,0.012428760528564453,0.0007143020629882812
99.jpg,1011001000100001101111101000001011011101000011110100000101000010010000100110101110111100100101001101110100110110010010010111011101101001011011101011100000001101110111011011001101001001001100100100101000111110001101101001010011001101011110111100100100110010,1011001010100001101111101000001011011101000011110100000101000010010000110110101110111000100111001101110110110010010010010111011001101000101001101011110010001101110111011011001101001001001100100100100000111110001101101001010011011101011111111100100100110010,True,False,True,True,16,0.018947839736938477,0.006043434143066406,0.012373924255371094,0.0005147457122802734
98.jpg,1000110110011001011100010100101010110110011001100011101011110101010010111001110110001000111101010111100010000101101011010011100110110111011001100110100001011000110010110011100100111010010011100101100010000001110110010011000110110000010011100100101001011011,100011000000110101110001010000101011110100110111001111001110001001111110101000001001110001101000000110010001110001110111101111111100110001100111100110011000100011100111000001000001010101100010000010011000110111100110101100111111,False,False,True,True,93,0.021354198455810547,0.0070574283599853516,0.013147830963134766,0.0011343955993652344
172.jpg,1000011001100101100110011110011001110011111001110110011001001110001111000001110001101110011000000110101101101100011010110110110101101000010111100010110010110011001101111001011010100010011100011011000001010001111101000100100101110010111011000000101100100100,1001100110010010001001100110100101110010011001101110010011000110000110011001100111011001100110010110011001100100011001100110011001100110011001101001100110011001100110011001100111100100111001000011001001100110011101000101101111011001110110011001100110011101,True,True,True,True,116,0.020151615142822266,0.0065212249755859375,0.013051033020019531,0.0005638599395751953
1.jpg,1001001011010001001001011110010101001101001011011100001100011010001100101101011011100100010101000001101100101001000110001001110101111100110101101100111101001010100101000110111000110110101001000110010010111011011010111101100010110011010110011010011001011001,0000001011000101001010001111010001000101001010011111001100011010001100101001011011100110010101000001101100001001000110001001110111101110110101101100111101001010100101000110111000110110101001100110010010111111011010111100100010100011010110111010001001011001,False,True,True,True,25,0.023093461990356445,0.008188724517822266,0.014241695404052734,0.0006480216979980469
54.jpg,1001110001100101101110000110001100110110100100101001001101100011001011000110100111010111101010000110101101010101100101110001101010000010111110100110110110001001100101100101000101100001111110011001011000110000011010110101100111010001001000011010111011011011,1001110001100101101110000110000100110110101000101001001111100011001011000110100011010111101010100110101111011101100101110011001010000010110110000110110110000001100101100101000101101001111110011001011000110010011010110101100111010001001000111010111001010011,True,True,True,True,18,0.020359039306640625,0.006860256195068359,0.013031005859375,0.0004527568817138672
78.jpg,1100001011011010110110100101101011101001111000010110000111100001011100011110000111000110011000100010001101100001011100011001000110011100110111000110000100100001001111100111010111000110000011100001111100011111110111000011110000100011000111110011111001100110,1100001011011010110110100101101011100001111000010110000111100001011100011110000111001111110000101010100111100001011000001011000110011110010111000110000100100001001111100011000111001100000011100011111100011111110111000011110000100011000101110011110011100110,True,True,True,True,22,0.0185396671295166,0.005696535110473633,0.01252293586730957,0.00030541419982910156
174.jpg,1100010001001100100100010001001100111011101100110110111011101100010111001100100110010001000100111010011101010101011011101100010001011011101010011111001100100010000001000101011010111001110111010110001100110101100110101110111010110000110010100010010100110011,11010101010111101001000001010001001010101011110101101010101010100101111011100011000101010001100010100111011001110110111011000101010110011011101111110011001000100000010001001110101110011001110111100101101000010011101001001110101000101000101010011101011100110000010,True,False,True,False,53,0.020389080047607422,0.006597995758056641,0.01311635971069336,0.0006597042083740234
115.jpg,1101001111100010000010000001010111001010010110100111010110100111100011100000010011010101011110100101011111100010100000101001000110001101010001001011010110100010110111000000010100101011010100100010110101011011001011011111101000111111111111111101010100010100,0111101101011110001010001001111000000111001010101100011011010001000010110110110111100111010100100000010011000001111100000101111000011100111000001011010100110110000101000111011001101101000110111111010100110110001000000111011100100011101,False,False,False,False,103,0.02324199676513672,0.008577823638916016,0.01337885856628418,0.0012700557708740234
184.jpg,1101010101001000111101111111000101111110101001110100110010011100100010010100100000110010000000110110111010010101010011011111100010010001011110100011011000100110011111101000100111001111111110011001001001110110001001001000000010001101100010010100001101110111,111100010100101011000010110010101010111000110101001000111001000110110011010100000010010110100011001101001111111101111100100001001010100001010011110011110111100110100110000101100110110001111100110011100110111110101110101001101010,False,True,False,False,105,0.02360057830810547,0.008331537246704102,0.013962030410766602,0.0012922286987304688
137.jpg,1010110101110001111011010000000101110010000011100101000101001100000100101001100000001010101010100101010101001100000000111111100000100011110111011011010111111011100010101110111111000101011100111010011011010101000010110011101101001101101010010000101111111001,100101100111000000100000010000110100100000110000001110111010010101110110101001000110101001111011110010011100000000010101100110010010101001010111111110111001001111101000111100000010011110000010000001011000111,False,False,False,False,94,0.021616220474243164,0.007029294967651367,0.01306772232055664,0.0015048980712890625
145.jpg,1001011001011001011010101010110110011001101001100010111101010101011001101001100110110101010011100110111001100101100100011010101000001001110001101101001000111001001110011001100011000000001001110011011001011001110010011010011100110110011001100110110110011001,100101110101000011111110001110000010000010110011100010010111111100100100110011000011001101101111000101001101010011001001100001001101001000011011011111100011100010001101111111001101110100001011010100010101011000110111010111000101110111011111010101000,False,True,False,False,121,0.020498037338256836,0.006853580474853516,0.012662649154663086,0.0009665489196777344
129.jpg,1011010010010110110001100011110110000110011011111100001001100110000010111101100110010111110000001000100111000100011001001101001111011001011010011110001001110101100110110101101001000010110110001001101101000011010011011100111101011000101011001000001110111100,110000010100011001000100011001101101011000111010100010101111110000101010100101110010011110010110100010011000100101100001011100100100101000010001001010111111101000000000100111010101101101010000010000010010110001001110110010101111000000100000101100001,False,False,False,False,106,0.021459341049194336,0.007486820220947266,0.012815475463867188,0.0011417865753173828
63.jpg,1100100101100110010101110101011000101100010010000001001010110110101010110010111111100110111011011101010010101101001111101000000010100010011010011110111100001111000101011101010010101001110001110001011000011000101000010111100101001110110011100011110110000100,111000010100100101100000000010111101111010110110000010010010100111110101000110010111011111100110011100001001001111011111010011000000000100101100001100000010101010011100000101000101110010001010000110101111010001010010010111100110,False,False,False,False,120,0.018372297286987305,0.005194425582885742,0.011881113052368164,0.0012819766998291016
105.jpg,1011000010101001100001011111111101001111010100101000001101101110000011101110010001011011010100010111100010100010001101000010001010001001011101010110000011001001100000011111111100110100010111101000001001111111011101011011001110000110010110010110110110100101,1000011110110010010110000000010001000001001011111100011000100011111111011011111011110000011010000001110110001110110100001101010110001101101101000110101011101110001110100111011100100111110110111001011100010100101110011100111010100101111,False,False,False,False,122,0.020344018936157227,0.006339311599731445,0.012731790542602539,0.0012581348419189453
44.jpg,1011000100000000101110111111101101000000000001100000111110011010110001010110111011111110000000001001111001111100111000000010001101101101011100011100000111111011000111101000000111010000110010000001001001101111101100010111110011001111101101000111011010011011,01001000010101100001100100111010101000100100100010011010100000001001111100111000001010001100100100110001110010100101010010111000100000001000010100100111101100010001010001001100111001100000000111000100001010000011001001000110110110100001001000011001111111000011101,False,False,False,False,136,0.01736903190612793,0.00455021858215332,0.011764049530029297,0.001039266586303711
90.jpg,1011100011001000100001100111111011010001101100110010111111010101101101000101011001110000101010101000101011101001111010010100010000001110000101101000111000011101001100011001100011011000110000101110101001100001100000110011110101010100100101101111111101110011,010000011001000101010000101000000011011000110100100100110100000001101101000100000001111001000010010001100011111100110100100100100011010010100000011011011010000111111100010100111110001101010001000000101110110,False,False,False,False,122,0.01671767234802246,0.0034699440002441406,0.01178598403930664,0.001447916030883789
104.jpg,1111010000100100111101000011010001011010101100010000101011000010110111101110011111101100111011100001001000111011000000111001011111010110001100110010110001111110000111110010001111010010001000101000010001000010011011001110000010000111111100011111011100011011,10011011010111001110000110000110111000000011001100001111010000000100000101101100001111110100100001111111010111111100001100010011000100001100100100001100001100000011001000101110000111110100001010000111101111010001100011100,False,False,False,False,102,0.024318695068359375,0.008372306823730469,0.014559507369995117,0.0013718605041503906
76.jpg,1011001100011100111100011110000010101100110010110001101100010011111011000010000110000101110001100001011001011011011110000110110010100001101101011010011100011010001110110110100001100010001111011010000110010011010111110011100111011000011010011010111011010010,1011001100011100111100011110000010101100110010110001101100010011111011000010000110000101110001100001011001011011011110000110110010100001101101011010011100011010001110110110100001100010001111011010000110010011010111110011100111011100011010011010011011010010,True,True,True,True,2,0.020565032958984375,0.007089853286743164,0.01307535171508789,0.0003848075866699219
65.jpg,1111111111001000100111010110010001001000001011111010011011001101000111001101001100110011010101001101000000011111100101010110110101000011000110101100001011111111001000100010100111100101000010010110110011100110011000111100011011100100100000111111000100001011,1111111111001000100111010110010001001000001011111010011011001101000111001101001100110011010101001101000000011111100101110110110101000011000110101100001011111111001000100010100111100101000010010110110011100110011000111100011001100100000000101111000100000011,True,True,True,False,5,0.022336244583129883,0.008416891098022461,0.013202667236328125,0.000701904296875
133.jpg,1101000010011111101010100110000000010011011010100110111001001001100111100011101101110110001011101110001111000011110111000110001111000100000010100111000111010000110011000101100100101111000110001100001111011111000111111111001100000110000100000111000110100111,111000011000011100010011110011000000010001101010110010110111110110111101001100000110110111101111011010111111101111101111101101111000000000100101110101010000001111101111101100010100001010011011111000011101010010010101111000011100100111001011100111111000111010111000010010,False,False,False,False,112,0.020275354385375977,0.006640911102294922,0.012616872787475586,0.0010025501251220703
50.jpg,1010101101000101100011010111011011000110101101101001010101001101000101111110100101100000011001110101001011110000011011100011011000001101000101101101000010010100101011111000011110010101010001010101010101011001001101110010010111110001101011001010101010100011,1010101111000001100011010111010010000110101100101001000100011101000101111110100001100000011001110101001011110010011011100011011000011101000101101111000010010100101011111000011110010101010001010101010101011000001101110010110111110101001011001010101010100011,False,True,True,True,16,0.020916461944580078,0.0073010921478271484,0.01307368278503418,0.0005269050598144531
23.jpg,1101010101010001100111110001111001100100111001001101001100010011011010010111100110010110110001000110000011100011000111100001111111010101111000000001101000011111011100010010100110000111110001000011110001001110111001011011000110010011000100110110110001101101,1101010100010001100111100101111001100100111001001101001100010011011010010110100110010110110001000111000100110011000111100101110111010100111000000001101100011111011100011010100110000110110011000011100000001110111001011011010110010110010100110110100101111100,True,True,True,True,26,0.01937246322631836,0.0064220428466796875,0.012544870376586914,0.0003905296325683594
148.jpg,1001001101000011111010100100001101101110001000100101100110111100011011001101110010110110011100000101100110110010110010011110001111000110011101111001101000110111010001001001110101010110100010001010101111000011100001011010010000011110111000100110001101011010,1001001101010011111010100100001001101110001001100001100110111000011011001100110010110110011100001100100100110011010010011110001111000010111001111001101010100111010001000001110101001110100110011010001111000011101101011010010100011110110011100110001101010010,True,True,True,False,29,0.020841360092163086,0.006822824478149414,0.013088226318359375,0.0009152889251708984
141.jpg,1111111000101100100111000000001111101001111101110100000110011100011000101000110111010011111011100011110100000010011101011100011000001111000001011110011010000001011110001111100010001111001000100000110001110000011000101101100011110100001011110100110111110110,10100000100000111100010000100110001000100101000110010000110001101001000000101011010000000000001001000010001001101011111111011110001001101011001101111110100111100000010000110000110001100101010101000111010110011111000001010100101001101101000110001000010101111001101,False,False,False,False,130,0.022179365158081055,0.00777435302734375,0.01333308219909668,0.0010564327239990234
94.jpg,1100010101001100110110010000111101101010001111001101011000110111101001010110011111011010100110000101101011010000101001011010100000110101001000101000101001101001010100101011110001111010001000111010010110011001101100010000101100101101111001000101101001111111,1100011101001100110110011010111110100110011010101101001001011111110001010100011011110100100100011001010010111100100100111000111100011000011000101000110011101000000100001011110011111010001000111011011110001011010100100010001100110001011001001001000001111111,True,False,True,False,73,0.022782087326049805,0.008562326431274414,0.013461589813232422,0.0007424354553222656
24.jpg,1000100100000001001010111011110110100001111111001000110101010001101010100001001101000111101010101010010101000010110101000100011011100100001011001111000010111100111000001110110001101010111011010011110111101101101011110100000111100111010100110000101101010011,1000100101001001001010111011110110010011101101100000110101010001101011100000000101010111111010101010010111010010110111010100011011100100001011001110000010011100111100001010110000111010111011000010111010100001101010110110011111100110000100110110101001010011,True,True,True,False,40,0.022030353546142578,0.008174419403076172,0.013243436813354492,0.0005970001220703125
84.jpg,1011010101011000101001010101100001101101010000110010100110001111100101101010110101110110101010001100100010111011010011101010011001011010100001010100001010010111100110101100010001110100100110000100100100111111011010110110010010010110011011011111010010101001,0110110011000000010001001001001000011111001001001100000000000100101010010100001011000100111100101110101000101011101000100000100000111100100011001100000001000000100100100101100000111100100010001011000010001101000000010101110001000000010,False,True,False,False,114,0.023133516311645508,0.007658958435058594,0.014186620712280273,0.0012729167938232422
171.jpg,1101001000001010110011001001001011100010011101111010011001110101111010111110011100101101100010111010110011011110001100000011010000000110000111011010000010000110000101010010101110000001011001010111010110101000111011010100001010110110100110101011111001111110,1101101000001010110110001001001011101010011101111011011001110101111010111010011100101101110010011011110110110110000101000011010000000100000111011000001000000110000111011010101110000001011001010111010110100010111011010000100010110110100110101001111001111010,True,True,True,True,28,0.0219266414642334,0.008263349533081055,0.013142824172973633,0.0005056858062744141
123.jpg,1111100110001100101001100010001101000001110110000111010011011110001100110011001000111111110011000011100110001001011111001101100111000110110001101100011000011111100100100111010100001000011100010011100111101001001011011001100001000110010111100101011110000110,11100000010000111111110001000001101000010001010011010001001011010011111101111111101100110011000000000100000011010101100010001000001100100100101100010000100110010000011010010101001010101000000010011101000100111100111000100,False,False,False,False,108,0.024544477462768555,0.00863790512084961,0.014529705047607422,0.0013623237609863281
93.jpg,1001111111100111111000000001110011100011000000000100000001110001100111011100011100011111100011111011000111111110010000110011100010011111000000110101100000001111011100000110111110011111100011100100011111111001101000011111000001100000110000001011110000000111,1001111011110111111000000001110111100011100010001100001111110001100110111100011100011100110001111011100011110000010001100011100010011110000000110100001000001110011000011110111110010011110001110100011111110001101111001111000001000000000011001011111000000111,True,True,True,True,46,0.021253585815429688,0.0073032379150390625,0.013336181640625,0.000598907470703125
75.jpg,1001011001111110011110111110000010001000110011110101000011011100100111000110100001110000110011011001100010100001000010101101111111011111010000001000100011001111011101000001000110001000111111110111001010000000100111001011011011110010100010100001101110111110,1001011001111110011110111110000010001000110011110101000011011100100111000110100001110000110011111001100010100001000010101101111111011001100000001010101011001111010111000000000110001000111111110110001000000000100110011011111011100010100010101001101110111111,True,True,True,True,18,0.022194862365722656,0.008669853210449219,0.013125181198120117,0.00038504600524902344
196.jpg,1010111101100100110101001001100100000011110001110110010100100000001111100101110110011001100111101110111001111100001100010000100111001101111000110011001001111100100010001001100101001011011001100010011000111100111110001100000001100111011011111000100110010011,1000110101101110111100101001100101010011110010110110110100100000001111100110110100010001100111111110111001010010011100010010110111000101111000101011001001111100010010001001101101001001011001100010011000011100111110001110000001100101011011011000100010100011,True,True,True,True,38,0.02097630500793457,0.007154226303100586,0.013067483901977539,0.00074005126953125
200.jpg,1110100100100100111111001010010000100001111101110000010111010111000111110001111011001010000010111101001001000001011100100000000000011110110111111100000110010110110000010111110100001010111100100111010101001011111111000001111010001000111101110000001111110001,1000010110001010001110000100011101110101110100100001111111011101001101001010010001110011111000010010011010010001111000000110000010000011111110000000010000010100011111111011111001011011001111100,False,False,False,False,92,0.0218353271484375,0.006983280181884766,0.013292074203491211,0.0015461444854736328
167.jpg,1010001010011101010010011001011001111001001001100110111001100111110000100110100100000111010110101000011100011011010110100010010101111001011111001000100111110000010111101000010110110010100111011010011011011010001110101101000001111011000001010010000101111011,1010001010001111011010001001011100111000001001100100100001101110110000000111100100100111010110011100011100001011100111010011111001101001101101101100100111100000100011100000100110111100100111110111001001011000011000110110110101100101010101100011101110001001,True,True,False,False,77,0.022673845291137695,0.008170127868652344,0.013735532760620117,0.0007536411285400391
125.jpg,1111111111110100100001001100000010110110010100100000011101010101001011000001111111011100100011011001000011111110100100110011001010100111011000001110111001101100101111000100100101000001111111000101001111011001010000010011000001000100011111000100111101111100,101100000111101110000101010110001010001000111000101011100110110101010011100110101000110110000000011010100010000000101101000000101011101100111110011100100010111111011100001011101100110011101011011100000100101001110001010100000011011001011000100011100,False,False,False,True,113,0.024504423141479492,0.0092620849609375,0.014151811599731445,0.0010752677917480469
161.jpg,1011110111010100100101111000110111100010001010101110100100011011110001000111010111100000000011101100010001010101111101101110101010100010001000111111001010101100111100110000001010110011100010010101001101110101010110010100000101010011111101000111100101000010,01011011011101011001100000000000111000111111000011010110010001011100101101010010000111000110101010101110110111100111111001110100101011101000001011111110001110001000010101000110111101000011011111101101011100010110111100110111100011011000101111000111011110011001000,False,False,False,False,132,0.021249771118164062,0.007147550582885742,0.01301264762878418,0.001074075698852539
126.jpg,1100001100000110110000110000111100101001111111001000011001011110001111100100000101011011111000011100001000011111101111000000110110000011011001010110000001111110000111000000011011010011110011000011100011111110100001110010011010100110110010001111110011111100,11000001011101100000110000111110010011001010100000010011110010001010110101100100011110000010000010011110111111111101010001010110110111000000010001100110101000100111001001011110110100111101001110010111010100101001011011100001110110101000001101100010000001001101101,False,False,False,False,121,0.026012659072875977,0.009955406188964844,0.014962434768676758,0.0010783672332763672
153.jpg,1001111100000011011100011111100000101111010001010110010010100111111100011001100110101100110001101001000110010111111110011110100010001100011110011100001001101001100001000110110110011110010001100100100011010111011110010001110001101001100110000010010100110101,1011000101010101000110110101101001100101101110010110101100001101001001100101101010011000111000101010011111000110111001110001111010001000000101100110011010110011000001000001001000010011111001011000111100101100001011111001000000011001110,False,False,False,False,118,0.023825645446777344,0.008862972259521484,0.013641357421875,0.0013065338134765625
68.jpg,1111111101101111001101101110100101001001000110100011011011100100101101100000100001010101111000001111011110000000010101010110100010110100001011000001010111101010101010001101000001110101111010000110101101101110100101101001010101001001011011111010001010010100,00110001100000010000110001100000001000001001000000000001100000000000011000100010000100001000000000100110100111110000110101110011001111000101010001101100000000111101010010001011001,False,False,False,False,87,0.023590087890625,0.00817418098449707,0.013718605041503906,0.0016837120056152344
175.jpg,1011101000110011101101000101110011000101111000110100101010100100011111000101011100110100101110100010001010001000111101110101010101100011000010100010101001110001011111110111010110010000000000101011010011010111011010110110011110000001000010001111110011011101,1110010011010100100110111101101000010100110100010110110111100010110011011100111101110010101011010000101010100000000001001101101111001011110111101000000101101101111101010000010101101100101010000100100011010010011111110011111101110110010,False,False,False,False,113,0.02465224266052246,0.009232521057128906,0.01413106918334961,0.0012733936309814453
42.jpg,1110101001001001110010011011011011011101010110101000110111001011000100101001011000010010001100100011100001110010001101101100101001010110100110101100011010010010101001001111110010111101010111110000101101000010010110110110101000110001011010101010010100111011,111001110100100111011101101101101101101101011010010011011100101100000011100100101011011000010010001110010110100100101100010011011010111001000101100010111101010011110000110100100000000111110010000001110001101011101110100000011011,True,False,True,True,81,0.022126197814941406,0.008023500442504883,0.013222455978393555,0.0008649826049804688
152.jpg,1001010000000000100010111110111100001110101010110011111010110101011010000101010111110000010101101010000111010101010001111100101100000111100010101011110000100100111101100010100101100001101011010011011011011111111101100001101011110011100110000000101000111000,100101000000000010001011111011110000111010101011001111001011010101111000010101011111000001010111101000011101010101000111110010110001001110100000100011011100010111010011001011011111111101101001101011011010000110000100101110110000,True,True,False,True,49,0.021689176559448242,0.00763702392578125,0.013093709945678711,0.0009443759918212891
199.jpg,1000110001110101100000010001001101010110000101000111101001100110110100010111100111100001110000101011100110111010010111010010110101001001000111001100101100110100111010111010111000001010101100111001110100011010001101101011011110000001101010111001001100101101,1000110001110001100000010001001100110101000101010111101001100110110100001111100111100001110001101111001110110011010011000000010101001001001110101101101100101000111010111010111010001010101100111001100000001010101101111111011011010001101010111001001000101101,True,False,True,False,36,0.020341157913208008,0.007149457931518555,0.012426614761352539,0.0007510185241699219
127.jpg,1000001110010010111000111101000101100111110101100000011111010000011001111110010001000111101100000111011111000100010110101101010101110010110001000100101011110011010110100001010001011111101101100101101100001110010010011101010101010111000001110100100010110001,0011101101000010110010011011010001100100101001110100101011011100101001000000110000001000010110100011100011110001011110111111111011011001110100110110000001010110100010000001100000110001100001100001100111010101100110001111101101100100010,False,False,False,False,109,0.0219268798828125,0.00687098503112793,0.013775110244750977,0.0012652873992919922
136.jpg,1101000111110010100011110000011000111110101101001110110110000011110101100101101001111011111000000010111010011111100001000010001010000101111010000100100011001100010000101011101111111011011000100110010000010110111111101101100100000001101001010001100011011101,00011100001010000100011001000110101001001111101000001001110010011011000101101100001110001111010110111010111001010110010111110100100011010100111100101101001010011101000001101111011000100110110111110111010010010010000111101100001101011011010000,False,False,False,False,118,0.019362449645996094,0.005847930908203125,0.012302637100219727,0.0011968612670898438
182.jpg,1100010011100110110011001100110000011001100110000010001110010011111111100110011100011100110011000000001110011001111111000111100100000001110011000011001100011101111111100111001101100110110001110011001100100100011001100001001111100010111001100001110010011100,1100011001000110110011001100110000011001100110010010001100010011111001100110011000011100110011000000001110011001110111001011100100001001110011010011001100011110111111100111001011000110011001100011001001110100111101110010011111100000111001100001110100011100,True,True,False,True,33,0.020604610443115234,0.006847858428955078,0.013031721115112305,0.0007100105285644531
122.jpg,1100100110100110110010011001111000011000000111010110011001110011100111111001110001001101000011001000100010001101111000100010011111111000100000111101110011001100001100110011000100111110110000101100110011101100100100110111001111001100000111000001110001101111,1100100110000110110010011011011000010010001110110110110011011001001101111101110011001101001001100010001001001101110010000001111111011100001000110011101100001001100011011110000101110111110001100001011101101100100010001111001100100010001001101001110000101111,True,True,False,True,85,0.023102998733520508,0.008544206619262695,0.013738632202148438,0.0008046627044677734
192.jpg,1110010111010011110110100010100111001000111111101010010111000111010100100011100000101001111001100001011001111001111000110011001010111001100001111100111000101001000100010110010000111100000100110110100101100110100110101010110001100110010111011110100000110010,11100000010101101001100001100011100110110011010110100110010011010101011011010001001000011001001100010010001101001110011001111100100111001001101111001110110110110101001101100110000110110110001100000100110110100111100001110001001010101000101110010111111100100110010,False,False,False,False,105,0.02161693572998047,0.0075109004974365234,0.013044357299804688,0.0010464191436767578
25.jpg,1001010111011001100110011000000110101010101111101010100111000111101010110110111000000110000011100110011010111110011000001010011001101111000011100100100001011000010110101111100101010000101101111101010100111001100100000100001010110011010101111001001100110101,1001110111011000100100011000000110101010011111101010100111000110101010011110110000110010001011100110011010111110010011001010010001001100011110000010101000001010010011011101110111111000001100001101101100101001001101110100001011110010001011101010001001011101,True,True,False,False,66,0.02094864845275879,0.007102012634277344,0.013033866882324219,0.000797271728515625
57.jpg,1010011000001100110110010111001100101100101100111011001101001100010110110011001000101101101100110001011001001100111000111000110010111100011100111001111011011000011001010000011001100010101100111011110001000100010001100010111110100011110100000101110000111111,10011110001100001011001000000010000000101101010100100100000010000010101110000000110010011000010111111001000000111011100110100011110010011001001000010101001110101010000111011011100010001000111000100100100010100010010110001001000000101000010000,False,True,False,False,126,0.02087259292602539,0.00634455680847168,0.013292789459228516,0.0012197494506835938
165.jpg,1110101110001111001001110001011110010101111110000011000010101000100111001110011110011001100101001100011100010000100000111001011111000110010111001101111000011010000111100001110011011110010111101000101101010000100110001100001111010011001110000011100111100001,10010001110010000000111101000110101100110011110101100011011000010101010010110111110000111101110110101001111011111101110111000111011101100011000111110011010100011101110000110111010010011001100111100110101001111000011110101,False,False,False,False,114,0.02563762664794922,0.009300470352172852,0.014900684356689453,0.0014224052429199219
131.jpg,1001111101011100111001011011100010010000101000010110101100010110111100011110011011011011110110000010011100000101000011001010011101011001010010101111000101010011100010101001100100111110001011100011001100110001110001100101001011100101110010000011110011001101,000101001001000000011000000000101000111000100110001011110101000101110101101100111100101111001110110001111011110101011110011101101001101111001100100100001001000011000101101101110101101100000111110011111110100011010001000101001011111000111000010011101,False,True,False,False,118,0.020364046096801758,0.006735324859619141,0.012490987777709961,0.0011222362518310547
81.jpg,1110100010111001110100111010101010011000010100011000111111100111011100001000100110110101110110011110000010000011001110000010010011111111100001110100111000101000110100111000001010001000011111001100001101011101001110100111000100111110010111100110000111100001,1110101010101111111100100010101010001001010100011001101001100101001100001000100110110101110100010110000010000001011100001000001011101111111100110100001101101101010010001011100010000111110111100000001010110111000110100110000010101100011100100101110011001100,True,True,False,False,77,0.022290468215942383,0.008254051208496094,0.013124465942382812,0.0008969306945800781
38.jpg,1001010101100001100011000011101110000100011110111111111111000000001011000111000100110010001111111111101110011100100000011000111000100010101011111101110111001010110000001011100000000100011101111101110110000100001000110001000110000000011111111101110111001100,100101010101000110001100001110111000010101111011111111111100000000101100011100010011001000111111111110111001100010000001101011100010000010101111110111111100101011000001001110000000010001110111110111011000010100100011000100011000001001111111110111010,True,True,True,False,12,0.020474910736083984,0.006827116012573242,0.013007164001464844,0.0006260871887207031
79.jpg,1001010111100010111011110001101000110011110011101101000001001010011001101010100010110001010011000101001101100100011100101011110000111010110011100010011001101011110100110001110011101001101101001011001100110010110010011011001000110010110101011100100100011010,11110000100010110100001001110000000100100010000001010110010001011100100000001001001100010110100100110110110001001011100011000000011011000100010010100100001000000001011000101110011110101001111110000011010000100100110001000000010010000010001000011011111011011000001,False,False,False,False,123,0.016692399978637695,0.0039288997650146484,0.011710643768310547,0.00103759765625
47.jpg,1001110001000000100101011011010111000001001111110101111011000000100001110101000101100001001011111001101010010010011001110100110010010110101010111100101100110011001101100101110010001100100010100111001011100110000011010101001111100111101110010001111001101101,101101000100000001010010101111111100000100111111001111101100000011001111010000110010000000111111100110011001001001101011011010001001001010010011110011010011001000110110110011011100100011001010001110111010010011001000011011110110,True,True,True,False,51,0.02063441276550293,0.006826162338256836,0.013049840927124023,0.000743865966796875
132.jpg,1100000111010001000111001011110000100001010110011110010010010001001011111111101001101000011001011010110011111110111001001110111100000011100111101100010010100001001111011110011011010010110010000100100110110010001000110110100111111101101000101100001011000100,1100001110010001000111001011110000100001010011111110011010110011001001111111100001101000010011001000110011110010111001001110111100000011000111001100110010001100001111011110011001010010011010010100100110110010101000111100110111111101001100101100001011100100,True,True,True,True,34,0.020562410354614258,0.007059812545776367,0.013022899627685547,0.00046515464782714844
198.jpg,1000000001100101011111011001000110010000100101101011010101100111001010011010000011001111101111111111001001000000111000111011111100000110100011100101111100111001101000011111100110100111000011100001011100011111010110001110001111001010101000001000000110011100,1011000001111000010001100001010000001011000011100001010101100111001100010001001101010010010101011111011001100100110101001010101111101100000000100111100011001111010000011101100001001111100011010101100011101110110101,False,False,False,False,94,0.024095773696899414,0.008286476135253906,0.014362096786499023,0.001432180404663086
109.jpg,1110110010011001101110110001110110001011000011011110001100011111001000010000101101100110010001110011100111100110100100001110001100011000111011001001110001110001111000010001100111100100001111001010111100111000101010010101110010011110001010111001000011011010,1100101011011111110011101011110000010001111001111000111101100101111010000111100000001100000010000110001111101010010010101001110110000000001111100000110001001100011001110011111001011000111101000000000000001001100101011010111111001111011011100000110101010000,False,False,False,False,129,0.025208473205566406,0.009926557540893555,0.01412057876586914,0.0011453628540039062
128.jpg,1001100001111000000001111000111101111100001100001010010101010111001001101010011101011110101111100110000111001011110110000001100000110011101001010010110100101101110110000100001001010110110101100001011000111101001111100100101101101001100101001100011010110101,1001100001111000000000111000111101111100101100001010010110010111001001001010011101011110011111100110001110000011100111000011100000111011110001010010110100101111110100101110011001011110010000100000001000111000001111101100101101101101100011011100011010110010,True,True,True,True,38,0.0201570987701416,0.006566047668457031,0.013013839721679688,0.0005612373352050781
116.jpg,1100101101011010101110010110101101100110110010100101100011010010001100101011010010011100101001001001000110101101000101100110010100110001100101011010101000111001110010001110100101001101101110110110100101100010011010110001001011011010011101111101001010010100,110111110011010010010000011000110110011011001010000110001111001101100011101101101101100011100000110110011000100100001110000001000010100111010110101111100011000111011000111011010100011110111000010111011111101110110101010100010001111001101011110010101,True,False,True,False,69,0.020839452743530273,0.006917238235473633,0.01300358772277832,0.0009036064147949219
164.jpg,1000000100110001001001000011111001011000101011101001110011001000001101110010001111110000000101100010011000001110000111001100011111011001011110110011010100111001101011101111010110101110011110100011100101111101111010111100010010001100100010000011000001011111,10000100000100010010010100101100010100000011010110011011010010100001101110101011110100001101011000100010000111100001110110000111000001110011001011100010011010101101101100011111011010010011011011100100011110001110101111011110100010010000000100010000011000011011111,False,False,True,True,88,0.022608041763305664,0.008578062057495117,0.013142824172973633,0.0008716583251953125
120.jpg,1001000011001100110011011001100101011010110100011101000101100010101011101011101101110010010110010100100110100100001101101101101111101000001001010110001110110010001111010000101110011000101101000100001111011010100111010010101100101000111101001101011101010010,1001110011001000010010011101100101011110110100011101100101001010001001111010101001110010010110010100100110100101100111111001001001111100001110001100000101010010111111011000101100011110111000100100001111010011101111010010110110001000111100010101000111001010,True,True,False,False,61,0.021599292755126953,0.007792949676513672,0.013000726699829102,0.0007901191711425781
103.jpg,1010011001100110101101100110011001001001100110000000100110011011001110011011001111010100011100001110001010101110101001100010001001011100111110100101100001110100010110100000001010001001100110011111011111101010111010110101010101011000100010001011011001110111,101001100100001010101000010100000110000101010100010110000100010101001011011101110010000111111000110001110101001100010000000000001010111110101000000010001001001100111100001111010010110101100111100101010001100,False,False,False,False,102,0.026456594467163086,0.009951591491699219,0.014970064163208008,0.001520395278930664
97.jpg,1111011001100110111001100110011000101101101000111001100110011001010110001001110001001100110010011100110011001001001111011001010010110101111001000100101101001001100110010000110000110110101101100010011011100110110101011000010000011011001110010101110101011001,1110011001100110111001100110011100001101101000111101100110111001010110011001110001001100110010011100110011011001001111011001010010110100111001000100101101001001100110000000110000110110101101100010011011100110110111011000010000011011001110010101110001011001,False,True,True,True,11,0.02089071273803711,0.007219552993774414,0.01314854621887207,0.0005075931549072266
163.jpg,1101010111110000010111100000011111101110000001111000000001010111110101000110000011101110000000100011110101010111110111101101011110011100000001100011110101011010001011100001011100100010100000111111100101100000011011100001011101001110000101101101100111011000,01100000110000011110110000000111110010100100110110100010100100010100111000010000011110010000000001011000101001101100101000000101000000110101110100000010001010001001100010010101100010001001100111011100001010000000101100101000001001101100011000011101110011011000011,False,False,False,False,113,0.023314714431762695,0.008478641510009766,0.013770103454589844,0.0010502338409423828
10.jpg,1111100001011110100011111000001100111101011110001110100001001110100001111110000101110101001001010100111000001101010110111101100001110011010101000101000010100010110100001011001101100111100000010100011001101110101001110100111111100100111101011001100000001100,11000010111100111001011011011001101001110111100001001010010000111000000000100010101100111101101110010011001101010100000110001010001011000100011001011110010011100101101101100110111101001000100100001100,False,False,False,True,92,0.02267289161682129,0.0073888301849365234,0.01377725601196289,0.0014927387237548828
176.jpg,1111000101111010111001101110100111001011101101001000100101110010101101101101101010010001101011011110101101000110011011001101100110010011001001101110110110000001011001101100010010010001101101000110101101000001100100101100100110000001101101101010010011000100,1111000101101010111001101110101111001111101101001000100101110000101101101101101010010001101011011110001101000111011011001101100010011010001101001110000111000011011001101100011110011000001101000110101101001001100000101000110111000001101101101110000011000000,True,True,True,True,28,0.020006179809570312,0.006539344787597656,0.012816905975341797,0.0006346702575683594
121.jpg,1000000001011000001110110100101011101010111011100100111010111110000110101011011011010100111001101011110100010001110000001010100110111110101010011101100101101101000001001010111100111101010101100010010010110110111110101100001011000101000010011000001010101001,1000010001001000001110110101101010011010011010100101111010111010000110101011011011010000111001101011110100010001110001101011100111001110001010011101100101101101000000001110111100111101010111100010011010110110111110101100001011010101000010011000011000101001,False,True,True,True,25,0.021720170974731445,0.007970094680786133,0.013103961944580078,0.0006313323974609375
190.jpg,1011001001111100111010010110100100000101110000111111010110000110010011100101110001000110001110000101101000111101100010100111010001111100101010100011000011110011001100011010001101110011100101110000010101101010111110101001010101001011110111101100010000101000,10010010111000101100010100011010101001100001001111110101011000111010100011011010000111001000111111011001110011000001101101011000010100111011101010011100101000111100011001110010100110111110001100111010101110000101001000010111100011011111000011000100001111110101101,False,True,False,True,116,0.02478647232055664,0.00934600830078125,0.014737844467163086,0.0006868839263916016
53.jpg,1101001000111100110111001000000101010100100100111010001111100110011111100001000011001010011111010101101110010110001000011101001100111110010011101110110000111000110100111000011100100000110100001111001001011101111011000001011010010010110110010010001111100110,000011010110000011111000100001100000101001001111111110100110010011111101110110111001100000110011100100000000100110010100101010100110110111100101110100100100100101101111100011100011101001001010100010001101100,False,False,False,False,107,0.021141529083251953,0.006632089614868164,0.013003349304199219,0.0014927387237548828
113.jpg,1011101111110010100100111010111111100100100110000100110001100000011011000000001110010011001101111011011100011001110100011001110001001110110111000001100011101100100100011100011101010000110000101111110000000011111011100110011101101110000000111000011100011101,101110111110011010011011101101101110010010011000010001100100100101001110000000111001101100110111101001010011000010010001110111000100111011011000000110100110110010000001110001110101100111000110010100110110111110111010100110110111001001010011100101010,True,False,True,False,54,0.02145838737487793,0.007592201232910156,0.01307225227355957,0.0007784366607666016
106.jpg,1011100111101110101110010010100110111000100001001001011011110100110101001011010111001110100011101110011001101011011100100100000000101111011100010010011101110001000101110011110010010001100000101101000010101110110110100001000011111011010101001100110100001100,101110011010101110111001101011101001100010010100100101101011010011010100101101001100111000001010111001100000101001100010010000011000011100110110011111101100011101110010010100101101000001110001101010011010000101010101101101011010110111010100101010011111001000011000000000,True,True,False,False,84,0.0219573974609375,0.008120059967041016,0.013127565383911133,0.0006937980651855469
183.jpg,1011010000110101111101100110010011101011110100001110001110011001100001111110011000011010001001111001100100101000101101110000100000111110001100011001010001110010111101000101111110000001001111110101000111100000110010001110000010011111010001100101111001000111,000001000000010010010010111101101110100111110101011001000010000100001011011101000110010111101001100110001000000011000100011111110001001100111110100100000111001100010,False,False,False,False,70,0.025796175003051758,0.009637117385864258,0.014382600784301758,0.0017635822296142578
67.jpg,1001101001010010111101001011011011000011010010101110010100101101110010100010110110111100011101111010110011110101101001001000010100011011110010010011000101011001001001010010101001000110000100100110010110110000010000110111111011011010010101011101000001101111,1001100001101010111101001010010011000111010010101111011100010101110000101001111110111101110001011000010011110000101001110000100100011011010010110011001001010001001001010110100001000110010100100110110110010010010000110011111011001011111101001100100101101111,True,False,False,True,51,0.021970033645629883,0.00788736343383789,0.01318359375,0.0008838176727294922
168.jpg,1000000000010101110000011110011001100100000001010011111111001011110111011011110010100110111111010100000001010110101110010000101010011110100000000100111101111001011101111011101101100000110111110100110000000110001001110000101101110001011001001111100101101100,10000000000100111100000111100110011101000001010100111011110101010011010100011010001000101101011000001000101001111011101101010100010111101000010001101111011100001101001110111010100000001101111100001000001110100000110101101111000001111010001010001001111110001101100,True,False,False,True,76,0.019256591796875,0.006197214126586914,0.012407779693603516,0.0006356239318847656
11.jpg,1010111001000110101100100110111010011111011001110101111101111101010110010011001011101000001101101011011100010001110100001101101101001000100000010010100100100000101000010011101100000111000100110101000001100110111110111100111110001100110111011111000110000000,1010111001001110001100100010111010111111011001110001111101111101000100010011001111101000001101101111011100010011110000001101101101001000100000010010110100100000001000110010101110100111000101110101000001100110111110111100111111001100110111011111000010000000,False,False,True,True,20,0.022430896759033203,0.008031368255615234,0.013615131378173828,0.0007693767547607422
40.jpg,1001100110010010001001100100100101100111011001100110111010100110100110001001100110011001110110010110001001100110011011100110011000100101001101101100100110011001010010011101100110110110110000100011011001100111011000111111110101001001100011010000110110110100,100110111001001001000110010110010111001000100110111001011100011000111001100110011101100110011001011001100010001001100100010001101110011001110110110100011101110110011101001010100111111010011001011100010111001000101101111011001110110011101100110000001,False,False,False,False,77,0.0208432674407959,0.006643533706665039,0.013050079345703125,0.0011348724365234375
48.jpg,1100000100000010000000110110010001111000110001000111001100111101011001101000001011001111111010110000000111001000010110011110101100011100010011111110110101100110011111011011110000001011000110000011110011100000111101110111000100110110110011101111111011000000,1110101100100000100001110100010011110100100100100111001100011100011011110100001111001101101110101001001111101000110110011110101100011100110001111100110101100110011111011110110000001101100110000011101000100001000010110100000000110110001000000110011011000101,False,False,True,False,64,0.023162841796875,0.008582115173339844,0.013599634170532227,0.0009658336639404297
124.jpg,1011010000001111001001010000000110001100011101100011101000001111100110100101100100010110111101011100100111111101000100011100001101111110011111011001100101011100011100010111001011001010000011010000000000101010010101111000111110101011010111001011110000110011,101100000000111100100101000000011010110010110101001110100000111110010010010110010001011011110101111011011111110110010001100000110111111001111101101111010100110011101001001010100010000101111000110010101111000111011001110010010011,True,True,False,False,50,0.0216217041015625,0.0075871944427490234,0.013020992279052734,0.0009996891021728516
43.jpg,1100010011100100001110111011101111000100010010001011011110110100110110001100100010110101010010010111100010011101100001000110111100010010011100111001010010110100011001101110110001111011110010011111011010100100011001101000100101000110110010010100011010100101,11000100100010100110101011100100101111011111111010010111100101011101100001001111101001011100000111000000100111011001010001100011000010101010011101111010001000111110100100110011111001010011110011000001111010010100100011001101000000001000110000010010100010010101111,False,False,False,True,108,0.020808696746826172,0.007116556167602539,0.012805938720703125,0.0008709430694580078
100.jpg,1111011011100000110001100100100111100011011100001100111000010111011001100100001000010100010101111100101010100111001101110111011111011010101101101010000101100111000100110010101111100001001001000001011100110010100000111001001011110100100110100011111010001011,111000010110111010010111011011110000011000011010001011010011100110000111110001101111110111100011110011011111011000111001000000101011000100111110110011111000010110000,False,False,False,False,79,0.018863916397094727,0.003856658935546875,0.013216733932495117,0.0017778873443603516
60.jpg,1011100111001111001111001000011011010000000001001100100100001001101001011011111100010110111000111100000101111000110011001111001000000110111110111110011101100110010000000000011010100011100110000001011110000000110010111111000010011100111110110001011111111101,1000100000010011000110000101010111100010110101011010010111010000000110011010110101111100111001010001110101000010101100000001100001001110000000010110011001000011111011010110100100110001010101110001000011111011101111110010100010010010010,False,False,False,False,118,0.022516489028930664,0.007246255874633789,0.013947010040283203,0.0013079643249511719
69.jpg,1110100110011000110101000010011111101010100100101001110101011100001111000100011101101010001011110100000111010000100001110001100100110101111001111110000110100100001011100101011000001100011001011101101010110110110110111110000101000011101101100010010110010101,1110100110011000110101000110011011101010100100101001100101011100001111000000011101101000001011110100000111010010000001100001000000110111111001111110000110100100101011100101011100001101011001011101100011110110110110111110000101000011111101100010011101010101,True,True,True,True,20,0.02191781997680664,0.008334636688232422,0.013099431991577148,0.00046825408935546875
114.jpg,1001101010111010100010100110001001100001011000111010001110011011010100010001110110101001110110111101010001010011110110101011110010000001110110010110000001101101111011010011111100000100100101111000110100110001110001001001111000001010111010110101010101010001,1001101010011010100010100110001001100001011001111011001110011011010101010001100110101001110000111101011001010011110111101011100010100001110111110010000001111101111011010011101000000010100101010001110100110001110001001001111000101010111010110101110101010001,True,True,False,True,24,0.020276784896850586,0.007086515426635742,0.01256251335144043,0.0006129741668701172
180.jpg,1000000110010001110011001100110000101001001110110111001001000010010011111011110010010000110101111100011101011000011111101010001101110111010010001100010011110011001010001000110111010001001101011100111101001011001101101010111001000010110110111000110001010011,1000000100110001110011001101100100101001001001110111001011011011010011110010011010010000110101111101001100110001011111101110011110110001000110001100010001100011001110001000110111010001001101011100111101001011001101101010110001000010011100111000110011010011,True,True,True,True,38,0.020476818084716797,0.006814002990722656,0.013055562973022461,0.0005917549133300781
177.jpg,1001011111100100110000001111101011101010110110011100001101100110010000000100101111001111001111001101110101001000100111100101001000101001001011010001110101101001100111000011000000101101111011010010110110110011001101011100010110010100101000011001101110010100,110110001000111011011011100001110100011110010010010011110101101000001011010110101101110011110101110111111010001001110011000000000110101011100101001100100011000100110101000010111111101101100110000100100101101,False,False,False,False,105,0.025281667709350586,0.009000062942504883,0.014748334884643555,0.0015189647674560547
144.jpg,1101010001010101100001100101010101100110101000110010110001101010000011101111010111100010101101010110010100111000110000110110101000110011111101000010110100001011110111010000111011010111100001011110001100101001100101100000001000010101110111100110011011110100,1111011011001101101001100101001111000010001100110001110101101010100010011001001011101000100100010110110001101011110011101101101001111111111110000001110100001101010110100101101110100110100000011010100000101101100001101100101011001111111101110001100111000100,False,False,False,False,89,0.01970696449279785,0.006145477294921875,0.012447357177734375,0.0010983943939208984
87.jpg,1111011100100011000111011000100000100101010011001110011001100011010111011001100110110011001100010001101010011100110000101100011101001010100110010101101011010101010010101001000101011010110101111110001001110011010010101101110011011001110110010000101100011010,1111001101110011000110011001100000100110110011001110011001100011010111011001100110110011001100110001100100011000111101110110111000100110001110001101100111000111101110110011100101010011011001101010011001100011010011001000110010011001110110010000101100111000,True,False,True,True,57,0.021323204040527344,0.007013797760009766,0.013774633407592773,0.0005197525024414062
72.jpg,1011110101101010101001001100010111100010001100100001111110000110100111001100100011111110001001010100001111111011100100011001101100001101111010011111100011110110110000000000011111100110111100000001000100001101001010100100000011010100100011001110101101110111,10000101001010101010010011000101111000110011001000011101100001101011111111001110111011101111010111000011001110110001000110011001000001011001000100010110011000101100011100000010000001101011100000101010001100110001100111011100100001011110100100001001110001111110011,True,True,False,True,76,0.0215606689453125,0.00795602798461914,0.01299595832824707,0.0005931854248046875
111.jpg,1101011100110111011001111011000100101001110110100000111101010111001000011101001000111001000101100100101101110111100100100111011011001100011011101011011001101111001100100011001100110010010110110010010000100110001101001100001101001100001010000110101011000011,11010100101101001001111010000011111100100000101000010010100001011110110001001011001100001010010010101000101100111000000001111001000100100111100101010100010011101011001001101010001,False,False,False,False,81,0.019295692443847656,0.004665851593017578,0.012903213500976562,0.0017135143280029297
51.jpg,1011000000111001110100010111000110100011100110011110101000101110100111010010001101101010100000110101011000000000001111001101110001001110011100011011010111011101110010100011110110000101110011010100001110100101100110111010111001100101010100010011001110100110,101101100011100110010001011110011100001110001110111001100000000111011001001000110110110010000011010001101001000100111110010111000111110011011111111101010000110110001001111011010011000011111100011010110111000101001101111111111010,True,True,False,False,69,0.021049976348876953,0.0069234371185302734,0.013064861297607422,0.0010471343994140625
149.jpg,1000001100011111010111100101110111111000100001000010000100100101110111101111000101101001100100000101101001100111010111011000111110101001100010000011001001000011110011011001010010100100111010000001001011000110110011011001011100100110111010011101110110101110,0000001111010110011001110001110111000110000011110101000011001101010010000101010110111101111000010100101110010110011110000101111000001011111101011011011000001110000001101111010111001101001001110010011011100011001100001011001100011000001,False,False,False,False,111,0.018056869506835938,0.0050199031829833984,0.011737346649169922,0.0012853145599365234
92.jpg,1100001010010010101001010110110110000000111110101101101000000011001011010110110111010011100101101101101101101101011111001111001000100001000111001100111010100011011011000111000001100110001010001000001110010110111001001111101100110111000101011001011010000011,110000101001001010101101011011011000000011110010110110000100001100101101011011011001001110010110110110100110110101111110000100100000101100111111110100011110101101101100000011011110111001010110101100110111000101011001011010010010,False,True,False,True,55,0.021363258361816406,0.007250547409057617,0.013071537017822266,0.0010271072387695312
162.jpg,1001100010001101010101010111001001101110001011010001101010010010001011110110010111000110100100101111101101001000001110011011011100110111111010100000001011111001110001001101001011110010101001011110100100101010000101100010110101001110100110001010001101001110,100110011000110101010101011100100110111000101101010110101001001000101011011001011100011010010010111110110100110000111001101001100011011101011010000000101111010111000100110100101111001001100101110001001100101110011100000011110011,True,True,True,False,29,0.023267745971679688,0.008731365203857422,0.013696432113647461,0.0008254051208496094
28.jpg,1010101010010101010000001110101110101101101011010110001010111110110100101011101101110010100010100100100001000101010111011100110001101011001101101010100000110110011111101101101010110011010100010010101100000101000110100101111100100000110100101010111110000001,11000000011100011010000001000100000000000011110000111111110001011000101110110100010011000001010110001101000011000101010001010110110110010110100000000111100001101010101100000011010001101111100010110100110010011110000010110010100000000100010001010000100100001001100,True,False,False,False,144,0.02249002456665039,0.007726907730102539,0.013684988021850586,0.0010623931884765625
35.jpg,1100100010001010110010111011101100000001001101011101001000000110100101111110011001111101111100011001110011100101000001100110111001111101000110100001011111000011110100101000010000011001101100001110001101100000111001111100011000111111000011111110001000100110,1100101010001010110010101011101100000001001101111111101100000110000001110110010001111101111100011001110011100101100001100110011001110101000110100000011111000011110110101000010000011001101100001110001111100010111001011100011000011111000011111110001001100110,True,True,True,True,20,0.020720958709716797,0.007281303405761719,0.013072729110717773,0.0003514289855957031
41.jpg,1001001101001001011101000100100100101100000100101100100110110110101000111111011000110110010010010110110110110010111100010100100010101011001001111001011011001001011101001110010110111001001100101001101111001101011001101101001011010001001001111000100110011100,1001001001001001011101001100100100101100100111101100110110110110110000101111011000110111000011010110110110110010110001100110100010101011100001101001111111001011011101000111010010101001111000101001101111001001011001101101001011011101001001101000100110010100,True,True,False,True,36,0.019934654235839844,0.00670170783996582,0.012727737426757812,0.0004892349243164062
2.jpg,1010101011010110100101001010000110010101111011100101111001110010000110011000000111100111011010010110001000100000110011000100001010001101001010001010011100111010111010110011010101101000001111001010011100111010100101111001001010011110011111010100101101011110,101010101101000010010100101010011001010111101110000011100111011001100101101101001110111101101000010010011101001010001000011100011010111010110101011111101001011111001010011100111010101101110001000010011110011111010100101111011101,True,False,True,True,83,0.02126598358154297,0.006806373596191406,0.013714075088500977,0.0007307529449462891
55.jpg,1000100110100110001111001001010011010101001111011001101000110011101001101111000101001101001101101001100110010010101001110110110101001000100001011001011011111011011001010010111111001010001001010110001110100010111111000100110010100001001101001100111010011000,0010100000010101000010110000111010011011110000101001111000010000001011011010100011001100110111100111100010000010010110110000101111011001011100100110011110011100001000100101001100010001011110101101100010000101011100000000101000011000100111111011011011010000110001100000111000001,False,False,False,False,135,0.021799087524414062,0.007136344909667969,0.013684272766113281,0.0009624958038330078
195.jpg,1111111000011110100000111110101101000000111110000101100000001111010000111111000010010011100101001101100111010000010011010001111001101101110010011010100110111110101011011000100110101101111010010100110110100001010011001001110001100010110110111011000001010000,0111001000100011000110110100011111101000011110101010100001001010010010100000011000011000010000001110001001101110101100001101000100100111000010010010001101010011010110011110000111001110100010100,False,False,False,False,97,0.022516965866088867,0.0076673030853271484,0.013275384902954102,0.0015611648559570312
45.jpg,1100110110010001110100111100010011100010001100001011010011101110011101011011101100011000101011100000110100100100000010110100010111000111000110000111001001000110111111001001101110111000110001101110110000110001000011110010110000001111011111010000101111011011,1001110110100111111111011001101110001110011111011010011111101001011101110011000100011011000011110001100100001100000110001100000100010000100100000111000001100110110111001011000110110101101001001100010100110001110001110000111010001111011011110000101111011011,False,False,True,True,79,0.022110462188720703,0.0077173709869384766,0.013677597045898438,0.0006999969482421875
7.jpg,1110001000000000111111110100110000001111111111111100000011111111001111000001001111000111000000000111100111101111000011100010001111110011000011000001110011000111110001000110000000111110000110001000010111001111111110000111000000001111001110111111000000110001,01001010010001011010010101100100010110101011001101101000010101010110111101111110000111001101101011100010011010101001110110100001011001101101111100011101001000000110111000110010001000010000000000000111,True,False,True,False,92,0.0200040340423584,0.006466865539550781,0.012392044067382812,0.0011315345764160156
58.jpg,1011111100101010111100001100011100000000100001000011111100101111111010001110010100001110001110001111101011100001110001111010100000001110011111011101001011010000000011001101100101111001010001001001001010001110101101011111001110110000010101100100011010110110,0101010101110000000110111100100011101010101100111100101011011001000000011000000000100000000000010110100000010010100110100011010110000010000101000101010000001101101011010010011011000111110110110000111100110110010110,False,False,False,False,130,0.019390583038330078,0.005049943923950195,0.012922525405883789,0.0014040470123291016
96.jpg,1101100101011010100100000101101100100110101001011000011110000100110111010101101011001100011100011011000111001011110100001110101001101110101001010010001110000101110101010111001001101110011100110010010101011001011110101100101011011010001011000010110100001100,1101100101011010100100000101111100100110101001011000011110000100110111010101101011001100011100011001000111001011110100001110101000100110101001010010001100010101010101110110101001100110011100111001011101011001010100100100111001101010001011000010111100001100,True,True,False,False,23,0.02099156379699707,0.007180452346801758,0.013072729110717773,0.0007185935974121094
77.jpg,1001000110000001110001101101010100000010110101100001000110100011011001100011001111111110000001001110100111001000000011000100100110110010001001101111001010110111101001111011000100111000101011010111100001011100101011100011011101101111101010010110101111001110,1001010110000001110001101101010100000000110101100001000110100011011001100011001111111110000001001110100111001000010011000100100110010010001101101111001010100111101101011011100100101100101011010111100001011101101010100001011101101111101010010110101111001110,True,True,True,True,14,0.020592212677001953,0.007066011428833008,0.013033628463745117,0.00047779083251953125
186.jpg,1001010010101010110101001010101101101010010101000100101001011110111101001010100110101101000100100011001001111001110101011010101010101001011011010111101010010100100011010101011100110001001010011000111010010110000010010110101111010110101010011100100101100110,100110011010011111101010100110110100011011100001110101101011110010001000001100110101001100111000100100010110011111010111100101011011000001010000111011111111110011101001101001001100100110000101011100001011011000101001100011010101,False,False,False,False,111,0.025745630264282227,0.009165763854980469,0.015214681625366211,0.0013501644134521484
12.jpg,1101010011001100111011111011001011001011010101101000001010001101001101111010011100101111010110111110111101010110010111111010110010010000011010011111000000000010100001001001100110011000111000010011010111000110101001000011100100101000011001011001101100100110,1101010011001100111011111011001011101011010101001000101010000101000101011011011100101111011010100110011101000110010111101010010010010000001100011111001010000000101001001001100111011000011000111011100101000110101001101011100100101100001001011101101001100111,True,False,True,True,37,0.020780324935913086,0.007291555404663086,0.012768983840942383,0.0007042884826660156
29.jpg,1001000100011001110011101100011010001100011110010111000111000010010000110001111011001100011110010000101110000011011000100011000100001000110101001100101111011100000001000110001101111111111000010001001100011111000001111011011101011100111011001110111111001111,1011000010011001110011110110011010001100011110000110000111001000000110110011011111001100111110010000011111001110010100100011000100001100110101001100101111011100000001000010001111011011011000000110010010011011100001111011101001011000011011001110111110000110,True,True,True,False,49,0.020486831665039062,0.006943702697753906,0.012961387634277344,0.0005669593811035156
178.jpg,1100100001001011000110000111111010010010001101101111101001001001001000111000110011111011001101101001110101100011010100101010010100001111010000111000010110011001110010101000110110100101000111100100001010111111000000011011111100110001101110111000100011101011,110010000100101100011000010111101001001010010110111010100100100100110100100011001110101100110110100111110010001100010110101001011000111000010101101000011000101101000100001010111111011000011011111100110001111100111000101111101001,True,True,False,True,50,0.020524263381958008,0.0067670345306396484,0.012986421585083008,0.0007565021514892578
19.jpg,1000111010001101111001010011010111010011011100101010100110110101011100101101110100000010001010000010010111110011010111101001100101001001000011011101100101001010110100101001000110110111011101010010110100111011011011001000111111000011010010011001000000110100,10001110100011011110010100110101110100100111001010101001111101000111001010011111000000100010100000100101111100110101111010001100010010010001110111011001001010101101001010010000101101110111110100101101001110110110111010100111110000110100100110010000001101000000100,True,True,True,False,16,0.02116703987121582,0.007566690444946289,0.01302647590637207,0.0005590915679931641
197.jpg,1010110101001011100010011101000010010100101111011110110000101001110000011000110011010110111111111100000010000100000100101001111011000010011110011001011011100000100101001110100000000100111001001101011111100011011100111110011010000101111001101111001111001010,1111111110101011010100111000000010000100010110001110110000101101100010011100110000001110100011111100010101010101000000010110110011000110011110011011001011100000100011101110100000000100111000101110001111000011011100111110011011000101111001101111000111001010,True,False,True,True,58,0.02127218246459961,0.007613658905029297,0.012911558151245117,0.000732421875
52.jpg,1000111000001100011100011101001110111100101100110011111101101100010000110000111110111000111100110110001100001100100101100100110010011001110000110110110110111100100100100110110000111000100010111100110110000011100110100110010000110011000110010110100110001111,100011100000100101110001110000101011110100110110001111001110001101100111000111011000100001110010011110010000011011101110000110001001000111100101011010111101101011010110001110010001000010001000011100000110000111010000101000001001,True,True,False,False,73,0.021259307861328125,0.007051706314086914,0.013017892837524414,0.0011746883392333984
107.jpg,1011101010100111111111010101000101000111011110000000101011101001011001001010111101110011001100001001000101100110100001001011101011000111101101010010111001000101110011100100110100110011001101111001000110011011110010100110010101101100111001000001000100110000,101010110100101001000011010001000000111111000000011101001010010001101000100001000000100101110001110010111100001000101001110110101000100110011100111001001111001111011110100101001110000011100101001000101100010,False,False,True,False,101,0.021892786026000977,0.0070078372955322266,0.013378143310546875,0.001491546630859375
169.jpg,1100001100100101000111110101000101000010111001010110110010110001000001011100001011100001001110110011011011100100110000100001010010101011111100111110110100011010001011001100010100000010111111000101111101000110101000011111100000011100100111110110111101101101,11000110011001000001111101100001010000111100010100111101100011000000101000000011100101011100100001110111001011001100101110000100100010010111001111101111110100100011010001011101101010100000010011111000101100101000110101100011110110000011100100110110110111001101101,False,True,True,True,95,0.03155636787414551,0.008707523345947266,0.022114038467407227,0.0007116794586181641
101.jpg,1110110100110001100010110101101010010110110011001011010000101101000111001101001011100000001001110111011000110001110000111011010011110011001011101001010110001101110010100111000010110101100100000011000011100110101011100001111101101001110001110000101011001110,100010000000110010110101010000110111000111001101001011100000000001110001010000110000110011111000010010111011011011101001010110001101010010100111001110110100100100000011000011101110110011100001111101101000110001110000101111000100,False,False,True,True,121,0.026830196380615234,0.008150100708007812,0.017427682876586914,0.0012335777282714844
158.jpg,1101101110100000110101011110100010010000010101111011100000011111011110101010101101100011101000000000100110111000001111010101010010111101010000011110001101010000111010101011001111011000100010110111100110101100000100100001110000001110010111110010011111110001,101101111011010000001100100010100001110111010010111100010010010001000001110010110010001100100000111101010010000010000001101011110001001000010110111110111001001010010010001101100000001100000000000001001000010101001011000100010010,False,False,True,False,109,0.025548219680786133,0.009526968002319336,0.01469278335571289,0.0013124942779541016
173.jpg,1101010111111011000101101110010111000001101011100110010010001110010000100101000000111101000110101110100100000100001000010111111100101011110010111110011111100001110010110101110000000111111100111010010101010001010100011011101100111110100001010101000010100100,10011111000110110001110000100101110000011010110011010000100111100000001010000000111000000111101000110111110111100000100001101110111111000101010110010011110010111100101110010010111110000000011111100111010010101010001010110111011101100011110100001010101000010100100,False,True,True,True,106,0.022396564483642578,0.008083581924438477,0.013529300689697266,0.000766754150390625
185.jpg,1000000001111111111111001110011110111101000000000001011111100000011000101111010111000001000111111011110100011000101100100110100011000110111001000011010010010110011010011111001100001101011000011001000100101111001100101110000001001110100111011100100111011010,11000000011110111101110001011111101111011001000000010111111000000110001011110101010000010001111110111101000010101011001001101001110001101110010000010100100111100110100111010011000011110100000010010001001111110011001011100000011110100001011111001111110100111001001,False,True,True,False,30,0.02123737335205078,0.0068929195404052734,0.01362919807434082,0.0006971359252929688
21.jpg,1000011101010111010110010011110001110110011110010001101010001000001111101000001111100101101001111101000001111010001101100101100010001101100001011000101101110011011101101100101000100101100110100100001011010010110010100011000110110111001011010100110011011010,1000011101010111010110010011110001001100011110001001101010001000001101101000001111100101101001101101100001111000100111100111100000101101110001010010100111010111011101100100100000110111101110010100100011000010110010001001010110110111001011010111011011011000,True,True,True,True,42,0.02246856689453125,0.007860898971557617,0.014090538024902344,0.0005004405975341797
