Image Name,Computed Full Hash,Extracted Full Hash,WM Present (Top Left),WM Present (Top Right),WM Present (Bottom Left),WM Present (Bottom Right),Total Hamming Distance,E2E_time,Fingerprinting_time,wm_time,ECC_time
143.jpg,1100110000000010110000111111000011100010100011101110011101110101001111001100101001001110000111111011100000110111111101110010010010000010111111101001100000000000001001011100001111001101101011100000101100111000010000100101001001001111110111100011001101101111,1111110101101010100100000111001011000100111001101000111110101101100000000000000000000011010010110100000010110011110110001111000010100010101001001111000111110101010100001001000000000001001010100,False,False,False,False,87,0.02349376678466797,0.00787663459777832,0.014049053192138672,0.0015540122985839844
66.jpg,1111100000101010110000111110101100000101110000110001010000000001111111000011110000111100011111000001100011110000001111111011110101111111100000011100001110100000110000101000011111100000000001010101001111000101000111101000011111011110001111101110000001111111,111110010011000010110011000101001000110011001110011001011100010100101010011001111001100010001100010010100000000110010101010011110010101101011011111101110111111001100110111100101111000001010100011001100001111000011000100010110010000010110111010011001,False,False,False,False,120,0.03216958045959473,0.01452493667602539,0.01638340950012207,0.0012454986572265625
86.jpg,1101111111010100101110010000000001010111100000000111110111100110001000100000100110111010101011001101111000000101111101100000100101001011111111001101100101110000001100001101100001001101111111001010110100100010001111110001111001001011001001101110101000001011,0000000101011001000001110100011010011011100100101011111110100100111101110101001111000110000101000011110100010010100001000001111011101000100000010110110010011100100011100010110110101011000011000,False,False,False,False,107,0.020746231079101562,0.005826473236083984,0.01332712173461914,0.0015795230865478516
157.jpg,1000010001000110111001001101100111100010001010011111000010000110111100011000100001111010001000110011111000000010001111110000011001111111010000011100111011110000100001111011111100101011110010100100100111110001101000101111111000111010111011110000110000100011,1000010001000101111001010101001011100010001010011001000010000101111100100100101001111000101010010011111000100010001111110100011001111111110000011000111011110000000010111011110100111011110010111110000110110100111101001010110100101100111010110000010000100011,True,True,True,False,49,0.03957033157348633,0.020218372344970703,0.018491029739379883,0.000560760498046875
20.jpg,1001010111100000101101110101110100011010111011100111000111100110001010010001110101000011100100010110110001101110100010100001101010110000101100111000110100101011001101111110001111111101111000011001101101001000001100001011010000101100001111010010010001011010,1000010111110001101101110101110000011010111011100111000111100010011010100001111111000111100100010110111100101110100010100000100100110010111000011000110100101011001100111110001111111101111000011001101100001010001110001001010000111100001111011011001000011011,True,False,True,True,34,0.03987717628479004,0.019712448120117188,0.01910543441772461,0.0005636215209960938
130.jpg,1011001100110110000110010001101100011011001110110110110011001110011011001100110001001100110011001110010011100100110001001100110010010011001100110001000100110011010011001100110011100110011001100110110011001110101100110011101110011111001100010001100011001100,0011001111101001000000110100010000011111111100001100100100011000110010011001100111001000100011001110100000101011100010000010101010000010110010010010111010011111000011111000100011011000001010100010000000010011000111111110010101101001010,False,False,False,False,117,0.028285741806030273,0.012159347534179688,0.014799356460571289,0.0013113021850585938
16.jpg,1011110101011100101000110110001111010010001010111001110010010100000001011011110101111011010010100111000001010010100001001010010111100111101011111101100001011010000011111001000011101000000101010111000111111111001001011110000011110010000011110001111010010000,11101011010110101110001010100111110100001010000110011101010111001110000001101110000101111100001101010110111000100110001111101110011111011110111101010111001010101111010000101100101010011101000000001001010001111100001100010111100000111001010001011111001011110111011,True,False,True,False,121,0.040763139724731445,0.021330595016479492,0.018425703048706055,0.0007469654083251953
26.jpg,1010010001100001000011010011000000110100011100010111000110010110110100110111110100010101001100110100111101100100101100001001101011100001110111100001110101101010000001001010101011111111101010011101000111001010001000011011111001011110000010101010111011110110,1010010001100001000011010001000000110100011100010111000110010110110000110110110100010101001100100100111001100000111100011001101011000001110111110011100001111011101001001000101011111111101010001101000111001010001000111011111001011111000010111010111011110110,True,True,False,True,22,0.039977312088012695,0.021474838256835938,0.017923831939697266,0.0005624294281005859
22.jpg,1110010111000110101101100101100010110010010110001001111100100011100110110110100111111000110011001101110001100110110011011100011011111000100011101111000110011000111100011001100011000001101110111110011000111001110000001001100010000000001110010000011000011101,1110010111000111101101100001110000110000010110001000111101100011100111110011000111111000110011001111110101101110110011011000011011101000100001101111011100011100111100011001100011010000110111111100100000111001111001001001100010000000001110100001011101101000,True,False,False,False,41,0.0349125862121582,0.016092538833618164,0.017799854278564453,0.0010039806365966797
37.jpg,1100001101100011100011010111101101101100101010000001000000101001010010111011101100011110101101010001001001111101010011110011011010111001101100001110010001011001111010110100001000111010001011000001000011011111000100111010000001010101011001011011100111011101,1110101111110000100010000001000000111110101100110100000001101000101000000000100011111000011001100000011101001001011111111100000100100100000110010101001000000110000010111000010001010001011010101010100000110110010101,False,False,False,False,106,0.023207902908325195,0.007839202880859375,0.013924360275268555,0.0014295578002929688
166.jpg,1100011001110011110111000000101101001000001011001000011111110100011001111110100000000111111100000011111000000011001100100011011101110001001101110011001111010011011100110000000100110011111100110011001101000010001100001010111101100011011111001101011010010101,0100001100111001111101000000101101001100001011011000001011010000011100111111000000001111111100000011110000000011000110000111011101111000011011100001101111100100111110001100000011100000111001101110111101000110100101001010111111101011011111001101011010000101,False,True,False,True,64,0.03946232795715332,0.021020889282226562,0.017626047134399414,0.0007991790771484375
32.jpg,1111111010110100001111110100101100001110111101100000010111111111111000001011101100110100000011100000110100000011111010100100000000010011010010001111011011101100010101010011101000001001000110101100001111010110111000101110010100011100101111100101010001101000,1111111010110110001110110110101100001110111101100100010111111101110000001011101100110100001011100000110100000011111010100100000000000011010000001001000000001101010101110111101100100101100011101110001111010100000001101000010100111100101111100101010001101001,True,True,False,True,36,0.044602155685424805,0.02408146858215332,0.01971721649169922,0.0005671977996826172
59.jpg,1111010100000101110011111100011010111101011110111000001101011100000111000010011100110100110100111110101100001100011001001011000001001011010010110100100010110001010110001100101100011010001111001101001011100011111100101010111000000110101110000001011001110011,01010101111101000100011001010110001010110000111000100011011111001011100000111000011011100110000110100111110101100001100011001001111011001001011010010110100110000110000010110001000001101011010001111001111001111100011111100111000111000000110101110000001011001110011,False,True,True,True,122,0.03537583351135254,0.017065763473510742,0.017786026000976562,0.0005075931549072266
85.jpg,1011001101000100101100001110111010010110001011010001101100110011111010010011101010110111001000111111100011110100011010011100111100111110000111001011000011000001001110010001100100110001101100001001110000000000110010011100110011111000110001101100011111101100,1011011101000100001110001110111010010110001011010001101001110011111010010011001011110111001000110111110011110100011010011100111100111110000111011011000011000001001110010001100100110001101101001001110000000000100010011100110011011000110001101100011111001100,False,True,True,True,14,0.04355120658874512,0.023965120315551758,0.018784761428833008,0.0005712509155273438
139.jpg,1010101100001000100101101010010000011100101101110011000111001011010000110110110001110011001110110101100101011010101011011101001111011010110001100110011100000101010110110111000010111100100110000111001001101001110110011010000101001000111011000010001100111011,011000111100101010110010101110111101101000000100011110111011110111110001000000100110000010000001100111000010011011101001100100000110111011011110101010001011010011000011100101111011011101010101001110101001001111101100011110000101,False,False,True,False,112,0.035027265548706055,0.01664423942565918,0.017015457153320312,0.0013508796691894531
181.jpg,1101010100101110111001100100011011001001010101000111110010101100111101101101110000111001100010001011000000001101111000100111111100001111011100100001011111111001011010001001011110000111111010100011100110001000000101101111000001101100110000100000110000110011,110100000010101111001001101000011010000100010010001110110111000100001101000000010110111001100110110000010010111101101101100000000011101110101100111000011000110110001110100101110000100100011110000000000001000111000101100010001111101101000101101101101110010001101010000101,False,True,False,True,144,0.03262639045715332,0.015107393264770508,0.016767024993896484,0.0007352828979492188
18.jpg,1000010111000111001010100101000110110000011101010101101000001110111101100001001011010111101010101001011000001101100001011111011110011111100101110111000010101001110010101010000001100100010111101101110001101000001011100001011100001011110110100111010110011000,1000000111000011001010101101000110110000011101010101011000101110111101100001100011011111101010101001011000000111100001010110011110011011100101110111000110101001010010101010000101100110010111101101110000101000001010100001011100001111111110100111010010011001,True,True,True,True,24,0.0377039909362793,0.018585681915283203,0.01875758171081543,0.0003447532653808594
80.jpg,1000000000000100111110000000111100110001110000111010000110111110001011000011000011000010000000001101111100011111010111110110000100111111101111101010011000111000111001001000000101101011101011111100111101011100100110111010011101010000010110000111011111000111,00001010010100111000100100100100001000010110111110001010010000000001011111001100100011001000011111010110100000001111110000000111100000111001000010101100000100100010011011000100011001111001110011000011100000110011010110011110111111111100001111100110011111100100011,False,False,False,False,130,0.024585247039794922,0.009782791137695312,0.01371455192565918,0.0010714530944824219
156.jpg,1111111100110110000000010010011000000001001101101111111101010000000001011001100111111100110110010110010011001001111101001001100100111110110010011110110000101101010110010011010010010011000100100111100100100101110100000111100010110111011000110110101100001101,1111111000011010000000011010010100000000010111001111111101010000000001011011111111111010010111100110000010100000110110000011111100111011010000101110110000111101010010011111010010010111000100110110010010101101110000001111100010110111011000110110101100000101,True,True,True,True,54,0.03680586814880371,0.0188748836517334,0.017571210861206055,0.00034356117248535156
4.jpg,1000000100110110100110000110111101001110101011110000000111110100101110011010100111111110000111101101110000000100100000111001010100000010001011000111101100111000111110011001001111101011100100010111000011000111011011010001101111001110001001000000100111111100,1000000100110110100100000010111101001110101111110000000111110101101110000010100111011110100110001101111000011100110000111101010100000010001011010111101100111000110110011000101111001011100100010011000011000101001011010001101111001110001001100100100111111110,True,False,True,True,26,0.037131547927856445,0.01889348030090332,0.017668962478637695,0.0005533695220947266
15.jpg,1000111000010110110110010111110001011001110011110111011001101001101100101000110111111000100011110100110011001110000011010111100000110100110011001101010011010001010001011011000110001001101100010010011100100110011010010001011100000011101101100001011010110110,1000111000010110110110010001110001011000110011110111011001101001101100101000110111111100100011100100110011001110000011010111100000110100110011101100010011010001110011011011000100100001101100010010111100010110011011010011011100000011101101001001011010110100,True,True,True,True,20,0.037249088287353516,0.019292593002319336,0.0175933837890625,0.000347137451171875
135.jpg,1101011000110000001101011010000000101100100011000101001111000011100100110111100001101100111010011001001111100011010111110001111001111000111010010110000110110010100100111100111100111100011111001100010110100001001001101000110110011010001110010011000111100101,1010000101001001000010100100001010111011011000011110110001010100101000011111101110101010001011000010100110011110000100100101010110001011000010011001010001100000100110011000011011011011101010011101101100001110000001000001100011011101011101010010111001110010,False,False,False,False,145,0.03455352783203125,0.016652584075927734,0.016756296157836914,0.0011281967163085938
118.jpg,1100000110000100101111000001111111111110010111000101001001100000000110100110101100000101100001111010110100010110011010011111000011111111111110100100011100101111101110101000100101000010010001001000100001111000011100111100101010001100101100110110011110010101,11011111000001001100011011110000011010010010110010100110101001101011100011001000110100001010110111111101000100100110111000111101111100000101011100100011100001010010101101101010010110100010000111101001010110000111110001010111100111101010111100001111010100001100001,False,False,False,False,115,0.04838395118713379,0.026021480560302734,0.020952939987182617,0.0011191368103027344
8.jpg,1100100010010110100011011010111000001101001110011101101100110100111111100101010011101010011110011011100001110001110100100100011000111101010011001100000100001100111100000000000101101110011110000011111101111010000010111000011110010100110001111110100001111000,1101000110000110111001011011111100001001010110001101111000110110111100100101110011100011011000011011101100110111100110100011110000110101111111101110110101000100001110110011111000011110011100110001111000111110011100110000110101001011100,False,True,False,False,81,0.03902745246887207,0.01998305320739746,0.01790142059326172,0.001127004623413086
89.jpg,1100011100010001001110001010111011111000111011100100011110010001100110000110000001101010010000011011110011001110010000110010110110011010010011010011010011100010100110110000111001000111101110011010011110110100101110001111010001101011101011011011000100010110,1100011100010001001110000110111010111000011011100100011110010001100110000110000000111000010000001011110010011110010000111010010110011010110011110011010011100010110110110000111001000111110110011010011110110100101110001101110001101011101011011011000101000110,True,False,True,True,21,0.0547945499420166,0.03187298774719238,0.021920442581176758,0.0006966590881347656
34.jpg,1011010010100111100000001111110010010011011110000011110011101101010011111111110000100010110110101101110100000000110011000010010100110110100100001000001101011110000100010011111101001101101111111000011010010110001101100101101011100001101001000011001100001111,0011010010100111100000001101001010010011111110000101110111111000010111111110110000100010110100101101110100000000010011000110010100110110000100001010001101011110000100010011111101000101101111111000011010010110001111100101100001100101101000000011001100001111,False,False,True,True,25,0.036249637603759766,0.016501665115356445,0.01898503303527832,0.0007474422454833984
140.jpg,1100001110001110111001100100110000111000111100010011000000110111001011101000111110011001001100100110010011011001011001110000011010011011100011001111100001110001000001111110011010001111100100011110010011100000001101110000110011011001000111111110001001101110,010100010111101001010010011110100100001110000010111100101100011111100011010110111001111010001111111010011010100111111011001000111101001100101101011101110000100101010100000100101110110100000010110001110100010101110111110001110011,False,False,False,False,112,0.0360102653503418,0.017386913299560547,0.01724386215209961,0.001363992691040039
70.jpg,1101010100101000100001111101001100101011110001001101100010101010000001110010001111101001010101001001100101011011110011101010100001101000101010000111011101110111110001000101100000011001101001110111001010100101110010001101101001101101011010110010011001110101,01001010010111100100110101010101110011001001111000011011110000000000011101011100001101001000110000100000000111000100011110000110011001010111110001010101000100000111010100101011010010000101101000101001000000011000111111011001111110011001011100110101110111011010000100100010000001000001,False,False,False,True,131,0.02393794059753418,0.008831024169921875,0.014152765274047852,0.0009381771087646484
62.jpg,1100010111110000101110100000111101111111101010000110111111010000000000000111111110111000000011110010111111100000110101111011000010011000010111110010001110100001011011111010001011111010010011100001010100000101001000110011001111001100110000100100000110011101,101000010010111101011011000000000100001101101010000010100001010010101000001001001000000100000111100111011000010111010100011110001111001100010111110100101001000010110010101000000110000010000010000001000101000011101101100110001011110010010100000010111,False,False,False,False,114,0.0465085506439209,0.0032584667205810547,0.042075157165527344,0.0011565685272216797
138.jpg,1011000011001100101100001100100000011100110011011111111101110100100000101000101000001100111111011111001100110100000011000000001000111111110100001111001101110101100011001001101101111000011010001111001010110100000011100000101011011101011100011101001111010101,11111111101010111001110111110100100101111010000100110001100010000000010010110011001001000000001000111110010000001100111110011010000101011011010000101010010000000110010001100110111011111100011100101110,False,False,False,False,112,0.02324843406677246,0.007964849472045898,0.013692855834960938,0.0015761852264404297
95.jpg,1001001011010000001010010010111101111001001011111101001011010000110001100001110110010011110000100010100101101111100010110011101101100100110001001100011011000111001100001111000001001111000011110011100111110011011011001011110011010010110000110011100111100000,110000100111111101010011000000111110000010111101100110100010000011100110010100000001100001011100111010100000010010001111001010001100110110000010000101000011001110101011101111010010011111001001011101111001001,False,False,False,False,94,0.023229360580444336,0.00754547119140625,0.014184951782226562,0.0014848709106445312
179.jpg,1001111111001000101100101101000001100000010110111000111010001100011000111101000010011000110001110110111000001010111100010101110011000111001110011000100111000111001111000111001010100011000111111100111010000111101101000110001100111000101110001110111000001110,1001011111100000101000001001000101110010100110111001011110001110011100111111000010011100110111111100111000001000111100010101011001000011100010011000000111000111011111000110000000110011001111111100111110010110101001100100110101100101101111001100110100011110,False,True,True,False,56,0.03832101821899414,0.019524812698364258,0.01797652244567871,0.0008029937744140625
30.jpg,1001111010010010011001101101001011100011011011110001110100101011001110001101000000110010111001101100111001100110000000001111000000100111100100011000111100010001001101101010011110001001100011111101100000111100111011100111000110011001111000001110011100111001,100000011011001011101101101000101110001101110011100110000101101000111010101001100100100110000111010100110011001100110000111100011000011110100100011110011001110000111000100000000100111011010010001000011111110000100010011000010001,False,False,False,False,97,0.04361557960510254,0.022130966186523438,0.020098209381103516,0.0013701915740966797
117.jpg,1101010001110011110101010101010011100001010101011000010101100101110011010101011010100110010101001001111110100101110010101001011100011010110111000001000110001100100010101010110100111011010010011111100100101010010111001010101010101010010101000101110100101010,110101100010100011010010100001101101010010110101110101100101110111000000111010001010001100000011110010100001110100011101001011010000100110100011101101000000100010110101010010100101111010010011101111110100101010101001110010101001,True,False,False,False,114,0.03364825248718262,0.015952587127685547,0.01654219627380371,0.0011374950408935547
193.jpg,1110100101011010110001111000001110010110101001010011100001111100011010010100101011000111100000111011011010110100011110000111010011000011110010111000011100101001000110000111001000110010110101100110010110100101110011010011100110011011010010100011010011001011,0001100010010111011011100000010111001011001100100101000111011010011010010111101010010111111000011100011110000101011110000001111000100001001101101011110001010001011001010011011010101110011001000010010000100101011010010000111111001010011010101110111111000001,False,True,False,False,111,0.03357195854187012,0.015293359756469727,0.017299890518188477,0.0009613037109375
61.jpg,1101000011110000110110010000110000001110011000110100110001110011101100011000110010110111111110010000100101011110011101100011000111011110011100111000000110001100100111100111100001001100111000101001000011111111110110010001101000000110100011010100001101111110,000010110001100000011010001011010011100010111100100001001000010000100100001001101010010000100101100111110001011011000011100000000111100111011000110010110010010011100101001011000001000010,False,False,False,False,98,0.04648256301879883,0.00433039665222168,0.04053139686584473,0.0016067028045654297
159.jpg,1111101101110000100011100111101010100110000010011010000110111111100011011100010010101100001100011111100100000011011100001110111101111010011101001000100000010011101011111000100011111110000011001101011000111000010001001010010101011001101000101111100110010010,110010110010110010001000000000100000000000111010100011111001001100101010011011110110011000100001011111100010000001110010001000011111101101100000011011000001000101011000011011111011000010011100110100000111110110010110101000110111001000111110010110100,False,False,False,False,107,0.039058685302734375,0.01976180076599121,0.01805257797241211,0.00122833251953125
82.jpg,1101000100010000111001010110111011011110110001010001000101110011001011111000110010010111010000111101010010000101011010110001111000110001010110100001000011100100100011110010101110110011110111001100110100100111101110100101000110110001011110001010001110010110,100111010010010110100101010010111010111001100110011110011101001000100011000001010100010100011011011001101010000101101010100110101010110101001000011100100100011110010101100110011110111000100110100100111011110100101000110110001011110001010011110010110,False,False,True,True,102,0.04070115089416504,0.021620512008666992,0.018207788467407227,0.0008549690246582031
187.jpg,1010111011111110011000000100000010011101110110010011010100111011111101001000000000010000111111101101001110010110011100110010000011001000011100111100011111000011011011001101110000111101101000100110001001101111100111101100100011000100100100010011100100100111,111001101110110001000100001010001001100101010011001110011101011001101010111101001101000111100111110100111001111101011011010100000100100000110010000101010111100000110000110100000100100010100111011111100110110001101111110111011011,True,False,False,False,85,0.03751730918884277,0.01817941665649414,0.01809406280517578,0.0012276172637939453
119.jpg,1000010011101100110011111011001100001010101110100011000010101110111011011011110101010110100110001001010101000010100110110100011101110100000011101010110101010101111001111101011110111001001001110001101001001000000110000111011110010000011000100001111010000110,0000010001001101000001110001100010101001111110100011001110100101101110010111100101000111101000000101000111110111101011001011000100111011010011101000011100010010110011000010,False,False,False,True,73,0.02721691131591797,0.011176586151123047,0.014472007751464844,0.001554250717163086
188.jpg,1101011101100100101111011001101100100110011001000101100110011110111101100110001100010000000111100111111110111100110100000100101100101111101100100101001010011000100010010110100101110100000111100100001011000000101111010000110101010000110100111000111101101100,1101011101100110100111011001100100100110011001100101001100110010110011001100100100110010001101100011110110011000110100100110011100101111001100110101000010011000101000110110001101111100100111110100001011011000101011110010011001010000110100111000111001101100,True,True,True,True,50,0.0362856388092041,0.016834020614624023,0.019022464752197266,0.0004127025604248047
108.jpg,1111101001111110111010100001111100101011100111000000011110011100000001111000010001110011000000011100001011110000000101110111000000000001101111110100000010110100111110001111000101000000101111110001111001011101110100001010111111010000101101100101101011101010,1101010101010001100010000010001110100010001101110011110101100011010101101111100011010011110011001101110110001101010101011110001011100101111100000100000001110000001101000110001100111100011000011011010001100000000011111110000000101100010100110001111111100011,False,True,False,True,135,0.033660888671875,0.0159304141998291,0.016892194747924805,0.0008211135864257812
39.jpg,1001100100100100111101101001101100001011110111000101110101100110010010010011110101001100011001110111001000010010111100100111001110010010011100110111101110001110000011011110011001001001101101010001110100100110001001001001110101110100101001110001100100100100,10010101010110100100000111000000100110110000011010000001001000001101000110110011000000100000000001000001011000011000001000100100000000001110000001000000010001000100010010001000010000001010010011011000100101001110011010100,False,False,False,False,109,0.023008346557617188,0.0077667236328125,0.013847827911376953,0.001379251480102539
27.jpg,1001001001001001100101110011010011100101001011011100100111000111111011111111010001101100111100000011011011100011110001101010101011011001001010010010001101001010000111000001010011011001011101011100011001000101001011001111101101010011000001001100010100010111,1000011001001001100101010011011011100101100011011100101101010011111011111111010001101100100110000011011011100001110001001000101011110011001011010010101001111110101101100011010011010001110101011111011011000001001011011111101101010011001001001100010000010111,True,True,False,True,40,0.0387263298034668,0.020415306091308594,0.017737388610839844,0.0005564689636230469
36.jpg,1110110110111011001001110111000110010010011100010000101011011000110001010110110001101011001101010011111110000111101101001100010110011101101110010100111100111000110010100111100010010100101100100011000100110110000110000000101101101010110010010010010001101101,01101001000101001000111110001000011101011111110000011110010100011010110111000111101010000010010010111110000000001100101000110000101100011010000010011110000100010101101000101110101101100100100101101011100011011001101001000110010010110010111010010100100101001010101,False,False,False,False,125,0.03611254692077637,0.017318010330200195,0.017649173736572266,0.0011246204376220703
146.jpg,1100110111111001110011001111110111001010111110011100101010110001110010011011010111010001011001010000101001000100010110000100011010111001001000101011010100111011111001011000111111011010000111001001101100110100101111010010001100010100110000100100000101000010,1001100110101001101001001011100011000110100100100001100101010101101110101001000100110110111011011000011110011010001101000010001100001100100110000010111100001101010111001100011000010100100001100110011011011110011101,False,False,False,False,110,0.03598189353942871,0.01827716827392578,0.016205787658691406,0.0014824867248535156
56.jpg,1101011001001101101000010010011100111001101101100101101011101001010010110000110110110101001101111000001011010010100111101001010000110101011011010100100110010010010011011001011010100110011010011001001101011000000110011101011111110010101000011110011000011001,0100101110000110111001001010000100100110000010100001011010001000110001111000011000010000010100011010101011000011000011111011011100101010011100100011101110101111001010001000001101001010000000000001001000001111000010,False,False,True,False,100,0.023326635360717773,0.007679462432861328,0.014164447784423828,0.0014684200286865234
147.jpg,1001010010101010110110111010101000010011010011011000011101001101011110011000101010010010100010100101001100110110110010010001000110011110011111010100111000011000001001111110100101110000111000111000011110100111011111100010010001110011011010100111001110100010,1100101100001100001111001110001101101101101001101011000011001010001011111001111000011000101001010101000110011111010010100101010100001000100100011011010000001001000010010001100110010010111101010,False,False,False,False,97,0.026485443115234375,0.010247468948364258,0.014604330062866211,0.0016198158264160156
64.jpg,1100100110010100110010011001011100110001010011100011011101101010100101100110100110001110011110010000011000111001100101100110100010010110010010010011000011001010011010011001011101111001100001100011100110000011001110010001111001101001111101111100101110110110,100100011100110010010001100011110011100100011110011111110001000110010100001001000000000100000010000011001110110000010011100011011010011100011100011110110001110001000011000110000011001100011000110111111001111100011000111011110100,True,False,True,True,101,0.042075395584106445,0.02240777015686035,0.018861055374145508,0.0007903575897216797
155.jpg,1001110000100111111110000000011110010011111110110011011011001000001100001100001111000111000011000011110011001100001100111101000010011000001101101100110100110111100110001111011011001111100011100111000110100000011010100011110001100111110011010011001011000001,1001110000100111111110000000011110010011111110110011011011001000001100001100011111000111000011000011110010011100001100111101000010011000001101101100110100110111100110001110101010000111100111100111100111100000011010110011100000100101110011010011001011010001,True,True,True,True,16,0.03595137596130371,0.017634868621826172,0.017734289169311523,0.0005655288696289062
31.jpg,1000000101000110011010100101001010101011010011101001100101100011010100110110101111010011001011001001011010101101101110001101000010101000111110010010011111011011011001101001101010011100101000111000001011000110100110111011100001111000100110101110011000001110,100100010101010101000010000100110010101110001110000111000110001100010001000110010001010011010010001000111011110011100001011001000011011011010011101111111011001110000111110011100011000111110011111000110010101111010100001110000100111001110011100100110,True,False,True,True,104,0.04229450225830078,0.02335047721862793,0.018085002899169922,0.0008423328399658203
14.jpg,1101011101001111011001001110010011100011111100010010011000101111110100101101000001001111101001111100100001101110001111011100110111110010000011000001001011111110001101001110010110000011001000000110001110010110110011001000000011111010010101100011000010101100,1101011101001111001000001110110011100011111100000011011000001101100000001111101001101111101001111101100000001110001111011100110111110001000011010011001111111110001101001110010110000011101001011111101110000100110010001000001101011000010111100111001010101000,True,True,False,True,40,0.03860282897949219,0.02026677131652832,0.01774454116821289,0.0005741119384765625
91.jpg,1111011011110010100110011011110100000001110100111010011001101001011010111000000101000110111011100110101010110110010010001101000101111101001101100111001000011010110111010110000001010000000111010010011001100101010111111010001111101100100001000001101010110100,1111011011110010100110011011110100000001100100011010011001101001011010111000000101000110111011000110101010110110010010001101000101111101001101100111011001011110110111010110000001010010000111010010011001100101010111101010001111101101000001000001101010110100,True,True,True,True,10,0.040068864822387695,0.020465612411499023,0.01903080940246582,0.0005562305450439453
142.jpg,1101000111000110000001111100111101001011111000110001110011100100110111000001110100101100000000110100110001100110001110010101101100011110010000110110100110111100100100101111110010110001001100101101111111100000011001101001000111111000010001101000100110101110,1000011000111100011001000100000011011110001000000101110001110111100100011110011110101001011001000010110110011101111000110110111000001000101010001110000101011000100011100011011110010111100001001100100001110010110011001001001101100111101001110011001101011011,False,True,False,True,134,0.02740311622619629,0.011398553848266602,0.015251398086547852,0.0007359981536865234
170.jpg,1100010000110011010010100000001101001000100011110110010010001000000101100010110100110111110110010001111111001011100111111100001100101111000100110000000100110011110110010001000010011000100001001001111100000100001111110110011000111110111011111110111011111111,00010101011001001111001111011000111101111001111001100001110110001001110110001110011011010011010111001101011111000111110110110111010100000100110000110000000010011110000000010001100000001101001110001011011100011100000111000010101001000001110011100100111111000100011,False,False,False,False,131,0.03368067741394043,0.015247106552124023,0.017322540283203125,0.0010929107666015625
189.jpg,1101000000001110100100000001110000111110110011111110111000111110100011000011100000110111101000010110001100000110100100001100000111111100111110000110000111111001000010111111000110010111000001111111111100011110011000000011110000000011111100011011110011100001,0010000010011011010110110111101011100000000100010010101111111110000111101101110000011011001110111001001001000011010001011101011101001111000000000011101111101011111011111000101000110010001111011011011000111000000001110110110000111100000111110010000111101111010100010101010101001,False,False,False,False,132,0.03985762596130371,0.01943516731262207,0.019360780715942383,0.0010449886322021484
134.jpg,1001001010011001001011011001100101111100100010011001011000111001001000011011011001011001011011110010111000100110101000010110011011001000011011110110011111110101010010111011000000101100000010011001011010111000110010111001100101010100110110010011001100111011,1000000010101010001001011000010001110100000000010000011101100110100000011011001001011111110111111111111011111110101000100111000111011000010010110110011111111110010110111011000000101100010010111001011000100110110010111111100101010100110001000011001100100111,False,False,True,True,67,0.031000614166259766,0.013761520385742188,0.016433238983154297,0.0007898807525634766
46.jpg,1100010001100111110011111000101101110000110011001000001000110001001011110001001101011000011001101111001110011110001011100100110001010000011100100111001111100010101001111100111101101000101111001001001011110001101111010000101111101010001011100001011000010100,1100110001110111010000111000101101110100110011001001001100110001001011110001001101011000011001101111001100101110001011100101110010010000011100001110100111100000101001111000111111001010001101000001001011110011100111110100111101101011001011100001111011010100,True,True,False,False,37,0.03642559051513672,0.017979860305786133,0.017676591873168945,0.0007519721984863281
102.jpg,1001000010100101110101100000100011100100001010011111100100100011011110010100101010001110110010101001111100010110011001110000110010001001101010011011000111100010011001101111101010101100011110001011001100110100010101101100110000101000110101111110011100110111,100100011010010011010010101000001110010001101011111110011010001001111011010010001000111001001010000001011001011001100111000000001000110111001001100110011110101001100110011100101010110001111010101110010011010001010110110101000101,True,False,True,False,36,0.029163122177124023,0.013041019439697266,0.015093564987182617,0.001013040542602539
151.jpg,1000001000110011100110011011011001101000001110000111000001000111001110110000010010001101100000110100011111111001011000111111100010111000110000111000110010111100010011110011111011101101100011111011000111110001110111100111110000001010000011001111010001100000,1000001100110011100110010011011001101000000110000111000001000111001110110000010010001111110000110100011111101000011100111011100000111000110000111000110011111100000011110011111011101101100011111010010111110001111111100111110000001101000011000111011001100000,True,True,True,False,20,0.037122488021850586,0.018765687942504883,0.01776885986328125,0.0005707740783691406
13.jpg,1000110101011001101000101011011001011011010011100111110011010101001101110010101010101100110101011000100110011010110100100110011101100101110100001011100100110001100111101100111000011101001100000110001001000100011000111000101110010100100111000001110100111110,1000110101011001101000101011010001011011000011100111110011010111001101110011101010101100110101011000100110011010110100100110011101100111010110011011100100010011100101100100100000010101011100100110001001000110011000111010101110010100100111000001110100100110,True,True,False,True,21,0.0413668155670166,0.021863698959350586,0.018947362899780273,0.0005385875701904297
6.jpg,1110100100000000100101000101101110010001111110100101111001010110100100001001011000001000010101010100010101000101001111100011011111111001100011100101010101101000010011111110011010111110010011110011111101101001000011001110011010001000100111101101010111100000,1110100100010000100101000101111010010001111110100101111001010010100100001101011000001000010101010100010101000101001111100111011111111001000011110100010101101000010011111110011010110110010001110011110111101101000011001110000010001100100111111101010111100000,True,True,True,True,18,0.04036402702331543,0.02138686180114746,0.018346548080444336,0.0006132125854492188
83.jpg,1111111011000101110110001101010110010001001100011010000100110100101011011101111000100011010110001111101100011111100100000110001111011101101100100101100111100001000101101110000001010110100011011010011100011000110011010001011000001111011100001010110011010000,11111110110011011101000010000001101100010011001110100111001101101000110111000010001010010101101000011010000110101101001001101011111000110101101010001100111100111010111011111111000100100100010000001001110011100111101110010000011011001000011000000000011110111110001,True,True,False,True,94,0.044547319412231445,0.02388286590576172,0.02013111114501953,0.0005154609680175781
88.jpg,1010011001011001101001100100110011111000111011001000011100000101111000111001001001011101001001101000000011000110000000100101001011111001001001010101000111110010001111111000110111010001111100100111110000001111100010111111000001111100000111101001101111100011,1010001001011001101101100100110011110000101101001000011100000111001010110001000101011100001100101001000011001110000101100101100111111101001001010001000110110010001010110000111111011001011100100111010000001111100010111111000001101100000011111001111111110011,True,False,True,True,38,0.03787827491760254,0.018363237380981445,0.01891779899597168,0.0005800724029541016
154.jpg,1010001000110011100000001110111110001011000011011100010000110011010001001001101001100011000011000111001111100111011110001111111000110000001111001111011000110001100110011100000111011001000011111111111000011011111011111010001101110110010010000011000100000110,0001100000000010111011011110010110111011000111111000000110100001101101100011000000111000110101000010001010100101001100000000010111101000010010001000000100100100101101000111100110101000010111110011010000100010011111,False,False,False,False,98,0.02590155601501465,0.010551929473876953,0.01384282112121582,0.0014922618865966797
3.jpg,1010011101100000111001110110101111011110100100001100100010101101010110000101010001011001010110100000110101011110001001011010110000110111101101011101001110000011110001100011000011100010010101111011001101011010010100010110001110101100101011010001110010010101,01111000001000000100101101000010011010010111101000011010110100011010101010001001101101111000000110001001101110110100100001110011111111110000001000010010011111001011010010011000010010000111011100000000100011100001011001101110001000100011111110,False,False,False,False,133,0.03679847717285156,0.017451763153076172,0.018047809600830078,0.0012807846069335938
73.jpg,1100110011100111011001100110011000110011000110011001100110001100011001100110001111001101011000111000110011001110011001100110100101110011001001101101100110011100111000001101100111000100011100101000110011001001001001100100011100010111001000101001111110110011,1100110011100011011001100100001000110011000110011001100110011100011001100110001111001100011100111000110011001110011001100110100101110011001001101001100110011110111001001001100111000110011000101000110011001001001001100100111111010011001100101001110110110011,True,True,True,True,18,0.036658287048339844,0.018456459045410156,0.017790794372558594,0.00039458274841308594
49.jpg,1101000001010101110011111101010110000101000001101011011010101000100100000111100100101110111001110100001100010001001110000101110000001111111001101110001111000001001111000011110011100111111001000010111100000111110000000011111000111100111000111110111100100100,110100000101010111001111000101111000011100000110101101001010100000010100011110110110011011100111000011110001011110111000010110001110001101001000111110011110001101101000011110000100000000110001100001110100110011001001100111100011110010110011111100100,True,True,False,True,64,0.03465747833251953,0.016309738159179688,0.017724037170410156,0.0006062984466552734
191.jpg,1101100011000101110111011110000111111000110100111100101001111111111001100010110000000111010010000110010110111011001100100001001111101111110000100101100101111000100010100100110010011010111001110010010011000001001110101100001000110100101100000111000100011011,100111011101110111111010100010110101110100000010011000111101101100001011101001010010011110011100010001010010001000110100000011111011100110001110000001011010111001101001011110001100100010000100100001011001100110011010100010001011110001100111100010001,False,False,False,False,109,0.03334999084472656,0.01553487777709961,0.016550540924072266,0.0012481212615966797
110.jpg,1010101010101000110010010100101010011101010100011101011010010101100101101110101001100001100110110110110101100001100110010100100110010010001011010110110110010011110100101100010011010011110110111110000100010100111001101111000010110100100110101101101001100001,000001011000100011001111000101101111100101001110100001110001100110110110100101100101100110010100110110010010101011010110110110010011100100101100010011011010110110111011110000110110111001101100001011110000100110101100001001100001,False,True,True,True,105,0.036743879318237305,0.0185546875,0.017339229583740234,0.0008337497711181641
74.jpg,1000000000001000011111101111101111000011010000100001110010011101110101011010011000101111001111011100011111100110001010110001111111110010101010110000110001111001011100100100111000011010000000111101010011111101010011011100000101100000100001100001110110110001,100000010000001001111010111111011100000010010110000100110111101111010100110011110010110000110100110110110100111000000101110110111111000100110000000000100000101011110111011110010011001100010101010000010101011010011000111100010111111010111010100110101,True,True,False,False,100,0.037076711654663086,0.017179489135742188,0.019064664840698242,0.0008151531219482422
17.jpg,1001000100100101110010001100110110011001001100111110001110100110010011011101001001001010010010000100110011001101010001010010011001110010110111011011000110110110100111110101001010011111100000011000101100110110010011011100110011001100110010110100111001110101,10110101001111001100100011101101100101101101100000100100101111001001010011000100110101000101011011101111101000011001100101000001010001001001100110110110110011011100110001001100100110110101110011100101,False,True,False,True,94,0.03573322296142578,0.017611980438232422,0.016924381256103516,0.0011811256408691406
9.jpg,1000011001011000010000101100110110010001001100111111110001111100011011000111010000001010110000110001001111001011111001010000111011111001001101011011111001110100010010001110001100010011001000111010110110011100111011110001011010100100011110011011101000100001,1000011101010000010001101100110110010011000001011111110100110110011011001011010000001010110000110001001011001010111001010000111011111001101100011011011001111100010010001110101100010011001000111010110110011100111001110001111010100100011110011001101000110011,True,True,True,True,26,0.039092063903808594,0.020314931869506836,0.01835322380065918,0.0004069805145263672
112.jpg,1011111001111111101111110111101100011101101110110001000111111111000010011110111010111100010100111100110000010011100010010111001110010011101010110000001010100011110000001011001111000000000100111100110000000001111011100010000000111100001000001111110000100000,10100001011101011010100101000011101101001110110110001110110101001001111101011010101100101001010010000010011000111011110010101101100010111010001111111101010111100001110010010100011010011101111010101111000110110100010011100000000011100110001001100100110100010100000,False,False,False,False,126,0.028157472610473633,0.012052297592163086,0.01501011848449707,0.001079559326171875
33.jpg,1111011110001010110010101001110100011001011101011110000110011110111000001001110100110110011110010100100010100110100111010110011000000111111110110110011111111000000000001100010001001101011000101001100000001110101111110001000101101110100000100001011111010100,1111011110001010110000100001110100011001011101011110000110011110111000001001111000110110011110010100101010100110100111010011011100000111111010110110011111011001000000001000010001001101011010101011100000001111100111110100000101101110100000100001011111010100,True,True,True,True,18,0.03630971908569336,0.018329620361328125,0.017620086669921875,0.00034308433532714844
194.jpg,1110010000000110000111111111001100011001011110011110011110000011111001100110011000111000110011000000011110011001000110011111101111001110000111011111111000100100110110000100110011000011100110010001100001110001001100111001111011000011110010100011011000001000,11011100001000100000100111110001000101101001100011110110001111101000010111111000110001001110001110011000000011110011011000110000011100011101100011101100110000110000101110001100100100000011011100110000001100111100111001001110001111010011000111000010011011001001100,False,True,False,True,136,0.03451943397521973,0.0167691707611084,0.01701498031616211,0.0007185935974121094
160.jpg,1001010101000001100101010100101010000100010100011110110111010110001010101111010111001010111001001011010010111011110010101010110010100110010110111001100100101100011000001101100011010111010100110111001010101100110100011001001001000101011010111011101010110100,1001010101000001100101010100100010000100010100111110110111010110001010101111010111001010101101001011010010111001110010101010111010100100010110111001101100101010011100001101100011000111010100100111001010101100110111011001001001000101011111101001001010111100,True,True,True,False,21,0.034284114837646484,0.0175323486328125,0.016193628311157227,0.00054168701171875
71.jpg,1000000111000101100001100101110010001101111000101001101000111100110001111110110111001011011111010111001010101101001100000110010000110010100101000101101100100111110110101001000001111011110100110000101001010010110110000101000010011011010110011100111001101110,1000000111000111100001100101110010001101111000101001101000111100110001111110110111001011011111010111000010101101001100000110010100111010100101000101101100100111110110100001000001111011110000110000101001100010110110000101000010011011010110011100111001101110,True,True,True,True,8,0.03328704833984375,0.016357421875,0.016571521759033203,0.00034236907958984375
150.jpg,1101001000010010110101010100010100100110001111100010100101000111001010100101100000001011111011111101001000010101110101011010011011100101101010010011010101011011000010110100101101100010010101101111100010010111101110101011110110011000101011010000011100101010,110100100001001011010101010001010010011100111110001011010100011100101010010110000000101111101111110100101001010111010101101001101010010001001000011111000101100001100011001010010110101011111100010010111101110101011110110011000101011010000011000101010,True,True,False,True,52,0.03683924674987793,0.017747163772583008,0.018396854400634766,0.0006792545318603516
5.jpg,1111111001101001111111100100010110000100000001011000010111010011110101011101101011000101000010101100010100111010001100101110111100011001101010010101100100111000011110001010000100111000101101010001010010100100110111101010000110101111101110000110100010111001,1111101001101001111111110100010110000110000001011100000011011010110100011111100010000101000010101000010100101010101100001110111000011001101010110101100100111000111110001011000100111000101101010101010010100100110111101010000010111111101000010011111110011001,True,True,True,True,32,0.03581357002258301,0.018801212310791016,0.01637864112854004,0.0006170272827148438
99.jpg,1011001000100001101111101000001011011101000011110100000101000010010000100110101110111100100101001101110100110110010010010111011101101001011011101011100000001101110111011011001101001001001100100100101000111110001101101001010011001101011110111100100100110010,1011001010100001101111101000001011011101000011110100000101000010010000100110101110111000100111001101110100110010010010010111011001101000101001101011110010001101110111011011001101001001001100100100100000111110001101101001010011011101011111111100100100110010,True,True,True,True,14,0.03229570388793945,0.015523433685302734,0.016321182250976562,0.00043463706970214844
98.jpg,1000110110011001011100010100101010110110011001100011101011110101010010111001110110001000111101010111100010000101101011010001100110110111011001100110100101011000110010110011100100111010010011100101100010000001110111010011000110110000010011100100101001001011,1000110000001101011110010100001010111101001101110011110011100010011101101010011011011101010000000011101001001110110111100101100110010001110001110111101111111100110001100111100110011000100011100111000001000001010101100010000010011000110111100110101100111111,False,False,True,True,90,0.03683900833129883,0.01825428009033203,0.017708539962768555,0.0008587837219238281
172.jpg,1000011001100101100110011110011001110011111001110110011001001010011111000001110001101110011000000110101101101100011010110110110101101000010111100010110010010011001101111001011010100010011100011011000001010011111000000100100101110010111011000001101100101100,1001100110010010001001100110100101110010011001101110010011000110000110011001100111011001100110010110011001100100011001100110011001100110011001101001100110011001100110011001100111100100111001000011001001100110011101000101101111011001110110011001100110011101,True,True,True,True,116,0.0347142219543457,0.016585111618041992,0.017696380615234375,0.000415802001953125
1.jpg,1001001011010001001001011110010101001101001011011100001100011010001100101101011011100100010101000001101100101001000110001001110101111100110101101100111101001010100101000110111000110110101001000110010010111011011010111101100010110011010110011010011001011001,1000001011100101101010001111010101000101001110011101001100011010001100101001011011100110010101000001101100001001000110001001110111101110110101101100111101001010100101000110111000110110101001100110010010111111011010111100100010100011010110111010001001011001,False,True,True,True,25,0.031477928161621094,0.014298439025878906,0.016541719436645508,0.0006213188171386719
54.jpg,1001110001100101101110000110001100110110100100101001001101100011001011000110100111010111101010000110101101010101100101110001101010000010111110100110110110001001100101100101000101100001111110011001011000110000011010110101100111010101001000001010111011011011,1001110001100101101110000110000100110110101000101001001111100011001011000110100011010111101010100110101111011101100101110011001010000010110110000110110110000001100101100101000101101001111110011001011000110010011010110101100111010001001000111010111001010011,True,True,True,True,20,0.03556346893310547,0.017493009567260742,0.017707347869873047,0.0003466606140136719
78.jpg,1100001011011010110110100101101011101001111000010110000111100001011100011110000111000110011000100010001101100001011100011001000110011100110111000110000100100001001111100111010111000110000011100001111100011111110111000011110000100011000111110011111001100110,1100001011011010110110100101101011100001111000010110000111100001011100011110000111001111110000101010100111100001011000001011000110011110010111000110000100100001001111100011000111001100000011100011111100011111110111000011110000100011000101110011110011100110,True,True,True,True,22,0.030686616897583008,0.014129877090454102,0.0162050724029541,0.000335693359375
174.jpg,1100010001001100100100010001001100111011101100110110111011101100010111001100100110010001000100111010011101010101011011101100010001011011101010011111001100100010000001000101011010111001110111010110001100110101100110101110111010110000110010100010010100110011,11010101010111101001000001010001001010101011110101101010101010100101110011101011000101010001100010100111011101010110111011000100010110011011101111110011001000100000010001001110101110011001110111000101001000000010101001111100001000100000101010011101011001111000010,True,True,True,True,55,0.02846980094909668,0.012208223342895508,0.015711545944213867,0.0005338191986083984
115.jpg,1101001111100010000010000001010111001010010110100111010110100111100011100000010011010101011110100101011111100010100000101001000110001101010001001011010110100010110111000000010100101011010100100010110101011011001011011111101000111111111111111101010100010100,011111011101100000001010100110100001011100101101110001001011101100011010110111000001000100111000110111001001011010001111001110010010110101000100100101011001010111010001010010101101110101100111100110111010010001011110000110001101,False,False,False,False,111,0.028550148010253906,0.012356042861938477,0.014822959899902344,0.0013556480407714844
184.jpg,1101010101001000111101111111000101111110101001110100110010011100100000010100100000110010000000110110111010010101010011011111100010010001011110100011011000100110011111101000100111001111111110011001001001110110001001001000000010011101100010010100001101110111,111100010100011010000110110000001110111000100001001100111111101001001011100000100100010101000110100001111000110111011011111111111111101001000000000111001001011010011110100110100100000110001001011110111110010,True,False,False,False,95,0.041989803314208984,0.020866870880126953,0.01956343650817871,0.0015437602996826172
137.jpg,1010110101110001111011010000000101110010000011100101000101001100000100101001100000001010101010100101010101001100000000111111100000100011110111011011010111111011100010101110111111000101011100111010011011010101000010110011101101001101101010010000101111111001,00010110101100000100110001100011011010010001100000110011101010010011000010100000011010000001111111000000000110101101110110010111101010101101110001001001111010101011100101111100100010001111010010101100,False,False,False,False,93,0.035855770111083984,0.01649785041809082,0.017758607864379883,0.0015842914581298828
145.jpg,1001011001011001011010101010110110011001101001100010111101010101011001101001100110110101010011100110111001100101100100011010101000001001110001101101001000111001001110011001100011000000001001110011011001011001110010011010011100110110011001100110110110011001,10010101010100011111110000110100001001100110000110011011011110001010011010100110010011000010011010010000010110101111000010000100001010111010011011101000010110100010101010110001101100111110001001101100000111101010011001111,False,True,False,False,113,0.03520059585571289,0.017095327377319336,0.016852378845214844,0.001237630844116211
129.jpg,1011010010010110110001100011110110000110011011111100001001100110000010111101100110010111110000001000100111000100011001001101001111011001011010011110001001110101100110110101101001000010110110001001101101000011010011011100111101011000101011001000001110111100,110101010100011101100110011010001100011010111100110011011010010010001010111000010001000000110000111110001101010010111011000001100010100011111111000000110010010101010110110001001001001011101011001101101010001010101011010011001010000001111001011100011,False,True,False,False,120,0.03789567947387695,0.019417762756347656,0.017291784286499023,0.001169443130493164
63.jpg,1100100101100110010101110101011000101100010010010001001010110110101010110010111111100110111011011101010010101101000111101000000010100010011010011110111100001111000101011101010010101001110001110001011000011000101000010111100101001110110011100011110110000100,11000011110110010011000000000111100011101111011000001001001010011111001101011011010001111110011001100010100000011101000101110000100000100010100100111000011010101000111110010111010010010101111011011110010100100010011010000011000011100101100000111011010111001010000,False,False,False,False,121,0.04772806167602539,0.024751663208007812,0.02117300033569336,0.0011534690856933594
105.jpg,1011000010101001100001011111111101001111010100101000001101101110000011101110010001011011010100010111100010100010001101000010001010001001011101010110000011001001100000011111111100110100010111101000001001111111011101011011001110000110010110010110110110100101,0101001111110010010110010001000001010100010001110010010110000100100001000010001110101000001010101001100111010000101101101001100000100101101101010101111011000100001100110111110011001010000110011001101100110110100011,False,False,False,False,116,0.03838920593261719,0.01962423324584961,0.0172579288482666,0.0014908313751220703
44.jpg,1011000100000000101110111111101101000000000001100000111110011010110001010110111011111110000000001001111001111100111000000010001101101101011100011100000111111011000111101000000111010000110010100001001001101111101100010101110011001111101101000111011010011011,010001001100111100011000000110101010001000101100100110111100100000000001000100100101110000100010100001010101101000100000001010110110110101011001010011111101100011011010110000001110000100001101100010101001001010110000111101001100011001100101000000100,False,False,False,False,103,0.018095731735229492,0.005176067352294922,0.011711835861206055,0.0011925697326660156
90.jpg,1011100011001000100001100111111011010001101100110010111111010101101101000101011001110000101010101000101011101001111010010100010000001111000001101000111000011101001100011001100011011000110000101110101001100001100000110011110101010100100101101111111101110011,0010101010100001100011011010010000110000111001000011001101010011100011001001011000100101000110001100011010010100010000010010000001010101000010110111100100100000010011100000111001011100010001010000000010001000100010100001011011100011001001000000111101100011,False,False,False,False,125,0.01676154136657715,0.003876209259033203,0.011733770370483398,0.001135110855102539
104.jpg,1111010000100100111101000011010001011010101100010000101011000010110111101110011111101100111011100001001000111011000000111001011111010110001100110010110001111110000111110110001111010010001000101000010001000010011011001110000010000111111000011111011100011011,1001100101011100111000011000010011111110001100100000110100100000000010010000000100000001101100001110110000100001111110010101111100001000010011000100001100101100001100001100000001001001101111000111110111011010100110001111000010000111100,False,False,False,False,127,0.026088714599609375,0.010023355484008789,0.01472163200378418,0.0013279914855957031
76.jpg,1011001100011100111100011110000010101100110010110001101100010011111011000010000110000101110001100001011001011011011110000110110010100001101101011010011100011010001110110110100001100010001111011010000110010011010111110011100111011000011010011010111011010010,1011001100011100111100011110000010101100110010110001101100010011111011000010000110000101110001100001011001011011011110000110110010100001101101011010011100011010001110110110100001100010001111011010000110010011010111110011100111011100011010011010011011010010,True,True,True,True,2,0.03638720512390137,0.018066883087158203,0.017957687377929688,0.0003466606140136719
65.jpg,1111111111001000100111010110010001001000001011111010011011001101000111001101001100110011010101001101000000011111100101010110110101000011000110101100001011111111001000100010100111100101000010010110110011100110011000111100011011100100100000111111000100001011,1111111111001000100111010110010001001000001011111010011011001101000111001101001100110011010101001101000000011111100101110110110101000011000110101100001011111111001000100010100111100101000010010110110011100110011000111100011011100100100000101111000100001011,True,True,True,True,2,0.039037227630615234,0.021135568618774414,0.01754164695739746,0.00034427642822265625
133.jpg,1101000010011111101010100110000000010011011010100110111001001001100111100011101101110110001011101110001111000011110111000110001111000100000010100111000111010000110011000101100100101111000110001100001111011111000111111111001100000110000100000111000110100111,110110011110110110111001100011100110010000111011110110010001110000010011011111111101101011111110111110111111110111011101010001000111001011111111010111000110111110101111001111011101110111110010101100000011100101010000011100111011000001110111000010111,False,False,False,False,129,0.034578561782836914,0.01668524742126465,0.016647815704345703,0.0012290477752685547
50.jpg,1010101101000101100011010111011011000110101101101001010101001101000101111110100101100000011001110101001011110000011011100011011000001101000101101101000010010100101011111000011110010101010001010100010101011001001101110010110111110001101011001010101010100011,1010101101000101100011010111010011000110101101101001010100001101000101111110100001100000011001110101001011110010011011100011011000011101000101101111000010010100101011111000011110010101010001010101010101011000001101110010110111110101001011001010101010100011,True,True,True,True,10,0.03678464889526367,0.01865077018737793,0.01761150360107422,0.0005061626434326172
23.jpg,1101010101010001100111110001111001100100111001001101001100010011011010010111100110010110110001000110000011100011000111100001111111010101111000000001101000011111011100010010100110000111110001000011110001001110111001011011000110010011000100110110110001101101,1101010100010001100111100101111001100100111001001101001100010011011010010110100110010110110001000111000100110011000111100101110111010100111000000001101100011111011100011010100110000110110011000011100000001110111001011011010110010110010100110110100101111100,True,True,True,True,26,0.03544187545776367,0.018686294555664062,0.016403675079345703,0.000335693359375
148.jpg,1001001101000011111010100100001101101110001000100101100110111100011011001101110010110110011100000101100110110010010010011110001111000110011101111001101000110111010001001001110101010110110010001010101111000011100001011010010000011110111000100110001101011010,1001001101010011111010100100001001101110001001100001100110111000011011001100110010110110011100001100100100110011010010011110001111000010111001111001101010100111010001000001110101001110100110011010101111000011101101011010010000011110110011100110001101011010,True,True,True,True,26,0.03516578674316406,0.017130136489868164,0.017601966857910156,0.00041747093200683594
141.jpg,1111111000101100100111000000001111101001111101110100000110011100011000101000110111010011111011100011110100000010011101011100011000001111000001011110011010000001011110001111100010001111001000100000110001110000011000101101100011110100001011110100110111110110,10001000100000101000010000100110001000100101011110010000111101101000110000101100110101001000101000010001000011000101110111111101101111100100110101100110111111110011010100001001011000101100110000101000000000000101101000110000111001011111000010001011101100101000111,False,False,False,False,119,0.03907036781311035,0.019949674606323242,0.018016576766967773,0.0010867118835449219
94.jpg,1100010101001100110110010000111101101010001111001101011000110111101001010110011111011010100110000101101011010000101001011010100000110101001000101000101001101001010100101011110001111010001000111010010110011001101100010000101100101101111001000101101001111111,110001110100110011011001101011111010011001101010110100100101111111001101010000101111010010010001100101001011100010000011100011110001100001100010100011001110100000010000101111001111101000100011101001111000101101010010001010110011,True,False,True,False,64,0.04087638854980469,0.022266864776611328,0.017583608627319336,0.001009225845336914
24.jpg,1000100100000001001010111011110110100001111111001000110101010001101010100001001101000111101010101010010101000010110101000100011011100100001011001111000010111100111000001110110001101010111011010011110111101101101011110100000111100111010100110000101101010011,1000100101001001001010111011110110010011101101100000110101010001101011100000000101010111111010101010010111010010110111010100011011100100001011001110000010011100111100001010110000111010111011000010111010100001101010110110011111100110000100110111101001010011,True,True,True,False,41,0.03871035575866699,0.020523548126220703,0.017540454864501953,0.0006301403045654297
84.jpg,1011010101011000101001010101100001101101010000110010100110001111100101101010110101110110101010001100100010111011010011101010011001011010100001010100001010010111100110101100010001110100100110000100100100111111011010110110010010010110011011011111010010101001,01100100110000011100010010111010000111110000010110000100000011011010100101000011010100001111100010001001000001000100011110000100001000110000010010101000000110100000001110000010001011000011100101000010000111100000000000010,False,False,False,True,101,0.025753021240234375,0.00994420051574707,0.014502763748168945,0.0012903213500976562
171.jpg,1101001000001010110011001001001011100010011101111010011001110101111010111110011100101101100010111010110011011110001100000011010000000110000111011010000010000110000101010010101110000001011001010111010110101000111011010100001010110110100110101011111001111110,1101101000001010110110001001001011101010011101111011011001110101111010111010011100101101110010011011110110110110000101000011010000000100000111011000001000000110000111011010101110000001011001010111010110100010111011010000100010110110100110101001111001111010,True,True,True,True,28,0.04040360450744629,0.022199392318725586,0.017671823501586914,0.0005156993865966797
123.jpg,1111100110001100101001100010001101000001110110000111010011011110001100110011001000111111110011000011100110001001011111001101100111000110110001101100011000011111100100100111010100000000011100010011100111101001001011011001100001100110010111100101011110000110,010000001010011111101001010001011000000110010100101000010011110101111111110000011111010100001100001000110110000110111101010111011011000110100000111101100101010110111100101001001011010101001100101011011111101,False,False,False,False,98,0.04413127899169922,0.02161407470703125,0.020939111709594727,0.001562356948852539
93.jpg,1001111111100111111000000001110011100011000000000100000001110001100111011100011100011111100011111011000111111110010000110011100010011111000000110101100000001111011100000110111110011111100011100100011111111001101000011111000001100000110000001011110000000111,1001111011110111111000000001110111100011100010001100001111110001100110111100011100011100110001111011100011110000010001100011100010011110000000110100001000001110011000011110111110010011110001110100011111110001101111001111000001000000000011001011111000000111,True,True,True,True,46,0.03637886047363281,0.01786494255065918,0.0180666446685791,0.0004305839538574219
75.jpg,1001011001111110011110111110000010001000110011110101000011011100100111000110100001110000110011011001100010100001000010101101111111011111010000001000100011001111011101000001000110001000111111110111001010000000100111001011011011110010100010100001101110111110,1001011001111110011110111110000010001000110011110101000011011100100111000110100001110000110011111001100010100001000010101101111111011001100000001010101011001111010111000000000110001000111111110110001000000000100110011011111011100010100010101001101110111111,True,True,True,True,18,0.041219234466552734,0.023269176483154297,0.017514467239379883,0.0004191398620605469
196.jpg,1010111101100100110101001001100100000011110001110110010100100000001111100101110110011001100111101110111001111100001100010000100111001101111000110011001001111100100010001001100101001011011001100010011000111100111110001100000001100111011011111000100110010011,1000110111101110111101101001100101010011110010110110110100100000001111100110110100010001100111111110111001010010011100010010110111000101111000101011001001111100010010001001101101001001011001100010011000011100111110001110000001100101011011011000100010100011,False,True,True,True,38,0.03692197799682617,0.018571853637695312,0.01756906509399414,0.0007643699645996094
200.jpg,1110100100100100111111001010010000100011111101110000010111010111000111110001111011001010000010111101001001000001011100100000000000011110110111111100000110010110110000010111110100001010111100100111010101001011111111000001111010001000011101110000001111110001,00100100101010100010100001000111011111011001101000011111110111010011010010100100011100111110000100100110100100011110000000000000100000111111000000100100000100100111111110111100010110110111111001101111111010011110111010100,False,False,False,False,107,0.022490978240966797,0.00782918930053711,0.013262033462524414,0.0013844966888427734
167.jpg,1010001010011101010010011001011001111001001001100110111001100111110000100110100100000111010110101000011100011011010110100010010101111001011111001000100111110000010111101000010110110010100111011010011011011010001110101101000001111011000001010010000101111011,1010001010001111011010001001011100111000001001100100100001101110110000000111100100100111010110011100011100001011100111010011111001101001001101101100101101100000100111100000100010111100100111110011001001111000111000110110110101100101010100100011101110001001,True,True,False,False,80,0.04079294204711914,0.021363496780395508,0.018653392791748047,0.000759124755859375
125.jpg,1111111111110100100001001100000010110110010100100000011101010101001011000001111111011100100011011000000011111110100100110011001010100111011000001110111001101100101111000110100101000001111111000101001111011001010000010011000001000100011111000100111101111100,101110000111101011000001010110001010001000010000001101100010110100001010100110101000110000000000011110100010000100101101000000101011101100111110011100100010111111011100001011101100110011101011011100000100101001110001010100000011011001011000100011100,False,False,False,True,107,0.02959132194519043,0.013108253479003906,0.015404462814331055,0.0010619163513183594
161.jpg,1011110111010100100101111000110111100010001010101110100100011011110001000111010111100000000011101100010001010101111101101110101010100010001000111111001010101100111100110000001010110011100010010101001101110101010110010100000101010011111101000111100101000010,1000101101100100101110000000000011100001011001010010010011100110001010001110110011010001111111111001101100110000011001011110001011011001010011000110111101001111111011010101110101101110111100010110011101010101101110011111101011100110010,False,False,False,False,129,0.037648916244506836,0.018697261810302734,0.017580747604370117,0.0013554096221923828
126.jpg,1100001100000100110000110000111100101001111111001000011001011110001111100100000101011011111000011100011000011111101111000000110110000011011001010110000001111110000111000000011011010011110011000011100011111110100001110010011010100110110010001111110011111100,11011001001101100000110101110111011111000011100001010011110011011000001100001011100100011100111101011010101100111001011000011000100100100001001010011110100011001011100000110010101100110000101111000100,False,False,False,False,101,0.05063509941101074,0.026192188262939453,0.02216172218322754,0.001627206802368164
153.jpg,1001111100000011011100011011100000101111010001010110010010100111111100011001100110101100110001101001000110010111111110011110100010001100011110011100001001101001100001000110110110011110010001100100100011010111011110010011110001101001100110000010010100110101,00010001000101010001111101010010010000011011100001001001000111000010010111000110101101001001000010000011110100000001001011001101110001100100101000000100010000100111100001101011100111001000000001101100101110111010100010110,False,False,False,False,110,0.04771590232849121,0.02660059928894043,0.019638776779174805,0.0014595985412597656
68.jpg,1111111101101111001101101110100101001001000110100011011011100100101101100000100001010101111000001111011110000000010101010110100010110100001011000001000111101010101010001101000001110101111010100110101101101110100101101001010101001001011011111010001010010100,00100001000100010000000101011100000010000011001000001011010000000100001100100000000000001010000001100010110110110000010000000100000101000100010100010000010100000100000101100000000011101010011001011001,False,False,False,False,95,0.02468395233154297,0.009284019470214844,0.013817548751831055,0.001567840576171875
175.jpg,1011101000110011101101000101100011000101111000110100101010100100011111000101011100110100101110100010001010001000111101110101010101100011000010100010101001110001011111110111010110010000000000101011010011010111011010110110011110000001000010001111110011011111,110001001111010010001111110101001010000010010101000000001000110010100100110111110011100000101111100101000001000010001101111001011110111011010110110101001010111110000001100001010110110110101000110010000101011,False,False,False,False,111,0.04592561721801758,0.024114608764648438,0.020238399505615234,0.0015571117401123047
42.jpg,1110101001001001110010011011011011011101010110101000110111001011000100101001011000010010001100100011100001110010001101101100101001010110100110101100011010010010101001001111110010111101010111110000101101000010010110110110101000110001011010101010010100111011,1110011101001001110111011011011011011011010110100100110111001011000000111001001010110010000100100011101110110010001111101100111110010110100100101100010011011010111001000101100010111101010011110000110100100000000111110010000001110001101011101110100000011011,True,False,True,True,52,0.035755157470703125,0.018547534942626953,0.016643762588500977,0.0005462169647216797
152.jpg,1001010000000000100010111110111100001110101010110011111010110101011010000101010111110000010101101010000111010101010001111100101100000111100010101011110000100100111101100010100101100001101011010011011011011111111101100001101011110011100110000000101000111000,1001010000000000100010111110111100001110101010110011110010110101011110000101010111110000010101111010000111010101010001111100101100000011100000000010110100000101111100000110000101100011001011010011001011011111111101101001101011011010000110000100101110110000,True,True,False,True,27,0.039067745208740234,0.02076411247253418,0.017737627029418945,0.0005488395690917969
199.jpg,1000110001110101100000010001001101010110000101000111101001100110110100010111100111100001110000101011100110111010010111010010110101001001000111001100101100110100111010111010111000001010101100111001110100011010001101101011011110000001101010111001001100101101,1000110001110001100000010001001100110101000101010111101001100110110100001111100111100001100001101111101110110011010011010000010101001001001110101101101100101000111010111010111010001010101100111001100000001010101101111111011001010001101010111101001000101101,True,False,True,False,37,0.036810874938964844,0.01972818374633789,0.016309738159179688,0.0007565021514892578
127.jpg,1000001110010010111000111101000101100111110101100000011111010000011001111110010001000111111100000111011111000100010110101101010001110010110001000100101011110011010110100001010001011111101101100101101100001110010010011101010101010111000001110100100010110001,001110110000001011011001011101010110010010100111010010111101101001000111001011000011110110011000001110001011111011111111011011001100100100111000001010101100010001000100100000110010011001110100110101100001100001100010010111110110001110101101101100010,False,False,False,False,118,0.03743243217468262,0.01726818084716797,0.018926620483398438,0.0012204647064208984
136.jpg,1101000111110010100011110000011000111110101101001110110110000011110101100101101001111011111000000010111010011111100001000010001010000101111010000100100011001100010000101011101111111011011000100110010000010110111111101101100100000001101001010001100011011101,00000000011000100001011001000111001001001111101010010001001001001011001111111010111111000111000110111111101101011100001111001011001110100110101011110010111110011111101100110001010101001011010010101100,False,False,False,False,97,0.03249216079711914,0.014693260192871094,0.016210079193115234,0.0015735626220703125
182.jpg,1100010011100110110011001100110000011001100110000010001110010011111111100110011100011100110011000000001110011001111111000111100100000001110011000011001100011101111111100111001101100110110001110011001100100100011001110001001111100010011001100001110010011100,1100011001000110110011001100110000011001100110010010001100010011111001100110011000011100110011000000001110011001110111001011100100001001110011010011001100011110111111100111001011100110011001100011001001110100111101110010011111100000111001100001110100011100,True,True,False,True,32,0.03782916069030762,0.019420862197875977,0.017704010009765625,0.0006875991821289062
122.jpg,1100100110100110110010011001111000011000000111010110011001110011100111111001110001001101000011001000100010001101111000100010011111111000100000111101110011001100001100110011000100111110110000101100110011101100100100110111001111001100000111000001110001101111,1100100110000110110010011011011000010010001110110110110011011001001101111101110011001101001001100010001001001101110010000001111111011100001000110011101100001000100011011110001101111111110000100001011101101100100010001111001100100010001001101001110000101111,True,True,False,True,83,0.03128242492675781,0.014789342880249023,0.015838146209716797,0.0006382465362548828
192.jpg,1110010111010011110110100010100111001000111111101010010111000111010100100011100000101001111001100001011001011001111000110011001010111001100001111100111010101001000100010110010000111100000100110110100101100110100110101010110001100110010111011110100000110010,1110010011010110100110010010001110011011001101011010011001001101010001101100100100101001100100110001001100110100111001100110110010010100110010011100111011011001010110110010011000011010000000110110000100111100101110101001110101000101110011111110100100110010,True,True,False,True,84,0.03865408897399902,0.01996326446533203,0.017840862274169922,0.0008335113525390625
25.jpg,1001010111011001100110011000100010101010101111101010100111000111101010110110111000000110000011100110011010111110011000001010011001101111000011100100100001011000010010101111100101010000101101111101010100111001100100100100001010110011010101111001001100110101,1001110111011000100100011000000110101010011111101010100111000110101010011110110000110010001011100110011010111110010011001010010001101111011110000010101001001010010011111101110101011000100100001101110100101001001101110100101011010001010001111000001000011101,True,True,False,False,53,0.038079023361206055,0.019807815551757812,0.017487525939941406,0.0007669925689697266
57.jpg,1010011000001100110110010111001100101100101100111011001101001100010110110011001000101101101100110001011001001100111000111000110010111100011100111001111011011000011001010000011001100010101100111011110001000100010001100010111110100011110100000101110000111111,100111010000000011010000000001100000001011010101000001010010100110100010101000001111011110010100100110010110100001000111010000101010010001010000001110110011000000010001011001001001000000010100100011110110100001000100001000110001,False,False,False,False,107,0.02180647850036621,0.007051229476928711,0.013386249542236328,0.0013530254364013672
165.jpg,1110101110001111001001110001011110010101111110000011000010101000100111001110011110011001100101001100011100010000100000111001011111000110010111001101111000011010000111100001110011011110010111101000101101010000100110001100001111010011001110000011100111100001,101000010100110000111111001001101001011101101101111000110111000100011100101110110100011111011001111000100110101111001111100001010111111011101110001110111010010110001111100110101000111011100100101010111110100010000100010100000111010110111100011000011,True,False,False,False,110,0.04775691032409668,0.023707151412963867,0.022119760513305664,0.0012273788452148438
131.jpg,1001111101011100111001011011100010010000101000010110101100010110111100011110011011011011110110000010011100000101000011001010011101011001010010101111000101010011100010101001100100111110001011100011001100110001110001100101001011100101110010000011110011001101,00010100010100010010101100000010100110100010111010000010001100000011110110110111111011101110100111001001101111001110100100001010000110000101101111101101111100000111010001100100100011010001000001000001,False,False,False,False,106,0.03667306900024414,0.01921844482421875,0.01585841178894043,0.001581430435180664
81.jpg,1110100010111001110100111010101010011000010100011000111111100111011100001000100110110101110110011110000010000011001110000010010011111111100001110100111000101000110100111000001010001000011111001100001101011101001110100111000100111110010111100110000111100001,111010101010111111110010001010101000100101010001100110100110010100110000100010011011010111010001011000001000000101110000100000101111111110110011010010110110110011001001101110001000101101011110010000111010011000011010011000011010010001110010110111001101110001110000000111,True,True,False,False,70,0.04091453552246094,0.022014141082763672,0.018081188201904297,0.0008020401000976562
38.jpg,1001010101100001100011000011101110000100011110111111111111000000001011000111000100110010001111111111101110011100100000011010111000100000101011111101110111001010110000001011100000000100011101111101110110000100001000110001000110000000011111111101110111001100,10010101010100011000110000111011100001010111101111111111110000000010110001110001001100100011111111111011100110001000000110101110001000001010111111011111110010101100000100111000000001000111011111011101100001010010001100010001000000100111111111011101010001000000000,True,True,True,False,12,0.03563356399536133,0.017420291900634766,0.01762247085571289,0.0005736351013183594
79.jpg,1001010111100010111011110001101000110011110011101101000001001010011001101010100010110001010011000101001101100100011100101011110000111010110011100010011001101011110100110001110011101001101101001011001100110010110010011011001000110010110101011100100100011010,111100100000000000010001110000000011101001110011100001011010101000111010100000001101100010001011010110100100001110101100000101100001010010010000011100100110100000001011010011000110101011011010011011011000100,False,False,False,False,106,0.018115520477294922,0.004485607147216797,0.012082099914550781,0.0015320777893066406
47.jpg,1001110001000000100101011011010111000001001111110101111011000000100001110101000101100000001011111001101010010010011001110100110010010110101010111100101100110011001101100101110010101100100010100111001011100110000011010101001111100111101110010001111001101101,101101000100000001010010101111111100000100111111001111101100000011001111010000110010000000111111100110011001001001101011011010001001001010010011110011010011001000110110110011011100100011001010001110111010011010001000010011111110,True,True,True,False,47,0.03767204284667969,0.019026994705200195,0.017838239669799805,0.0007908344268798828
132.jpg,1100000111010001000111001011110000100001010110011110010010010001001011111111100001101000011001011010110011111110111001001110111100000011100111101100010010100001001111011110011011010010110010000100100110110010001000110110110111111101101000101100001011000100,1100001110010001000111001011110000100001010011111110011010110011001001111111100001101000010011001000110011110010111001001110111100000011000111001100110010001100001111011110011001010010011010010100100110110010101000111100110111111101001100101100001011100100,True,True,True,True,32,0.03609895706176758,0.01778411865234375,0.017801284790039062,0.0004966259002685547
198.jpg,1000000001100101011111011001000110010000100101101011010101100111001010011010000011001111101111111111001001000000111000111011111100000110100011100101111100111001101000011111100110100111000011100001011100011111010110001110001111001010101000001000000110011100,1011000000011000010100100001110000001011000011100001010100100011001100000001101001010010010101011111001001100110110101101011100111001100110011101011100111101111010000000101100001000100100011010101101001101110010001,False,False,False,False,97,0.027187824249267578,0.010729551315307617,0.014950275421142578,0.001493215560913086
109.jpg,1110110010011001101110110001110110001011000011011110001100011111001000010000101101100110010001110011100111100110100100001110001100011000111011001001110001110001111000010001100111100100001111001010111100111000101010010101110010011110001010111001000011011010,0100100011011011111000111011110000000000111000101101111011110101001100000110100000011100000010000010001001111010010000111000110100000001100110110011110101101000011101110001111110001000001100001010000000001000100110011110100011001111110000100000110110100100,False,False,False,False,124,0.04561424255371094,0.02402210235595703,0.020462751388549805,0.0011119842529296875
128.jpg,1001100001111000000001111000111101111100001100001010010101010111001001101010011101011110101111100110000101001011110110000001100000110011101001010010110100101101110110100100001001010110110101100001011000111101001111100100101101101001100101001100011010110101,1001100001111000000000111000111101111100101100001010010110010111001001001010011101011110011111100110001110000011100111000011100000111011110001010010110100101111110100101110011001011110010000100000001000111000001111101100101101101101100011011100011010110010,True,True,True,True,38,0.02512383460998535,0.01009511947631836,0.01446676254272461,0.0005459785461425781
116.jpg,1100101101011010101110010110101101100110110010100101100011010010001100101011010010011100101001001001000110101101000101100110010100110001100101011010101000111001110010001110100101001101101110110110100101100010011010110001001011011010011101111101001010010100,110111110011010010010000011000110110011011001010000110001111001101100111101101101101100010100001110110011001100100011111010001000010100111010110101111100011000111011000111011010100011110111000110111110101101110110001010100000100101101101011010110001,True,False,True,False,71,0.0360565185546875,0.017490863800048828,0.01771831512451172,0.0008304119110107422
164.jpg,1000000100110001001001000011111001011000101011101001110011001000001101110010001111110000000101100010011000001110000111001100011111011001011110110011010100111001101011101111010110101110011110100011100101111101111010111100010010001100100010000011000001011111,10000100000100010010010000101100010100000011111110011011011010100001101100101011110100001101011000100010000111100011110110010111000001110011001011110010011010101111101100011111111010010011001011110100011110001110101111011110100010010000000100010000011000011011111,True,False,False,True,82,0.034659385681152344,0.01770496368408203,0.01611185073852539,0.0008261203765869141
120.jpg,1001000011001100110011011001100101011010110100011101000101100010101011101011101101110010010110010100100110100100001101101101101111101000001001010110001110110010001111010000101110011000101101000100001111011010100111010010101100101000111101001101011101010010,1001110011001000010010011101100101011110110100011101100101001010001001111010101001110010010110010100100110100101100111111001001001111000001110000110001100011011111011011100101100011000111000100110001111010011100111010010110110001000101101010101000111000011,True,True,False,True,58,0.02752208709716797,0.012371540069580078,0.014435529708862305,0.0006995201110839844
103.jpg,1010011001100110101101100110011001001001100100000000100110011011001110011011001111010100011100001110001010101110101001100010001001011100111110110101100001110100010110100000001010001001100110011111011111101010111010110101010101011000100010001011011001110111,0000011001010110001011000010010011101000011010001001001000100100000110011100100010000101110100001101011101010011110110010000100010011000100001000000010101101010010000000100011011011001111000010110000101110011001101001001100101101000011001101011001111000101,False,False,False,False,126,0.04877948760986328,0.025098085403442383,0.021867752075195312,0.0011670589447021484
97.jpg,1111011001100110111001100110011000101101101000111001100110011001010110001001110001001100110010011100110011001001001111011001010010110101101001000100101101001001100110010000110000110110101101100010011011100110110111011000010000011011001110010101110101011001,1110011001100110111001100110011100001101101000111001100110011001010110011001110001001100110010011100110011011001001111011001010010110100111001000100101101001001100110000000110000110110101101100010011011100110110111011000010000011011001110010101110001011001,False,True,True,True,9,0.03990530967712402,0.021393537521362305,0.017935991287231445,0.0005593299865722656
163.jpg,1101010111110000010111100000011111101110000001111000000001010111110101000110000011101110000000100011110101010111110111101101011110011100000001100011110101011010001011100001011100100010100000111111100101100000011011100001011101001110000101101101100111011000,0100100011010001111011000000011011000010011100000000011000010000000001001011010100101100000000000101010010010101111010010010000011001000101010010100101010001110111000010000100101010011011100010010011111110000111011,False,False,False,False,106,0.024747133255004883,0.009576559066772461,0.013753175735473633,0.0014026165008544922
10.jpg,1111100001011110100011111000001100111101011110001110100001001110100001111110000101110101001001010100111000001101010110111101100001110011010101000101000010100010110100001011001101100111100000010100011001101110101001110100111111100100111101011001100000001100,1100001111110010100101111101100110100111011110001110101001001010100010000010001010110011011110111010010001010010110011010110001100110011010101000001100010100010110101001011001101100111100000010100011001011110010011100101101101100110111101001000100100001100,False,False,True,True,77,0.03840756416320801,0.018495798110961914,0.01907491683959961,0.0008199214935302734
176.jpg,1111000101111010111001101110100111001011101101001000100101110010101101101101101010010001101011011110101101000110011011001101100110010011001001101110110110000001011001101100010010010001101101000110101101000001100100101100100110000001101101101010010011000100,1111000101101010111001101110101111001111101101001000100101110000101101101101101010010001101011011110001101000111011011001101100010011010001101001110000111000011011001101100011110011000001101000110101101001001100000101000110111000001101101101110000011000000,True,True,True,True,28,0.034697771072387695,0.01676344871520996,0.017438650131225586,0.0004792213439941406
121.jpg,1000000001011000001110110100101011101010111011100100111010111110000110101011011011010110111001101011110100010001110000001010100110111110101010011101100101101101000001001010111000111101010101100010010010110110111110101100001011000101000010011000001010101001,1100010001001000001110110101101010011010011010100101111010111010000110101011011011010000111001101011110100010001110001101011100111001110001010011101100101101101000000001110111100111101010111100010011010110110111110101100001011010101000010011000011000101001,False,True,True,True,28,0.038263797760009766,0.0200192928314209,0.017658472061157227,0.0005698204040527344
190.jpg,1011001001111100111010010110100100000101110000111111010010000110010011100101110001000110001110000101101000111101100010100111010001111100101010100011000011110111001100011010001101110011100101110000010101101010111110101001010101001011110111101100010000101000,10010100111000101000000100011010101101000011001011110111011000111010100011011010000111001000111111011001110011000001101101011000010100101011101010011100101000111000011000110010000110111010001101011010101110000101001000010111100011011111000011000100001111110101101,False,True,False,True,118,0.029304981231689453,0.012607812881469727,0.01596689224243164,0.0007131099700927734
53.jpg,1101001000111100110111001000000101010100100100111010001111100110011111100001000011001010011111010101101110010110001000011101001100111110010011101110110000111000110100111000011100100000110100001111001001011101111011000001011010010010110110010010001111100110,00000101011000001011100000000110000010000010011110100010011000101010110101001111000110110100111001100111110111000100010000000110111000101011100100110111100101110110100101000101001111101000100010101111101111101000000101001111101101011100011111,False,False,False,False,131,0.03511381149291992,0.015985488891601562,0.017841815948486328,0.0012691020965576172
113.jpg,1011101111110010100100111010111111100100100110000100110001100000011011000000001110010011001101111011011100011001110100011001110001001110110111000001100011101100100100011100011101010000110000101111110000000011111011100110011101101110000000111000011100011101,101110111110011010011011101101101110010010011000010001100100100101001110000000111001101100110111101001010011000010010011110111000100111011011000000110100110110010000001110001110101100111000110110101010110111110111110100000110110,True,False,True,False,42,0.03809189796447754,0.019479036331176758,0.01764082908630371,0.0009565353393554688
106.jpg,1011100111101110101110010010100110111000100001001001011011110100110101001011010111001110100011101110011001101011011100100100000000101111011100010010011101110001000101110011110010010001100000101101000010101110110110100001000011111011010101001100110100001100,1011100110101011101110011010111010011000100101001001011010110100110101001011010011001110000010101110011000001010011000100100000110110110111100100000111001011101001110100001000110000001011010000101010101101101011010110111110100101010011111001000011000000000,True,True,False,False,73,0.03921175003051758,0.020734071731567383,0.017629146575927734,0.0008318424224853516
183.jpg,1011010000110101111101100110010011101011110101001110001110011001100001111110011000011010001001111001100100101000101101110000100000111110001100011001010001110010111101000101111110000001001111110101000111100000110010001110000010011111010001100101111001000110,000000000000000010010010110101101110000111110110010011000010010100001001011110000110010111101001100010001010000011000100010111010100011010011010000000000111001000011111010100011100000000,False,False,False,False,87,0.027252912521362305,0.011106729507446289,0.014441490173339844,0.0016906261444091797
67.jpg,1001101001010010111101001011011011000011010010101110010100101101110010100010110110111100011101111010110011110101101001001000010100011011110010010011000101011001001001010010101001000110000100100110010110110000010000110111111011011010010101011101000001101111,1001100001101010111101001010010011000111010010101111011100010101110000101001101110111101111001011000010011110000100001111000100100011011010010110011000001010001001001010110100001000110000100100110110110010010010000110011111011001011111101001100100101101111,True,False,True,True,49,0.03873729705810547,0.020140409469604492,0.01801443099975586,0.0005652904510498047
168.jpg,1000000000010101110000011110011001100100000001010011111111001011110111011011110010100110111111010100000001010110101110010000101010011110100000000100111101111001011101111011101101100000110111110100110000000110001001110000101101110001011001001111100101101100,1000000000010011110000011110011001110100000101010011101111010101000111110001101000110110010111111000100000110111000010101100100001011110100001000110111101110000110100111011101010000000110111110001110100000110101101111000001111010001010001001111110001101100,True,False,True,True,60,0.032768964767456055,0.01573348045349121,0.016458749771118164,0.0005602836608886719
11.jpg,1010111001000110101100100110111010011111011001110101111101111101010110010011001011101000001101101011011100010001110100001101101101001000100000010010100100100000101000010011101100000111000100110101000001100110111110111100111110001100110111011111000110000000,1010111001001110001100100110111010111111011001110001111101111101000100010011001111001000001101101101011100010011110000001101101101001000100000010010110100100000001000110010101110100111000101110101000001100110111110111100111111001100110111011111000010000000,False,False,True,True,21,0.04077649116516113,0.02086615562438965,0.019118070602416992,0.0007753372192382812
40.jpg,1001100110010010001001100100100101100111011001100110111010100110100110001001100110011001110110010110001001100110011011100110011000100101001101101100100110111001010010011101100110110110110000100011011001100111011000111101110101001001100011010000110110110100,1001100110010010010001100111101101110010001001101110010011000110001110011001100111011001100110010110011001100010011011100110011010100110011101110101000111011101101011010011101001111110111001000011001001100110111001000101101111011001110110011101100110001001,False,False,False,False,70,0.03573012351989746,0.016720294952392578,0.0178377628326416,0.0011553764343261719
48.jpg,1100000100000010000000110100010001111000110001000111001100111101011001101000001011001111111010110000000111001000010110011110101100011100010011111110110101100110011111011011110000001011000110000011110011100000111101110111000101110110110011101111111011000000,1100101100100000100001110101010011110100100000100111001110011100001011110100001101001101101010101001001111101000010110010110101100011100110001111100110101100110011111011110110000001101100110000011001000100001000010110100011000110110101000000110011011110101,False,False,True,False,69,0.04182934761047363,0.021996736526489258,0.018846511840820312,0.0009691715240478516
124.jpg,1011010000001111001001010000000110001100011101100011101000001111100110100101100100010110111101011100100111111101000100011100001101111110011111011001100101011100011100010111001011001010000011010000000000101010010101111000111110101011010111001011110000110011,101100000000111100100101000000011010110010110101001110100000111110010010010110010001011011110101111011011111110110010001100000110111111001111101101011010100110011101001001000100010010101111000110010101101000111011001110010010011,True,True,False,True,52,0.03703117370605469,0.018413305282592773,0.01767873764038086,0.0009226799011230469
43.jpg,1100010011100100001110111011101111000100010010001011011110110100110110001100100010110101010010110111100010011101100001000110111100010010011100111001010010110100011001101110110001111011110010011111011010100100011001101000000101000110110010010100011010100101,11000100100011100110101011100100101111011111111110010111000101011101000001001111101101011100000111000000100111011001010001100011010000001011000100011001011101001000100011100010100111111100001000111001111010010100100011001101000000001000110000010010100010010101111,False,True,False,True,100,0.03672194480895996,0.01886296272277832,0.01713109016418457,0.0007114410400390625
100.jpg,1111011011100000110001100100100111100011011100001100111000010110011001100100000000010100010101111100101010100111001101110111011111011010101101101010000101101111000100110010111111100001001001000001011100110010100000111001001011110100100110100011111010001011,1110001100101010110100000000010110011111011010110011001000010001100100000100110100111001000110110010011111110010001011110101111001001111110101111101110111000111000010100000010011110010001110100011000101101000100100,False,False,False,False,99,0.04488348960876465,0.004636049270629883,0.038804054260253906,0.0014281272888183594
60.jpg,1011100111001111001111001000011011010000000001001100100100001001101001011011111100010110111000111100000101111000110011001111001000000110111110111110011101100110010000000000011010100011100110000001011110000000110010111111000010011100111110110001011111111101,10011000010100110001100001010101100001101100111110110101100100000000000000000000010001100001001100001011010100001001101100110000010110101001000011001011010110100100110001011101110001010001110011001111101010100010010010010,False,False,False,False,107,0.024317026138305664,0.00856924057006836,0.01434779167175293,0.0013844966888427734
69.jpg,1110100110011000110101000010011111101010100100101001110101011100001111000100011101101010001011110100000111010000100001110001100100110101111001111110000110100100001011100101011000001100011001011101101010110110110110111110000101000011101101100010010110010101,1110100110011010110101000110011011101010100100101001100101010100001111000000011101101000001011110100000111010010000001100001000000110111111001111110000110100100101011100101011100001101011001011101100011110110110110111110000101000011111101100010011101010101,False,True,True,True,22,0.03845524787902832,0.020228862762451172,0.017645597457885742,0.0005638599395751953
114.jpg,1001101010110010100010100110001001100001011000111010001110011011010100010001110110101001110110111101010001010011110110101011110010000001110110010110000001101101111011010011111110000100100101111000110100110001110001001001111000001010111010110101010101010001,1001101010011010100010100110001001100001011001111011001110011011010101010001100110101001110000111101011001010011110111101011100010100001110111110010000001111101111011010011111100000000100101010001110100110001110001001001111000101010111010110101110101010001,True,True,False,True,23,0.03576159477233887,0.018521547317504883,0.0166168212890625,0.0006067752838134766
180.jpg,1000000110010001110011001100110000101001001110110111001001000010010011111011110010010000110101111100011101011000011111101010001101110111010010001100010011110011001010001000110111010001001101011100111101001011001101101010111001000010110110111000110001010011,1000000100110001110011001101100100101001001001110111001011011011010011110010011010010000110101111101001100110001011111101110011110110001000110001100010001100011001110001000110111010001001101011100111101001011001101101010110001000010011100111000110011010011,True,True,True,True,38,0.036730051040649414,0.01843857765197754,0.017836809158325195,0.0004374980926513672
177.jpg,1001011111100100110000001111101011101010110110011100001101100110010000000100101111001111001111001101110101001100100111100101001000101001001011010001110101101001100111000011000000101101111011010010110110110011001100011100010110010100101000011001101110010100,110110000000111011011111110001010100011110010010110011110001111100001011111010101101110011110101100011111000001001110011100110110100110010001110011011011110011000111000100110010010111110101101011011101001101001001001111010110000111110100010001001011,False,False,False,False,121,0.02764272689819336,0.011375188827514648,0.015078544616699219,0.001172780990600586
144.jpg,1101010001010101100001100101010101100110101000110010110001101010000011101111010111100010101101010110010100111000110000110110101000110011111101000010110100001011110111010000111011010111100001011110001100101001100101100000001000010101110111100110011011110100,1101011001001101101001100101001101000110001100110001100101101110000010011001001111100000100100010110110001101001110011101101101001111011111111000001100100001101010101100001101111100110101000011000101000100100000101101100111001011111111101100101100111001100,True,False,False,False,81,0.03276562690734863,0.01513981819152832,0.01648259162902832,0.0011260509490966797
87.jpg,1111011100100011000111011000100000100101010011001110011001100011010111011001100110110011001100010001101010011100110000101100011101001010100110010101101011010101010010101001000101011010110101111110001001110011010010101101110011011001110110010000101100011010,1111001101110011000110011001100000100110110011001110011001100011010110011001100110110011001100110001100110011000111001100110011000100110001110001101100111000111101110110011100101010011011001101010011001100011010011001000110010011001110110010000101100111000,True,True,True,True,54,0.0380711555480957,0.018743276596069336,0.018881797790527344,0.00042939186096191406
72.jpg,1011110101101010101001001100010111100010001100100001111110000110100111001100100011111110001001010100001111111011100100011001101100001101111010011111100011110110110000000000011111100110111100000001000100001101001011100100000011010100100011001110100101110111,1000010100101010101001001100010111100011001100100001110110000110101111111100111011101110111101011100001100111011000100011001100100001100000001000011011001110110110101100010000010001110101110100001100110001100111011100100001011110100100001001110001111110011,True,True,False,True,58,0.038460493087768555,0.020320892333984375,0.01757526397705078,0.0005474090576171875
111.jpg,1101011100110111011001111011000100101001110110100000111101010111001000011101001000111001000101100100101101110111100100100111011011001100011011101011011001101111001100100011001100110010010110110010010000100110001101001100001101001100001010000110101011000011,10010100101111001001111110000011110001100101001001011000100101001110111001010011011100000010111010101000101100101000000001011001100101100111010111110100011011100011001111100100000,False,False,False,False,82,0.026477813720703125,0.009528875350952148,0.015244007110595703,0.0016906261444091797
51.jpg,1011000000111001110100010111000110100011100110011110101000101110100111010010001101101010100000110101011000000100001111001101110001001110011100011011010111011101110010100011110110000101110011010100001110100101100110111010111001100101010100010011001110000110,1011011000111001100100010111100111000011100011101110011000000001110110010010001101101100100000110100011010010001001111100101110000111110010011101111010001001101100001001011011110001101100011011000000011001011001001100011011000101110111,True,True,False,False,74,0.02695441246032715,0.011201620101928711,0.014837265014648438,0.0008988380432128906
149.jpg,1000001100011111010111100101110111111000100001000010000100100101110111101111000101101001100100000101101001100111010111011000111110101001100010000011001001000011110011011001010010100100111010000001001011000110110011011001011100100110111010011101110110101110,1010001111010010100001110001110101001001010011011000101101000101010010001000100111010000100110001100011111111101000110100001001110110011100000100110100000011110101010010001000001111001101000100100010011010011010110110011110001010111100001011001110001000111,False,False,False,False,116,0.049239158630371094,0.025887489318847656,0.02149200439453125,0.0011715888977050781
92.jpg,1100001010010010101001010110110110000000111110101101101000000011001011010110110111010011100101101101101101101101011111001111001000100001000111001100111010100011011011000111000001100110001011001000001110010110111001000111101100110111000101011001011010000011,1100001010010010101001010110110110000000111100101101100001000011001011010110110110010011100101101101101001101101011111100001001000001011001111111101001111101011011010000001010100100111011010011100000011011110111001010110101100110111000101011001011010010010,True,True,False,True,40,0.04114031791687012,0.022649288177490234,0.017922163009643555,0.0005514621734619141
162.jpg,1001100010001101010101010111001001101110001011010001101010010010001011110110010111000110100100101111101101001000001110011011011100110111111010100000001011111001110001001101001011110010101001011110100100101010000101100010110101001110100110001010001101001110,100110011000110101010101011100100110111000101101010110101001001000101011011001011100011010010010111110110100110000111001101001100011011101011010000000101111010111000100110100101111001001100101110011001000101110011100000011110001,True,True,True,False,26,0.03187918663024902,0.015352964401245117,0.015778064727783203,0.0007331371307373047
28.jpg,1010101010010101010000001110101110101101101011010110001010111110110100101011101101110010100010100100100001000101010111011100110001101011001101101010100000110110011111101101101010110011010100010010101100000101000110100101111100100000110100101010111110000001,10000000000100001011100101000110101000001111110001101111110010011101100101100110001010101100010010000110001000110110001111101000101111100000011011100001000101011100000111000010011001000111111110100000111101111001011111001101101001010000100110,False,False,False,False,121,0.03835415840148926,0.017928361892700195,0.019151687622070312,0.0012557506561279297
35.jpg,1100100010001010110010111011101100000001001101011101001000000110100101111110011001111101111100011001110011100101000001100110111001111101000110100001011111000011110100101000010000011001101100001110001101100000111001111100011000111111000011111110001000100110,1100101010001010110010101011101100000001001101111111101100000110000001110110010001111101111100011001110011100101100001100110011001110101000110100000011111000011110110101000010000011001101100001110001111100010111001011100011000011111000011111110001001100110,True,True,True,True,20,0.029433488845825195,0.013485193252563477,0.015557289123535156,0.00037479400634765625
41.jpg,1001001101001001011101000100100100101100000100101100100110110110101000111111011000110110010010010110110110110010101100010100100010101011001001111001011111001001011101001110010110111001001100101001101111001101011001101101001011010001001001111000100110011100,1001001001001001011101001100100100101100100111101100110110110110110000101111011000110111000011010110110110110010110001100110100010101011101001100001111111001011011101000111010010101001101000101001101111001001011001101101001011011101001001101000100110010100,True,True,False,True,35,0.035318613052368164,0.018095970153808594,0.016693592071533203,0.0005125999450683594
2.jpg,1010101011010110100101001010000110010101111011100101111001110010000110011000000111100111011010010110001000100000110011000100001010001101001010001010011100111010111010110011010101101000011111001010011100111010100101111001001010011110011111010100101101011100,101010101101000010010100101010011001010111101110000011100111011000100001101101001110111101101000011010011101001010001000011100011010111010110101011111101001011111001010011100111010101101110001000010011110011111010100101111011101,True,False,True,True,79,0.03716921806335449,0.017406702041625977,0.01895928382873535,0.0007863044738769531
55.jpg,1100100110100110001111001001010011010101001111011001101000110011101001101111000101001101001101101001100110010010101001110100110101001000100001011001011011111011011001010010111111001010001001010110001110100010111111000100110010100001001101001100111010011000,0000100000110011010110110000111010111010110000100000111010011010000011011010100011000100110011100111000001000010010110110100101111011001011100100110011100111100001000100101001100010000111110101101100010000101111100000000101000011000000111111011011011110000110001100000111000001,False,False,False,False,142,0.022919654846191406,0.00812983512878418,0.013777494430541992,0.0009922981262207031
195.jpg,1111111000011110100000111110101101000000111110000101100000001111010000111111000010010011100101001101100111010000010011010001111001101101110010011010100110111110101011011000100110101101111010010100110110100001010011001001110001100010110110111011000001010000,011100110010000100011111010001110110100000111010101010011100101011100011011110010101101000010000111100100010011010101010000101001010101101110100001100000000010010001001011111111111011101000100101010110001100000011001010101010100,False,False,False,False,116,0.03868889808654785,0.01909017562866211,0.018215656280517578,0.0013670921325683594
45.jpg,1100110110010101110100111100010011100010001100001011010011101110011101011011101100011000101011100000110100100100000010110100010111000111000110000111001001000110111111001001101110111000110001101110110000110001000001110010110000001111011111010000101111011011,1000110110100111110110011101101110101110011100011010010101101101011101110011100101011001000111110001100100001100000110001100000000010000100100000111000001100110110111001011000110110101101001001100010100110001110001110000111010001111011011110000101111011011,False,False,True,True,70,0.029514312744140625,0.013135194778442383,0.015630006790161133,0.0007321834564208984
7.jpg,1110001000000000111111110100110000001111111111111100000011111111001111000001001111000111000000000111100111101111000011100010001111110011000011000001110011000111110001000110000000111110000110001000010111001111111110000111000000001111001110111111000000110001,01001010010001011010010101100100010110101011001101101000010101010110001011001010110101011001100011011010111010100011101110010011010101001110110100001011001101101111100011101001000000110010000111111011100111010000101000101001010101010111011111,True,False,True,False,113,0.034105777740478516,0.01692342758178711,0.016318082809448242,0.0008475780487060547
58.jpg,1011111100101010111100001100011100000000100001000011111100101111111010001110010100001110001110001111101011100001110001111010100000001110011111011101001011010000000011001101100101111001010001001001001010001110101101011111001110110000010101100100011010110110,110101110101000101011011010010001110101110111010010010101001001011010001010001100011011100100010100000000000010110100000000010100110110011010010111001010001000101010000001101101011100010010111000010100110110000111100100011111110,True,False,False,False,126,0.020050048828125,0.005768775939941406,0.012946844100952148,0.0013189315795898438
96.jpg,1101100101011010100100000101101100100110101001011000011110000100110111010101101011001100011100011011000111001011110100001110101001101110101001010010001110000101110101010111001001101110011100110010010101011001011110101100101011011010001011000010110100001100,1101100101011010100100000101111100100110101001011000011110000100110111010101101011001100011100011001000111001011110100001110101001100110101001010000001100000101010101110110101001100110011100110011111101011001010100100100111001101010001011000010110100000100,True,True,False,False,21,0.03788566589355469,0.01939249038696289,0.017696857452392578,0.0007803440093994141
77.jpg,1001000110000001110001101101010100000010110101100001000110100011011001100011001111111110000001001110100111001000010011000100100110110010001001101111001010110111101001011011000100111000101011010111100001011100101011100011011101101111101010010110101111001110,1001010110000001110001101101010100000000110101100001000110100011011001100011001111111110000001001110100111001000010011000100100110010010001101101111001010100111101101011011100100101100101011010111100001011101101010100001011101101111101010010110101111001110,True,True,True,True,12,0.035642385482788086,0.017641305923461914,0.01764225959777832,0.0003383159637451172
186.jpg,1001010010101010110101001010101101101010010101000100101001011110111101001010100110101101000100100011001001111001110101011010101010101001011011010111101010010100100011010101011100110001001010011000111010010110000010010110101111010110101010011100100101100110,001110110010011010101010100110100100011011100000110100101011110000011001000110110101001100011000110111111110010011101111001001111011000001010000011010110111110001100001111000101100100111101100010100011011011011010001100010010100,False,False,False,False,121,0.04760384559631348,0.02307724952697754,0.02247905731201172,0.001344919204711914
12.jpg,1101010011001100111011111011001011001011010101101000001010001101001101111010011100101111010110111110111101010110010111111010110010010000011010011111000000000010100001001001100110011000111000010011010111000110101001000011100100101000011001011001101100100110,1101010011001100111011111011001011101011010101001000101010000101000101111010011100101111011010100110011101010110010111001010010010010000001100011111001010000000101001001001100111011000011000111011100101000110101001101011100100101100001001011101101001100111,True,False,True,True,35,0.04033851623535156,0.02235889434814453,0.017301559448242188,0.0006616115570068359
29.jpg,1001000100011001110011101100011010001100011110010111000111000010010000110001111011001100011110010000101110000011011000100011000100001000110101001100101111011100000001000110001101111111111000010001001100011111000001111011011101011100111011001110111111001111,1011000010011001110011110110011010001100011110000110000111001000000110110011011111001100111110010000011111001110010100100011000100001100110101001100101111011100000001000010001111011011011000001110010010011011100001111011111001011000011011001110111110000110,True,True,True,False,49,0.03684234619140625,0.01822352409362793,0.01802849769592285,0.0005729198455810547
178.jpg,1100100001001011000110000111111010010010001101101111101001001001001000111000110011111011001101101001110101100011010100101010010100001111010000111000010110011001110010101000110110100101000111100100001010111111000000011011111100110001101110111000100011101011,110010000100101100011000010111101001001010010110111010100100100100110100100011001110101100110110100111110010001100010110101001010000111010001101100000011000101111000100001010111111011000011011111100110001111100111000101111101001,True,True,False,True,48,0.035624027252197266,0.017067670822143555,0.017700910568237305,0.0008392333984375
19.jpg,1000111010001101111001010011010111010011011100101010100110110101011100101101110100000010001010000010010111110011010111101001100101001001000011011101100101001010110100101001000110110111011101010010110100111011011011001000111111000011010010011001000000110100,1000111010001101111001010011010111010010011100101010100111110100011100101001111100000010001010000010010111110011010111101000110001001001000111011101100100101010110100101001000010110111011111010010110100111011011011101010011111000011010010011001000000110100,True,True,True,True,16,0.03682732582092285,0.0189511775970459,0.017474889755249023,0.0003845691680908203
197.jpg,1010110101011011100010011101000010000100101111011110110000101001110000011000110011010110111111111100000010000100000100101001111011000010011110011001011011100000100101001110100000000100111001001101011111100011011100111110011010000101111001101111001111001010,1111111110101011010100111000000010000100010110001110110000101101110010111110110010001111100010111000010101001101000100010110111011000110011110011011001011100000100011101110100000000100111000101110001111000011011100111110011011000101111001101111000111001010,True,False,True,True,59,0.03707742691040039,0.018851041793823242,0.017641067504882812,0.0005671977996826172
52.jpg,1000111000001100011100011101001110111100101100110011111101101100010000110000111110111000111100110110001100001100100101100100110010011001110000110110110110111100100100100110110000111000100010111100110110000011100110100110010000110011000110010110100110001111,100011100000100101110001110000101011110100110110001111001110001101100111000111011000100001110010011110010000011011101110000110001001000011100101011010111101101011010110011110010001000110001000011100000111000111010110101000001001,True,True,False,False,75,0.03684830665588379,0.017924070358276367,0.017671823501586914,0.0012357234954833984
107.jpg,1011101010100111111111010101000101000111011110000000101011101001011001001010111101110011001100001001000101100110100001001011101011000111101101010010111001000101110011100100110100110011001101111001000110011011110010100110010101101100111001000001000100110000,101010110110011011000011010011000001011011100000011101001010000110000110010111001110000110110111111111010000000100010001101011101110011001100110101000100100101100010101001001010111101001110011101011011111110011101001100000000000110000000101111100000,False,False,False,False,114,0.03619885444641113,0.017316818237304688,0.017647743225097656,0.0012173652648925781
169.jpg,1100001100100101000111110101000101000010111001010110110010110001000001011100001011100000001110110011011011100100110000100001010010101011111100111110110100011010001011001100010100000010111111000101111101000110101000011111110000011100100111110110111101101101,11000110011001000001111101100001010000111100010101111001100011000000101000000011100101011100100001110111001011001100101110000100100010010111001111101111110100100011010001011101101010100000010011111000101100101000110101100011110110000011100100110110110111001101101,False,True,True,True,97,0.03702712059020996,0.018854618072509766,0.017646074295043945,0.0005095005035400391
101.jpg,1110110100110001100010110101101010010110110011001011010000101101000111001101001011100000001001110111011000110001110000111011010011110011001011101001010110001101110010100111000010110101100100000011000011100110101011100001111101101001110001110000101011001110,1000000000000100101110010100001101110010001001100000111111011001000111001101001011100000100001110011011000110000110010111000010010111011011011101001010110001101010010100111001110110100100100000011000011101110110011100001111101101000110001110000101111000100,False,True,True,True,56,0.03595328330993652,0.017604351043701172,0.017625093460083008,0.0007064342498779297
158.jpg,1101101110100000110101011110100010010000010101111011100000011111011110101010101101100011101000000000100110111000001111010101010010111101010000011110001101010000111010101011001111011000100010110111100110101100000100100001110001001110010111110010010111110001,10110111100111000100100000101010001010011010010001000101010011111000010110111010010111100010010010011000001110010110110001100001000111101010010000010000001100011100001001000010100101110111001001010010000011100100000001100000001010101001000010101001000000100010010,False,False,False,False,134,0.025966405868530273,0.010202407836914062,0.014670133590698242,0.0010776519775390625
173.jpg,1101010111111011000101101110010111000001101011100110010010001110010000100101000000111101000110101110100100000100001000010111111100101011110010111110011111100001110010110101010000000111111100111010010101010001010100011011101100111110100001010101000010100101,10011111000110110011110000100101110000011010110011000000100011100000011010000000111000000111101000110111110111100000100001101110111111000101010110010011110010111100101110010010111110000000011111100111010010101010001010110111011101100011110100001010101000010100100,False,True,True,True,104,0.03908896446228027,0.020689725875854492,0.017802953720092773,0.0005788803100585938
185.jpg,1000000001111111111111001110011110111101000000000001011111100000011000101111010111000001000111111011110100011000101100100110100011000110111001000011010010010110011010011111001100001101011000011001000100101111001100101110000001001110100111011100100111011010,1000000001111111111111010101111110111101100000000001011111100000011000101111010101000001000111111011110100001010101100100110100111000110111001000001010010011110011010011101001100001111010000001001000100111110001100101110000001101011011101111100101111010010,True,True,True,False,28,0.03505563735961914,0.016644954681396484,0.01765918731689453,0.0007343292236328125
21.jpg,1000011101010111010110010011110001110110011110010001101010001000001111101000001111100101101001111101000001111010001101100101100010001101100001011000101101110111011101101100101000100101100110100100001011010010110010100011000110110111001011010100110010011010,1000011101010111010110010011110001001100011110001001101010001000001101101000001111100101101001101101100001111000100111100111100000101101110001010010100111010111011101100100100000110111101110010100100011000010110010001001010110110111001011010111011011011000,True,True,True,True,42,0.03847050666809082,0.018737316131591797,0.019364595413208008,0.0003516674041748047
