Image Name,Computed Full Hash,Extracted Full Hash,WM Present (Top Left),WM Present (Top Right),WM Present (Bottom Left),WM Present (Bottom Right),Total Hamming Distance,E2E_time,Fingerprinting_time,wm_time,ECC_time
143.jpg,1101110000001100101111010010110111111111111100111100111000001100011100010001111001100100110010101000001100011101100101101111010000000011111110111101111111011000111110100111000011111100110010000000100011010111001010000001001000000000110101110010001000000011,1101110000001100101111010010110111111111111100111100111000001110011100010001111001100100110010101000001100011101100101101111010000000011111110111101111111011000111110100111000011111100110010000000100011010111001010000001001000000000110001110010001000000011,True,True,True,True,2,0.03727006912231445,0.01881718635559082,0.0180816650390625,0.00035572052001953125
66.jpg,1100111100110011100100110111100000110011010011000110000010001110110011001011001100101101001100010110101100110110110001111000011011000110111001001011011001110001001101101100100110011000110011000110001001000100011001101100100011100111100110111001110100111001,1100111100110011100100110111100000110011010011000110000011001110110011001011001100101101001100010110101100110110110001111000011011000110111001001011011001110001001101101100100110011000110011000110001001000100011001101101100011000111100110111001100100111001,True,True,True,True,4,0.035674095153808594,0.017292022705078125,0.018006563186645508,0.00035881996154785156
86.jpg,1011000101110010110011001110000000011111111100110101111111110010011001101111011111011011001100111001010001010010100110100011001111000000001100111100000101100100011000001001000111110011011000001111111011000000000110101111001000010100111110101000100010111000,1011000101110010110011001110000000011111111100110101111111110010011001101111011111011011001100111001010001010010100110100011001111000000001100111100000101100110011000001001000011110011011000001111111011000000000110101111001000010100111110101000100010111000,True,True,True,True,2,0.035935163497924805,0.01729893684387207,0.01824045181274414,0.0003790855407714844
157.jpg,1000010001000101111001010101001011100010001010011001000010000101111100100100101001111000101010010011111000100010001111110100011001111111110000011000111011110000000010111011110100111011110010110110000111110110001000101111111000110100111011110000011000100111,1000010001000101111001010101001011100010001010011001000010000101111100100100101001111000101010010011111000100010001111110100011001111111110000011000111011110000000010111011110100111011110010110110000111110110001000101111111000110100111011110000011000100111,True,True,True,True,0,0.03689265251159668,0.018774032592773438,0.017750024795532227,0.0003521442413330078
20.jpg,1000010111110001101101110101110000011010111011100111000111100010001010100001110101000111100100010110110100101110100010100000101000110010111000011000110100101011001100111110001111111101111000011001101100001010001110001001010000111100001111011011001000011011,1000010111110001101101110101110000011010111011100111000111100010001010100001110101000111100100010110110100101110100010100000101000110010111000011000110100101011001100111110001111111101111000011001101100001010001110001001010000111100001111011011001000011011,True,True,True,True,0,0.03821277618408203,0.019002914428710938,0.01885056495666504,0.00034356117248535156
130.jpg,1001001100010011001110000011101100010010101101110110110101101010010001101100000011101100011011101100011111000100111011010110101000010011100101011011100000111011011011000100111001000110110001010100011111000000000100111011000110111000011111111011100000011110,1001001100010011001110000011101100010010101101110110110101101010010001101100000011101100011011101100011111000100111011010110101000010011100101011011100000111011011011000100111001000110110001010100011111000000000100111011000110111000011111111011100000011110,True,True,True,True,0,0.034548282623291016,0.015916109085083008,0.018245458602905273,0.00036907196044921875
16.jpg,1110101101011010111000101010011111010000101000011001110101011100100010010111110110111011100000001011000001010101100000100011010111110111101010111001010101111010000101100101010011101000000001001111000111101011000001111100100011001010100010101011110100101010,1110101101011010111000101010011111010000101000011001110101011100100010010111110010111011100000001011000001010101100000100011010111110111101010111001010101111010000101100101010011101000000001001111000111101011000001111100100011001010100010101011110110101010,True,True,True,True,2,0.039086103439331055,0.020738601684570312,0.017911911010742188,0.0004191398620605469
26.jpg,1010010001100001000011010001000000110100011100010111000110010110110000110110110100010101001100100100111001100000111100011001101011101001110111100011110001101010100001011000101011111111101010001101000111001010001000111011111001011111000010111010111011110110,1010010001100001000011010001000000110100011100010111000110010110110000110110110100010101001100100100111001100000111100011001101011101001110111100011110001101010100001011000101011111111101010001101000111001010001000111011111001011111000010111010111011110110,True,True,True,True,0,0.03733491897583008,0.019438505172729492,0.017534255981445312,0.0003464221954345703
22.jpg,1110010111000111101101100001110000110000010110001000111101100011100111110011000111111000110011001101110001100110110011011100011011101000100011101111001100011100111100011001100011000001101110111110011000111001110000001001100010000000001111010000011000111001,1110010111000111101101100001110000110000010110001000111101100011100111110011000111111000110011001101110001100110110011011100011011101000100011101111001100011100111100011001100011000001101110111110011000111001110000001001100010000000001111010000011000111001,True,True,True,True,0,0.03400874137878418,0.016101837158203125,0.017548799514770508,0.00034236907958984375
37.jpg,1111100110111101100000011011001001111000011000100000011111011101100101001110010001000011100100100000001010001101011111011111100011001111000001111011100001110001010111011010001000001111001001100110011011001111100011111010110001100011000111001001100100000111,1111100110111101100000011011001001111000011000100000011111011101100101001110010001000011100100100000001000001101011111011111100011001111000001111011100001110001010111011010001000001111101001100110011011001111100011111010110001100011000111001001100100000111,True,True,True,True,2,0.03795957565307617,0.01933145523071289,0.018259286880493164,0.0003528594970703125
166.jpg,1100011100110001111101000000101101001000001011011000001111110000011100111111000000001111111100000011110000000011000110000111011101111000011011100000101111100110111110000100000001001000111001101110111101000110100101001010111111101011011111001101011010000101,1100011100110001111101000000101101001000001011011000001111110000011100111111000000001111111100000011110000000011000110000111011101111000011011100000101111100110111110000100000001001000111001101110111101000110100101001010111111101011011111001101011010000101,True,True,True,True,0,0.03947567939758301,0.021347761154174805,0.017612934112548828,0.0004935264587402344
32.jpg,1111111010110110001110110110101100001110111101100100010111111101110000001011101100110100001011100000110100000011111010100100000000010011011010001001011011101100010101010011101100001001000111101110001111010100000001101000010100111100101111100101010001101001,1111111010110110001110110110101100001110111101100100010111111101110000001011101100110100001011100000110100000011111010100100000000010011011010001001011011101100010101010011101100001001000111101110001111010100000001101000010100111100101111100101010001101001,True,True,True,True,0,0.043207645416259766,0.022664785385131836,0.02016925811767578,0.00035691261291503906
59.jpg,1111010100110110110010101100011010111101000100011001001101011001000111000011011100110000110100111110101100001100011001001111011001001011010010110100110000110000010110001000001101011010001111001111001111100011111100111000111000000110101110000001011001110011,1111010100110110110010101100011010111101000100011001001101011001000111000011011100110000110100111110101100001100011001001111011001001011010010110100110000110000010110001000001101011010001111001111001111100011111100111000111000000110101110000001011001110011,True,True,True,True,0,0.03496241569519043,0.016832590103149414,0.017752408981323242,0.0003612041473388672
85.jpg,1011001101000100101100001110111010010110001011010001101101110011111010010011101011110111001000110111100011110100011010011100111100111110000111011011000011000001001110010001100100110001101101001001110000000000100010011100110011011000110001101100011111001100,1011011101000100001110001110111010010110001011010001101001110011111010010011001011110111001000110111110011110100011010011100111100111110000111011011000011000001001110010001100100110001101101001001110000000000100010011100110011011000110001101100011111001100,False,True,True,True,6,0.04100799560546875,0.02162957191467285,0.018795490264892578,0.0005674362182617188
139.jpg,1110101010011100101101010100101010001101010111000011100011110011100001001100011000100101010110100001011110001001011000100101010111010010000001101011110110000000111101101111000011101011111110010101110011001001011010110000010011110001110001100010101001111110,1110101010011100101101010100101010001101010111000011100011110011100001001100011000100101010110100001011110001001011000100101010111010010000001101011110110000000111101101111000011101011111110010101110011001001011010110000010011110001110001100010101001111110,True,True,True,True,0,0.036652565002441406,0.018576622009277344,0.01766037940979004,0.0003993511199951172
181.jpg,1101011101111111110011011011001110001000000101010111000100101111100000001011011100110011011000001001011110110110110000000001110101011101111010000011000001110100011110010010111110000100000101100111000101100010001111101101000101101101101110010001101010000101,1101011101111111110011011011001110001000000101010111000100101111100000001011011100110011011000001001011110110110110000000001110101011101111010000011000001110100011110010010111110000100000101100111000101100010001111101101000101101101101110010001101010000101,True,True,True,True,0,0.03596758842468262,0.01791691780090332,0.017687082290649414,0.00034689903259277344
18.jpg,1000000111000011001010101101000110110000011101010101011000101110111101100001100011011111101010101001011000000111100001010110011110011011100101110111000110101001010010101010000101100110010111101101110000101000001010100001011100001111111110100111010010011001,1000000111000011001010101101000110110000011101010101011000101110111101100001100011011111101010101001011000000111100001010110011110011011100101110111000110101001010010101010000101100110010111101101110000101000001010100001011100001111111110100111010010011001,True,True,True,True,0,0.03766345977783203,0.018500089645385742,0.018805980682373047,0.00034165382385253906
80.jpg,1000010000010101101101010000000101010101011110000001010101011000111111111000101011001100011101010001101100001101010100000000010001100111111100010101110111111010100100010001110011101010110000110000110111111110100011101111010111010001110101010111001101110000,1000010000010101101101010000000101010101011110000001010101011010111111111000101011001100011101010001101100001101010100000000010001100111111100110001110111111010100100010001110011101010110000110000110111111110100011101111010111010001100101010111001101110000,True,True,True,True,4,0.0370173454284668,0.018960237503051758,0.017694711685180664,0.0003464221954345703
156.jpg,1111111000011010000000011010010100000000010111001111111101010000000001011011111111111010010111100110000010100000110110000011111100111011010000101110110000111101010010011111010010010111000100110110010010101101110000001111100010110111011000110110101100000101,1111111000011010000000011010010100000000010111001111111101010000000001011011111111111010010111100110000010100000110110000011111100111011010000101110110000111101010010011111010010010111000100110110010010101101110000001111100010110111011000110110101100000101,True,True,True,True,0,0.036898136138916016,0.01893448829650879,0.01759791374206543,0.0003495216369628906
4.jpg,1000000100110110100100000010111101001110101111110000000111110101101110011010100111011110000110101101110000011100100000111101010100000010001011010111101100111000110110011000101111001011100100010011000011000101001011010001101111001110001001100100100111111110,1000000100110110100100000010111101001110101111110000000111110101101110011010100111011110000110101101110000011100100000111101010100000010001011010111101100111000110110011000101111001011100100010011000011000101001011010001101111001110001001100100100111111110,True,True,True,True,0,0.03677511215209961,0.01885366439819336,0.017557621002197266,0.00034737586975097656
15.jpg,1000111000010110110110010001110001011000110011110111011001101001101100101000110111111100100011100100110011001110000011010111100000110100110011101100010011010001110011011011000100100001101100010010111100010110011011010011011100000011101101001001011010110100,1000111000010110110110010001110001011000110011110111011001101001101100101000110111111100100011100100110011001110000011010111100000110100110011101100010011010001110011011011000100100001101100010010111100010110011011010011011100000011101101001001011010110100,True,True,True,True,0,0.037448883056640625,0.01934671401977539,0.01773238182067871,0.0003540515899658203
135.jpg,1000011101100000001001000111101101101001010101100101000111100110101101111010101101111111100101000111100000011100011000010110101010010101110001110001111010000111110010000111100001100101110110011101111100100001001100101011110111001011000100000000100111001001,1000011101100000001001000111101101101001010101100101000111100110101101111010101101111111100101000111100000011100011000010110101010010101110001110001111010000111110010000111100001100101110110011101111100100001001100101011110111001011000100000000100111001001,True,True,True,True,0,0.036716461181640625,0.018643617630004883,0.017618179321289062,0.0004394054412841797
118.jpg,1111100101100011100010011100001011010110111110000011011000111101000101100000100001001000000110111000000100110110011111111110000010011110011111010110000010011001100111001001111101110010011000011000011111000110011111001011100010001111000010110110100101011010,1111100101100011100010011100001011010110111110000011011000111101000101100000100001001000000110111000000100110110011111111110000010011110011111010110000010011001100111001001111101110010011000011000011111000110011111001011100010001111000010110110100101011010,True,True,True,True,0,0.03981137275695801,0.020162343978881836,0.019284486770629883,0.0003483295440673828
8.jpg,1101100010000110100001011011111000001001000110001101111000110110111100100101110011100011011000011011101100110111100110100011110000111110010011101100100110001000111100000000110101100110110000100000111100111001000011100010110110000101110011001111100111001110,1101100110000110110001011011101000001001000110001101011000110110111100100101110011100011011000011011101100110111100110100011110000111110010011101100100110001000111100000000110101100110110000100000111100111001000011100010110110000101110011001111100111001110,False,True,True,True,4,0.03923797607421875,0.020862102508544922,0.01773357391357422,0.0006263256072998047
89.jpg,1100011100010001001110000110111010111000011011100100011110010001100110000110000001101010010000011011110010001110010000111010010110011010110011110011010011100010110110110000111001000111110110011010011110110100101110000101111001101011101011011011000101000110,1100011100010001001110000110111010111000011011100100011110010001100110000110000001101010010000011011110010001110010000111010010110011010110011110011010011100010110110110000111001000111110110011010011110110100101110001101110001101011101011011011000101000110,True,True,True,True,2,0.05348801612854004,0.029810428619384766,0.022469282150268555,0.0005555152893066406
34.jpg,1011010010100111100000001111100010010011011110000011110111111101010111111111110000100010110110101101110100000000110011000010010100110110000100001010001101011110000100010011111101000101101111111000011010010110001111100101100001100101101000000011001100001111,1011010010100111100000001111100010010011011110000011110111111101010111111111110000100010110110101101110100000000110011000010010100110110000100001010001101011110000100010011111101000101101111111000011010010110001111100101100001100101101000000011001100001111,True,True,True,True,0,0.03952217102050781,0.020069122314453125,0.019090890884399414,0.0003457069396972656
140.jpg,1100001111000011111001001001101010011000011110000110010001110011000001111100001110011010001110000110110000110010100000111100111011011111100111100110011011001111100110111000001111111011110000000011111010010011110110010010011100100100001100110001110000100100,1000001111000011111000001001101010001000111110000110010001110011000001111100001110011010001110000110110000110010100000111100111011011111100111100110011011001111100110111000001111111011110000000011111010010011110110010010011100100100001100110001110000100100,False,True,True,True,4,0.03633689880371094,0.018858909606933594,0.01691436767578125,0.0005478858947753906
70.jpg,1101001101010001100111011101110000100101110101101000101101110001010110100100110111100110101101100001010010100000110001011010100000111101011010100111001101011110100011001101010001100001100101010011011000101101100110011010001101100011101110100010110011001010,1101001101010001100111011101110000100101110101101000101101110001010110100100110111100110101101100001010010100000110001011010101000111101011010100111001101011110100011001101010001100001100101010011011000101101100110011010001101100011101110100010110011000010,True,True,True,True,2,0.038394927978515625,0.020357370376586914,0.017668485641479492,0.0003533363342285156
62.jpg,1000110011101100110111100111000111011010001100011010011001001001011110110101011000111001110011001001001100111001001110110011011000001100110011011100100110011001101101110000010001011001001000000110001111000100100110010110011101011100110000010110001111110011,1000110011101100110111100111000111011010001100011010011001001001011110110101011000111001110011001001001100111001001110110011011000001100110011011100100110011001101101111000010001011001001000000110001111000100100110010110001101011100110000010110001111110011,True,True,True,True,2,0.03599905967712402,0.017990589141845703,0.01764822006225586,0.00034356117248535156
138.jpg,1111111110111001101001100110010000011001100111111110011010000000100111111110010101011001100110011110001000100000000011011101100101110001011111001110001000111010000011011100000111110010100110101100001100100000001111011100011111110000000110010000111100100110,1111111110111001101001100110010000011001100111111110011010000000100111111110010101011001100110011110001000100000000011011101100101110001011111001110001000111010000011011100000111110010100110101100001100100000001111011100011111110000000110010000111100100110,True,True,True,True,0,0.030778169631958008,0.014568805694580078,0.015857458114624023,0.00033593177795410156
95.jpg,1001101100111001001011001001011001100100110101001001101101001101100110010001001110011011011010010110010011010110100110010111010110100100110111101001100100010001011101010110110001010001001101100111010101001110011001001001111010011011000010010110010011001110,1001101100111001001011001001011001100100110101001001101101001101100110010001001110011011011010010110010011010110100110010111000110100100110111101001100100010001111101010110110001010001001101100111010101001110011001001001111010011011000010010110010011001110,True,True,True,True,2,0.04113626480102539,0.021572113037109375,0.019199132919311523,0.00034809112548828125
179.jpg,1001011111100000101000101101000101100000110110111001111000001110011100111111000010011100110111111100111000001000111100010101011001000011100010011000000111000111011111000110000000110011001111111100110010010111001101100100100100100001101111001100110100011110,1001011111100000101000101101000101100000110110111001111000001110011100111111000010011100110111111100111000001000111100010101011001000011100010011000000111000111011111000110000000110011001111111100110010010111001101100100100100100001101111001100110100011110,True,True,True,True,0,0.035999298095703125,0.017902374267578125,0.017694950103759766,0.0003859996795654297
30.jpg,1010010110010010011001011010011011100011011110111001100000011010001111001001010001110000010001101100111001101110001110001111000001110111000100111000111100011011001111000100011110011001110011111100110010111100101011000111000010011000110000001110011100110001,1010010110010010011001011010011011100011011110111001100000011010001111001001010001110000010001101100111001101110001110001111000001110111000100111000111100011011001111000100011110011001110011111100110010111100101011000111000010011000110000001110011100110001,True,True,True,True,0,0.044139862060546875,0.023850202560424805,0.0196993350982666,0.0005748271942138672
117.jpg,1101011000101000110100101000011011010100101101011101011001011101110001011010010010010101101000011000100011101001001011011010111000001001101000111011110001001011101101010000101101110110100100111111111001001010101010010110110010110111101101000100001001011000,1101011000101000110100101000011011010100101101011101011001011101110001011010010010010101101000011000100011101001001011011010111000001001101000111011110001001011101101010100101101110110100100111011111001001010101010010110110010110111101101000100001001011000,True,True,True,True,2,0.03723764419555664,0.01922917366027832,0.01764965057373047,0.0003426074981689453
193.jpg,1110100101111010100110111000000110010110100001010110010000111110011010010111101010011111111000011100011110000101011110000001111000111000011110001100011110100001110000110001001010011110011100100010010010100101011010010000110110011010011010101110011111100001,1110100101111010100110111000000110010110100001010110010000111110011010010111101010010111111000011100011110000101011110000001111000111000011110001100011110100001110000110001011010011110011100100010010010100101011010010000110111011010011010101110011111000001,True,True,True,True,4,0.034590721130371094,0.01660943031311035,0.0176236629486084,0.00034117698669433594
61.jpg,1100110001110011110100011000010001001100111100110011010101100111001110001000110110100010111001110110010110011101011000001100011011100101100101011011110001001111001110010100010000011111000100100011111111100111000011010001110000001110010010110101000101101010,1100110001110011110100011000010001001100111100110011010101100111001110001000110110100010111001110110010110011101011000001100011011100101100101011011110001001111001110010100010000011111000100100011111111100111000011010001110000001110010010010101000101101110,True,True,True,True,2,0.03574824333190918,0.017406702041625977,0.01786637306213379,0.0004591941833496094
159.jpg,1111101001111110110001101010111110100100100000011011000101000010100001011100111110001111011111001110100110110110001001001101100110110110011010110110100100110000010110111110000010011011001011001010011010010001100001101001000101000110000100101101011000101011,1111101001111110110001101010111110100100100000011011000101000010100001011100111110001111011111001110100110110110001001001101100110110110011010110110100100110000010110111110000010011011001011001010011010010001100001101001000101000110000100101101011000101011,True,True,True,True,0,0.03882336616516113,0.020740509033203125,0.01771712303161621,0.0003495216369628906
82.jpg,1101001100010000111001010110111011001110110001010001000101110011001010111000110010000101010000111101010010000101111010110001111000110101010110101001000011100100100011110010101100110011110111000100110100100111011110100101000110110001011110001010111110010110,1101001100010000111001010110111011001110110001010001000101110011001011111000110010000101010000111101010010000101111010110001111000110101010110101001000011100100100011110010101100110011110111000100110100100111011110100101000110110001011110001010011110010110,True,True,True,True,2,0.03885316848754883,0.020778417587280273,0.0177156925201416,0.0003421306610107422
187.jpg,1110011011101100010001000010100010011001010100110011100111010110110110000011000010010001101010111100011111011010000110100001010011010010111001110100100101101000011010100101001000100111100101110110110001111100010011011100100010110011100010111011111000111011,1110011011101100010001000010100010011001010100110011100111010110110110000011000010010001101010111100011111011010000110100001010011010010111001110100100101101000011010100101001000100111100101110110110001111100010011011100100010110011100010111011111000111011,True,True,True,True,0,0.037230730056762695,0.01898336410522461,0.01774430274963379,0.00048661231994628906
119.jpg,1101010010011100101010001111001000010001010110100011011111011110110010111010001011011010110010111111001110101111100000010100100101100101110001001100010100101010110111100100001100110001000011010111101011001011000100111011010011101000011100010010110011000010,1101010010011100101010001111001000010001010110100011011111011110110010111010001011011010110010111111001110101111100000010100100101100101110001001100010100101010110111100100001100110001000011010111101011001011000100111011010011101000011100010010110011000010,True,True,True,True,0,0.03290367126464844,0.016087770462036133,0.01645350456237793,0.0003466606140136719
188.jpg,1101011101100110100111011001100100100110011001100101001100110010110011001100100100110010001101100111110110011000110100000110011100101111001100110101000010011000101000110110001101111100100111110100001011011000101011110010011001010000110100111000111001101100,1101011101100110100111011001100100100110011001100101001100110010110011001100100100110010001101100011110110011000110100100110011100101111001100110101000010011000101000110110001101111100100111110100001011011000101011110010011001010000110100111000111001101100,True,True,True,True,2,0.03731417655944824,0.017851591110229492,0.019034147262573242,0.0004127025604248047
108.jpg,1100000000010111111010000010011100101110001101110001111100111011010101101111100011010011110011001101110110001101010101011110001011100101111000001100000011111000001101000110001100011100011000111011010001100000000011111110000000101100010100110001111111100011,1100000000010111111010000010011100101110001101110001111100111011010101101111100011010011110011001101110110001101010101011110001011100101111000001100000011111000001101000110001100011100011000111011010001100000000011111110000000101100010100110001111111100011,True,True,True,True,0,0.040135860443115234,0.020912647247314453,0.0187838077545166,0.00042366981506347656
39.jpg,1101000011000111111100011001100000001100001011100111110001100010011101000010111001110110010000111110000110000000010011111100101111001101100010010110010110000000101101100100001101111100001011101101110001100011001011000111111011110001100110110110100011100111,1101000011000111111100011001100000001100001011100111110001100010011101000010111001110110010000111110000110000000010011111100101111001101100010010110010110000000101101100101001101111100001011101100110001100011001011000111111011110001100110110110100011100111,True,True,True,True,2,0.03712797164916992,0.017441749572753906,0.01929450035095215,0.0003731250762939453
27.jpg,1000011001001001100101010011011011100101100011011100101101010011111011111111010001101100100110000011011011100001110001001000101011011001001011010010101001101010000101000001110011010001011101011111011011000001001011011111101101010011001001001100010000010111,1000011001001001100101010011011011100101100011011100101101010011111011111111010001101100100110000011011011100001110001001000101011011001001011010010101001101010000101000001110011010001011101011111011011000001001011011111101101010011001001001100010000010111,True,True,True,True,0,0.04017758369445801,0.021700382232666016,0.018081188201904297,0.0003788471221923828
36.jpg,1111100001101010110011011101100111000111101101010011101001110011110001001101101101101011001101001001111010001001110001000011000000110011101001011100110010010001010110100011011010110110010010011000100010011001010110100100011011000010110000111001110010110101,1111100001101010110011011101100111000111101101010011101001110011110001001101101101101011001101001001111010001001110001000011000000110011101001011100110010010001010110100011011010110110010010011000100010011001010110100100011011000010110000111001110010110101,True,True,True,True,0,0.03814864158630371,0.01947307586669922,0.018164634704589844,0.0004932880401611328
146.jpg,1100010101001100100011010100011001101100010001111100111001011011111011101101010011001110110101101100110100111011110101010011000011110101001110001010010110001000110000001000101001001010101011100101001010001110100110100000111110001011001010111000111100101001,1100010101001100100011010100011001101100010001111100110001011011111011101101010011001110110101101100110100111011110101010011000011110101001110001010010110001000110000001000101001001010101011100101001010001110100110100000111110001011001010111001111100101001,True,True,True,True,2,0.04195237159729004,0.02302384376525879,0.01844477653503418,0.00046515464782714844
56.jpg,1101010000110111101001011001000100000100110010000001101001111010010010000111111111000100100101010001100111100000101100111101010011100110101111010101101101001011111100011000011110001101001100100011111000011100011100100000110111001001110000111001110110110110,1101010000110111101001011001000100000100110010000001101001111010010010000111111111000100100101010001100111100000101100111101010011100110101111010101101101001011111100011000011110001101001100100011111000011100011100100000110111001001110000111001110110110110,True,True,True,True,0,0.03764963150024414,0.018747806549072266,0.018430233001708984,0.00045371055603027344
147.jpg,1001101100110001100110111001100100101111010101011000011000111110001111110101101011000111001011010011101000001011111010001100001110010101101001000010000110111100001011001010010001111110010000101010001000111011011110101101100001011101000101000101010100101101,1001101100110001100110111001100100101111010101011000111000111110001111110101101011000111001011010011101000001011011010001100001110010101101001000010000110111100001011001010010001111110010000101010001000111011011110101101100001011101000101000101010100101101,True,True,True,True,2,0.03800010681152344,0.01980137825012207,0.017824172973632812,0.0003578662872314453
64.jpg,1001000111001100100100011000111100111001000111100111111100010001100001100011000111001110011110000100111001110001110011100110001011001110110000010011100011011010011100011100011110110001110001000011000110000011001100011000110111111001111100011000111011110100,1001000111001100100100011000111100111001000111100111111100010001100001100011000111001110011110000100111001110001110011100110001011001110110000010011100011011010011100011100011110110001110001000011000110000011001100011000110111111001111100011000111011110100,True,True,True,True,0,0.042591094970703125,0.02370738983154297,0.018501996994018555,0.0003654956817626953
155.jpg,1001110000100111111110000000011110010011111110110011011011001000001100001100011111000111000011000011110010011100001100111101000010011000001101101100110100110111100110001110101010000111100111100111100111100000011010110011100000100101110011010011001011010001,1001110000100111111110000000011110010011111110110011011011001000001100001100011111000111000011000011110010011100001100111101000010011000001101101100110100110111100110001110101010000111100111100111100111100000011010110011100000100101110011010011001011010001,True,True,True,True,0,0.03580164909362793,0.017659664154052734,0.0177154541015625,0.0004107952117919922
31.jpg,1001000101010101010000100001001100101011100011100001110001100011001101100111001110000011010111100001011010001010011110001101000011001000011011011010011101111111011001110001111110011100011000111110011111000110010101111010100001110000100101001110011100100110,1001000101010101010000100001001100101011100011100001110001100011001101100111001110000011010111100001011010001010011110001101000011001000011011011010011101111111011001110000111110011100011000111110011111000110010101111010100001110000100111001110011100100110,True,True,True,True,2,0.04337644577026367,0.024806499481201172,0.018054723739624023,0.000499725341796875
14.jpg,1101011101001111001000001110110011100011111100000011011000001101100000001111101001101111101001111101100000001110001111011100110111110000000011010011001011111110001101001110010110000011001000011111101110000100110010001000001101011000010111100111001010101000,1101011101001111001000001110110011100011111100000011011000001101100000001111101001101111101001111101100000001110001111011100110111110000000011010011001011111110001101001110010110000011001000011111101110000100110010001000001101011000010111100111001010101000,True,True,True,True,0,0.03833961486816406,0.020266294479370117,0.01771378517150879,0.0003440380096435547
91.jpg,1111011011110010100110011011110100000001100100011010011001101001011010111000000101000110111011010110101010110110010010001101000101111101001100100111011001011110110111010110000001010010000111010010011001100101010111101010001111101101000001000001101010110100,1111011011110010100110011011110100000001100100011010011001101001011010111000000101000110111011000110101010110110010010001101000101111101001101100111011001011110110111010110000001010010000111010010011001100101010111101010001111101101000001000001101010110100,True,True,True,True,2,0.039533376693725586,0.02028059959411621,0.018879175186157227,0.0003566741943359375
142.jpg,1000011110110000000111001111000111011110011000000010100100101000100100011110011110101001011001000010110110011101111000110110111010110010111100011100001101101100101001110010011110010110100000001100100001110010110011001011001101100111101001110001001101011011,1000011110110000000111001111000111011110011000000010100100101100100100011110011110101001011001000010110110011101111000110110111010110010111100011100000101101100101001110010011110010110100000001100100001110010110011001001001101100111101001110011001101011011,True,True,True,True,4,0.033289194107055664,0.015865564346313477,0.017061948776245117,0.00034499168395996094
170.jpg,1100000100110010010010100010001001001100100000000110110000001100011101110000101001110100100111001001010011011101100001101101100100100011110100111110001100110011111110000011100011001001101111001001101110101110000110111110111010001111111011001000111111101100,1100000100110110010010100010001001001100100000000110110000001100011101110000101001110100100111001001010011011101100001101101100100100011110100011110001100110011111110000011100011001001101111001001101110101110000110111110111010001111111011001000111111101100,True,True,True,True,2,0.034407854080200195,0.016355276107788086,0.017688751220703125,0.000347137451171875
189.jpg,1000001110101100101000111111000001000011011000001101100011100111001011000001111101011001011110111110000100010100001000111110111010010110111010000011010001111011011010010001101110001111100101101011001001110100010001001110010101001101111100010011101000101010,1000001110101100101000111111000001000011011000001101100011100111001011000001111101011001011110111110000100010100001000111110111010010110111010000011010001111011011010010001101110001111100101101011001001110100010001001110010101001101111100010011101000101010,True,True,True,True,0,0.05492091178894043,0.031419992446899414,0.022491455078125,0.0003693103790283203
134.jpg,1000001010111011001011011011011001111100010001011001011000111000100000011011001001011111010011110011111010110100101000000111000011011000010010110110011111111110010110111011000000101000010010011001011000100110110010111111100101010100110001000011001100100111,1000001010111011001011011010011001111100010001011001011000110000100000011011001001011111010011110011111010110100101000000111000011011000010010110110011111111110010110111011000000101100010010111001011000100110110010111111100101010100110001000011001100100111,True,True,True,True,4,0.034409523010253906,0.017525434494018555,0.016484737396240234,0.0003833770751953125
46.jpg,1100110001110111010000111000101101110100110011001001001100110001001011110001001101011000011001101111001100101110001011100101110001010000011100101110000111100010101001111000111111001000001111000001001011110001100111110000111101101010001011100001111010010100,1100110001110111010000111000101101110100110011001001001100110001001011110001001101011000011001101111001100101110001011100101110001010000011100101110000111100010101001111000111111001000001111000001001011110001100111110000111101101010001011100001111010010100,True,True,True,True,0,0.0380551815032959,0.019583463668823242,0.018100261688232422,0.00035572052001953125
102.jpg,1001000110100100110100101010000011100100011010111111100110100010011110110100101010001110010010101001110110010110011001110000000010001101110010011001100111101010011001100111001010101100011110101001100100111100010101101101010001101000110011111001101100110101,1001000110100100110100101010000011100100011010111111100110100010011110110100101010001110010010101001110110010110011001110000000010001101110010011001100111101010011001100111001010101100011110101001100100111100010101101101010001101000110011111001101100110101,True,True,True,True,0,0.029165267944335938,0.013720035552978516,0.015108346939086914,0.0003223419189453125
151.jpg,1000001100110011100110010011011001101000000110000111000001000111001110110000010010001111110000110100011111101000011100111011100000111000110000111000110011111100000011110011111011101101100011111111000111110001111111100111110000001100000011000111011001100000,1000001100110011100110010011011001101000000110000111000001000111001110110000010010001111110000110100011111101000011100111011100000111000110000111000110011111100000011110011111011101101100011111111000111110001111111100111110000001100000011000111011001100000,True,True,True,True,0,0.03692936897277832,0.018722057342529297,0.01783442497253418,0.0003571510314941406
13.jpg,1000110101011001101000101011010001011011000011100111110011010111001101110011101010101100110101011000100110011010110100100110011101100101110100001011100100110011100111101100111000010101001100000110001001000110011000111010101110010100100111000001110100100110,1000110101011001101000101011010001011011000011100111110011010111001101110011101010101100110101011000100110011010110100100110011101100101110110001011100100110011100111101100110000010101001100000110001001000110011000111010101110010100100111000001110100100110,True,True,True,True,2,0.04140138626098633,0.021732091903686523,0.019224166870117188,0.0004284381866455078
6.jpg,1110100100010000100101000101111010010001111110100101111001010010100100001101011000001000010101010100010101000101001111000111011111111001000011110101010101101000010011111110011010110110010001110011110111101101000011001110000010001100100111111101010111100000,1110100100010000100101000101111010010001111110100101111001010010100100001101011000001000010101010100010101000101001111100111011111111001000011110100010101101000010011111110011010110110010001110011110111101101000011001110000010001100100111111101010111100000,True,True,True,True,2,0.0488886833190918,0.021239519119262695,0.0269320011138916,0.0007002353668212891
83.jpg,1111111011001101110100001000000110110001001100111010011100110110100011011100001000101001010110100001101000011010110100100110101111010101101000100101110111101001000101101000011011011110110010011110011100111101110010000011011001000011000000000011110111110001,1111111011001101110100001000000110110001001100111010011100110110100011011100001000101001010110100001101000011010110100100110101111010101101000100101110111101001000101101000011011011110110010011110011100111101110010000011011001000011000000000011110111110001,True,True,True,True,0,0.045191287994384766,0.024698734283447266,0.020123004913330078,0.0003533363342285156
88.jpg,1010001001011001101101100100110011010000101101001000011100000111111000110001001101011101001101101001000011000010000000110111101111111101001001010001000110110010001010110000111111011001011100100111010000001111100010111111000001101100000011111001111111110011,1010001001011001101101100100110011110000101101001000011100000111111000110001001101011101001101101001000011000010000000110111100111111101001001010001000110110010001010110000111111011001011100100111010000001111100010111111000001101100000011111001111111110011,True,True,True,True,2,0.038475990295410156,0.01915907859802246,0.018960952758789062,0.0003390312194824219
154.jpg,1000001100110011100110011011011001101000000110000111000001000111001110110000010010001111110000110100011111101000011100111011100000111000110000111000110011111100000011110011111011101101100011111111000111110001110111100111110000001100000011000111011001100000,1000001100110011100110011011011001101000000110000111000001000111001110110000010010001111110000110100011111101000011100111011100000111000110000111000110011111100000011110011111011101101100011111111000111110001110111100111110000001100000011000111011001100000,True,True,True,True,0,0.03683114051818848,0.018785715103149414,0.017680644989013672,0.0003483295440673828
3.jpg,1000110011101010100011101111011111100010000000010111001010010001011000000100100110001100101001101000111001111001110000110011101111100011010011110101100111111100100111011000001011110100011000110011011100011000000011101001010001100000110011001001011111110111,1000110011101010100011101111011111100010000000010111001010010001011000000100100110001100101001101000111001111001110000110011100111100011110011110101100111111100100111011000001011110100011000110011011100011000000011101001010001100000110011001001011111110111,True,True,True,True,2,0.03593873977661133,0.017787933349609375,0.017791748046875,0.00034308433532714844
73.jpg,1100110011100011011001100110001000110011000110011001100110011100011001100110001111001100011100111000110011001110011001100110100101110011001001101001100110011110111001001001100111000110011000101000110011001001001001100100111101010011001100101001110110110011,1100110011100011011001100100001000110011000110011001100110011100011001100110001111001100011100111000110011001110011001100110100101110011001001101001100110011110111001001001100111000110011000101000110011001001001001100100111111010011001100101001110110110011,True,True,True,True,2,0.0361478328704834,0.018032073974609375,0.017704010009765625,0.00039577484130859375
49.jpg,1101000001010101110011110001011110000111000001101011010010101000000101000111101101100110111001110000111100010111101110000101100000000101111001101110001101101001000110001001000110111111001001100110001100001110100110011001001100111100011110011110011111100100,1101000001010101110011110001011110000111000001101011010010101000000101000111101101100110111001110000111100010111101110000101100000000101111001101110001101101001000110001001000110111111011001100110001100001110100110011001001100111100011110010110011111100100,True,True,True,True,2,0.034229278564453125,0.01616215705871582,0.017706632614135742,0.0003445148468017578
191.jpg,1101110101110000110111010010010011001101101010001000011100000011100111111101010101000010100011110101111100000010011000111101101011000110011011100010100100010110101001011100010100100001111001010110000111100000011111001111111001111000001001110100100101011010,1101110101110000110111010010010011001101101010001000011100000011100111111101010101000010100011110101111100000010011000111101101011000110011011100010100100010100101001011100010100100001111001010110000111100000011111001111111001111000001001110100100111011010,True,True,True,True,2,0.03845548629760742,0.020442724227905273,0.01765131950378418,0.0003445148468017578
110.jpg,1010101010101000110010010100101010011101010100011101011010010101100101001110100001110001100110110110100101100101100110010100110110010010101011010110110110010011100100101100010011011010110110111011110000110110111001101100001011110000100110101100001001100001,1010101010101000110010010100101010011101010100011101011010010101100101001110100001110001100110110110100101100101100110010100110110010010101011010110110110010011100100101100010011011010110110111011110000110110111001101100001011110000100110101100001001100001,True,True,True,True,0,0.03702425956726074,0.019292116165161133,0.017303943634033203,0.0004119873046875
74.jpg,1000000100000010011110101111110111000000100101100001101101111011110101001100111100101100001101011101101101001010000001011100101110111010001101010001101011001010110001010110100100110011100101101100101011001100011101010011001111000110110111010010100010000110,1000000100000010011110101111110111000000100101100001001101111011110101001100111100101100001101001101101101001110000001011101101110111010001101010001101011001010110001010110100100110011100101111100101011001000011101010011001111000110110111010010100010000110,True,True,True,True,6,0.037973880767822266,0.0186154842376709,0.01899266242980957,0.0003490447998046875
17.jpg,1001010100101101110010011100110010010001001100111010100100110100011011011000001001001011110010010100110001001101010001010110111001110010100110011001000010010111100100111101001010111111101000011001100110110110110011011100110001001100100110110101110011100101,1001010100101101110010011100110010010001001100111010100100110100011011011000001001001011110010010100110001001101010001010110111001110010100110011001000010010111100100111101001010111111101000011001100110110110110011011100110001001100100110110101110011100101,True,True,True,True,0,0.03604841232299805,0.01886153221130371,0.016829729080200195,0.00034046173095703125
9.jpg,1000011101010000010001101100110110010011000001011111110100110110011011001011010000001010110000110001001011001010111001010000111011111001101100011011011001111100010010001110101100010011001000111010110110011100111001110001111010100100011110011001101000110011,1000011101010000010001101100110110010011000001011111110100110110011011001011010000001010110000110001001011001010111001010000111011111001101100011011011001111100010010001110101100010011001000111010110110011100111001110001111010100100011110011001101000110011,True,True,True,True,0,0.03900408744812012,0.020405054092407227,0.01823592185974121,0.00034737586975097656
112.jpg,1001000000100110101110000000011011111000000111010101111110011101001111001000111010110000110101001100100101010101100111010100011110011001001011110100111000101111010001101000111111001101110110111100111111110010000001001110000000101000111000011110000011010001,1001000000100110101110000000011011111000000111010101111110011101001111001000111010110000110101001100100101010101100111010100011110011001001011110100111000101111010001101000111111001101110110111100111111110010000001001110000000101000111000011110000011010001,True,True,True,True,0,0.03477740287780762,0.017434358596801758,0.01691269874572754,0.0004143714904785156
33.jpg,1111011110001010110000100001110100011001011101011110000110011110111000001001111100110110011110010100101010100110100111010010011100000111111010110110011111011001000000001000010001001101011010101011100000001111100111110100000101101110100000100001011111010100,1111011110001010110000100001110100011001011101011110000110011110111000001001111000110110011110010100101010100110100111010011011100000111111010110110011111011001000000001000010001001101011010101011100000001111100111110100000101101110100000100001011111010100,True,True,True,True,2,0.03723764419555664,0.019152402877807617,0.01771831512451172,0.00035119056701660156
194.jpg,1111110000100110000010111110000100000011100111001111011000111111111111000110001001110001110011000000011110011011000110000011110011101100011101001110001110000111110011100100100000111001100110000001100111100111001001110001111010011000111000010011011001001100,1111110000100110000010111110000100000011100111001111011000111111111111000110001001110001110011000000011110011011000110000011100011101100011101001110001110000111110011100100100000111011100110000001100111100111001001110001111010011000111000010011011001001100,True,True,True,True,2,0.03504776954650879,0.017725229263305664,0.01696157455444336,0.0003440380096435547
160.jpg,1001010101000001100101010100100010000100010100111110110111010110001010101111010111001010101101001011010010111001110010101010111010100100010110111001101100101010011100001101100011000111010100100111001010101100110110011001001001000101011011101001101010111100,1001010101000001100101010100100010000100010100111110110111010110001010101111010111001010101101001011010010111001110010101010111010100100010110111001101100101010011100001101100011000111010100100111001010101100110110011001001001000101011011101001101010111100,True,True,True,True,0,0.03492999076843262,0.018320798873901367,0.016251802444458008,0.00034165382385253906
71.jpg,1000000111000101100001100101110010001101111000101001101000111100110001111110110111001011011111010111000010101101001100000110010100111010100101000101101100100111110110100001000001111011110100110000101001100010110110000101000010011011010110011100111001101110,1000000111000111100001100101110010001101111000101001101000111100110001111110110111001011011111010111000010101101001100000110010100111010100101000101101100100111110110100001000001111011110000110000101001100010110110000101000010011011010110011100111001101110,True,True,True,True,2,0.033368825912475586,0.016389846801757812,0.016617774963378906,0.0003437995910644531
150.jpg,1101001000010010110101010100010100100111001111100010110101000111001010100101100000001011111011111101001010010101110101011010011011100100101010010011010101011011000010110100101101100010010100101111100010010111101110101011110110011000101011010000011000101010,11010010000100101101010101000101001001110011111000101101010001110010101001011000000010111110111111010010100101011101010110100110111001001010100100110101010110110000101101001011011000100101001000000111111100010010111101110101011110110011000101011010000011000101010,True,True,False,True,35,0.03629589080810547,0.017901897430419922,0.01777195930480957,0.0006053447723388672
5.jpg,1111101001101001111111110100010110000110000001011100000011011110110100011111100010000101000010101000010100101010101100001110111000011001101010110101100100111000111110001011000101111000101101010001010010100100110111101010000010111111101000010011111110001001,1111101001101001111111110100010110000110000001011100000011011010110100011111100010000101000010101000010100101010101100001110111000011001101010110101100100111000111110001011000100111000101101010101010010100100110111101010000010111111101000010011111110011001,True,True,True,True,4,0.03557634353637695,0.018853187561035156,0.016362905502319336,0.0003440380096435547
99.jpg,1011001010100001101111101000001011011101000011110100000101000010010000100110101110111000100111001101110100110010010010010111011001101000101001101011110010001101110111011011001101001001001100100100100000111110001101101001010011011101011111111100100100110010,1011001010100001101111101000001011011101000011110100000101000010010000100110101110111000100111001101110100110010010010010111011001101000101001101011110010001101110111011011001101001001001100100100100000111110001101101001010011011101011111111100100100110010,True,True,True,True,0,0.03207898139953613,0.015470743179321289,0.016257047653198242,0.0003352165222167969
98.jpg,1000111000001001011100011100001010111111001101100011110011100010011001110001110110001000011100100111100110000110111011100001100010010001110001110111101111111100110001100111100110011000100011100111000001000001010101100010000010011000110111100110101100110111,1000111000001001011100011100001010111101001101100011110011100010011001110001110110001000011100100111100110000110111011100001100010010001110001110111101111111100110001100111100110011000100011100111000001000001010101100010000010011000110111100110101100111111,True,True,True,True,2,0.036386728286743164,0.01828169822692871,0.017644643783569336,0.0004436969757080078
172.jpg,1001100110010010001001100110100101110010011001101110010011000110000110011001100111011001100110010110011001100100011001100110011001100110011001101001100110011001100110011001100111100100111001000011001001100110011101000101101111011001110110011001100110011101,1001100110010010001001100110100101110010011001101110010011000110000110011001100111011001100110010110011001100100011001100110011001100110011001101001100110011001100110011001100111100100111001000011001001100110011101000101101111011001110110011001100110011101,True,True,True,True,0,0.035048723220825195,0.01702141761779785,0.017672061920166016,0.00033926963806152344
1.jpg,1001001011010001001101001110010101001101001010011101001100011010001100101001011011100110010101000001101100001001000110001001110111101110110101101100111101001010100101000110111000110110101001100110010010111111011010111100100010100011010110111010001001011001,1001001011010001001101001110010101001101001010011101001100011010001100101001011011100110010101000001101100001001000110001001110111101110110101101100111101001010100101000110111000110110101001100110010010111111011010111100100010100011010110111010001001011001,True,True,True,True,0,0.031667470932006836,0.014712095260620117,0.01653575897216797,0.00040411949157714844
54.jpg,1001110001100101101110000110000100110110101000101001001111100011001011000110100011010111101010100110101111011101100101110011001010000010110110000110110110001001100101100100000101101001111110011001011000110010011010110101100111010001001000111010111001010011,1001110001100101101110000110000100110110101000101001001111100011001011000110100011010111101010100110101111011101100101110011001010000010110110000110110110000001100101100101000101101001111110011001011000110010011010110101100111010001001000111010111001010011,True,True,True,True,2,0.03550100326538086,0.01744365692138672,0.01769423484802246,0.0003466606140136719
78.jpg,1100001011011010110110100101101011100001111000010110000111100001011100011110000111001110110000101010100111100001011000001011000110011110010111001110000100100001001111100011000111001100000011100011111100011111110111000011110000100011000101110011110011100110,1100001011011010110110100101101011100001111000010110000111100001011100011110000111001111110000101010100111100001011000001011000110011110010111000110000100100001001111100011000111001100000011100011111100011111110111000011110000100011000101110011110011100110,True,True,True,True,2,0.031302690505981445,0.014817476272583008,0.016126632690429688,0.00034236907958984375
174.jpg,1101010101011110100100000101000100101010101111010110101010101010010111001110101100010101010110001010011101110101011011101100010001011001101110101111001100100010000001000100111010111001100111011100001100110111000110100110110010110000100010101000110100110011,1101010101011110100100000101000100101010101111010110101010101010010111001110101100010101000110001010011101110101011011101100010001011001101110111111001100100010000001000100111010111001100111011100001100110111000110100110110010110000100010101000110100110011,True,True,True,True,2,0.028899431228637695,0.012829780578613281,0.0157163143157959,0.00033736228942871094
115.jpg,1101010001101001000111010101011011011110101010100000010111100001100110001001001001010110011111101110101011000111100000010111111101011111111010011100100000010101100000010110101000100110101000010010101110011010011110100000101011010110100101101100011110100001,1101010001101001000111010101011011011110101010100000010111100001100110001001001001010110011111101110101011000111100000010111111101011111111010011100100000010101100000010110101000100110101000010010101110010110011110100000101011010110100101101100011110100001,True,True,True,True,2,0.03865981101989746,0.020244598388671875,0.017772912979125977,0.0006265640258789062
184.jpg,1100000101010101111100010101000100110111101010100100110011001010110010000101010100111111101001100011110110101010110010000101101111010010001001110011011110110100100011011001101101011000000010010011011000110100100011111001111110001001010011110111000001101000,1100100101010101111100010101000100110111101010100100110011001010110010000101010100111111101001100011110110101010110010000101101111010010001001110011011110110100100011011001101001011010000010010011011000110100100011111001111010001001010011110111000001101000,True,True,True,True,4,0.037139892578125,0.019113779067993164,0.017672300338745117,0.0003368854522705078
137.jpg,1001011100011000011011000110001101101000011000010001000110001110100100111000000100110010100101110101101011000110101000011110110001101111010100011100011010111101101001011101111010011010011100111101011000101011001001010110110101001010010110011110010110011001,1001011100011000011011000110001101101000011000010001000110001110100100111000000100110010100101110101101011000110101000011110110001101111010100011100011010111101101001011101111010011010011100111101011000101011001001010110110101001010010110011110010110011001,True,True,True,True,0,0.03741574287414551,0.01898670196533203,0.017839431762695312,0.0005736351013183594
145.jpg,1001011101010001011111100011110000011001101001101000000111110111011001100001100110110111100010100110101001100100110000100110100110011101100011101100100110000110100101100001100101111001100110000100110100110111001100100100100101101101000100111001011011100111,1001011101010001011111100011110000011001101001101000000111110111011001100001100110110111100010100110101001100100110000100110100110011101100011101100100110000110100101100001100101111001100110000100110100110111001100100100100101101101000100111001011011100111,True,True,True,True,0,0.03786158561706543,0.019870996475219727,0.017628908157348633,0.00034546852111816406
129.jpg,1011010110100101111001010001011110001110000100101111011001001100010011000000000111100110101100111001001001011001100001001110110000011101100111111101010111011101000110111100011001101000110001010011110001011100101000010101101111110111000010101000010001010110,1011010110100101111001010001011110001110000100101111011001001100010011000000000111100110101100111001001001011001100001001110110000011101100111111101010111011101000110111100011001101000110001010011110001011100101000010101101111110111000010101000010001010110,True,True,True,True,0,0.03884577751159668,0.020929336547851562,0.017557859420776367,0.00034236907958984375
63.jpg,1001010101101110000011001101001101111010000101010000010100100001101111011111101011001010011011001101011111010110001110000000000110101011101010011101110011011010011101100101111011000011011001000010110010001001111010111000100111011010010101000011010000001110,1001010101101110000011001101001101111010000101010000010100100001101111011111101011001010011011001101011111010110001110000000000110101011101010011101110011011010011101100101111011000011011001000010110010001001111010111000100111011010010101000011010000001110,True,True,True,True,0,0.036269426345825195,0.018135547637939453,0.01770472526550293,0.0004131793975830078
105.jpg,1001110101101010111011001000110001001010100101011100001101110111111001110110011010000010011011011100000010101111000101110101001010000011001100100101011111011011110000100000100000101101101110011000001001100110001011000011110010010011010111010001110111100111,1001110101101010111011001000110001001010100101011100001101110111111001110110011010000010011011011100000010101111000101110101001010000011001100100101011111011011110000100000100000101101101110011000001001100110001011000011110010010011010111010001110111100111,True,True,True,True,0,0.03576803207397461,0.017874956130981445,0.0175321102142334,0.0003452301025390625
44.jpg,1000001110010001101100100011110011111001000111110100011111000001010001111011000100011100001111000000100011001111000010001100011110010110111000001110010011101000101010010100111011110010000011101111100011010011010111110111000001000111001111000110011111001101,1000001110010001101100100011110011111011000111110100011111000001010001111011000100011100001111000000100011001111000010001100011110010110111000001110010011101000101010010100111011110010000011101111100011010011010111110101000001000111001111000110011111001101,True,True,True,True,2,0.03823089599609375,0.02001667022705078,0.017747879028320312,0.00045013427734375
90.jpg,1110011010010111000100110110010010001000111010011010010110110010011001100101101101011010010111010001100101100100011001011010001011110011101110111110100110011011101010100101110100100100001100100101000110100010010101111100010000101111011111001000100000011011,1110011010010111000100110110010010001000111010011010010110110010011001100101101101011010010111010001100101100100011001011010001011110011101110111110100110011011101010100101110100100100001100100101000110100010010101111100010000101111011111001000100000011011,True,True,True,True,0,0.03449535369873047,0.017142534255981445,0.01699972152709961,0.00033736228942871094
104.jpg,1101001111000101111100110100010001110111101100110010110000111010010011001110000011001100110011100010110100110011001011110011001110000011101100110111010011101111010011000101001110000011001110100101101101111011001100001010000110001100001111001101000101000000,1101001111000101111100110100010001110111101100110010110000111010010011001110000011001100110011100010110100110010001011110011001110000011101100110111010011101111010011000101101110000011001110100101101101111011001100001010000110001100001111001101000101000000,True,True,True,True,2,0.035161495208740234,0.017208099365234375,0.01748371124267578,0.00045371055603027344
76.jpg,1011001100011100111100011110000010101100110010110001101100010011111011000010000110000101110001100001011001011011011110000110110010100001101101011010011100011010001110110110100001100010001111011010000110010011010111110011100111011100011010011010011011010010,1011001100011100111100011110000010101100110010110001101100010011111011000010000110000101110001100001011001011011011110000110110010100001101101011010011100011010001110110110100001100010001111011010000110010011010111110011100111011100011010011010011011010010,True,True,True,True,0,0.03657865524291992,0.01841878890991211,0.017793655395507812,0.0003502368927001953
65.jpg,1111111111001000100111010110010001001000001011111010011011001101000111001101001100110011010101001101000000011111100101110110110101000011000110101100001011111111001000100010100111100101000010010110110011100110011000111100011011100100100000101111000100001011,1111111111001000100111010110010001001000001011111010011011001101000111001101001100110011010101001101000000011111100101110110110101000011000110101100001011111111001000100010100111100101000010010110110011100110011000111100011011100100100000101111000100001011,True,True,True,True,0,0.03926229476928711,0.021212100982666016,0.017689228057861328,0.00034499168395996094
133.jpg,1111010110100110100011100100011110110000001001100110000010011101100011011001110000011111000010000010000111011111011110000001100011001111100100010010001101101111110101001110000100011100001100001000011100100111111110100110001101101000011111101011111110100100,1111010110100110100011100100011110110000001001100110000010011101100011011001110000011111000010000010000111011111011110000001100011001111100100010010001101101111110101001110000100011100001100001000011100100111111110100110001101101000011111101011111110100100,True,True,True,True,0,0.036993980407714844,0.01884746551513672,0.017644643783569336,0.0004849433898925781
50.jpg,1010101101000101100011010111010011000110101101101001010100001101000101111110100001100000011001110101001011110010011011100011011000011101000101101111000010010100101011111000011110010101010001010101010101011000001101110010110111110101001011001010101010100011,1010101101000101100011010111010011000110101101101001010100001101000101111110100001100000011001110101001011110010011011100011011000011101000101101111000010010100101011111000011110010101010001010101010101011000001101110010110111110101001011001010101010100011,True,True,True,True,0,0.03671622276306152,0.01871037483215332,0.017641067504882812,0.00034809112548828125
23.jpg,1101010100010001100111100101111001100100111001001101001100010011011010010110100110010110110001000111000110110011000111100101110111010100111000000001101100011111011100011010100110000110110001000011100000001110111001011011010110010110010100110110100101111100,1101010100010001100111100101111001100100111001001101001100010011011010010110100110010110110001000111000100110011000111100101110111010100111000000001101100011111011100011010100110000110110011000011100000001110111001011011010110010110010100110110100101111100,True,True,True,True,2,0.03483080863952637,0.017998456954956055,0.01647663116455078,0.00033926963806152344
148.jpg,1001001101010011111010100100001001101110001001100001100110111000011011001100110010110110011100001100100100110011010010011110001111000010111001111001101010100111010001000001110101001110100110011010101111000011101101011010010000011110110011100110001101011010,1001001101010011111010100100001001101110001001100001100110111000011011001100110010110110011100001100100100110011010010011110001111000010111001111001101010100111010001000001110101001110100110011010101111000011101101011010010000011110110011100110001101011010,True,True,True,True,0,0.03551602363586426,0.017338037490844727,0.017684221267700195,0.0004782676696777344
141.jpg,1011111101011101100111110111110111101010001100000010101110001000111001111100100011010100000000010111111110010111001110010000010010000011111100101100011011111110011100001100000010001101011100000000000000100000101011111101011011010000001010110110101111001101,1011111101011101100111110111110111101010001100000010101110001000111001111100100011010100000000010111111110010111001110010000010010000011111100101100011011111110011100001100000010001101011100000000000000100000101011111101011011010000001010110110101111001101,True,True,True,True,0,0.04049801826477051,0.021777868270874023,0.018268108367919922,0.0004360675811767578
94.jpg,1100011101001100110110011010111110100110011010001101001001011111110011011100011011110110100100001001010010011001110000111100110100011000011000101000110011101000000100001011110011111010001000111010010110001001011100100010101100110101111101001001000001101111,1100011101001100110110011010111110100110011010101101001001011111110011011100011011110110100100001001010010011001110000111100110100011000011000101000110011101000000100001011110011111010001000111010010110001001010100100010101100110101111101001001000001101111,True,True,True,True,2,0.040833234786987305,0.022809267044067383,0.017650604248046875,0.00035643577575683594
24.jpg,1000100101001001001010111011110110010011101101100000110101010001101011100000000101010111111010101010010111010010110111010100011011100100001011001110000011011100111100001010110000111010101011000010110011101001101010110110010111100110000100110110101001010011,1000100101001001001010111011110110010011101101100000110101010001101011100000000101010111111010101010010111010010110111010100011011100100001011001110000010011100111100001010110000111010111011000010110011101001101010110110010111100110000100110110101001010011,True,True,True,True,2,0.03877520561218262,0.02054309844970703,0.017667055130004883,0.0005490779876708984
84.jpg,1101111100101001000000101111010101101101100100110000010110110010110110110110111100000110010010001000010010111011011111001100011000001001101111001111111100100011000100111111110011110110010011010000110110110000011001001001011010011001001001000100001001101101,1101111100101001000000101111010101101101100100110000010110110010110110110110011100000110010010001000010010111011011111001100001000001001101111001111111100100011000100111111110011110110010011010000110110110000011001001011011010011001001001000100001101101101,True,True,True,True,4,0.035537004470825195,0.01753520965576172,0.017641305923461914,0.0003445148468017578
171.jpg,1101101000001010110110001001001011101010011101111011011001110101111010111010011100101101110010011011110110110110000101000011010000000100000111011000001000000110000111011010101110000001011001010111010110100010111011010000100010110110100110101001111001111010,1101101000001010110110001001001011101010011101111011011001110101111010111010011100101101110010011011110110110110000101000011010000000100000111011000001000000110000111011010101110000001011001010111010110100010111011010000100010110110100110101001111001111010,True,True,True,True,0,0.04074597358703613,0.022472381591796875,0.017864465713500977,0.000392913818359375
123.jpg,1101110000110001101100011100001011101011011101100110011000011001110110011100110100010011101111001001100100000010001011001110011000111111111111110110011001111000000000000100000011100000000111001101001100011111000100001000001100000111111011100110111110101111,1101110000110001101100011100001011101011011101100110011000011001110110011100110100010011101111001001100100000010001011001110011000111111111111110110011001111000000000000100000011100000000111001101001100011111000100001000001100000111111011100110111110101111,True,True,True,True,0,0.03700661659240723,0.017700910568237305,0.01894211769104004,0.0003478527069091797
93.jpg,1001111011110111111000000001110011100011100010001100001111110001100110111100011100011100110001111011100011110000010001100011100010011110000000110100001000001110011000011110111110010011110001110100011111110001101111001111000001000000000111001011111000000111,1001111011110111111000000001110111100011100010001100001111110001100110111100011100011100110001111011100011110000010001100011100010011110000000110100001000001110011000011110111110010011110001110100011111110001101111001111000001000000000011001011111000000111,True,True,True,True,2,0.03634476661682129,0.017882108688354492,0.018105030059814453,0.00034236907958984375
75.jpg,1001011001111110011110111110000010001000110011110101000011011100100111000110100001110000110011111001100010100001000010101101111111011001100000001010101011001111010111000001000110001000111111110110001000000000100011001011111011100010100010101001101110111111,1001011001111110011110111110000010001000110011110101000011011100100111000110100001110000110011111001100010100001000010101101111111011001100000001010101011001111010111000000000110001000111111110110001000000000100110011011111011100010100010101001101110111111,True,True,True,True,4,0.04130864143371582,0.02324700355529785,0.01763129234313965,0.0004146099090576172
196.jpg,1000110101101110111100101001100101010011110010110110110100100000001111100110110100010001100111111110111001010010011100010010110111000101111000101011001001111100010010001001101101001001011001100010011000011100111110001110000001100101011011011000100010100011,1000110101101110111100101001100101010011110010110110110100100000001111100110110100010001100111111110111001010010011100010010110111000101111000101011001001111100010010001001101101001001011001100010011000011100111110001110000001100101011011011000100010100011,True,True,True,True,0,0.03729724884033203,0.01910400390625,0.017824888229370117,0.00035190582275390625
200.jpg,1100000111110010111000011101001000111110000011000011111000011100001110101110100111000001111001111100001001001101001000111100000000110100100110111101110000011111110001111000000000111011101001000011010101011001110000111111000111001000110101100011111000011111,1100000111110010111000011101001000111110000011000011111000011100001110101110100111000001111001111100001001001101001000111100000000110100100110111101110000011111110001111000000000111011101001000011010101011001110000111111000111001000110101100011111000011111,True,True,True,True,0,0.028061389923095703,0.012529611587524414,0.015182971954345703,0.0003333091735839844
167.jpg,1010001010001111011010001001011100111000001001100100100001101110110000000111100100100111010110011100011100001011100111010011111001101001011101001100101111100000100101101000100110111110100111110010001011011100101101100101000001011101000000100110100101111111,1010001010001111011010001001011100111000001001100100100001101110110000000111100100100111010110011100011100001011100111010011111001101001011101001100101111100000100101101000100110111110100111110010001011011100101101100101000001011101000000100110100101111111,True,True,True,True,0,0.040608882904052734,0.021211862564086914,0.01898670196533203,0.00039386749267578125
125.jpg,1111100101011111100001101100110110110010111000000011111010100101111010001010000111011000110010001000011100000111100000110011011100000100011111100111110011000100010111111001100001011111100110011101011011100000100101001110001010100000011011001011000100011101,1111100101011111100001101100110110110010111000000011111010100101111010001010000111011000110010001000011100000111100000110011011100000101011111100111110011000100010111111001100001011111100110011101011011100000100101001110001010100000011011001011000100011100,True,True,True,True,2,0.03669619560241699,0.018627405166625977,0.017703771591186523,0.00034928321838378906
161.jpg,1010111011101010100100000010101010110111010101010011100011010100100101110100010010111101111111011100000100100101100101000101101111001010110010001001010101111011010000100010100100000100001010110101001110101011001010100001110111010011100110110100101101101101,1010111011101010100100000010101010110111010101010011100011010100100101110100010010111101111111011100000100100101100101000101101111001010110010001001010101111011010000100010100100000100001010110101001110101011001010100001110111010011100110110100101101101101,True,True,True,True,0,0.04027438163757324,0.021101951599121094,0.01880359649658203,0.00035190582275390625
126.jpg,1100001100000100110101100000001001111001110000110100001111100001010000100011111001111100001111101001110000001101110001110100100100111000100110000001100000110110110000110110011111011001100010110000110010111000011101101111100110011001110011011111101110110111,1100001100000100110101100000001001111001110000110100001111100001010000100011111001111100001111101001110000001101110001110100100100111000100110000001100000110110110000110110011111011001100010110000110010111000011101101111100110011001110011011111101110110111,True,True,True,True,0,0.03613138198852539,0.018003463745117188,0.01776742935180664,0.0003437995910644531
153.jpg,1000011011111111001110111000100100000110111010100101001100010010011110101001111010000111011110100101000001110010000101011110111100010101111000110111101110100110010110111000011000000001011000100001101001000101110101111111000101011110001000000011101010100101,1000011011111111001110111000100100000110111010100101001100010010011110101001111010000111011110100101000001110010000101011110111100010101111000110111101110100110010110111000011000000001011000100001101001000101110101111111000101011110001000000011101010100101,True,True,True,True,0,0.04116988182067871,0.022371530532836914,0.018431663513183594,0.0003502368927001953
68.jpg,1101000010001100011111010100100000110000011111011111100111111011000110100011000101111011101111001000101010110010111010101010111000011011100010001100011001000111001000010001101111000110011001111110011001101111010001000100100011001110101000011011000100011010,1101000010001100011111010100100000110000011111011111100101111011000110100011000101111011101111001000101010110010111010101010111000011011100010001100011001000111001000010001101111000110011001111110011001101111010001010100100011001110101000011011000100011010,True,True,True,True,2,0.037134647369384766,0.019020795822143555,0.017704010009765625,0.0003936290740966797
175.jpg,1011101000011010100101010111011101001011101000000110110001010111001101001011101010110010110101010110011100001100001010100010101101110110011101001001000010000010011001111111011111001001000010000011110011011101100111001011000001100111001111001100100111001001,1011101000011010100101010111011101001011101000000110110001010111001101001011101010110010110101010110011100001100001010100010101101110110011101001001000010000010011001111111011111001001000010000011110011011101100111001011000000100111001111101100100111001001,True,True,True,True,2,0.03667044639587402,0.018613338470458984,0.017695903778076172,0.0003457069396972656
42.jpg,1110011101001001110111011011011011011011010110100100110111001011000000111001001000110010001100100011101011110010001101101100101110010110100100101100010011011010111001000101100010111100010111110000110100100000000111110010000001110001101011101110100000011011,1110011101001001110111011011011011011011010110100100110111001011000000111001001000110010001100100011101011110010001101101100101110010110100100101100010011011010111001000101100010111101010011110000110100100000000111110010000001110001101011101110100000011011,True,True,True,True,2,0.03575277328491211,0.018782615661621094,0.016610383987426758,0.00034332275390625
152.jpg,1001010000000000100010111110111100001110101010110011110010110101011010000101010111110000010101111010000111010101010001111100101100011111100010101011110000100100111100000010110101100001101001010011001011011111111101101001101011011010000110000100101110110000,1001010000000000100010111110111100001110101010110011110010110101011110000101010111110000010101111010000111010101010001111100101100011111100000101011110000100100111100000010110101100001101001010011001011011111111101101001101011011010000110000100101110110000,True,True,True,True,2,0.03853321075439453,0.02027153968811035,0.017889976501464844,0.00035572052001953125
199.jpg,1000110001110001100000010001001100110101000101010111101001100110110100010111100101100001110001101111100110110011010011010010010101001001001110101101101100101000111010111010111010001010101100111001100000010010101101101111011001010001101010111101001000101101,1000110001110001100000010001001100110101000101010111101001100110110100010111100111100001110001101111100110110011010011010000010101001001001110101101101100101000111010111010111010001010101100111001100000010010101101101111011001010001101010111101001000101101,True,True,True,True,2,0.036710262298583984,0.019902467727661133,0.016446828842163086,0.0003452301025390625
127.jpg,1010101101010010110010011010010101101100101001110000001111010010010001100000110000111100100110010111100010110111011110110110000001101110010011101000011110001001010000100001101001111100101100101001010111101100001110011000011101111000110011110100101101111010,1010101101010010110010011010010101101100101001110000001111010010010001100000110000111100100110010111100010110111011110110110000001101110010011101000011110001001010000100001101001111100101100101001010111101100001110011000011101111000110011110100101101111010,True,True,True,True,0,0.036902427673339844,0.017484188079833984,0.018984556198120117,0.0004177093505859375
136.jpg,1111000000010010100001101101101000001110000101110110101001110100100011110100011110010100000110000101000110100000010111011000110001110010011010010011011011111010011011111101001111001101001000001100000010111001101111011011111100000001010101001111011101101111,1111000000010010100001101101101000011110000101110110101001110100100011110100011110010100000110000101000110100000010111011000110001110010011010010011011011111010011011111101001111001101001000001100000010111001101111011011111000000001010101001111011101101111,True,True,True,True,2,0.03699469566345215,0.01890707015991211,0.01772332191467285,0.00034737586975097656
182.jpg,1100011001000110110011001100110000011001100110010010001100010011111001100110011000011100110011000000001110011001110111001011100100001001110011010011001100011100111111100111001111100110011001100011001001110100111101110010011111100000111001100001110100011100,1100011001000110110011001100110000011001100110010010001100010011111001100110011000011100110011000000001110011001110111001011100100001001110011010011001100011100111111100111001111100110011001100011001001110100111101110010011111100000111001100001110100011100,True,True,True,True,0,0.036757707595825195,0.018660306930541992,0.01773214340209961,0.0003495216369628906
122.jpg,1100100110000110110010011011011000010010001110110110110011011001001101111101110011001101001001100010001001001101110010000001111111111100100000110111001100001100100011011110000101111111110000100001011101101100100010001111001100100010001001101001110000101111,1100100110000110110010011011011000010010001110110110110011011001001101111101110011001101001001100010001001001101110010000001111111111100100000110111001100001100100011011110000101111111110000100001011101101100100010001111001100100010001001101001110000101111,True,True,True,True,0,0.03173232078552246,0.015572786331176758,0.015763521194458008,0.00037980079650878906
192.jpg,1110010011010110100110010010001110011011001101011010011001001101010001101100100100101001100100110001001100110100111001100110110010111001110010111100111010011001000110010110011000011110000000110110000100111100101110101001110101000101110011111110100100110010,1110010011010110100110010010001110011011001101011010011001001101010001101100100100101001100100110001001100110100111001100110110010111001110010111100111010011001000110010110011000011110000000110110000100111100101110101001110101000101110011111110100100110010,True,True,True,True,0,0.0378565788269043,0.019788503646850586,0.01770615577697754,0.0003459453582763672
25.jpg,1001110111011000100100011000000110101010011111101010100111000110101010011110110000110010001011100110011010111110010011001010010001101111011010010110100001101010010011101101100111011000101100011001010100110011000101100100101010010001010101111001001100110101,1001110111011000100100011000000110101010011111101010100111000110101010011110110000110010001011100110011010111110010011001010010001101111011010000110101001101010010011101101100111011000101100011101000100100011001101110100101010010001010101111000001000011101,True,True,True,False,11,0.037333011627197266,0.019168376922607422,0.01759028434753418,0.0005586147308349609
57.jpg,1000100001110111100101111001100011100000011001111010001111000111000111000011100000101011011110000011010110000111110100100010111111101001111110001010010000100011000100111111011000011010000110101110000110001111111101001110001110100110011010010101000110010100,1000100001110111100101111001100011100000011001111010001111000111000111000011100000101010011110000011010110000111110100100010111111101001111110001010010000100011000100111111011000011110000110101110000110001111111101001110001110100110011010010101000110010100,True,True,True,True,2,0.03064703941345215,0.014457225799560547,0.015843629837036133,0.0003299713134765625
165.jpg,1101010011100110010010011100011110110111001110000110101100011000001101100110111010100100001101001101100100011001100011001110011110011010101100111001100111001100001100011000110010010011100110011000101100110011101101100110011011101001100010000010011100111100,1101010011100110010010011100011110110111001110000110101100011000001101100110111010100100001101001101100100011001100011001110011110011010101100111001100111001100001100011000010010010011110110011000101100110011101101100110011011101001100010000010011100111100,True,True,True,True,2,0.036780357360839844,0.01746368408203125,0.018954038619995117,0.000347137451171875
131.jpg,1001011010001011111010011111101110011100010101000100011110001000101110000110111011010000101101110010011110010111000111000100000011011010100010101110000101110111110001010011010000011110110001110011001001101001110001100010110010100001100101110010110011010101,1001011010001011111010011111101110011100010101000100011110001000101110000110111011010000101101110010011110010111000111000100000011011010100010101110000101110011110001010011010000011110110001110011001001101001110101100010110010100001100101110010110011010101,True,True,True,True,2,0.03872179985046387,0.02068305015563965,0.017676353454589844,0.00034689903259277344
81.jpg,1110101010101111111100100010101010001001010100011001101001100101001100001000100110110101110100010110001010000001011100001000001011111111000101111100111100100110010110011000100010001011010011001100001101111101001110100111011000111010010111100010101111111000,1110101010101111111100100010101010001001010100011001101001100101001100001000100110110101110100010110000010000001011100001000001011111111000101111100111100100110110110011000100010001011010011001100001101111101001110100111011000111010010111100010101111111000,True,True,True,True,2,0.03994107246398926,0.021784305572509766,0.01779460906982422,0.00034618377685546875
38.jpg,1001010101010001100011010011101110000101011110111111111111000000001011000111000100110010001111111111101110011000100000011000111000100000101011111101111111001010110000010011100000000100011101111101110110000100001000110001000110000000011111111101110111000100,1001010101010001100011000011101110000101011110111111111111000000001011000111000100110010001111111111101110011000100000011010111000100000101011111101111111001010110000010011100000000100011101111101110110000100001000110001000110000000011111111101110111000100,True,True,True,True,2,0.03547406196594238,0.017405271530151367,0.017633676528930664,0.00041866302490234375
79.jpg,1000110110011000100011000110010000110010110011000011100010011111111001000110001110110111001101010000001101101010100011011100011001100010011101011101100110110110001111011000110101110100011101010001110110011011000111010110001100101110001100110110001000011001,1000110110011000100011000110010000110010110011000011100010011111111001000110001110110111001101010000001101101010100011011100011001100010011101011101100110110110001111011000110101110100011101010001110110011011000111010110001100101110001100110110001000011001,True,True,True,True,0,0.03505301475524902,0.01699233055114746,0.017696619033813477,0.0003485679626464844
47.jpg,1011010001000000010100101011110111000001001111110011111011000000110011110100001100100000001111111001100110010010011010110110100010010010100100111100110100110010001101101100110111001000110010100011001110100110000010010101101111100111101111011001111001001101,1011010001000000010100101011111111000001001111110011111011000000110011110100001100100000001111111001100110010010011010110110100010010010100100111100110100110010001101101100110111001000110010100011001110100110000010010101101111100111101101011001111001001101,True,True,True,True,2,0.036621809005737305,0.018532991409301758,0.01771712303161621,0.000354766845703125
132.jpg,1100001110010001000111001011110000100001010011111110011010110011001001111111100001101000010011001000110011110010111001001110111100000011000111001100110010001100001111011010011001010010011010010100100110110110101000111100110111111101001100101100001011100100,1100001110010001000111001011110000100001010011111110011010110011001001111111100001101000010011001000110011110010111001001110111100000011000111001100110010001100001111011110011001010010011010010100100110110010101000111100110111111101001100101100001011100100,True,True,True,True,2,0.03617262840270996,0.017993927001953125,0.017737388610839844,0.00042438507080078125
198.jpg,1001011010001111111000001111110111011110101011011001001101001000010101101101110111001100011110001110000110000011000000100011101100111110101001111111100110100001111101100001110010000010010100100001101110110000011011011000111011101000100001111000010100001000,1001011010001111111000001111110111011110101011011001001101001000010101101101110111001100011110001110000110000011000000100011101100111110101001111111100110100001111101100001110010000010010100100001101110110000011011011000111011101000100001111000010100001000,True,True,True,True,0,0.035509586334228516,0.01738739013671875,0.017714500427246094,0.0003910064697265625
109.jpg,1100010010000100100100111101001111010011110100111111001111011011101000111001000111100010111111000110101111111110011000100011110001110000010001010001011000111011000100000101001010011100011100100001001100010101111101000111010001111011010100000110001100001110,1100010010000100100100111101001111010011110100111111001111011011101000111001000111100010111111000110101111111110011000100011110001110000010001010001011000101011000100000101101010011100011100100001001100010101111101000111010001111011010100100110001100001010,True,True,True,True,4,0.0529017448425293,0.029801368713378906,0.02198481559753418,0.0005009174346923828
128.jpg,1001100001111000000000111000111101111100101100001010010110010111001001001010011101011110011111100110001110000011100111000011100000111011110001010010110100101111110100101110011001011110010000100000001000111000001111101100101101101101100011011100011010110010,1001100001111000000000111000111101111100101100001010010110010111001001001010011101011110011111100110001110000011100111000011100000111011110001010010110100101111110100101110011001011110010000100000001000111000001111101100101101101101100011011100011010110010,True,True,True,True,0,0.027452945709228516,0.012543201446533203,0.014494180679321289,0.0004000663757324219
116.jpg,1101111100110100100100000111001101100110110010100001100011110011011000111001011011011100111000011101000100001001010011100110011000101001110101101011111000110001110110001110110101000111101110000011110001100110001100110001100010011010011101011100100010000101,110111110011010010010000011000110110011011001010000110001111001101100011100101101101110011100001110100010000100101001110011001100010100111010110101111100011000111011000111011010100011110111000001111000110011000110011000110001001,True,True,True,False,1,0.03810620307922363,0.019289493560791016,0.018002748489379883,0.0007987022399902344
164.jpg,1000010000010101001001000010110001010000001111111001100101101010000111111010101111010000110101100010001000011110000111011000011111011001011110010011010100111101101011111111010110011001011110100011110001110101111011110100010010000000100010000011000011011111,1000010000010001001001000010110001010000001111111001101101101010000111111010101111010000110101100010001000011110000111011000011111011001011110010011010100111101101011111111010110011001011110100011110001110101111011110100010010000000100010000011000011011111,True,True,True,True,2,0.035367727279663086,0.01844024658203125,0.01619887351989746,0.0007131099700927734
120.jpg,1001110011001000010010011101100101011110110100011101100101001010001001111010101001110010010110010100100110100101100111111001001001111000001001010110001110110011110011010000101100111000101101000110001111010011100111010010110110001000111101010101000111000011,1001110011001000010010011101100101011110110100011101100101001010001001111010101001110010010110010100100110100101100111111001001001111000001011010110001110110011110011010000101100111000101101000110001111010011100111010010110110001000101101010101000111000011,True,True,True,True,2,0.02817821502685547,0.013259410858154297,0.014576435089111328,0.0003275871276855469
103.jpg,1010011001100110101001110011001001011001110010110100110011011100000110111001110110000111010011011111001001100001111100110011011100001100100011000000011001110011000100110111001011001100110011001110001100010011010100110001111100011100111000010010011100110011,1010011001100110101001110011001001011001110010110100110011011000000110111001111110000111010011011111001001100001111100110011011100001100100011000000011001110011000100110111001011001100110011001110001100010011010100110001111100011100111000010010011100110011,True,True,True,True,2,0.035501718521118164,0.016939640045166016,0.018131256103515625,0.0004150867462158203
97.jpg,1111011001100110111001100110011000101101101000111001100110011001010110011001110001001100110010011100110011011001001111011001010010110100111001000100101101001001100110000000110000110110101101100010011011100110110111011000010000011011001110010101110001011001,1111011001100110111001100110011000101101101000111001100110011001010110011001110001001100110010011100110011011001001111011001010010110100111001000100101101001001100110000000110000110110101101100010011011100110110111011000010000011011001110010101110001011001,True,True,True,True,0,0.03584742546081543,0.017784595489501953,0.017703533172607422,0.00034356117248535156
163.jpg,1100000001111110010000001100011110010111100000111000000011101100110101011000011001110101110011100011100010111111100011001000101100110111000010010110001100100001101001111010001100001101001110010000110111100101001111011010001110011011001110011011011101111000,1100000001111110010000001100011110010111100000111000000011101100110101011000011001110101110011100011100010111111100011001000101100110111000010010110001100100001101001111010001100001101001110010000110111100101001111011010001110011011001110011011011101111000,True,True,True,True,0,0.039174556732177734,0.021046161651611328,0.01768660545349121,0.0004260540008544922
10.jpg,1101100011011110110001111001100100111101011110001110100001001110101001111110010110110101001001010100111000101011000110111101100000110011010101000001100010100010110100001011001101100111100000010100011001011110010011100101101101100110111101001000100100001100,1101100011011110110001111001100100111101011110001110100001000110101001111110010110110101001001010100111000101011000110111101100000110011010101000001100010100010110101001011001101100111100000010100011001011110010011100101101101100110111101001000100100001100,True,True,True,True,2,0.038311004638671875,0.019010066986083984,0.01887655258178711,0.00040841102600097656
176.jpg,1111000101101010111001101110101111001111101101001000100101110000101101101101101010010001101011011110001101000111011011001101100010011010001101001110000111000011011001101100011110011000001101000110100101001001110000101000110111000001101101101110000011000000,1111000101101010111001101110101111001111101101001000100101110000101101101101101010010001101011011110001101000111011011001101100010011010001101001110000111000011011001101100011110011000001101000110101101001001100000101000110111000001101101101110000011000000,True,True,True,True,2,0.03454184532165527,0.016825437545776367,0.01728677749633789,0.00041413307189941406
121.jpg,1000000001011000001110110100101011001010011010100100111010111110000110101011011011010000111001101011110100010001110001101011100111001110001010011101100101101101000000001110111100111101010111100010011010110110111110101100001011010101000010011000011000101001,1000000001011000001110110100101011001010011010100100111010111110000110101011011011010000111001101011110100010001110001101011100111001110001010011101100101101101000000001110111100111101010111100010011010110110111110101100001011010101000010011000011000101001,True,True,True,True,0,0.038255929946899414,0.020140409469604492,0.017751216888427734,0.0003485679626464844
190.jpg,1111001011011110100010010010010100011100001100111101010110100111101010001101101000011100100011111101100111001100000110110101100011110011101101010111011000010000001001100011110101100010010000100101110000101001000010111100011011111000011000100001111110101101,1111001011011110100010010010010100011100001100111101010110100111101010001101101000011100100011111101100111001100000110110101100011110011101101010111011000010000001001100011110101100010010000100101110000101001000010111100011011111000011000100001111110101101,True,True,True,True,0,0.034662485122680664,0.016567707061767578,0.017734527587890625,0.0003447532653808594
53.jpg,1100001100001111111110001111000000110000100011000100111111001101011100100011001011000010110000111111100110001100010011001001100001100001111100111111011001100001100010011000011100001100101110001101000111000111101100110010010010101110101111100101110010111001,1100001100001111111110001111000000110000100011000100111111001101011100100011001011000010110000111111100110001100010011001001100001100001111100111111011001100001100010011000011100001100101110001101000111000111101100110010010010101110101111100101110010111001,True,True,True,True,0,0.0422205924987793,0.021091699600219727,0.020685911178588867,0.0004267692565917969
113.jpg,1011101111100110100110111011011011100100100110000100011001001001010011100000001110011011001101111010010100111000100101011001110001001110110110000001101001101000100000011100011101011001110001101111010010100011101111100000011101101010010010110000101101011101,1011101111100110100110111011011011100100100110000100011001001001010011100000001110011011001101111010010100111000100101011001110001001110110110000001101001101100100000011100011101011001110001101111010010100011101111100000011101101010010010110000001101011101,True,True,True,True,2,0.03795909881591797,0.01982903480529785,0.017767667770385742,0.0003466606140136719
106.jpg,1011100110101011101110011010111010011000100101001001011010110100110101001011010011001110001010101110011000001010011000100100000100101111011100010010011100111001000101110011100010010001100111101101000010101010110110101101011011111010010101001111100100001100,1011100110101011101110011010111010011000100101001001011010110100110101001011010011001110000010101110011000001010011000100100000100101111011100010010011100111001000101110011110010010001100111101101000010101010110110101101011011111010010101001111100100001100,True,True,True,True,2,0.039548635482788086,0.021451950073242188,0.017657995223999023,0.0004227161407470703
183.jpg,1000001101100001111100100001001010101111100111001000111111111111100110000110001101111000100000001100000000001110011101110110010011101111110010101000011100111011001100010001010110001010011000111100000011100011000111111100101001001101100111101110010000110101,1000001101100001111100100001001010101111100111001000111111111111100110000110001101111000100000001100000000001110011101110110010011101111110010101000011100111011001100010001010110001010011000111100000011100011000111111100101001001101100111101110010000110101,True,True,True,True,0,0.037045955657958984,0.018973112106323242,0.01770472526550293,0.0003523826599121094
67.jpg,1001100001101010111101001010010011000111010010101111011100010101110010101010110110111100111101011000110011110001001011011000100100011011010010110011000001010001001001010110100001000110000100100110110110010010010000110011111011001011111101001100100101101111,1001100001101010111101001010010011000111010010101111011100010101110010101010110110111100111101011000110011110001001011011000100100011011010010110011000001010001001001010110100001000110000100100110110110010010010000110011111011001011111101001100100101101111,True,True,True,True,0,0.03871631622314453,0.020461082458496094,0.017818450927734375,0.0004210472106933594
168.jpg,1000000000010011110000011110011001110100000101010011101111010101110111011011001000100110111111010110000001110111011100000000101001011110100001000110111101110000110100111011101010000000110111110001110100100110101101111000001111010001010001001111110001101100,1000000000010011110000011110011001110100000101010011101111010101110111011011001000100110111111010110000001110111111100000000101001011110100001000110111101110000110100111011101010000000110111110001110100000110101101111000001111010001010001001111110001101100,True,True,True,True,2,0.032480478286743164,0.015668869018554688,0.016454696655273438,0.0003402233123779297
11.jpg,1010011001000110101100100110111010011111011001110001111101111101010100010011001011101000001101101011011100010001110100001101101101001000100000010010110100100000001000110010101110100111000101110101000001100110111110111100111111001100110111011111000010000000,1010111001001110001100100110111010111111011001110001111101111101010100010011001011101000001101101011011100010001110100001101101101001000100000010010110100100000001000110010101110100111000101110101000001100110111110111100111111001100110111011111000010000000,False,True,True,True,4,0.040078163146972656,0.020888566970825195,0.018628597259521484,0.0005440711975097656
40.jpg,1001100110010010001001100110100101110010011001101110010011000110000110011001100111011001100110010110011001100100011001100110011001100110011001101001100110011001100110011001100111100110011001000011001001100110111001001101101111011001110110011001100110001101,1001100110010010001001100110100101110010011001101110010011000110000110011001100111011001100110010110011001100100011001100110011001100110011001101001100110011001100110011001100111100110011001000011001001100110111001001101101111011001110110011001100110001101,True,True,True,True,0,0.03486466407775879,0.01687479019165039,0.01762866973876953,0.00034546852111816406
48.jpg,1100100100000000000001110100010011110100100000100111001100011101011011110100001111001101101010101001000111001000110110011110101100011100110001111100110101100110011111011110110000001101100110000011111011000000111100110110000100110110110111101110111011000000,1100101100100000100001110101010011110100100000100111001110011100011011110100001111001101101010101001000111001000110110011110101100011100110001111100110101100110011111011110110000001101100110000011111011000000111100110110000100110110110111101110111011000000,False,True,True,True,6,0.041626930236816406,0.02221226692199707,0.018701791763305664,0.0006964206695556641
124.jpg,1011000000001111001001010000000110101100101101010011101000001111100100100101100100010110111101011110110111111101100100011000001101111110011111011010110101001100011000011111000011001011000011011001001000100010010101111000110010101111000111011001110000010011,101100000000111100100101000000011010110010110101001110100000111110010010010110010001011011110101111011011111110110010001100000110111111001111101101011010100110011101001001000100010010101111000110010101101000111011001110010010011,True,True,False,True,35,0.0370335578918457,0.018469572067260742,0.01769399642944336,0.0008535385131835938
43.jpg,1100010010001110111010101110000010111101111111101001011110010101110100000100111110110101110000011100000010011101100101000110001110010010011111110001011011110101000001001111111101101011100010001111010010100100011001101000000001000110000010010100010010101111,1100010010001110011010101110000010111101111111111001011110010101110100000100111110110101110000011100000010011101100101000110001110010010011111110001011011110101000001001111111101101011100010001111010010100100011001101000000001000110000010010100010010101111,False,True,True,True,2,0.03737664222717285,0.019684314727783203,0.01712799072265625,0.0005481243133544922
100.jpg,1101000110000011001101010110101100011110101111010010010100101011000101101011100101001011010100100010010110101010000100101101010000101001010010101110110010110101011110100101101010111011001011010111111010010010111001100100101010100011001011011000100110010110,1101000110000011001101010110101100011110101111010010010100101011000101101011100101001011010100100010010110101010000100101101010000101001010010101110110010110101011110100101101010111011001011010111111010010010111001100100101010100011001011011000100110010110,True,True,True,True,0,0.03763723373413086,0.01957249641418457,0.01769852638244629,0.00034499168395996094
60.jpg,1011011000100101101101100111001011011010111000000100110101100101111001001001101001100010110110101001100111001101100110000011011000111000001100001100110110010011011110001100111010000101100011100101001110011100101010011110110110011110001001100111101000011000,1011011000100101101101100111001011011010111000000100110101100001111001001001101001110010110110101001100111001101100110000011011000111000001100001100110110010011011110001100111010000101100011100101001110011100101010011110100110011110001001110111101000011000,True,True,True,True,4,0.03552746772766113,0.016893625259399414,0.018231630325317383,0.0003859996795654297
69.jpg,1110100110011000110101000110011011101010100100101001100101011100001111000000011101101000001011110100000111010010000001100001000000110111111001111110000110100100101011100101011100001101011001011101100011110110110110111110000101000011111101100010011101010101,1110100110011000110101000110011011101010100100101001100101011100001111000000011101101000001011110100000111010010000001100001000000110111111001111110000110100100101011100101011100001101011001011101100011110110110110111110000101000011111101100010011101010101,True,True,True,True,0,0.03833651542663574,0.02021622657775879,0.017678022384643555,0.0004265308380126953
114.jpg,1001101010011010100010100110001001100001011001111011001110011011010101010001100110101001110000111101011001010011110111101011100000000001110111010110000001101101111011000011101100000100100101110001110100110001110001001001111000101010111010110101110101010001,1001101010011010100010100110001001100001011001111011001110011011010101010001100110101001110000111101011001010011110111101011100000000001110111010110000001101101111011000011101100000100100101110001110100110001110001001001111000101010111010110101110101010001,True,True,True,True,0,0.0357213020324707,0.018601417541503906,0.016684770584106445,0.00041866302490234375
180.jpg,1000000100110001110011001101100100101001001001100111001011011011010011110010011010010000110101111101001100110001011111101110011101110011000110001100010001100011001110001000110111010001001101011100111101001011001101101010110001000010011100111000110011010011,1000000100110001110011001101100100101001001001110111001011011011010011110010011010010000110101111101001100110001011111101110011110110001000110001100010001100011001110001000110111010001001101011100111101001011001101101010110001000010011100111000110011010011,True,True,True,True,4,0.03706669807434082,0.018978595733642578,0.01772022247314453,0.0003516674041748047
177.jpg,1101100000011110110011111000010101000110100100101100011100011001010011011000010111001110101110011100110011111011100011000111000100110110100110010001110011011011110011000110000000110010010111100011001011011100000100110000110011011010011000101101100010111110,1101100000011110110011111000010101000110100100101100011100011001010011011000010111001110101110011100110011111011100011000111000100110110100110010001110011011011110011000110000000110010010111100011001011011100000100110000110011011010011000101101100010111110,True,True,True,True,0,0.034774065017700195,0.016772747039794922,0.017640352249145508,0.0003445148468017578
144.jpg,1101011001001101101001100101001101000110001100110001100101101110000010011001001111100011100100010110110101101001110011101100101000011001111111000001100100001100010101100001101111100110101001011100101100101101100101101000101000010101111101100100100111011100,1101011001001101101001100101001101000110001100110001100101101110000010011001001111100011100100010110110101101001110011101100101000011001111111000001100100001100010101100001101111100110101001011100101100101101100101101000101000010101111101100100100111011100,True,True,True,True,0,0.03188157081604004,0.015181541442871094,0.016344070434570312,0.00034046173095703125
87.jpg,1111001101110011000110011001100000100110110011001110011001100011010110011001100110110011001100110001100110011000111001100110011000100110001110001101100111000111101110110011100101010011011001101010011001100011010011001000110010011001110110010000101100111000,1111001101110011000110011001100000100110110011001110011001100011010110011001100110110011001100110001100110011000111001100110011000100110001110001101100111000111101110110011100101010011011001101010011001100011010011001000110010011001110110010000101100111000,True,True,True,True,0,0.0391240119934082,0.019753456115722656,0.019003868103027344,0.0003509521484375
72.jpg,1000010100101010101001001100010111100011001100100001110110000110101111111100111011101110111101011100001100111011000100011001100100001100011110010011101001100110110100000110000110000110101110100001100110001100111011100100001011110100100001001110001111110011,1000010100101010101001001100010111100011001100100001110110000110101111111100111011101110111101011100001100111011000100011001100100001100011110010011101001100110110100000110000110000110101110100001100110001100111011100100001011110100100001001110001111110011,True,True,True,True,0,0.03863263130187988,0.02058100700378418,0.01768660545349121,0.00034880638122558594
111.jpg,1100001011000110011011101110001000111101111110000101000111010100001111000000001111010100000111110000101110111100110000011110010011010011011011001000010110001111111100110110011000100010011111101111010100000100000011101101110011101100010100110100100010011001,1100001011000110011011101110001000111101111110000101000111010100001111000000001111010100000111110000101110111100110000011110010011010011011011001000010110001111111100110110011000100010011111101111010100000100000011101101110011101100010100110100100010011001,True,True,True,True,0,0.03975343704223633,0.020156145095825195,0.019234418869018555,0.0003478527069091797
51.jpg,1011011000111001100100010111100111000011100011101110011000000001110110010010001101101100100001110100011010010001001111100101110000111100110011101011011000011101100010010111110101000000111110001000101110100111110011000110111001110011000100101011000110010011,1011011000111001100100010111100111000011100011101110011000000001110110010010001101101100100000110100011010010001001111100101110000111100110011101011011000011101100010010111110101000000111111001000101110100111110011000110111001110011000100101011000110010011,True,True,True,True,2,0.027869462966918945,0.012587547302246094,0.01493382453918457,0.0003323554992675781
149.jpg,1010000110001011010001111111110011011101011110000011101000110011100001110000011101101001110011100101001010110001010110000111001100101000110011000011011000110000010010011110101110101111110011001001010001110010110010010011001001100110100111011001100101110100,1010000110001011010001111111110011011101011110000011101000110011100001110000011101101001110011100101001010110001010110000111001100101000110011000011011000110000010010011110101110101111110011001001010001110010110010010011001001100110100111011001100101110100,True,True,True,True,0,0.03542470932006836,0.017176389694213867,0.01765155792236328,0.0005810260772705078
92.jpg,1100001010010010101001010110110110000000111100101101100001000011001011010110110110010011100101101101101001101101011111100001001000001011000111011100001011101011011011100001010100100111001010011100001011011110111001010110101100110111000101011001011010010010,1100001010010010101001010110110110000000111100101101100001000011001011010110110110010011100101101101101001101101011111100001001000001011000111111100001011101011011011100001010100100111001010011100000011011110111001010110101100110111000101011001011010010010,True,True,True,True,2,0.03700685501098633,0.018973350524902344,0.0176699161529541,0.00034737586975097656
162.jpg,1001100110001101010101010111001001101110001011010101101010010010001010110110010111000110100100101111101101001100001110011010011000110111010110100000001011110101110001001101001011110010011001011110110000100010000110100010110101001110100110101011001011001110,1001100110001101010101010111001001101110001011010101101010010010001010110110010111000110100100101111101101001100001110011010011000110111010110100000001011110101110001001101001011110010011001011110110000100010000110100010110101001110100110101011001011001110,True,True,True,True,0,0.03198122978210449,0.01583123207092285,0.01579570770263672,0.0003383159637451172
28.jpg,1011000010111111011101010010111010111110100101001011011110100001011011000001011110110010110010111110011101101001001101000110110100101011011001100101110111010000101101001011010100001001100101101000000110010101000101100111100000110100100000011010010101100010,1011000010111111011101010010111010111110100101001011011110100001011011000001011110110010110010111110011101101001001101000110110100101011011001100101110111010000101101001011010100001001100101101000000110010101000101100111100000110100100000011010010101100010,True,True,True,True,0,0.03828144073486328,0.01904749870300293,0.01886773109436035,0.0003497600555419922
35.jpg,1100101010001010110010101011101100000001001101111111101100000110000001110110010001111101111100011001110011100101100001100110011001110101000110100000011111000011110110101000010000011001101100001110001111100010111001011100011000011111000011111110001001100110,1100101010001010110010101011101100000001001101111111101100000110000001110110010001111101111100011001110011100101100001100110011001110101000110100000011111000011110110101000010000011001101100001110001111100010111001011100011000011111000011111110001001100110,True,True,True,True,0,0.030017375946044922,0.014062166213989258,0.015563726425170898,0.0003764629364013672
41.jpg,1001001001001001011101001100100100101100100111101100110110110110110000101111011000110111000011010110110110110010110001100110100010101011100001001001001111001011011101100110010010101001001100101001101111001001011001101101001011011101001001101000100110010100,1001001001001001011101001100100100101100100111101100110110110110110000101111011000110111000011010110110110110010110001100110100010101011100001001001001111001011011101100110010010101001001100101001101111001001011001101101001011011101001001101000100110010100,True,True,True,True,0,0.03612351417541504,0.01903820037841797,0.016729354858398438,0.00034046173095703125
2.jpg,1010101011010000100101001010100110010101111011100000111001110110000110011001010011100111011010000110001000100000110011000000001010011101001010001000011100011010111010110101011111101001011111001010011100111010101101110001000010011110011111010100101111011101,1010101011010000100101001010100110010101111011100000111001110110000110011001010011100111011010000110001000100000110011000000001010011101001010001000011100011010111010110101011111101001011111001010011100111010101101110001000010011110011111010100101111011101,True,True,True,True,0,0.03606367111206055,0.016847848892211914,0.018854856491088867,0.0003452301025390625
55.jpg,1101110001100000000100011101110011110001100011011010000011110001010010011000100110011001101111010110001100110000100011110001111101110000011110001000001101100111001111100011111011110010001100010001111000100011101100110110111010110111010000000111000010110111,1101110001100000000100011101110011110001100011011010000011110001010011011000100110011001101111010110001100110000100011110001111101110000011110001000001101100111001111100011111011110010001100010000111000100011101100110110111010110111010000000111000010110111,True,True,True,True,2,0.03588104248046875,0.018187999725341797,0.017308712005615234,0.0003676414489746094
195.jpg,1011111111110100101000000000010101111000010110000100111011110110011000110000000100111000010001101011100100100000100001011111111101000011001110110101110110101110011101001010101010111011101011001010000101100010100101011010100110011010001011011010011011101010,1011111111110100101000000000010101111000010110000100111011110110011000110000000100111000010001101011100100100000100001011111111101000011001110110101110110101110011101001010100010111011101011001010000101100010100101011010100110011010001011011011011011101010,True,True,True,True,2,0.03767275810241699,0.019501924514770508,0.01780223846435547,0.0003521442413330078
45.jpg,1000110111111111100100011111111010100010011100001010011101101111011001110011100100011011000011110000100100001101000110001100000100010000100100000111000001100110110111001011000110110101101001001100010100110001110001110000111010001111011011110000101111011011,1000110111111111100100011111111010100010011100001010011101101111011001110011100100011011000011110000100100001101000110001100000100010000100100000111000001100110110111001011000110110101101001001100010100110001110001110000111010001111011011110000101111011011,True,True,True,True,0,0.030373811721801758,0.014250755310058594,0.015772342681884766,0.0003349781036376953
7.jpg,1001010101000110110111111110111001101100101111011001011010001101010010100100010110100101011001000101101010110011011010000101010110010111100000100110101000110001100001111101010001011001010110100010011010101001110110100001011001101001111100011101011000000110,1001010101000110110111111110111001101100101111011001011010001101010010100100010110100101011001000101101010110011011010000101010110010111100000100110101000110001100001111101010001011001010110100010011010101001110110100001011001101101111100011101001000000110,True,True,True,True,2,0.03534054756164551,0.01854419708251953,0.01643538475036621,0.00034499168395996094
58.jpg,1010110010010010000100110010011001011000110010000000101110111011000001111000111101111001001011111101001011110000111111011110010000111010001000011111000110011100100010010100100100111110000100101110000111011101100011100100010000101110001101101110000111101111,1010110010010010000100110010011001011000110010000000101110111011000001111000111101111001001011111101001011110000111111011110010000111010001000011111000110011100100010010100100100111110000100101110000111011101100011100100010000101110001101101110000111101111,True,True,True,True,0,0.03498697280883789,0.017613887786865234,0.01685309410095215,0.0005042552947998047
96.jpg,1101100101011010100100000101111100100110101001011000011110000100110111010101101011001100011100011001000111001011110100001110101001100110101001010010001110000101010101110111101001100110011100110010011101011001011100101100111001111010001011000010110100001100,1101100101011010100100000101111100100110101001011000011110000100110111010101101011001100011100011001000111001011110100001110101001100110101001010010001110000101010101110111101001100110011100110010011101011001011100101100111001111010001011000010110100001100,True,True,True,True,0,0.0389406681060791,0.020630598068237305,0.01789999008178711,0.0003941059112548828
77.jpg,1001010110000001110001101101010100000000110101100001000110100011011001100011001111111110000001001110100111001000010011000100100110000010001101101111001010100111101101011011100100101100101111010111100001011101101010100001011101101111101010010110101111001110,1001010110000001110001101101010100000000110101100001000110100011011001100011001111111110000001001110100111001000010011000100100110010010001101101111001010100111101101011011100100101100101011010111100001011101101010100001011101101111101010010110101111001110,True,True,True,True,2,0.03583192825317383,0.017790794372558594,0.017673492431640625,0.0003509521484375
186.jpg,1000101100011101101010010010110001010101101101000101010000000010101100110100110011001011110110010011011001011111110001101100001011111000101010100110010101011111100010011011100100111100101001101000110101010101000100001010011010101111111001001101000011011001,1000101100011101101010010010110001010101101101000101010000000010101100110100110011001011110110010011011001011111110001101100001011111000101010100110010101011111100010011011100100111100101001101000110101010101000100001010011010101111111001001101000011011001,True,True,True,True,0,0.036299705505371094,0.01694965362548828,0.018988609313964844,0.00034546852111816406
12.jpg,1101010011001100111011111011001011101011010101001000101010000101100101111010011100101111010010100110011101010110010111101010010010010000001100011111001010000000101001001001100111011000011000111011100101000110101001101011100100101100001001011101101001100111,1101010011001100111011111011001011101011010101001000101010000101100101111010011100101111010010100110011101010110010111101010010010010000001100011111001010000000101001001001100111011000011000111011100101000110101001101011100100101100001001011101101001100111,True,True,True,True,0,0.03657937049865723,0.019099712371826172,0.0170438289642334,0.00041961669921875
29.jpg,1011000010011001110011110110011010001100011110000110000111001000000110110011011111001100111110010000011111001110010100100011000100001100110101001100101111011100000001000010001111011011011000000110010010011011100001110011011001011100111011001110111110001111,1011000010011001110011110110011010001100011110000110000111001000000110110011011111001100111110010000011111001110010100100011000100001100110101001100101111011100000001000010001111011011011000000110010010011011100001110011011001011100111011001110111110001111,True,True,True,True,0,0.03663897514343262,0.018622398376464844,0.017653703689575195,0.00034689903259277344
178.jpg,1100100001001011000110000101111010010010100101101110101001001001001101001000110011101011001101101001111100100011000101101010010100001110010000111000010110001001110011101000110110101101000111100100001010111111011000011011111100110001111100111000101111101001,1100100001001011000110000101111010010010100101101110101001001001001101001000110011101011001101101001111100100011000101101010010100001110010000111000010110001001110011101000110110101101000111100100001010111111011000011011111100110001111100111000101111101001,True,True,True,True,0,0.03506946563720703,0.017035245895385742,0.017663002014160156,0.000354766845703125
19.jpg,1000111010001101111001010011010111010010011100101010100111110100011100101001111100000010001010000010010111110011010111101000110001001001000111011101100101101010110100101001000010110111011111010010110100111011011010101010011111000011010010011001000000110100,1000111010001101111001010011010111010010011100101010100111110100011100101001111100000010001010000010010111110011010111101000110001001001000111011101100100101010110100101001000010110111011111010010110100111011011011101010011111000011010010011001000000110100,True,True,True,True,2,0.037128448486328125,0.019208908081054688,0.017508745193481445,0.00039505958557128906
197.jpg,1111111110101011010100111000000010000100010110001110110000101101110000101000110010000111111110111100010101000100000101000101111011000110011110011011001011100000100011101110100000000100111000101110001111000011011100111110011011000101111001101111000111001010,1111111110101011010100111000000010000100010110001110110000101101110000101000110010000111111110111100010101000100000101000101111011000110011110011011001011100000100011101110100000000100111000101110001111000011011100111110011011000101111001101111000111001010,True,True,True,True,0,0.037120819091796875,0.019014596939086914,0.017672061920166016,0.00041747093200683594
52.jpg,1000111000001001011100011100001010111101001101100011110011100010011001110001110110001000011100100111100100000110111011100001100010010001110001110110101111111000110001100111100110011000100011100111000000100001110111101010000010011001110111100110001100111111,1000111000001001011100011100001010111101001101100011110011100011011001110001110110001000011100100111100100000110111011100001100010010001110001110110101111111000110001100011100110011000100011100111000001100001110101101010000010011001110111100110001100111111,True,True,True,True,4,0.03622078895568848,0.018012046813964844,0.017608642578125,0.0005829334259033203
107.jpg,1001101011111010101110110111100101000001000000010100111001011000011001011101111100110011100011100011101001100100110111010001000110110001001101101101110011011110110011100110010100101101100001111001000110011000100101001110000001100010001001100011000111001111,1001101011111010101110110111100101000001000000010100111001011000011001011101111100110011100011101011101001100100110111010001000110110001001101101100110011011110110011100110010100101101100001111001000110011000100101001110000001100010001001100011000111001111,True,True,True,True,2,0.03613162040710449,0.018085241317749023,0.017618179321289062,0.00041222572326660156
169.jpg,1100011001100101000111110111000101000011110001010111100110001100000000011100101011100100001110111001011001100101110000100100010010111001111101111110100100011010001011101101010100000010011111000101100101000110101100011110110000011100100110110110111001101101,1100011001100101000111110111000101000011110001010111100110001100000000011100101011100100001110111001011001100101110000100100010010111001111101111110100100011010001011101101010100000010011111000101100101000110101100011110110000011100100110110110111001101101,True,True,True,True,0,0.03691506385803223,0.01900482177734375,0.017542600631713867,0.00035071372985839844
101.jpg,1110110100110001110010110101101010010111110011001011010100101101000111001101001011100000100001110011011000110000110010111000010010111011011011101001010110001101010010100111001110110100100100000011000011101110110011100001111101101000110001110000101111000100,1110110100110001110010110101101010010111110011001011010100101101000111001101001011100000100001110011011000110000110010111000010010111011011011101001010110001101010010100111001110110100100100000011000011101110110011100001111101101000110001110000101111000100,True,True,True,True,0,0.03548145294189453,0.017506122589111328,0.017609119415283203,0.00034999847412109375
158.jpg,1110100101100011110100001101001110010110100111001011111110011100011001010110001101101101011000110001100101110011001100101001010010000000110001101100110111100110111110010010100111011011000110110110011100011010000110000100110000100000110001001010011011110011,1110100101100011110100001101001110010110100111001011111100011100011001010110001101101101011000110001100101110011001100101001010010010010110001101000110111100110111110010010100111011011000110110110011100011010000110000100110000100000110001001010011011110011,True,True,True,True,4,0.035489797592163086,0.017351388931274414,0.01769399642944336,0.00042819976806640625
173.jpg,1101111100011011000111101000010111000001101011101110000010001100010000000111000000111101000110111110111100000100001101110111111000101010110010011110010111100101110010010111110000000011111100111010010101010001010110111011101100011110100001010101000010100100,1101111100011011000111101010010111000001101011001110000010001100010000000111000000111101000110111110111100000100001101110111111000101010110010011110010111100101110010010111110000000011111100111010010101010001010110111011101100011110100001010101000010100100,True,True,True,True,2,0.03912806510925293,0.020948410034179688,0.017680644989013672,0.00048279762268066406
185.jpg,1000000001111111111111010101111110111101100000000001011111100000011000101111010101000001000111111011110100001010101100100110100111000110111001000001010010011110011010011101001100001111010000001001000100101111001100101110000101001110010111011100100111010010,1000000001111111111111010101111110111101100000000001011111100000011000101111010101000001000111111011110100001010101100100110100111000110111001000001010010011110011010011101001100001111010000001001000100101111001100101110000001101110010111011100100111010010,True,True,True,True,2,0.03509211540222168,0.01694941520690918,0.017780303955078125,0.00034618377685546875
21.jpg,1000011101010111010110010001110001001100011110001001101010001000001101101000001111100101101001101101100001111000100111100111100000101101110001010010100111010111011101100100100000110111101110010100100011010010110010001001010110110111001011010111011011011000,1000011101010111010110010011110001001100011110001001101010001000001101101000001111100101101001101101100001111000100111100111100000101101110001010010100111010111011101100100100000110111101110010100100011000010110010001001010110110111001011010111011011011000,True,True,True,True,2,0.03789925575256348,0.01862502098083496,0.018903017044067383,0.000354766845703125
