{
    "JPEG Compression": {
        "min": 0,
        "25%": 0.0,
        "median": 0.0,
        "75%": 0.0,
        "max": 2,
        "mean": 0.102,
        "std": 0.43999545452197564
    },
    "Resizing": {
        "min": 0,
        "25%": 0.0,
        "median": 0.0,
        "75%": 0.0,
        "max": 2,
        "mean": 0.089,
        "std": 0.41240635300635226
    },
    "Gaussian Noise": {
        "min": 0,
        "25%": 0.0,
        "median": 0.0,
        "75%": 0.0,
        "max": 4,
        "mean": 0.161,
        "std": 0.5477946695615064
    },
    "Gaussian Blur": {
        "min": 0,
        "25%": 0.0,
        "median": 0.0,
        "75%": 0.0,
        "max": 2,
        "mean": 0.047,
        "std": 0.30297029557367505
    }
}