{
    "Cropping": {
        "min": 14,
        "25%": 26.0,
        "median": 30.0,
        "75%": 32.0,
        "max": 44,
        "mean": 29.406,
        "std": 4.874747583208796
    },
    "Copy-Move": {
        "min": 0,
        "25%": 6.0,
        "median": 10.0,
        "75%": 12.0,
        "max": 26,
        "mean": 9.544,
        "std": 5.047778125076418
    },
    "Splicing": {
        "min": 0,
        "25%": 6.0,
        "median": 10.0,
        "75%": 14.0,
        "max": 34,
        "mean": 10.239,
        "std": 5.684441837155166
    },
    "Inpainting": {
        "min": 2,
        "25%": 16.0,
        "median": 18.0,
        "75%": 22.0,
        "max": 38,
        "mean": 18.983,
        "std": 5.273680972527632
    }
}