Threshold,Accuracy
0,0.8176
1,0.8521000000000001
2,0.94885
3,0.96285
4,0.9564
5,0.95215
6,0.93485
7,0.9277
8,0.91015
9,0.89705
10,0.87925
