Threshold,Accuracy
0,0.79285
1,0.8451500000000001
2,0.94215
3,0.96065
4,0.9601
5,0.95755
6,0.9419
7,0.9327
8,0.91405
9,0.9002
10,0.8826499999999999
